#Frame     PEPTIDE_BB
       1       0.0000
       2       0.5102
       3       0.5924
       4       0.8035
       5       0.7059
       6       0.7277
       7       0.7225
       8       0.7596
       9       1.0773
      10       0.9192
      11       0.8041
      12       0.7251
      13       1.1114
      14       1.2016
      15       1.1877
      16       0.9878
      17       0.8762
      18       0.9435
      19       0.7790
      20       0.8803
      21       0.7844
      22       0.9084
      23       0.7510
      24       0.7210
      25       1.0071
      26       1.0852
      27       1.0846
      28       0.6163
      29       0.7794
      30       1.0626
      31       0.9849
      32       1.0528
      33       1.4800
      34       1.6814
      35       1.4025
      36       1.3830
      37       1.1095
      38       1.3256
      39       1.1097
      40       1.1529
      41       1.1188
      42       1.2538
      43       1.0755
      44       1.0355
      45       1.7205
      46       1.5230
      47       1.7859
      48       1.5207
      49       1.4346
      50       1.6216
      51       1.2848
      52       1.1941
      53       1.2800
      54       1.2195
      55       1.1354
      56       1.1524
      57       1.2927
      58       1.7082
      59       1.7599
      60       1.7105
      61       1.9565
      62       1.8511
      63       1.4779
      64       1.4230
      65       1.8681
      66       1.7491
      67       2.1379
      68       2.0926
      69       1.9645
      70       1.9210
      71       2.4539
      72       2.3265
      73       2.2920
      74       2.5049
      75       2.6300
      76       2.3895
      77       1.5670
      78       1.8348
      79       1.1824
      80       1.3387
      81       1.9070
      82       2.0704
      83       1.7876
      84       2.0247
      85       2.0494
      86       2.2870
      87       2.6129
      88       2.1325
      89       2.2208
      90       2.6414
      91       2.5500
      92       2.2182
      93       2.3881
      94       2.6609
      95       2.6651
      96       2.3042
      97       1.7475
      98       2.5653
      99       3.0986
     100       2.7219
     101       2.8413
     102       2.7936
     103       2.6963
     104       2.4765
     105       2.3075
     106       2.5144
     107       2.4046
     108       2.7052
     109       2.5954
     110       2.5113
     111       2.3241
     112       2.0922
     113       2.2717
     114       2.3444
     115       2.0775
     116       1.8575
     117       2.7156
     118       2.1555
     119       2.2923
     120       1.8343
     121       2.4710
     122       2.6066
     123       2.8307
     124       2.7227
     125       2.6658
     126       2.8419
     127       2.7870
     128       2.8517
     129       2.9373
     130       2.9203
     131       3.0195
     132       2.6981
     133       2.7986
     134       2.9623
     135       2.9363
     136       2.8914
     137       2.5879
     138       2.8639
     139       3.0143
     140       3.0070
     141       3.4026
     142       3.9568
     143       3.8944
     144       4.0098
     145       3.9606
     146       3.9870
     147       3.8917
     148       3.8419
     149       3.6708
     150       3.1337
     151       3.1789
     152       3.2460
     153       3.4795
     154       3.5468
     155       3.4134
     156       2.9693
     157       3.2019
     158       3.1372
     159       2.8365
     160       2.8420
     161       2.6533
     162       2.6649
     163       2.8528
     164       2.4319
     165       2.3554
     166       2.2050
     167       1.8301
     168       2.1521
     169       2.1709
     170       2.1572
     171       2.4028
     172       2.6913
     173       2.2215
     174       2.3733
     175       2.7708
     176       2.6678
     177       2.4976
     178       2.5136
     179       2.4469
     180       2.5539
     181       2.5104
     182       2.5665
     183       2.7237
     184       2.9826
     185       2.3403
     186       2.2012
     187       2.1624
     188       2.3224
     189       2.1675
     190       2.5922
     191       3.1915
     192       2.9580
     193       2.7300
     194       2.7809
     195       2.2211
     196       2.2450
     197       2.1353
     198       2.4849
     199       2.0671
     200       2.4838
     201       2.5125
     202       2.1443
     203       2.4703
     204       2.2210
     205       2.2522
     206       2.3764
     207       2.5921
     208       2.0321
     209       1.9057
     210       2.1151
     211       1.8684
     212       2.1281
     213       1.7502
     214       1.6717
     215       2.1058
     216       2.2871
     217       2.1178
     218       1.7649
     219       1.8908
     220       1.6298
     221       1.9639
     222       2.0036
     223       2.0966
     224       2.0439
     225       1.9295
     226       2.1044
     227       1.8850
     228       1.8689
     229       1.5349
     230       1.5169
     231       1.8703
     232       2.1722
     233       2.3649
     234       2.3796
     235       1.8960
     236       2.4748
     237       2.3297
     238       2.3477
     239       2.1052
     240       2.0534
     241       2.3036
     242       2.5134
     243       2.4219
     244       2.0896
     245       2.2660
     246       2.5415
     247       2.6371
     248       2.8583
     249       2.8499
     250       2.6755
     251       2.5043
     252       2.6292
     253       2.4351
     254       2.7381
     255       2.4122
     256       2.2850
     257       2.2723
     258       2.0848
     259       2.2420
     260       2.5202
     261       2.2121
     262       2.2613
     263       2.1629
     264       2.4241
     265       2.4490
     266       2.4705
     267       2.3378
     268       2.6274
     269       2.6673
     270       2.5498
     271       2.7590
     272       2.7755
     273       2.8858
     274       3.1941
     275       2.9903
     276       3.0681
     277       2.9711
     278       2.6343
     279       2.5323
     280       2.1715
     281       2.2399
     282       2.3480
     283       2.1063
     284       2.3180
     285       2.0246
     286       2.0633
     287       2.5788
     288       2.3293
     289       2.3056
     290       2.2636
     291       2.1230
     292       2.3180
     293       2.2924
     294       2.4269
     295       2.7422
     296       2.8264
     297       2.4577
     298       2.3976
     299       2.2583
     300       2.7866
     301       2.9020
     302       2.4754
     303       2.8708
     304       2.4614
     305       2.2051
     306       2.8068
     307       2.7494
     308       2.6222
     309       2.8298
     310       2.9266
     311       2.9410
     312       2.7781
     313       2.7041
     314       2.4949
     315       2.6336
     316       2.7618
     317       2.4640
     318       3.0178
     319       2.7724
     320       2.6222
     321       2.6614
     322       2.6947
     323       2.8715
     324       2.4879
     325       2.8348
     326       2.5255
     327       2.5278
     328       2.5617
     329       2.6893
     330       2.5905
     331       2.6340
     332       2.4068
     333       2.6022
     334       2.8355
     335       2.5038
     336       2.5523
     337       2.5009
     338       2.6863
     339       2.3740
     340       2.5293
     341       2.8181
     342       2.4303
     343       2.3889
     344       2.6839
     345       2.5117
     346       2.8139
     347       2.9609
     348       3.0366
     349       3.2455
     350       2.9218
     351       3.3677
     352       2.8153
     353       3.1221
     354       3.0638
     355       3.2369
     356       3.0783
     357       3.6875
     358       4.0284
     359       4.4998
     360       4.2921
     361       4.5675
     362       4.2677
     363       4.1853
     364       3.9350
     365       3.7609
     366       3.9721
     367       3.9286
     368       3.6756
     369       3.8608
     370       3.9214
     371       3.3605
     372       3.0529
     373       3.0119
     374       3.6230
     375       3.4051
     376       3.2704
     377       3.1946
     378       3.1507
     379       2.8537
     380       2.7578
     381       2.6324
     382       2.5796
     383       2.6732
     384       2.7853
     385       2.7847
     386       3.0415
     387       2.7947
     388       2.2279
     389       2.0831
     390       2.4231
     391       2.7193
     392       2.6164
     393       2.7071
     394       2.5489
     395       2.5788
     396       2.5174
     397       2.4503
     398       2.5841
     399       2.7054
     400       2.7712
     401       2.7057
     402       2.2821
     403       2.4252
     404       2.6817
     405       2.5810
     406       2.5638
     407       2.5710
     408       2.3912
     409       2.3148
     410       2.0876
     411       2.0972
     412       1.9967
     413       1.8856
     414       1.9309
     415       2.1407
     416       2.0415
     417       2.1184
     418       2.4236
     419       2.4162
     420       2.4701
     421       2.5553
     422       2.6668
     423       2.6152
     424       2.7388
     425       2.4474
     426       3.0009
     427       2.9469
     428       2.5084
     429       2.2321
     430       2.3286
     431       2.9722
     432       2.9309
     433       2.8379
     434       2.8134
     435       2.6714
     436       2.8504
     437       2.9802
     438       3.1301
     439       3.2927
     440       3.1582
     441       3.0668
     442       3.1657
     443       3.5559
     444       3.8782
     445       3.7580
     446       3.8089
     447       4.1140
     448       4.0722
     449       3.9905
     450       3.9093
     451       3.8907
     452       4.0488
     453       4.1052
     454       4.0568
     455       4.3875
     456       3.7146
     457       4.2436
     458       4.1651
     459       3.8639
     460       4.3519
     461       4.1401
     462       3.8731
     463       4.4186
     464       4.6578
     465       5.5045
     466       5.5054
     467       6.8035
     468       6.6870
     469       7.1050
     470       5.2796
     471       5.3581
     472       6.8997
     473       5.0858
     474       4.9873
     475       4.9677
     476       6.3223
     477       6.6877
     478       4.9929
     479       4.9589
     480       6.4780
     481       5.2169
     482       5.0716
     483       6.5649
     484       6.6988
     485       6.6842
     486       6.5239
     487       6.0832
     488       6.4409
     489       4.7813
     490       4.8827
     491       4.4209
     492       4.4694
     493       4.8122
     494       4.5932
     495       4.7995
     496       4.9546
     497       5.0445
     498       5.3990
     499       5.8141
     500       5.3392
     501       5.3549
     502       5.4854
     503       5.4589
     504       5.1790
     505       4.8576
     506       4.8543
     507       4.7246
     508       4.9055
     509       4.8992
     510       4.3886
     511       4.3385
     512       4.4821
     513       4.5557
     514       4.9230
     515       5.1577
     516       5.1406
     517       5.4544
     518       5.3688
     519       5.4374
     520       5.4109
     521       5.5151
     522       5.3912
     523       5.5384
     524       5.8857
     525       5.4026
     526       5.3785
     527       5.7017
     528       5.8058
     529       5.7327
     530       5.8449
     531       6.2134
     532       6.3163
     533       6.1079
     534       6.2857
     535       5.8918
     536       6.1636
     537       6.0473
     538       6.1450
     539       6.8134
     540       6.7588
     541       6.7602
     542       6.9107
     543       7.3283
     544       7.1430
     545       6.5578
     546       6.5984
     547       6.4717
     548       6.0851
     549       6.0982
     550       6.1064
     551       6.5763
     552       6.9700
     553       7.1009
     554       6.9467
     555       6.8874
     556       6.8146
     557       6.5573
     558       6.4786
     559       6.6038
     560       6.3702
     561       6.4704
     562       6.6772
     563       6.4475
     564       7.2270
     565       7.3615
     566       6.6263
     567       6.3424
     568       6.3356
     569       6.3809
     570       7.0956
     571       7.5354
     572       7.5564
     573       7.9342
     574       7.3755
     575       7.6527
     576       8.1066
     577       8.2504
     578       6.5129
     579       7.9066
     580       6.8481
     581       7.0654
     582       6.7464
     583       6.6808
     584       7.0041
     585       6.9140
     586       6.4512
     587       6.3075
     588       6.4065
     589       6.7766
     590       6.9977
     591       7.7915
     592       7.1151
     593       7.4051
     594       7.1554
     595       7.5377
     596       7.5363
     597       7.0852
     598       6.8927
     599       6.2700
     600       5.9272
     601       6.1621
     602       6.1274
     603       6.7586
     604       7.0174
     605       6.7988
     606       7.1348
     607       6.5670
     608       6.7965
     609       6.5592
     610       6.1900
     611       6.7609
     612       6.3284
     613       7.0950
     614       7.1576
     615       7.4323
     616       7.0990
     617       7.4099
     618       7.2815
     619       6.9724
     620       7.1645
     621       6.8907
     622       6.9133
     623       7.6002
     624       7.6310
     625       7.7811
     626       7.5194
     627       6.9946
     628       7.8179
     629       7.8177
     630       7.9243
     631       7.8105
     632       7.4586
     633       7.7942
     634       7.6217
     635       7.9212
     636       5.8421
     637       5.7856
     638       5.6072
     639       5.3580
     640       6.0646
     641       6.0909
     642       8.1787
     643       7.8901
     644       7.8511
     645       7.5642
     646       7.8644
     647       7.3027
     648       7.4279
     649       8.0543
     650       7.2398
     651       7.4148
     652       7.6043
     653       8.3009
     654       7.1819
     655       7.1576
     656       8.4897
     657       8.3229
     658       8.1572
     659       7.8263
     660       8.1329
     661       8.3607
     662       7.8186
     663       7.3427
     664       8.3990
     665       8.5277
     666       8.4949
     667       8.6976
     668       8.4673
     669       8.9018
     670       8.2936
     671       8.9928
     672       8.0885
     673       8.1652
     674       7.9458
     675       8.1306
     676       8.2012
     677       7.9049
     678       8.1328
     679       8.3881
     680       8.0196
     681       7.8017
     682       7.8406
     683       7.2934
     684       7.3201
     685       6.8903
     686       6.7432
     687       7.2385
     688       6.9796
     689       6.1807
     690       7.0324
     691       6.9305
     692       7.3499
     693       7.6523
     694       7.5994
     695       7.4603
     696       7.5775
     697       7.0752
     698       6.9916
     699       6.2135
     700       7.4701
     701       8.7530
     702       7.5355
     703       7.3457
     704       7.4190
     705       7.3841
     706       7.5354
     707       9.4057
     708       9.0254
     709       9.0742
     710       8.8563
     711       8.2548
     712       7.9508
     713       8.0671
     714       7.9081
     715       7.6800
     716       7.7675
     717       7.6799
     718       7.9625
     719       8.2584
     720       8.5685
     721       8.6243
     722       8.0709
     723       7.4946
     724       8.5575
     725       8.4460
     726       8.6289
     727       8.4619
     728       8.5732
     729       8.3885
     730       8.2743
     731       7.3884
     732       7.5943
     733       7.9643
     734       7.3475
     735       8.2973
     736       8.0896
     737       8.7291
     738       8.6895
     739       8.9222
     740       8.7521
     741       8.4222
     742       8.6977
     743       9.1046
     744       8.1638
     745       8.9479
     746       8.1039
     747       7.5102
     748       7.3354
     749       8.3412
     750       7.1544
     751       6.8743
     752       7.3162
     753       8.2773
     754       7.2048
     755       8.2138
     756       6.8837
     757       6.8551
     758       7.5373
     759       7.6879
     760       7.8007
     761       7.2576
     762       7.2648
     763       7.2793
     764       6.8494
     765       6.6565
     766       6.2898
     767       6.5464
     768       6.6712
     769       6.8879
     770       7.3638
     771       7.7299
     772       7.3749
     773       7.2644
     774       6.9191
     775       7.0454
     776       7.2742
     777       7.6553
     778       7.5323
     779       6.7364
     780       6.6480
     781       6.6640
     782       6.5038
     783       6.4052
     784       7.0069
     785       7.2517
     786       7.8151
     787       7.4167
     788       7.7455
     789       8.3061
     790       8.0388
     791       6.8545
     792       6.6428
     793       6.1470
     794       6.4797
     795       6.2571
     796       6.5699
     797       6.1182
     798       6.1019
     799       6.2690
     800       5.9784
     801       6.4119
     802       6.0753
     803       5.7566
     804       5.5662
     805       5.1575
     806       5.8764
     807       5.5777
     808       5.2626
     809       5.9411
     810       6.3415
     811       6.4921
     812       6.5746
     813       6.5526
     814       6.1358
     815       6.2466
     816       6.1994
     817       5.7873
     818       5.9679
     819       6.1319
     820       6.5236
     821       6.4241
     822       6.6114
     823       6.7645
     824       7.1704
     825       7.0604
     826       7.6027
     827       7.0138
     828       6.8433
     829       6.7646
     830       6.3061
     831       6.8972
     832       6.9153
     833       7.0457
     834       7.2892
     835       8.0381
     836       8.6736
     837       8.5721
     838       8.1452
     839       8.3665
     840       8.4071
     841       8.3801
     842       8.2231
     843       8.5009
     844       8.5661
     845       8.5253
     846       8.5911
     847       8.1118
     848       8.2076
     849       8.0447
     850       8.1237
     851       8.7467
     852       8.2200
     853       8.5558
     854       8.6633
     855       9.1609
     856       9.3247
     857       9.0615
     858       8.7593
     859       8.7787
     860       8.6028
     861       8.6844
     862       8.3498
     863       8.0343
     864       7.9586
     865       8.0064
     866       8.1735
     867       8.0473
     868       7.8042
     869       8.5984
     870       8.5540
     871       8.3467
     872       8.4374
     873       8.2731
     874       8.3802
     875       9.3356
     876       8.8351
     877       8.2625
     878       7.7427
     879       7.5569
     880       7.7929
     881       7.9290
     882       7.1444
     883       6.9369
     884       6.8430
     885       6.6308
     886       7.0613
     887       6.8630
     888       6.8896
     889       6.4579
     890       6.3307
     891       7.0107
     892       7.7784
     893       7.5256
     894       7.7328
     895       7.8014
     896       8.5700
     897       8.3417
     898       8.1170
     899       8.4997
     900       8.5945
     901       8.6917
     902       8.7383
     903       8.8202
     904       8.8076
     905       8.6616
     906       8.3594
     907       8.3597
     908       8.6915
     909       8.2359
     910       8.4520
     911       8.6308
     912       8.1184
     913       7.9996
     914       7.8299
     915       7.5698
     916       7.1686
     917       7.3397
     918       7.4011
     919       7.3169
     920       7.2123
     921       6.5071
     922       6.7954
     923       7.7245
     924       7.1047
     925       6.5989
     926       6.4930
     927       6.6886
     928       6.8825
     929       6.5528
     930       6.3179
     931       6.7156
     932       6.8711
     933       7.2276
     934       6.8899
     935       6.6655
     936       6.9893
     937       6.8537
     938       7.3724
     939       7.1274
     940       6.5899
     941       6.3661
     942       6.6652
     943       7.2064
     944       7.4197
     945       7.6622
     946       7.5522
     947       8.3191
     948       8.0689
     949       7.8583
     950       7.7601
     951       7.4216
     952       8.0178
     953       8.7392
     954       8.4912
     955       8.2997
     956       7.9958
     957       7.6103
     958       7.9548
     959       7.8693
     960       7.7573
     961       7.5127
     962       7.4463
     963       6.6487
     964       6.5038
     965       5.7903
     966       5.6793
     967       5.6329
     968       5.4146
     969       5.3269
     970       5.4473
     971       5.0800
     972       5.3079
     973       5.3687
     974       5.7657
     975       5.9454
     976       6.5945
     977       7.1596
     978       7.2804
     979       7.3731
     980       7.3147
     981       7.1105
     982       6.8433
     983       6.9575
     984       6.8810
     985       6.8845
     986       7.1580
     987       7.3890
     988       7.2146
     989       6.9672
     990       7.3888
     991       7.1366
     992       6.9952
     993       6.4454
     994       6.1949
     995       6.1997
     996       6.7499
     997       7.3845
     998       7.1965
     999       7.2716
    1000       8.0322
    1001       7.8890
    1002       8.2020
    1003       8.3308
    1004       7.3397
    1005       7.2001
    1006       7.0755
    1007       7.1768
    1008       6.9009
    1009       7.5167
    1010       8.5039
    1011       7.6010
    1012       7.6666
    1013       8.0176
    1014       7.7222
    1015       8.8496
    1016       8.2451
    1017       8.4377
    1018       7.6015
    1019       7.5339
    1020       7.4620
    1021       7.4322
    1022       7.8190
    1023       6.9272
    1024       6.9635
    1025       7.0023
    1026       7.6443
    1027       7.7886
    1028       7.6013
    1029       7.5716
    1030       6.9493
    1031       6.6420
    1032       6.4190
    1033       6.4856
    1034       6.6014
    1035       6.3788
    1036       6.5413
    1037       5.9547
    1038       6.3798
    1039       6.6433
    1040       6.2867
    1041       6.0398
    1042       5.7916
    1043       5.9966
    1044       6.1620
    1045       6.1548
    1046       5.8068
    1047       5.4458
    1048       4.8464
    1049       4.8593
    1050       4.9633
    1051       5.1064
    1052       5.0722
    1053       5.0057
    1054       5.4222
    1055       4.7652
    1056       5.4842
    1057       4.8191
    1058       4.6114
    1059       4.3509
    1060       4.1746
    1061       4.3388
    1062       4.5089
    1063       4.7438
    1064       4.6392
    1065       4.3254
    1066       4.3389
    1067       4.5174
    1068       5.1347
    1069       5.0004
    1070       4.8676
    1071       4.8419
    1072       4.4901
    1073       4.9765
    1074       4.7956
    1075       4.8761
    1076       4.7051
    1077       5.0085
    1078       5.7744
    1079       5.7725
    1080       6.1433
    1081       6.1420
    1082       6.2654
    1083       6.3129
    1084       6.5366
    1085       6.9734
    1086       7.0838
    1087       7.1229
    1088       6.4926
    1089       6.9632
    1090       6.6778
    1091       6.7698
    1092       7.0978
    1093       6.6593
    1094       6.8184
    1095       7.0372
    1096       6.8032
    1097       6.5429
    1098       6.3555
    1099       6.2427
    1100       6.3061
    1101       6.2118
    1102       6.0552
    1103       6.0548
    1104       6.3046
    1105       5.5272
    1106       5.8685
    1107       5.5764
    1108       5.7275
    1109       5.6888
    1110       5.9706
    1111       6.4507
    1112       6.5880
    1113       6.5897
    1114       6.4608
    1115       6.4581
    1116       6.1396
    1117       6.3240
    1118       5.8858
    1119       5.5126
    1120       5.7721
    1121       5.9867
    1122       5.5804
    1123       5.2097
    1124       4.9199
    1125       4.3545
    1126       3.8234
    1127       4.1612
    1128       4.5255
    1129       4.2434
    1130       4.2007
    1131       4.4011
    1132       4.2145
    1133       4.4677
    1134       4.6088
    1135       4.5749
    1136       4.5155
    1137       4.4632
    1138       4.5976
    1139       4.9311
    1140       5.0697
    1141       5.0502
    1142       4.7978
    1143       4.8153
    1144       5.2037
    1145       4.7612
    1146       4.3060
    1147       4.5048
    1148       4.5359
    1149       4.3087
    1150       4.5930
    1151       4.5596
    1152       4.8468
    1153       4.8226
    1154       4.7136
    1155       4.8862
    1156       4.6584
    1157       4.3801
    1158       4.2159
    1159       4.3875
    1160       4.7587
    1161       4.3133
    1162       4.7790
    1163       4.6300
    1164       4.8841
    1165       4.8890
    1166       4.7958
    1167       4.9283
    1168       4.7537
    1169       4.9837
    1170       4.5147
    1171       4.9748
    1172       4.9800
    1173       5.1825
    1174       4.7916
    1175       5.5653
    1176       5.8215
    1177       6.0281
    1178       5.1076
    1179       5.3587
    1180       5.1030
    1181       4.7190
    1182       4.6384
    1183       4.1853
    1184       4.1659
    1185       3.9672
    1186       4.1891
    1187       4.1569
    1188       4.2445
    1189       4.1391
    1190       4.4348
    1191       4.3455
    1192       3.9991
    1193       4.1597
    1194       4.3292
    1195       4.7343
    1196       4.4944
    1197       4.4601
    1198       4.4323
    1199       4.5882
    1200       4.3920
    1201       4.2569
    1202       4.3309
    1203       3.7723
    1204       3.5442
    1205       3.5258
    1206       3.6943
    1207       3.2721
    1208       3.3097
    1209       3.8847
    1210       4.2543
    1211       4.6060
    1212       4.3430
    1213       4.3857
    1214       4.5032
    1215       4.3882
    1216       4.3134
    1217       4.2451
    1218       4.3214
    1219       4.0169
    1220       3.8916
    1221       4.2055
    1222       4.2669
    1223       4.0824
    1224       4.5269
    1225       4.3391
    1226       4.0693
    1227       4.3085
    1228       3.9786
    1229       4.0041
    1230       4.5315
    1231       4.9688
    1232       4.5009
    1233       4.4044
    1234       4.1939
    1235       4.0496
    1236       4.3843
    1237       4.8716
    1238       4.8932
    1239       4.5350
    1240       4.9957
    1241       5.0709
    1242       4.8313
    1243       5.0874
    1244       5.2688
    1245       4.9986
    1246       4.6902
    1247       4.9375
    1248       5.3822
    1249       5.4667
    1250       5.3902
    1251       5.5644
    1252       6.0330
    1253       6.1037
    1254       6.1545
    1255       5.7635
    1256       6.1445
    1257       5.9931
    1258       6.1146
    1259       6.2503
    1260       5.8999
    1261       6.6569
    1262       6.9704
    1263       7.5127
    1264       6.8516
    1265       6.8771
    1266       6.7929
    1267       6.3075
    1268       6.5223
    1269       6.9849
    1270       7.3939
    1271       7.1831
    1272       6.7442
    1273       6.3497
    1274       6.8878
    1275       7.1904
    1276       7.5804
    1277       7.7676
    1278       7.8182
    1279       7.5572
    1280       8.0044
    1281       7.6157
    1282       7.2191
    1283       7.2306
    1284       7.4234
    1285       8.2820
    1286       8.5097
    1287       8.6398
    1288       8.5504
    1289       8.4868
    1290       8.4848
    1291       9.2093
    1292       8.4713
    1293       8.7891
    1294       8.7123
    1295       8.3833
    1296       8.5656
    1297       9.3027
    1298       9.1823
    1299       8.3388
    1300       8.0622
    1301       8.1548
    1302       7.8420
    1303       8.3045
    1304       8.6009
    1305       8.7442
    1306       8.1944
    1307       7.7957
    1308       7.9532
    1309       7.8991
    1310       8.0430
    1311       8.2015
    1312       8.4514
    1313       8.2970
    1314       8.7593
    1315       8.5403
    1316       7.7355
    1317       8.1727
    1318       7.9641
    1319       7.8159
    1320       7.2753
    1321       7.4364
    1322       7.5911
    1323       8.1177
    1324       7.8290
    1325       8.0020
    1326       8.1926
    1327       7.6152
    1328       7.1965
    1329       7.4610
    1330       7.1052
    1331       6.6707
    1332       7.0103
    1333       7.2288
    1334       6.7152
    1335       6.5970
    1336       6.1489
    1337       6.2727
    1338       6.1904
    1339       6.0794
    1340       5.4456
    1341       5.6674
    1342       5.7613
    1343       5.7343
    1344       5.8333
    1345       5.9499
    1346       5.8293
    1347       6.2436
    1348       6.1232
    1349       6.1653
    1350       5.6717
    1351       5.4734
    1352       6.1697
    1353       5.7654
    1354       5.3692
    1355       5.4279
    1356       5.0429
    1357       5.2027
    1358       4.9183
    1359       4.9122
    1360       4.9279
    1361       5.0009
    1362       5.2466
    1363       5.3247
    1364       5.4647
    1365       5.7875
    1366       5.4075
    1367       5.6902
    1368       5.3578
    1369       4.7639
    1370       4.6808
    1371       5.2918
    1372       5.6199
    1373       5.4314
    1374       5.3455
    1375       5.2251
    1376       5.3534
    1377       5.4518
    1378       5.3713
    1379       5.4384
    1380       5.4783
    1381       5.5065
    1382       5.8627
    1383       5.9756
    1384       6.3758
    1385       6.2727
    1386       6.1331
    1387       5.8647
    1388       5.4852
    1389       5.5777
    1390       5.4104
    1391       5.2527
    1392       5.2750
    1393       5.0364
    1394       4.4093
    1395       4.1472
    1396       3.8644
    1397       3.7905
    1398       4.3504
    1399       4.5077
    1400       4.6187
    1401       4.0305
    1402       4.4477
    1403       4.4184
    1404       4.8925
    1405       5.1648
    1406       4.9868
    1407       5.3700
    1408       5.5184
    1409       5.3584
    1410       5.5863
    1411       6.2832
    1412       7.2680
    1413       7.2221
    1414       7.4815
    1415       7.7723
    1416       6.6104
    1417       8.3059
    1418       6.5689
    1419       7.0846
    1420       6.5777
    1421       7.0838
    1422       6.7071
    1423       6.4277
    1424       6.4830
    1425       6.2570
    1426       6.2741
    1427       5.8526
    1428       5.7727
    1429       5.9014
    1430       5.7484
    1431       5.5015
    1432       5.7910
    1433       5.5072
    1434       5.5595
    1435       5.8368
    1436       5.8227
    1437       6.1345
    1438       6.2260
    1439       6.1517
    1440       6.0938
    1441       6.2291
    1442       6.5955
    1443       6.3357
    1444       6.5629
    1445       7.0505
    1446       6.4284
    1447       6.5575
    1448       6.3702
    1449       6.6653
    1450       7.1589
    1451       6.7480
    1452       6.4565
    1453       6.4669
    1454       6.4937
    1455       6.2809
    1456       6.3181
    1457       6.8126
    1458       6.6260
    1459       7.0025
    1460       6.6908
    1461       7.7553
    1462       7.2813
    1463       7.0793
    1464       6.9845
    1465       6.5528
    1466       6.9519
    1467       6.4524
    1468       6.6038
    1469       6.5421
    1470       6.5042
    1471       6.6298
    1472       6.5714
    1473       6.7654
    1474       7.0133
    1475       7.4446
    1476       7.5136
    1477       7.5831
    1478       7.4457
    1479       7.8241
    1480       7.5508
    1481       7.5183
    1482       7.9141
    1483       8.0367
    1484       7.7737
    1485       7.8919
    1486       8.1530
    1487       8.3619
    1488       8.5144
    1489       8.0461
    1490       7.7383
    1491       8.2199
    1492       8.3085
    1493       8.4181
    1494       8.5676
    1495       8.7483
    1496       8.3645
    1497       8.5471
    1498       8.6492
    1499       8.7615
    1500       8.8392
    1501       9.1068
    1502       8.5868
    1503       8.6491
    1504       8.7436
    1505       8.8629
    1506       8.8438
    1507       8.9010
    1508       9.3404
    1509       9.5079
    1510       9.1144
    1511       9.0783
    1512       9.1066
    1513       9.2867
    1514       9.5731
    1515       9.3840
    1516       8.8695
    1517       9.7351
    1518       8.4242
    1519       8.5030
    1520       8.8734
    1521       8.9303
    1522       9.6608
    1523       9.5712
    1524       9.8439
    1525      10.3198
    1526       9.3364
    1527       9.4208
    1528       9.8326
    1529      10.4579
    1530      10.1584
    1531       9.9692
    1532       9.5704
    1533       9.8025
    1534       9.5098
    1535       9.4416
    1536       8.8916
    1537       8.8913
    1538       9.5118
    1539      10.3409
    1540      10.3994
    1541       9.9512
    1542       9.1431
    1543       8.6799
    1544       8.6024
    1545       8.5731
    1546       9.0578
    1547       9.4411
    1548       9.5054
    1549       9.1477
    1550       8.8405
    1551       8.9875
    1552       8.8419
    1553       8.8843
    1554       8.9264
    1555       8.4935
    1556       8.3264
    1557       8.7590
    1558       8.8586
    1559       8.2800
    1560       8.7126
    1561       7.9346
    1562       7.8774
    1563       7.6298
    1564       7.6657
    1565       8.2097
    1566       7.8328
    1567       7.7661
    1568       7.8425
    1569       8.0632
    1570       7.9017
    1571       7.9674
    1572       7.9185
    1573       7.6216
    1574       7.6372
    1575       7.6881
    1576       7.0988
    1577       6.8159
    1578       6.6301
    1579       6.8314
    1580       6.4477
    1581       7.0414
    1582       6.6227
    1583       6.7474
    1584       6.5045
    1585       6.5743
    1586       6.2371
    1587       5.8431
    1588       5.8991
    1589       6.0606
    1590       5.6748
    1591       6.0157
    1592       6.1340
    1593       6.3853
    1594       6.2148
    1595       5.9026
    1596       5.5378
    1597       5.6135
    1598       5.7780
    1599       6.2339
    1600       6.3133
    1601       6.1808
    1602       6.0200
    1603       6.2874
    1604       6.3442
    1605       6.5848
    1606       6.5646
    1607       7.1015
    1608       6.8567
    1609       7.2322
    1610       7.5253
    1611       7.5604
    1612       7.0255
    1613       7.5849
    1614       7.7102
    1615       7.7244
    1616       7.8178
    1617       7.4312
    1618       7.6566
    1619       8.4870
    1620       8.4061
    1621       7.6256
    1622       8.0848
    1623       8.7014
    1624       8.3690
    1625       8.0848
    1626       7.8831
    1627       8.0695
    1628       8.4363
    1629       9.0174
    1630       8.2226
    1631       8.2201
    1632       7.5944
    1633       7.5322
    1634       7.2264
    1635       7.3437
    1636       7.6540
    1637       7.7385
    1638       7.3906
    1639       7.6486
    1640       6.9720
    1641       7.3202
    1642       7.4666
    1643       7.5112
    1644       7.2611
    1645       6.7702
    1646       7.1892
    1647       7.6348
    1648       7.5048
    1649       7.5554
    1650       7.4031
    1651       7.2794
    1652       7.3170
    1653       6.4056
    1654       6.8425
    1655       7.5947
    1656       7.7558
    1657       7.4981
    1658       7.0924
    1659       6.7053
    1660       6.8196
    1661       7.1026
    1662       6.5296
    1663       6.5944
    1664       6.4004
    1665       6.4597
    1666       6.0344
    1667       6.3305
    1668       6.9309
    1669       6.8609
    1670       6.7818
    1671       5.9231
    1672       5.5770
    1673       5.4584
    1674       5.1912
    1675       4.4622
    1676       4.8571
    1677       5.2188
    1678       5.0077
    1679       5.4277
    1680       5.0460
    1681       5.8408
    1682       6.0251
    1683       6.0256
    1684       6.1396
    1685       6.5855
    1686       6.3903
    1687       6.5132
    1688       6.4386
    1689       6.1728
    1690       5.8800
    1691       6.3674
    1692       6.5181
    1693       6.9982
    1694       7.4268
    1695       7.0451
    1696       7.0081
    1697       7.0696
    1698       7.0543
    1699       7.0476
    1700       6.5571
    1701       6.6849
    1702       6.5620
    1703       6.2678
    1704       6.1717
    1705       6.5044
    1706       6.4484
    1707       6.4388
    1708       7.0100
    1709       6.8785
    1710       7.4201
    1711       7.0776
    1712       7.0681
    1713       7.4244
    1714       7.1312
    1715       7.2227
    1716       6.8722
    1717       7.2080
    1718       6.8943
    1719       7.1717
    1720       7.2148
    1721       7.4572
    1722       7.6435
    1723       7.0085
    1724       6.9156
    1725       7.2297
    1726       7.0791
    1727       7.0426
    1728       7.1265
    1729       7.8638
    1730       8.1762
    1731       8.6586
    1732       8.6942
    1733       8.5341
    1734       8.2836
    1735       7.6607
    1736       7.1436
    1737       7.1075
    1738       7.0003
    1739       7.5150
    1740       7.2700
    1741       7.2780
    1742       7.5185
    1743       7.7915
    1744       7.2005
    1745       6.7146
    1746       6.5633
    1747       6.5465
    1748       6.6976
    1749       6.8536
    1750       6.3580
    1751       6.3826
    1752       6.1661
    1753       5.9576
    1754       5.7019
    1755       6.5269
    1756       6.4735
    1757       6.4053
    1758       5.8697
    1759       5.6111
    1760       5.1811
    1761       5.2232
    1762       4.6695
    1763       4.6077
    1764       4.8432
    1765       4.8234
    1766       4.6921
    1767       4.7466
    1768       4.5538
    1769       4.4728
    1770       4.2936
    1771       3.8322
    1772       3.7666
    1773       3.6642
    1774       3.8699
    1775       3.9811
    1776       3.6838
    1777       3.4136
    1778       3.5260
    1779       3.5716
    1780       3.2360
    1781       3.5931
    1782       3.7670
    1783       4.0218
    1784       3.6609
    1785       3.6025
    1786       3.7590
    1787       3.5963
    1788       3.7266
    1789       3.8950
    1790       3.8009
    1791       3.7389
    1792       3.9254
    1793       3.9887
    1794       4.0888
    1795       4.1350
    1796       4.0284
    1797       3.8722
    1798       3.9698
    1799       4.2763
    1800       3.8913
    1801       4.1300
    1802       4.2637
    1803       4.2467
    1804       4.6599
    1805       4.5896
    1806       4.8175
    1807       4.9003
    1808       4.9975
    1809       5.0416
    1810       5.2987
    1811       5.0933
    1812       4.8135
    1813       5.1842
    1814       4.9763
    1815       4.9364
    1816       4.9235
    1817       4.6351
    1818       4.8898
    1819       4.8552
    1820       4.4846
    1821       4.5429
    1822       4.6898
    1823       4.5685
    1824       4.7908
    1825       4.4166
    1826       4.3644
    1827       4.1982
    1828       4.4645
    1829       4.4806
    1830       4.6256
    1831       4.4554
    1832       4.3286
    1833       4.1493
    1834       4.1578
    1835       4.0196
    1836       4.1348
    1837       3.9264
    1838       3.9530
    1839       4.0045
    1840       4.5969
    1841       4.4582
    1842       4.2475
    1843       4.5270
    1844       4.3630
    1845       4.5201
    1846       4.3366
    1847       4.3310
    1848       4.5843
    1849       4.6610
    1850       4.6915
    1851       4.0898
    1852       4.8421
    1853       4.7997
    1854       4.7681
    1855       4.3958
    1856       4.2154
    1857       4.0260
    1858       4.0295
    1859       4.4529
    1860       4.0395
    1861       4.0572
    1862       4.0270
    1863       4.0641
    1864       3.7417
    1865       3.9426
    1866       4.0937
    1867       4.1607
    1868       4.3302
    1869       3.9342
    1870       4.1159
    1871       4.1839
    1872       5.0460
    1873       4.6824
    1874       4.9617
    1875       4.5391
    1876       5.1279
    1877       4.9215
    1878       4.8404
    1879       4.9403
    1880       5.1369
    1881       4.6606
    1882       4.8352
    1883       4.9347
    1884       4.9364
    1885       4.8111
    1886       5.3019
    1887       4.7239
    1888       4.6656
    1889       4.3566
    1890       4.6082
    1891       4.6470
    1892       4.4332
    1893       4.3396
    1894       4.8146
    1895       4.7470
    1896       4.1017
    1897       3.9337
    1898       3.6680
    1899       3.8388
    1900       4.0217
    1901       3.6554
    1902       3.8431
    1903       3.6804
    1904       3.7545
    1905       3.6300
    1906       3.7217
    1907       3.8254
    1908       3.8545
    1909       3.8667
    1910       3.5804
    1911       3.6040
    1912       3.7218
    1913       3.7101
    1914       3.5448
    1915       3.6639
    1916       3.6172
    1917       3.6349
    1918       3.3927
    1919       3.6201
    1920       3.7630
    1921       3.3940
    1922       3.5621
    1923       3.5744
    1924       3.3000
    1925       3.3709
    1926       3.3631
    1927       3.4626
    1928       3.5155
    1929       3.8362
    1930       3.6258
    1931       3.7247
    1932       3.8488
    1933       3.9017
    1934       3.4513
    1935       3.4546
    1936       3.4222
    1937       3.3073
    1938       3.3441
    1939       3.1942
    1940       3.4260
    1941       3.6493
    1942       3.6883
    1943       3.6407
    1944       3.6087
    1945       3.8017
    1946       3.5575
    1947       3.8109
    1948       3.8380
    1949       3.7274
    1950       3.7185
    1951       3.4498
    1952       3.5642
    1953       3.5848
    1954       3.3638
    1955       3.4040
    1956       3.4767
    1957       3.4209
    1958       3.3615
    1959       3.3962
    1960       3.4461
    1961       3.5852
    1962       3.4039
    1963       3.3018
    1964       3.1498
    1965       3.1954
    1966       3.4269
    1967       3.2952
    1968       3.1912
    1969       3.2229
    1970       3.1683
    1971       3.1049
    1972       2.7387
    1973       3.2276
    1974       3.2565
    1975       3.2301
    1976       3.3947
    1977       3.4377
    1978       3.0109
    1979       3.3793
    1980       3.6693
    1981       3.2823
    1982       3.1792
    1983       3.3092
    1984       3.2041
    1985       3.5232
    1986       3.2303
    1987       3.5092
    1988       3.8213
    1989       3.9373
    1990       4.0259
    1991       3.7210
    1992       4.0294
    1993       4.0455
    1994       3.4265
    1995       3.6745
    1996       3.7313
    1997       3.9950
    1998       3.8282
    1999       4.0161
    2000       4.0180
    2001       3.9022
    2002       3.8520
    2003       4.2126
    2004       4.3820
    2005       4.2469
    2006       4.2640
    2007       4.0433
    2008       4.2635
    2009       4.1319
    2010       4.0911
    2011       4.0271
    2012       4.1637
    2013       4.1668
    2014       4.4298
    2015       4.0662
    2016       3.7665
    2017       3.8836
    2018       3.7481
    2019       4.3215
    2020       4.3405
    2021       4.1502
    2022       4.3985
    2023       4.1215
    2024       4.2729
    2025       4.5073
    2026       4.6830
    2027       4.5016
    2028       4.4900
    2029       4.2649
    2030       4.2095
    2031       4.5640
    2032       4.3683
    2033       4.3998
    2034       4.5201
    2035       4.5332
    2036       4.5126
    2037       4.3438
    2038       4.6655
    2039       5.2991
    2040       5.1942
    2041       5.1025
    2042       5.4328
    2043       5.5818
    2044       5.4232
    2045       5.3017
    2046       5.4045
    2047       4.5888
    2048       4.4910
    2049       4.6941
    2050       4.6357
    2051       4.8456
    2052       5.1792
    2053       5.2684
    2054       5.1590
    2055       4.9230
    2056       4.9182
    2057       5.0391
    2058       4.6734
    2059       5.0372
    2060       5.1088
    2061       4.7649
    2062       4.5421
    2063       4.8944
    2064       4.6701
    2065       4.4446
    2066       4.2688
    2067       4.2229
    2068       3.9418
    2069       3.9479
    2070       3.8941
    2071       4.0615
    2072       3.7752
    2073       3.8229
    2074       4.1035
    2075       3.8214
    2076       4.0603
    2077       4.0769
    2078       4.1768
    2079       4.0117
    2080       4.0493
    2081       4.1369
    2082       4.1014
    2083       4.1918
    2084       4.2069
    2085       4.1552
    2086       4.3350
    2087       4.4503
    2088       4.4868
    2089       4.6478
    2090       4.5809
    2091       4.6333
    2092       4.6977
    2093       4.6911
    2094       4.6527
    2095       4.6682
    2096       4.6449
    2097       4.7208
    2098       4.7407
    2099       4.6990
    2100       4.7188
    2101       4.4601
    2102       4.3700
    2103       4.4854
    2104       4.5951
    2105       4.6328
    2106       4.7772
    2107       4.8187
    2108       4.5421
    2109       4.6833
    2110       4.7856
    2111       5.0391
    2112       4.8126
    2113       4.8150
    2114       4.7318
    2115       4.9291
    2116       5.0419
    2117       4.8440
    2118       4.8043
    2119       4.8278
    2120       4.9188
    2121       4.9615
    2122       4.7652
    2123       4.8239
    2124       4.7866
    2125       4.8950
    2126       4.7830
    2127       4.8980
    2128       4.8933
    2129       4.9969
    2130       4.8647
    2131       4.8302
    2132       4.6586
    2133       4.6030
    2134       4.8055
    2135       4.9775
    2136       4.5108
    2137       4.7838
    2138       4.7214
    2139       5.0065
    2140       5.0094
    2141       5.0945
    2142       5.2366
    2143       5.1108
    2144       4.8426
    2145       4.5807
    2146       4.6012
    2147       4.7138
    2148       4.7461
    2149       4.7157
    2150       4.9006
    2151       4.6855
    2152       4.6682
    2153       4.6942
    2154       5.0514
    2155       4.7802
    2156       4.7338
    2157       5.0290
    2158       4.8851
    2159       4.9977
    2160       5.2003
    2161       5.4623
    2162       5.2382
    2163       5.6131
    2164       5.3365
    2165       5.1975
    2166       5.2437
    2167       5.2711
    2168       5.6285
    2169       5.6377
    2170       5.8977
    2171       6.1325
    2172       6.0215
    2173       5.8332
    2174       5.6781
    2175       5.7840
    2176       5.8720
    2177       5.5656
    2178       5.2918
    2179       5.3808
    2180       5.3903
    2181       5.1271
    2182       4.7752
    2183       5.0927
    2184       5.4753
    2185       4.9858
    2186       4.8877
    2187       4.9396
    2188       4.5914
    2189       4.8363
    2190       5.1487
    2191       4.6723
    2192       4.5000
    2193       4.4773
    2194       4.3872
    2195       4.4901
    2196       4.3800
    2197       4.7246
    2198       4.4622
    2199       4.6703
    2200       4.8156
    2201       5.0660
    2202       5.3159
    2203       5.1160
    2204       4.8498
    2205       5.1037
    2206       4.7376
    2207       4.6522
    2208       4.7647
    2209       5.0030
    2210       5.0104
    2211       4.8206
    2212       5.2620
    2213       5.1505
    2214       4.8868
    2215       4.8503
    2216       5.0301
    2217       5.0211
    2218       5.0187
    2219       4.8602
    2220       4.7565
    2221       4.6262
    2222       4.7766
    2223       4.8718
    2224       5.1333
    2225       4.9989
    2226       5.0116
    2227       5.1219
    2228       5.0734
    2229       4.8529
    2230       4.8679
    2231       4.7832
    2232       4.7624
    2233       4.7935
    2234       4.8911
    2235       4.9014
    2236       4.9727
    2237       4.7946
    2238       4.5575
    2239       4.6174
    2240       4.6729
    2241       4.8322
    2242       4.8998
    2243       4.8839
    2244       4.8299
    2245       4.8199
    2246       5.0194
    2247       5.0732
    2248       4.8779
    2249       4.9894
    2250       5.2591
    2251       4.9828
    2252       5.0647
    2253       5.0235
    2254       5.0975
    2255       5.1173
    2256       5.3562
    2257       5.2715
    2258       5.3742
    2259       5.4114
    2260       5.4718
    2261       5.4352
    2262       5.4770
    2263       5.3515
    2264       5.3694
    2265       5.1331
    2266       5.2537
    2267       5.2784
    2268       5.1727
    2269       5.2125
    2270       5.2129
    2271       5.2720
    2272       5.1678
    2273       5.1546
    2274       5.3538
    2275       5.0241
    2276       5.1041
    2277       5.0995
    2278       4.9712
    2279       4.6912
    2280       4.9049
    2281       4.8744
    2282       4.9799
    2283       4.8992
    2284       4.6106
    2285       4.8391
    2286       4.9168
    2287       4.9680
    2288       5.2065
    2289       5.1112
    2290       5.2479
    2291       5.2616
    2292       5.2426
    2293       5.5533
    2294       5.6707
    2295       5.6045
    2296       5.5214
    2297       5.5517
    2298       5.6002
    2299       5.5517
    2300       5.4739
    2301       5.6421
    2302       5.4442
    2303       5.6142
    2304       5.5675
    2305       5.5927
    2306       5.5197
    2307       5.4583
    2308       5.3806
    2309       5.3355
    2310       5.3944
    2311       5.4227
    2312       5.3226
    2313       5.4185
    2314       5.4132
    2315       5.3833
    2316       5.3980
    2317       5.4146
    2318       5.7309
    2319       5.6130
    2320       5.6198
    2321       5.6781
    2322       5.7279
    2323       5.8290
    2324       5.8456
    2325       5.7534
    2326       5.7858
    2327       5.7686
    2328       5.6760
    2329       5.6615
    2330       5.7411
    2331       5.8088
    2332       5.6632
    2333       5.6225
    2334       5.6166
    2335       5.7556
    2336       5.7397
    2337       5.7489
    2338       5.5871
    2339       5.5987
    2340       5.4384
    2341       5.7589
    2342       5.4083
    2343       5.4640
    2344       5.6059
    2345       5.5607
    2346       5.7265
    2347       5.6086
    2348       5.7224
    2349       5.6368
    2350       5.5725
    2351       5.4931
    2352       5.5794
    2353       5.5102
    2354       5.6235
    2355       5.6432
    2356       5.4597
    2357       5.3993
    2358       5.4286
    2359       5.5801
    2360       5.6468
    2361       5.4203
    2362       5.4041
    2363       5.2965
    2364       5.3793
    2365       5.3719
    2366       5.4748
    2367       5.4413
    2368       5.4909
    2369       5.5644
    2370       5.4030
    2371       5.4462
    2372       5.5293
    2373       5.5050
    2374       5.5432
    2375       5.3789
    2376       5.3832
    2377       5.4099
    2378       5.4609
    2379       5.3770
    2380       5.4361
    2381       5.2876
    2382       5.4463
    2383       5.4482
    2384       5.3047
    2385       5.3407
    2386       5.5487
    2387       5.5007
    2388       5.4034
    2389       5.3235
    2390       5.2751
    2391       5.4439
    2392       5.2784
    2393       5.3954
    2394       5.4162
    2395       5.4771
    2396       5.2973
    2397       5.3830
    2398       5.3139
    2399       5.2334
    2400       5.2345
    2401       5.2906
    2402       5.5066
    2403       5.3635
    2404       5.3639
    2405       5.3786
    2406       5.5269
    2407       5.3799
    2408       5.3936
    2409       5.4121
    2410       5.0580
    2411       5.3905
    2412       5.3260
    2413       5.2750
    2414       5.0449
    2415       5.1885
    2416       5.2576
    2417       5.1900
    2418       5.1958
    2419       5.0473
    2420       5.2885
    2421       5.2793
    2422       5.1626
    2423       5.0817
    2424       5.0061
    2425       5.1665
    2426       5.2299
    2427       5.2379
    2428       5.2135
    2429       5.2518
    2430       5.2409
    2431       5.3348
    2432       5.3363
    2433       5.3899
    2434       5.3798
    2435       5.3961
    2436       5.3575
    2437       5.2586
    2438       5.3733
    2439       5.2926
    2440       5.1814
    2441       5.3693
    2442       5.3508
    2443       5.3532
    2444       5.3620
    2445       5.4150
    2446       5.3978
    2447       5.4178
    2448       5.2798
    2449       5.2128
    2450       5.1867
    2451       5.3134
    2452       4.8085
    2453       4.9447
    2454       5.0919
    2455       4.8319
    2456       4.8236
    2457       4.6767
    2458       4.7806
    2459       4.8410
    2460       4.7748
    2461       4.5315
    2462       4.9511
    2463       4.6913
    2464       4.6959
    2465       4.7801
    2466       4.8417
    2467       4.8571
    2468       4.9366
    2469       4.9888
    2470       5.0341
    2471       4.9414
    2472       4.9966
    2473       5.0687
    2474       5.2301
    2475       5.1598
    2476       5.0545
    2477       4.9375
    2478       4.9650
    2479       5.0025
    2480       5.1063
    2481       5.1293
    2482       5.0073
    2483       5.0557
    2484       5.0068
    2485       5.1286
    2486       5.1048
    2487       5.1224
    2488       4.9821
    2489       4.9190
    2490       4.8248
    2491       4.8629
    2492       4.9913
    2493       5.1397
    2494       4.9729
    2495       5.0306
    2496       5.0014
    2497       5.1061
    2498       5.2624
    2499       5.3010
    2500       5.1767
    2501       5.1296
    2502       5.1943
    2503       5.3903
    2504       5.3945
    2505       5.2712
    2506       5.2905
    2507       5.3744
    2508       5.3231
    2509       5.4405
    2510       5.2952
    2511       5.3455
    2512       5.3658
    2513       5.4672
    2514       5.3810
    2515       5.2162
    2516       5.1547
    2517       5.0908
    2518       5.1929
    2519       5.0678
    2520       5.1120
    2521       5.0043
    2522       5.0914
    2523       4.9941
    2524       5.2498
    2525       5.2801
    2526       5.4227
    2527       5.2509
    2528       5.2616
    2529       5.1267
    2530       5.1267
    2531       5.1537
    2532       5.2986
    2533       5.2258
    2534       5.1938
    2535       5.1268
    2536       5.1436
    2537       5.2744
    2538       5.2149
    2539       5.2588
    2540       5.1337
    2541       5.2616
    2542       5.2609
    2543       5.0865
    2544       5.0968
    2545       5.1231
    2546       5.1734
    2547       5.0628
    2548       5.2120
    2549       5.1774
    2550       5.1436
    2551       5.1967
    2552       5.1641
    2553       5.2417
    2554       5.1816
    2555       5.2029
    2556       5.2314
    2557       5.2797
    2558       5.2443
    2559       5.2294
    2560       5.2955
    2561       5.3485
    2562       5.2975
    2563       5.1721
    2564       5.2611
    2565       5.1358
    2566       4.9718
    2567       5.0522
    2568       5.1525
    2569       5.2206
    2570       5.1892
    2571       5.2371
    2572       5.1534
    2573       5.2103
    2574       5.2041
    2575       5.2514
    2576       5.1629
    2577       5.3083
    2578       5.2079
    2579       5.2248
    2580       5.1676
    2581       5.2567
    2582       5.2217
    2583       5.2579
    2584       5.2562
    2585       5.2104
    2586       5.3215
    2587       5.1440
    2588       5.1984
    2589       5.0804
    2590       5.0389
    2591       5.0774
    2592       4.8366
    2593       5.0761
    2594       5.0413
    2595       5.0094
    2596       4.9932
    2597       5.0121
    2598       5.0175
    2599       5.0379
    2600       5.0430
    2601       5.1378
    2602       4.9573
    2603       4.8809
    2604       5.1600
    2605       5.0655
    2606       5.1274
    2607       4.9950
    2608       4.9583
    2609       5.1864
    2610       5.1767
    2611       5.1037
    2612       5.2040
    2613       5.0965
    2614       5.3013
    2615       5.3787
    2616       5.3764
    2617       5.0993
    2618       5.1098
    2619       5.1203
    2620       5.0538
    2621       5.1121
    2622       5.0825
    2623       5.0176
    2624       5.0549
    2625       5.0838
    2626       5.0108
    2627       5.1585
    2628       5.0328
    2629       5.0436
    2630       5.0194
    2631       5.0857
    2632       4.9634
    2633       5.0015
    2634       4.8388
    2635       4.9327
    2636       4.7407
    2637       4.5289
    2638       4.4670
    2639       4.3663
    2640       4.3828
    2641       4.6081
    2642       4.3085
    2643       4.4990
    2644       4.4891
    2645       4.5823
    2646       4.1714
    2647       4.0971
    2648       4.1409
    2649       4.0713
    2650       4.3584
    2651       4.5764
    2652       4.4979
    2653       4.6247
    2654       4.5933
    2655       4.5217
    2656       4.5135
    2657       4.4517
    2658       4.5812
    2659       4.5470
    2660       5.0254
    2661       4.9754
    2662       4.6926
    2663       4.5481
    2664       4.4186
    2665       4.5872
    2666       4.4736
    2667       4.4925
    2668       4.5244
    2669       4.6144
    2670       4.6022
    2671       4.4292
    2672       4.3535
    2673       4.2636
    2674       4.3705
    2675       4.1995
    2676       4.4498
    2677       4.2903
    2678       4.4472
    2679       4.5328
    2680       4.4378
    2681       4.2133
    2682       4.1218
    2683       4.3080
    2684       4.3952
    2685       4.3635
    2686       4.4069
    2687       4.2492
    2688       4.2440
    2689       4.3959
    2690       4.4417
    2691       4.5076
    2692       4.4804
    2693       4.3153
    2694       4.2714
    2695       4.2654
    2696       4.3114
    2697       4.2211
    2698       4.3695
    2699       4.4849
    2700       4.5657
    2701       4.4240
    2702       4.3627
    2703       4.5389
    2704       4.5110
    2705       4.4331
    2706       4.5948
    2707       4.2355
    2708       4.3610
    2709       4.2509
    2710       4.2612
    2711       4.1823
    2712       4.1610
    2713       4.0988
    2714       4.3388
    2715       4.5274
    2716       4.4108
    2717       4.3708
    2718       4.2661
    2719       4.0874
    2720       4.2094
    2721       4.1796
    2722       4.0598
    2723       4.1653
    2724       4.3517
    2725       4.3901
    2726       4.5251
    2727       3.9757
    2728       4.4525
    2729       4.2657
    2730       4.1873
    2731       4.2001
    2732       4.1503
    2733       3.9479
    2734       3.9309
    2735       3.8445
    2736       3.8387
    2737       4.0179
    2738       4.0396
    2739       4.1526
    2740       3.9579
    2741       3.8627
    2742       4.1688
    2743       4.2426
    2744       4.0316
    2745       4.2104
    2746       4.2979
    2747       4.2994
    2748       4.3361
    2749       4.1213
    2750       4.2809
    2751       4.3122
    2752       4.1802
    2753       4.3069
    2754       4.1772
    2755       4.2109
    2756       4.2956
    2757       3.9924
    2758       4.2797
    2759       4.3776
    2760       4.1644
    2761       4.1451
    2762       4.2271
    2763       4.3566
    2764       4.2170
    2765       4.3336
    2766       4.2680
    2767       4.2599
    2768       4.3418
    2769       4.2025
    2770       4.3065
    2771       4.3467
    2772       4.2943
    2773       4.2236
    2774       4.4485
    2775       4.3835
    2776       4.3114
    2777       4.3091
    2778       4.4025
    2779       4.3597
    2780       4.3357
    2781       4.2837
    2782       4.3266
    2783       4.4211
    2784       4.5129
    2785       4.3183
    2786       4.3329
    2787       4.3675
    2788       4.3310
    2789       4.3013
    2790       4.3795
    2791       4.4440
    2792       4.4437
    2793       4.7524
    2794       4.8833
    2795       4.9078
    2796       5.0277
    2797       4.9344
    2798       4.9938
    2799       5.0133
    2800       4.9997
    2801       4.8988
    2802       4.9739
    2803       4.8798
    2804       4.8003
    2805       4.8347
    2806       4.8783
    2807       4.8028
    2808       4.8460
    2809       4.9801
    2810       4.8339
    2811       4.9883
    2812       4.8222
    2813       5.0498
    2814       5.0490
    2815       5.0487
    2816       5.0496
    2817       4.9904
    2818       5.0190
    2819       5.1004
    2820       4.9406
    2821       4.9878
    2822       4.9393
    2823       5.1873
    2824       5.0015
    2825       4.9694
    2826       5.0687
    2827       5.0687
    2828       5.1005
    2829       5.0122
    2830       5.1093
    2831       5.0845
    2832       5.0223
    2833       4.8865
    2834       5.0648
    2835       5.0239
    2836       5.0545
    2837       5.0237
    2838       4.9563
    2839       4.9829
    2840       5.0894
    2841       5.0190
    2842       4.9855
    2843       4.9686
    2844       4.8968
    2845       4.9671
    2846       5.1377
    2847       5.0681
    2848       5.0614
    2849       5.0437
    2850       4.8951
    2851       5.0161
    2852       5.0100
    2853       5.1018
    2854       4.8771
    2855       5.0725
    2856       5.0304
    2857       5.0592
    2858       5.2091
    2859       5.2570
    2860       5.4489
    2861       5.2800
    2862       5.2960
    2863       5.3371
    2864       5.4258
    2865       5.3330
    2866       5.4156
    2867       5.3413
    2868       5.2912
    2869       5.2774
    2870       5.3099
    2871       5.2804
    2872       5.3121
    2873       5.1316
    2874       5.2938
    2875       5.4471
    2876       5.2251
    2877       5.2882
    2878       5.3613
    2879       5.1902
    2880       5.1912
    2881       5.2934
    2882       5.2674
    2883       5.3299
    2884       5.3613
    2885       5.4133
    2886       5.5189
    2887       5.3114
    2888       5.4545
    2889       5.3706
    2890       5.2660
    2891       5.3915
    2892       5.3977
    2893       5.4695
    2894       5.4774
    2895       5.3991
    2896       5.4039
    2897       5.2339
    2898       5.3131
    2899       5.3897
    2900       5.2956
    2901       5.2676
    2902       5.2206
    2903       5.3690
    2904       5.3290
    2905       5.1551
    2906       5.0866
    2907       5.2204
    2908       5.1933
    2909       5.0473
    2910       5.3164
    2911       5.3679
    2912       5.3245
    2913       5.2467
    2914       5.2755
    2915       5.3020
    2916       5.3555
    2917       5.3479
    2918       5.3033
    2919       5.2354
    2920       5.1681
    2921       5.3053
    2922       5.3779
    2923       5.3382
    2924       5.2798
    2925       5.3695
    2926       5.4045
    2927       5.4498
    2928       5.5028
    2929       5.4866
    2930       5.3911
    2931       5.3710
    2932       5.3210
    2933       5.2231
    2934       5.2704
    2935       5.4709
    2936       5.3105
    2937       5.3039
    2938       5.3470
    2939       5.1016
    2940       5.2572
    2941       5.2856
    2942       5.2165
    2943       5.1996
    2944       5.2664
    2945       5.3999
    2946       5.3711
    2947       5.1784
    2948       5.3180
    2949       5.2808
    2950       5.2947
    2951       5.2268
    2952       5.1397
    2953       5.3326
    2954       5.1695
    2955       5.2206
    2956       5.3871
    2957       5.3144
    2958       5.3356
    2959       5.3697
    2960       5.3702
    2961       5.3891
    2962       5.3615
    2963       5.3999
    2964       5.3231
    2965       5.3647
    2966       5.3988
    2967       5.3967
    2968       5.5180
    2969       5.4671
    2970       5.4979
    2971       5.5000
    2972       5.4807
    2973       5.6264
    2974       5.4646
    2975       5.4429
    2976       5.5364
    2977       5.5918
    2978       5.5584
    2979       5.5010
    2980       5.5113
    2981       5.3779
    2982       5.6023
    2983       5.5116
    2984       5.5751
    2985       5.6023
    2986       5.5402
    2987       5.6680
    2988       5.6483
    2989       5.5933
    2990       5.5808
    2991       5.6066
    2992       5.5758
    2993       5.6739
    2994       5.6000
    2995       5.6497
    2996       5.6324
    2997       5.7091
    2998       5.6731
    2999       5.7359
    3000       5.6683
    3001       5.7197
    3002       5.8489
    3003       5.8078
    3004       5.8828
    3005       5.9247
    3006       5.7400
    3007       5.8212
    3008       5.7632
    3009       5.6724
    3010       5.7033
    3011       5.5776
    3012       5.7309
    3013       5.6368
    3014       5.7405
    3015       5.7886
    3016       5.7969
    3017       5.7794
    3018       5.7418
    3019       5.8588
    3020       5.6984
    3021       5.8178
    3022       5.7115
    3023       5.7906
    3024       5.7854
    3025       5.7604
    3026       5.6209
    3027       5.7237
    3028       5.6638
    3029       5.6655
    3030       5.7523
    3031       5.6866
    3032       5.7173
    3033       5.6708
    3034       5.6746
    3035       5.6751
    3036       5.6464
    3037       5.6873
    3038       5.6023
    3039       5.7180
    3040       5.7839
    3041       5.5778
    3042       5.6789
    3043       5.6546
    3044       5.7246
    3045       5.7525
    3046       5.7816
    3047       5.7803
    3048       5.6749
    3049       5.6743
    3050       5.7192
    3051       5.5933
    3052       5.5964
    3053       5.6338
    3054       5.7269
    3055       5.5900
    3056       5.5808
    3057       5.6489
    3058       5.7943
    3059       5.7718
    3060       5.8219
    3061       5.7828
    3062       5.7315
    3063       5.7861
    3064       5.8104
    3065       5.7785
    3066       5.8307
    3067       5.8289
    3068       5.8392
    3069       5.6937
    3070       5.7905
    3071       5.7651
    3072       5.8021
    3073       5.7564
    3074       5.8553
    3075       5.9336
    3076       5.8134
    3077       5.9063
    3078       5.8645
    3079       5.9161
    3080       5.7831
    3081       5.7648
    3082       5.8539
    3083       5.8997
    3084       5.8099
    3085       5.8181
    3086       5.8583
    3087       5.8584
    3088       5.8286
    3089       5.7986
    3090       5.8684
    3091       5.8093
    3092       5.8183
    3093       5.8178
    3094       5.8762
    3095       5.8523
    3096       5.7987
    3097       5.8166
    3098       5.8282
    3099       5.8480
    3100       5.8356
    3101       5.7620
    3102       5.8176
    3103       5.7961
    3104       5.9036
    3105       5.8663
    3106       5.7926
    3107       5.7157
    3108       5.6338
    3109       5.6462
    3110       5.7493
    3111       5.7699
    3112       5.8446
    3113       5.8504
    3114       5.8464
    3115       5.7559
    3116       5.7189
    3117       5.8029
    3118       5.8093
    3119       5.8062
    3120       5.7868
    3121       5.7484
    3122       5.7538
    3123       5.6445
    3124       5.6606
    3125       5.6635
    3126       5.6729
    3127       5.6790
    3128       5.7881
    3129       5.7061
    3130       5.7263
    3131       5.8031
    3132       5.8127
    3133       5.6863
    3134       5.5001
    3135       5.5048
    3136       5.4373
    3137       5.5666
    3138       5.5458
    3139       5.5548
    3140       5.5652
    3141       5.6613
    3142       5.6115
    3143       5.7074
    3144       5.6878
    3145       5.7560
    3146       5.6524
    3147       5.5168
    3148       5.5703
    3149       5.5315
    3150       5.6265
    3151       5.5992
    3152       5.5238
    3153       5.5991
    3154       5.6243
    3155       5.5890
    3156       5.5044
    3157       5.5949
    3158       5.5357
    3159       5.4664
    3160       5.4791
    3161       5.4817
    3162       5.5254
    3163       5.5134
    3164       5.6095
    3165       5.6059
    3166       5.5858
    3167       5.5624
    3168       5.5826
    3169       5.6054
    3170       5.4772
    3171       5.5644
    3172       5.6301
    3173       5.6498
    3174       5.5473
    3175       5.5482
    3176       5.7413
    3177       5.6577
    3178       5.5999
    3179       5.6154
    3180       5.6855
    3181       5.7802
    3182       5.7022
    3183       5.6843
    3184       5.5883
    3185       5.6680
    3186       5.5840
    3187       5.5948
    3188       5.4919
    3189       5.7332
    3190       5.6735
    3191       5.7549
    3192       5.7519
    3193       5.7012
    3194       5.7058
    3195       5.6011
    3196       5.5516
    3197       5.6289
    3198       5.6983
    3199       5.7125
    3200       5.7353
    3201       5.7258
    3202       5.7216
    3203       5.7512
    3204       5.6725
    3205       5.7653
    3206       5.7423
    3207       5.7745
    3208       5.8058
    3209       5.6876
    3210       5.7288
    3211       5.7420
    3212       5.4384
    3213       5.6882
    3214       5.6615
    3215       5.5830
    3216       5.7050
    3217       5.7696
    3218       5.5768
    3219       5.5552
    3220       5.4920
    3221       5.5271
    3222       5.6495
    3223       5.5218
    3224       5.4811
    3225       5.6340
    3226       5.6412
    3227       5.7281
    3228       5.7324
    3229       5.6971
    3230       5.8271
    3231       5.7353
    3232       5.7634
    3233       5.6235
    3234       5.7462
    3235       5.5841
    3236       5.7327
    3237       5.6000
    3238       5.6541
    3239       5.7278
    3240       5.6841
    3241       5.7604
    3242       5.6837
    3243       5.8102
    3244       5.8014
    3245       5.7596
    3246       5.7114
    3247       5.7242
    3248       5.8185
    3249       5.7653
    3250       5.8731
    3251       5.7420
    3252       5.7990
    3253       5.7801
    3254       5.8236
    3255       5.7059
    3256       5.4292
    3257       5.3449
    3258       5.3708
    3259       5.2392
    3260       5.3815
    3261       5.5241
    3262       5.5863
    3263       5.6294
    3264       5.7412
    3265       5.6704
    3266       5.4640
    3267       5.4436
    3268       5.3984
    3269       5.4274
    3270       5.4629
    3271       5.6086
    3272       5.4971
    3273       5.4782
    3274       5.5881
    3275       5.4942
    3276       5.5288
    3277       5.5901
    3278       5.7704
    3279       5.6755
    3280       5.6544
    3281       5.6822
    3282       5.5977
    3283       5.6114
    3284       5.5726
    3285       5.6199
    3286       5.2332
    3287       5.3048
    3288       5.1374
    3289       5.2153
    3290       5.2589
    3291       5.1495
    3292       5.3756
    3293       5.3945
    3294       5.2883
    3295       5.3770
    3296       5.3457
    3297       5.1873
    3298       5.1583
    3299       5.3786
    3300       5.4297
    3301       5.2549
    3302       5.3852
    3303       5.2820
    3304       5.2851
    3305       5.3230
    3306       5.3524
    3307       5.3959
    3308       5.3875
    3309       5.3603
    3310       5.2999
    3311       5.2700
    3312       5.1642
    3313       5.2314
    3314       5.2736
    3315       5.3018
    3316       5.3585
    3317       5.4181
    3318       5.5045
    3319       5.4662
    3320       5.6317
    3321       5.4216
    3322       5.5270
    3323       5.4540
    3324       5.3340
    3325       5.3685
    3326       5.2914
    3327       5.2878
    3328       5.3852
    3329       5.3008
    3330       5.3964
    3331       5.3059
    3332       5.3817
    3333       5.5839
    3334       5.4421
    3335       5.4363
    3336       5.4820
    3337       5.3532
    3338       5.4842
    3339       5.3539
    3340       5.4237
    3341       5.4960
    3342       5.5627
    3343       5.3700
    3344       5.3681
    3345       5.4620
    3346       5.5745
    3347       5.4135
    3348       5.6034
    3349       5.3875
    3350       5.4106
    3351       5.4206
    3352       5.4730
    3353       5.5138
    3354       5.5465
    3355       5.3909
    3356       5.4587
    3357       5.5870
    3358       5.6330
    3359       5.4299
    3360       5.4626
    3361       5.5236
    3362       5.4787
    3363       5.4446
    3364       5.6413
    3365       5.5932
    3366       5.5070
    3367       5.5200
    3368       5.6756
    3369       5.5109
    3370       5.3413
    3371       5.6004
    3372       5.3948
    3373       5.5132
    3374       5.5013
    3375       5.5383
    3376       5.3896
    3377       5.4536
    3378       5.2802
    3379       5.4750
    3380       5.3707
    3381       5.5515
    3382       5.5227
    3383       5.5897
    3384       5.4655
    3385       5.5118
    3386       5.5033
    3387       5.5122
    3388       5.4045
    3389       5.5521
    3390       5.5939
    3391       5.6071
    3392       5.4669
    3393       5.4088
    3394       5.3577
    3395       5.3188
    3396       5.4056
    3397       5.3996
    3398       5.4712
    3399       5.5516
    3400       5.4439
    3401       5.5207
    3402       5.6247
    3403       5.3896
    3404       5.6051
    3405       5.3037
    3406       5.3732
    3407       5.5530
    3408       5.4728
    3409       5.5233
    3410       5.3855
    3411       5.4746
    3412       5.4637
    3413       5.5279
    3414       5.4301
    3415       5.4835
    3416       5.4214
    3417       5.6159
    3418       5.7351
    3419       5.7910
    3420       5.7022
    3421       5.5476
    3422       5.4178
    3423       5.4034
    3424       5.2680
    3425       5.3066
    3426       5.6810
    3427       5.5955
    3428       5.8043
    3429       5.8204
    3430       5.7621
    3431       5.7100
    3432       5.7406
    3433       5.8919
    3434       5.8584
    3435       6.0933
    3436       5.8486
    3437       5.9218
    3438       5.8424
    3439       5.6324
    3440       5.4327
    3441       5.4652
    3442       5.4401
    3443       5.5776
    3444       5.5587
    3445       5.4895
    3446       5.3634
    3447       5.4610
    3448       5.1576
    3449       5.1187
    3450       5.2218
    3451       5.3124
    3452       5.2109
    3453       5.2702
    3454       5.1504
    3455       5.1024
    3456       5.1619
    3457       5.2513
    3458       5.1682
    3459       5.2460
    3460       5.3298
    3461       5.3585
    3462       5.3276
    3463       5.2712
    3464       5.1954
    3465       5.1735
    3466       5.0287
    3467       5.0453
    3468       5.0752
    3469       5.1220
    3470       5.2087
    3471       5.0019
    3472       5.1101
    3473       5.1008
    3474       4.9732
    3475       4.8969
    3476       4.9882
    3477       5.0432
    3478       5.0411
    3479       4.9498
    3480       4.9774
    3481       4.9818
    3482       5.1557
    3483       5.0988
    3484       5.1386
    3485       5.0033
    3486       4.9711
    3487       4.8450
    3488       5.0846
    3489       5.1765
    3490       5.1520
    3491       5.3663
    3492       5.3697
    3493       5.4788
    3494       5.4464
    3495       5.3957
    3496       5.4203
    3497       5.5792
    3498       5.6498
    3499       5.4380
    3500       5.3208
    3501       5.4220
    3502       5.3554
    3503       5.4709
    3504       5.5109
    3505       5.3132
    3506       5.3171
    3507       5.2632
    3508       5.4249
    3509       5.3973
    3510       5.3331
    3511       5.4342
    3512       5.5087
    3513       5.4778
    3514       5.4307
    3515       5.4810
    3516       5.5109
    3517       5.5037
    3518       5.3333
    3519       5.4098
    3520       5.3453
    3521       5.3282
    3522       5.4538
    3523       5.4138
    3524       5.4575
    3525       5.4823
    3526       5.4319
    3527       5.2838
    3528       5.3161
    3529       5.3178
    3530       5.2796
    3531       5.2894
    3532       5.3477
    3533       5.0572
    3534       4.9952
    3535       5.0230
    3536       5.1683
    3537       4.9460
    3538       5.1511
    3539       4.9446
    3540       4.9682
    3541       5.0389
    3542       5.1338
    3543       5.2479
    3544       5.1637
    3545       5.0843
    3546       5.1585
    3547       5.2091
    3548       5.1205
    3549       5.2233
    3550       5.1621
    3551       4.9690
    3552       5.0482
    3553       4.9833
    3554       5.1048
    3555       5.1406
    3556       5.1255
    3557       5.1653
    3558       5.0849
    3559       5.0483
    3560       5.0803
    3561       5.2186
    3562       5.0847
    3563       5.0112
    3564       5.1182
    3565       5.1536
    3566       5.0710
    3567       4.9058
    3568       4.6887
    3569       4.5954
    3570       4.5354
    3571       4.8813
    3572       4.7752
    3573       4.6688
    3574       4.5454
    3575       4.7701
    3576       4.6965
    3577       4.5010
    3578       4.3575
    3579       4.4748
    3580       4.6682
    3581       4.7807
    3582       4.7856
    3583       5.0013
    3584       5.0225
    3585       4.9158
    3586       5.0274
    3587       4.7856
    3588       4.8430
    3589       4.8860
    3590       4.6293
    3591       4.6242
    3592       4.4779
    3593       4.3449
    3594       3.9587
    3595       3.7180
    3596       3.8857
    3597       4.0262
    3598       3.7121
    3599       4.1961
    3600       4.2181
    3601       4.1576
    3602       4.1369
    3603       4.2418
    3604       4.0770
    3605       4.1161
    3606       4.1458
    3607       4.4246
    3608       4.5567
    3609       4.5212
    3610       4.5852
    3611       4.6406
    3612       4.5519
    3613       4.5204
    3614       4.5287
    3615       4.5835
    3616       4.6473
    3617       4.5454
    3618       4.6969
    3619       4.4499
    3620       4.4321
    3621       4.4690
    3622       4.5353
    3623       4.3976
    3624       4.4406
    3625       4.3955
    3626       4.3510
    3627       4.5078
    3628       4.5666
    3629       4.6039
    3630       4.6051
    3631       4.3853
    3632       4.5555
    3633       4.4827
    3634       4.3989
    3635       4.4786
    3636       4.4796
    3637       4.4704
    3638       4.6951
    3639       4.9337
    3640       4.7872
    3641       4.5936
    3642       4.6786
    3643       4.4942
    3644       4.5225
    3645       4.5404
    3646       4.5286
    3647       4.5690
    3648       4.5337
    3649       4.5080
    3650       4.5929
    3651       4.6574
    3652       4.5293
    3653       4.4352
    3654       4.4142
    3655       4.6649
    3656       5.0152
    3657       4.6475
    3658       4.7231
    3659       4.5973
    3660       4.5333
    3661       4.7533
    3662       4.6292
    3663       4.6524
    3664       4.6088
    3665       4.6233
    3666       4.6245
    3667       4.6508
    3668       4.5348
    3669       4.6771
    3670       4.5363
    3671       4.4651
    3672       4.4160
    3673       4.0924
    3674       4.2311
    3675       4.1570
    3676       4.1004
    3677       4.3392
    3678       4.6052
    3679       4.5429
    3680       5.0311
    3681       4.8835
    3682       4.8031
    3683       4.7631
    3684       4.7453
    3685       4.8140
    3686       5.3408
    3687       5.4154
    3688       5.5667
    3689       5.3549
    3690       5.5481
    3691       5.4778
    3692       5.6007
    3693       5.6530
    3694       5.4290
    3695       5.6263
    3696       5.3007
    3697       5.5014
    3698       5.5584
    3699       5.7427
    3700       5.4341
    3701       5.4869
    3702       5.4171
    3703       5.5471
    3704       5.3593
    3705       5.2920
    3706       5.4761
    3707       5.6963
    3708       5.7240
    3709       5.8252
    3710       5.7891
    3711       5.8233
    3712       5.8832
    3713       5.7767
    3714       5.5162
    3715       5.7152
    3716       5.6397
    3717       5.7072
    3718       5.5239
    3719       5.3271
    3720       5.3388
    3721       5.5306
    3722       5.6780
    3723       5.5651
    3724       5.4491
    3725       5.4261
    3726       5.5680
    3727       5.6479
    3728       5.4856
    3729       5.6672
    3730       5.5070
    3731       5.5987
    3732       5.7183
    3733       5.6150
    3734       5.6437
    3735       5.5371
    3736       5.6843
    3737       5.6379
    3738       5.4358
    3739       5.4125
    3740       5.3626
    3741       5.4531
    3742       5.4316
    3743       5.4423
    3744       5.2013
    3745       5.3421
    3746       5.3194
    3747       5.3092
    3748       5.3768
    3749       5.5314
    3750       5.7511
    3751       5.5054
    3752       5.5698
    3753       5.4314
    3754       5.3068
    3755       5.4820
    3756       5.7290
    3757       5.5959
    3758       5.3572
    3759       5.5533
    3760       5.3985
    3761       5.5173
    3762       5.3175
    3763       5.3510
    3764       5.6071
    3765       5.5069
    3766       5.4296
    3767       5.5330
    3768       5.3927
    3769       5.3261
    3770       5.5769
    3771       5.9240
    3772       5.8808
    3773       6.1322
    3774       6.0786
    3775       6.1230
    3776       6.2705
    3777       6.2960
    3778       5.9216
    3779       5.9029
    3780       5.8783
    3781       5.6699
    3782       5.9506
    3783       6.0855
    3784       5.9728
    3785       5.8967
    3786       5.7333
    3787       5.9223
    3788       5.6715
    3789       5.6034
    3790       5.5731
    3791       5.7394
    3792       5.8006
    3793       5.9814
    3794       5.6338
    3795       5.5604
    3796       5.6381
    3797       5.4500
    3798       5.4968
    3799       5.2733
    3800       5.2079
    3801       5.2901
    3802       4.9079
    3803       4.8721
    3804       4.9359
    3805       4.5692
    3806       4.4754
    3807       4.4248
    3808       4.4024
    3809       4.5240
    3810       4.2811
    3811       4.0361
    3812       3.8676
    3813       3.9671
    3814       3.8255
    3815       3.9849
    3816       4.0576
    3817       4.0860
    3818       4.2556
    3819       4.6725
    3820       4.4335
    3821       4.4918
    3822       4.5391
    3823       4.3765
    3824       4.4246
    3825       4.3280
    3826       4.3874
    3827       4.3364
    3828       4.3580
    3829       4.1675
    3830       4.4511
    3831       4.6164
    3832       3.9701
    3833       4.1488
    3834       3.8757
    3835       3.7243
    3836       3.6040
    3837       3.5827
    3838       3.5971
    3839       3.7141
    3840       3.7777
    3841       3.4358
    3842       3.5100
    3843       3.5318
    3844       3.4000
    3845       3.5283
    3846       3.4604
    3847       3.6070
    3848       3.5660
    3849       3.5319
    3850       3.4295
    3851       3.5441
    3852       3.4099
    3853       3.5619
    3854       3.4386
    3855       3.4781
    3856       3.2419
    3857       3.3112
    3858       3.2182
    3859       3.1711
    3860       3.2868
    3861       3.1857
    3862       3.0235
    3863       3.1541
    3864       3.4720
    3865       3.4099
    3866       3.5586
    3867       3.4230
    3868       3.5090
    3869       3.5485
    3870       3.5774
    3871       3.6020
    3872       3.9728
    3873       4.1621
    3874       3.9541
    3875       4.2355
    3876       4.0148
    3877       3.9161
    3878       4.3769
    3879       4.0307
    3880       3.9366
    3881       3.5016
    3882       3.4584
    3883       3.3864
    3884       3.7481
    3885       3.5960
    3886       3.6649
    3887       4.1575
    3888       4.4634
    3889       4.4567
    3890       4.3284
    3891       4.2515
    3892       4.7359
    3893       4.5326
    3894       4.3785
    3895       4.4935
    3896       4.1779
    3897       4.7132
    3898       4.9720
    3899       5.1987
    3900       5.1605
    3901       5.3490
    3902       5.3880
    3903       5.2122
    3904       5.3536
    3905       5.5028
    3906       5.0144
    3907       5.2434
    3908       5.1970
    3909       5.1780
    3910       5.6632
    3911       5.8160
    3912       5.8146
    3913       5.2613
    3914       6.0992
    3915       6.8381
    3916       6.8843
    3917       7.1596
    3918       7.7870
    3919       7.7624
    3920       7.5870
    3921       7.5587
    3922       7.5166
    3923       7.2376
    3924       7.6091
    3925       7.4625
    3926       7.2834
    3927       7.1417
    3928       7.2292
    3929       7.0576
    3930       7.3588
    3931       7.7086
    3932       7.4757
    3933       7.5972
    3934       7.5098
    3935       8.0523
    3936       7.4535
    3937       7.0056
    3938       6.9622
    3939       7.1968
    3940       7.6076
    3941       7.6202
    3942       7.8459
    3943       7.3184
    3944       7.2837
    3945       7.4348
    3946       7.4774
    3947       7.7513
    3948       7.8159
    3949       7.7528
    3950       8.0748
    3951       7.6720
    3952       7.0596
    3953       6.7220
    3954       6.2689
    3955       6.5092
    3956       6.6952
    3957       6.3453
    3958       6.1298
    3959       6.4682
    3960       7.0964
    3961       6.9780
    3962       6.7351
    3963       7.0772
    3964       7.6271
    3965       7.6559
    3966       7.0652
    3967       7.4495
    3968       7.2497
    3969       7.8997
    3970       8.2643
    3971       7.3793
    3972       7.1785
    3973       7.0829
    3974       7.1172
    3975       7.3857
    3976       7.0130
    3977       6.6830
    3978       6.5695
    3979       6.3869
    3980       6.2903
    3981       6.3861
    3982       6.4807
    3983       6.5568
    3984       6.5246
    3985       6.8429
    3986       6.8910
    3987       7.1464
    3988       6.9400
    3989       6.7496
    3990       6.7814
    3991       7.0374
    3992       6.5138
    3993       6.8218
    3994       6.8274
    3995       7.0681
    3996       6.9595
    3997       6.6221
    3998       6.9821
    3999       6.5709
    4000       6.2197
    4001       6.4112
    4002       6.6649
    4003       7.0442
    4004       7.3402
    4005       7.4723
    4006       7.7244
    4007       7.3368
    4008       7.6463
    4009       8.2084
    4010       7.7319
    4011       7.9380
    4012       7.7060
    4013       7.4235
    4014       6.8486
    4015       6.6554
    4016       6.7067
    4017       6.7412
    4018       6.3107
    4019       6.7225
    4020       6.2988
    4021       6.6373
    4022       6.5308
    4023       6.8348
    4024       6.7440
    4025       6.6929
    4026       6.6623
    4027       6.9305
    4028       7.9199
    4029       7.5759
    4030       7.8586
    4031       7.4491
    4032       8.0023
    4033       6.8889
    4034       6.9219
    4035       6.8709
    4036       6.7623
    4037       6.9061
    4038       7.3689
    4039       7.4842
    4040       8.6517
    4041       8.9288
    4042       9.5718
    4043       9.6178
    4044       9.1833
    4045       8.6408
    4046       8.3033
    4047       8.6212
    4048       9.0695
    4049       8.3031
    4050       8.1003
    4051       7.6388
    4052       8.1412
    4053       7.4934
    4054       7.8365
    4055       8.0385
    4056       8.0884
    4057       8.4619
    4058       8.2382
    4059       8.6425
    4060       8.3376
    4061       8.4857
    4062       8.5669
    4063       8.8902
    4064       8.7158
    4065       9.1347
    4066       9.1768
    4067       9.5513
    4068       9.7976
    4069      10.0707
    4070       9.5289
    4071       9.6266
    4072       8.7818
    4073       8.5532
    4074       8.3122
    4075       7.4544
    4076       7.7942
    4077       7.8200
    4078       7.7907
    4079       7.1567
    4080       8.0232
    4081       7.6390
    4082       7.7687
    4083       7.3768
    4084       7.6485
    4085       8.4138
    4086       8.0369
    4087       7.7359
    4088       7.3409
    4089       8.2711
    4090       8.7262
    4091       8.3903
    4092       8.0353
    4093       8.2557
    4094       8.0818
    4095       8.2542
    4096       8.2941
    4097       8.8041
    4098       9.1040
    4099       8.6484
    4100      10.4024
    4101       8.5842
    4102       8.7394
    4103       9.0852
    4104      10.6850
    4105       9.9654
    4106      10.4712
    4107      10.3029
    4108       9.3741
    4109       9.3658
    4110       8.4064
    4111       8.1897
    4112       8.4972
    4113       9.7810
    4114       9.3362
    4115       9.3920
    4116       9.7361
    4117       9.4917
    4118       9.4134
    4119       8.8322
    4120       9.2447
    4121       8.8943
    4122       9.2997
    4123       8.8283
    4124       9.8984
    4125       8.6865
    4126       9.5637
    4127       8.6365
    4128       9.1842
    4129       8.8727
    4130       8.8349
    4131       9.3080
    4132       9.3868
    4133       9.3615
    4134       9.6676
    4135       9.3266
    4136       9.1010
    4137       8.5176
    4138       8.8490
    4139       8.7740
    4140       8.3191
    4141       7.9896
    4142       8.1771
    4143       7.7934
    4144       7.7350
    4145       7.1510
    4146       7.4386
    4147       7.3070
    4148       7.9826
    4149       7.7210
    4150       8.5325
    4151       7.9573
    4152       8.4640
    4153       8.3948
    4154       8.4847
    4155       8.3927
    4156       7.4592
    4157       6.9006
    4158       6.8433
    4159       6.5692
    4160       6.8207
    4161       7.5160
    4162       7.6552
    4163       7.6425
    4164       7.2513
    4165       7.3156
    4166       6.9372
    4167       6.7002
    4168       7.2891
    4169       7.0379
    4170       7.3597
    4171       9.1278
    4172       7.9031
    4173       7.9624
    4174       9.1284
    4175       9.1161
    4176       9.0664
    4177       8.5898
    4178       7.9865
    4179       8.1020
    4180       7.8535
    4181       8.3060
    4182       8.5794
    4183       8.3172
    4184       8.0108
    4185       7.8176
    4186       7.2440
    4187       7.0106
    4188       7.3469
    4189       7.4168
    4190       6.8081
    4191       6.6411
    4192       6.7727
    4193       7.5683
    4194       7.6595
    4195       8.4295
    4196       8.0582
    4197       7.9037
    4198       8.0401
    4199       7.8630
    4200       7.6441
    4201       6.9573
    4202       6.7193
    4203       6.9422
    4204       7.4425
    4205       6.8507
    4206       6.9104
    4207       6.7573
    4208       6.6647
    4209       7.1684
    4210       7.3149
    4211       7.8241
    4212       7.6759
    4213       8.0040
    4214       7.3499
    4215       7.7810
    4216       7.1282
    4217       6.8145
    4218       7.2318
    4219       7.5370
    4220       6.3858
    4221       6.7192
    4222       6.9053
    4223       7.5114
    4224       7.2974
    4225       7.7338
    4226       7.6229
    4227       7.2643
    4228       8.0391
    4229       7.6474
    4230       7.4127
    4231       7.7002
    4232       6.8598
    4233       7.3185
    4234       7.8901
    4235       7.4183
    4236       6.9031
    4237       7.4097
    4238       7.8551
    4239       7.5375
    4240       7.5917
    4241       8.4026
    4242       8.5922
    4243       7.7085
    4244       8.1311
    4245       8.5169
    4246       8.0467
    4247       8.2830
    4248       8.6491
    4249       8.5522
    4250       8.7996
    4251       9.0114
    4252       9.1180
    4253       9.8540
    4254       9.8655
    4255       9.5551
    4256       9.4593
    4257       9.1439
    4258       9.4041
    4259       8.8595
    4260       8.8429
    4261       8.7611
    4262       8.9047
    4263       8.9858
    4264       8.2822
    4265       8.7493
    4266       8.8206
    4267       8.4735
    4268       8.6081
    4269       9.4689
    4270       8.2473
    4271       8.4674
    4272       8.4222
    4273       8.5092
    4274       9.7728
    4275       9.8127
    4276      10.0513
    4277      10.1077
    4278      10.0843
    4279       9.8638
    4280       8.9819
    4281       9.0264
    4282       8.8822
    4283       9.2106
    4284       8.5164
    4285       8.7495
    4286      10.2538
    4287       9.1177
    4288       8.3287
    4289       8.3388
    4290       8.4079
    4291       7.9119
    4292       8.2935
    4293       7.8674
    4294       7.8115
    4295       7.8467
    4296       8.3413
    4297       8.1672
    4298       7.4851
    4299       8.7340
    4300       8.3764
    4301       8.0274
    4302       7.9379
    4303       8.3253
    4304       7.3575
    4305       8.1210
    4306       8.0970
    4307       8.2476
    4308       7.6659
    4309       7.3786
    4310       6.3992
    4311       6.1910
    4312       6.3212
    4313       5.9860
    4314       5.7579
    4315       5.8442
    4316       5.9141
    4317       5.9738
    4318       5.7348
    4319       6.2102
    4320       5.7678
    4321       5.9369
    4322       5.2964
    4323       5.4728
    4324       5.4902
    4325       5.7456
    4326       6.0046
    4327       6.3757
    4328       6.1105
    4329       5.9923
    4330       5.5827
    4331       6.0241
    4332       6.4440
    4333       6.3803
    4334       5.8774
    4335       5.9851
    4336       5.5447
    4337       5.9351
    4338       5.8069
    4339       6.2483
    4340       5.9400
    4341       5.8793
    4342       5.9308
    4343       5.8061
    4344       5.6724
    4345       5.8268
    4346       5.8826
    4347       5.9510
    4348       5.8405
    4349       5.9844
    4350       5.8056
    4351       6.0669
    4352       6.0623
    4353       6.1392
    4354       5.9515
    4355       6.1100
    4356       6.0820
    4357       5.9809
    4358       6.0800
    4359       6.2059
    4360       5.9974
    4361       6.1321
    4362       6.2744
    4363       5.8815
    4364       5.7010
    4365       5.5388
    4366       5.7362
    4367       5.8154
    4368       5.8312
    4369       5.8047
    4370       5.8027
    4371       5.6798
    4372       5.6937
    4373       5.8177
    4374       5.9146
    4375       6.1211
    4376       6.5037
    4377       6.2623
    4378       6.4125
    4379       6.4251
    4380       5.8561
    4381       5.8566
    4382       5.8934
    4383       6.1407
    4384       6.6570
    4385       6.0352
    4386       6.3664
    4387       6.5680
    4388       6.0972
    4389       6.3798
    4390       6.6811
    4391       6.4900
    4392       6.8022
    4393       6.3841
    4394       6.7127
    4395       6.1869
    4396       5.7646
    4397       6.7419
    4398       6.8867
    4399       6.2845
    4400       6.7644
    4401       6.0115
    4402       6.5488
    4403       6.0326
    4404       6.1677
    4405       6.4238
    4406       5.8329
    4407       6.3002
    4408       5.5419
    4409       5.7614
    4410       5.8032
    4411       6.0212
    4412       6.2671
    4413       6.1893
    4414       6.1143
    4415       6.0850
    4416       6.0174
    4417       6.2712
    4418       5.7034
    4419       5.7604
    4420       5.9200
    4421       6.1084
    4422       5.4154
    4423       5.7792
    4424       5.9629
    4425       5.7156
    4426       5.6378
    4427       5.2152
    4428       5.1990
    4429       4.9862
    4430       4.6652
    4431       4.6789
    4432       4.9782
    4433       5.1831
    4434       5.1628
    4435       5.7796
    4436       5.8267
    4437       6.4611
    4438       6.6320
    4439       6.0879
    4440       6.0324
    4441       6.5148
    4442       6.3603
    4443       6.0965
    4444       6.6081
    4445       6.7758
    4446       6.8507
    4447       7.3450
    4448       7.4605
    4449       7.3880
    4450       8.0444
    4451       8.2544
    4452       8.0723
    4453       8.1259
    4454       8.6389
    4455       8.7513
    4456       8.8280
    4457       8.4143
    4458       9.0156
    4459       9.8581
    4460       9.7801
    4461      10.8097
    4462      10.3163
    4463      10.1239
    4464       9.5346
    4465       9.0099
    4466       9.3674
    4467      10.0820
    4468       9.3083
    4469       9.3811
    4470       9.2911
    4471       8.8124
    4472       8.9476
    4473       8.6588
    4474       9.1231
    4475       9.0540
    4476       9.3171
    4477       8.9202
    4478       8.2864
    4479       7.9825
    4480       8.8016
    4481       8.7332
    4482       8.6520
    4483       8.4123
    4484       7.6699
    4485       7.3818
    4486       6.9695
    4487       6.8528
    4488       7.0371
    4489       7.1030
    4490       6.5486
    4491       6.1759
    4492       6.3897
    4493       6.9793
    4494       6.8748
    4495       6.9721
    4496       7.1447
    4497       7.1220
    4498       6.8073
    4499       6.9709
    4500       7.4241
    4501       7.5881
    4502       7.1396
    4503       6.8471
    4504       6.6914
    4505       6.5812
    4506       6.2713
    4507       6.5619
    4508       6.6914
    4509       6.6880
    4510       6.6160
    4511       6.5141
    4512       6.4039
    4513       6.9405
    4514       7.1857
    4515       7.0328
    4516       7.1009
    4517       7.2708
    4518       7.6258
    4519       7.5200
    4520       7.2503
    4521       7.1414
    4522       6.6007
    4523       6.6697
    4524       6.8607
    4525       6.6777
    4526       6.4458
    4527       6.4640
    4528       6.3337
    4529       6.2115
    4530       6.4833
    4531       6.4575
    4532       6.7059
    4533       6.1061
    4534       5.7994
    4535       6.0375
    4536       5.5489
    4537       5.4646
    4538       5.4151
    4539       5.3461
    4540       5.0116
    4541       4.9620
    4542       5.1884
    4543       5.3353
    4544       5.6392
    4545       5.7059
    4546       5.5932
    4547       5.0088
    4548       5.1502
    4549       5.1728
    4550       5.4130
    4551       5.5907
    4552       5.3375
    4553       5.3921
    4554       5.4937
    4555       5.6840
    4556       5.7691
    4557       5.6039
    4558       5.6200
    4559       5.8094
    4560       5.7100
    4561       6.0559
    4562       5.8435
    4563       5.8198
    4564       5.6571
    4565       5.8428
    4566       5.7587
    4567       5.7940
    4568       5.5793
    4569       5.9254
    4570       5.9983
    4571       5.9517
    4572       5.9233
    4573       5.9673
    4574       5.9368
    4575       6.3402
    4576       6.2265
    4577       6.0711
    4578       5.7472
    4579       6.2757
    4580       6.1299
    4581       6.2464
    4582       6.3335
    4583       6.5742
    4584       6.0771
    4585       5.8558
    4586       5.5909
    4587       5.1468
    4588       5.4918
    4589       5.7753
    4590       5.5855
    4591       5.8847
    4592       5.6594
    4593       5.6986
    4594       5.1876
    4595       5.3270
    4596       5.4070
    4597       5.6594
    4598       5.5094
    4599       5.5868
    4600       5.5101
    4601       5.1542
    4602       5.1786
    4603       5.1586
    4604       5.3302
    4605       5.3093
    4606       5.9828
    4607       6.2947
    4608       6.7202
    4609       6.0999
    4610       6.5426
    4611       7.0688
    4612       7.1531
    4613       7.2842
    4614       7.1337
    4615       7.3613
    4616       7.6431
    4617       7.9613
    4618       7.4741
    4619       7.5272
    4620       7.4735
    4621       7.0267
    4622       7.1979
    4623       6.7834
    4624       6.7619
    4625       6.6335
    4626       6.8007
    4627       6.6176
    4628       6.3690
    4629       6.5545
    4630       6.3977
    4631       6.1044
    4632       6.1240
    4633       6.1497
    4634       5.9217
    4635       6.0400
    4636       5.9655
    4637       5.8039
    4638       5.9173
    4639       5.7820
    4640       6.1556
    4641       6.1874
    4642       5.7979
    4643       6.3736
    4644       6.2361
    4645       6.2004
    4646       6.1151
    4647       6.3070
    4648       6.5806
    4649       6.7183
    4650       6.9785
    4651       7.0267
    4652       7.2965
    4653       7.2887
    4654       7.7432
    4655       7.4455
    4656       7.2008
    4657       7.7300
    4658       7.8615
    4659       7.6692
    4660       7.6386
    4661       7.7202
    4662       8.0028
    4663       7.5322
    4664       6.8109
    4665       6.1739
    4666       6.1817
    4667       6.0984
    4668       5.9433
    4669       5.8881
    4670       6.6418
    4671       6.4902
    4672       6.4291
    4673       6.3665
    4674       6.0476
    4675       6.2456
    4676       5.9611
    4677       6.6003
    4678       6.2325
    4679       6.3597
    4680       6.4943
    4681       6.8023
    4682       7.1667
    4683       7.7823
    4684       7.5599
    4685       7.1034
    4686       7.4832
    4687       7.3340
    4688       8.0613
    4689       8.2004
    4690       7.8498
    4691       7.3862
    4692       7.5022
    4693       7.3726
    4694       6.6706
    4695       6.9827
    4696       6.6469
    4697       6.7166
    4698       6.4703
    4699       6.6799
    4700       6.3727
    4701       6.5150
    4702       6.4496
    4703       6.0754
    4704       6.0219
    4705       6.3935
    4706       5.6118
    4707       5.2663
    4708       5.3849
    4709       5.6204
    4710       5.4861
    4711       5.3379
    4712       5.9921
    4713       5.9037
    4714       5.9141
    4715       5.7700
    4716       5.5092
    4717       5.6791
    4718       6.1132
    4719       6.1694
    4720       6.2245
    4721       6.2747
    4722       6.1138
    4723       5.9697
    4724       5.7806
    4725       6.0306
    4726       6.0842
    4727       6.0643
    4728       5.7209
    4729       5.6994
    4730       5.5024
    4731       5.4795
    4732       6.0179
    4733       5.6138
    4734       5.9678
    4735       6.4028
    4736       5.9121
    4737       5.5170
    4738       5.3830
    4739       5.1766
    4740       4.9095
    4741       5.0774
    4742       5.3466
    4743       5.0395
    4744       5.0166
    4745       5.0025
    4746       4.7538
    4747       4.5779
    4748       4.7876
    4749       4.6330
    4750       4.6763
    4751       4.5112
    4752       4.6519
    4753       4.8339
    4754       4.8832
    4755       4.9506
    4756       4.8711
    4757       4.8853
    4758       4.9347
    4759       4.7549
    4760       4.8270
    4761       5.0902
    4762       4.9142
    4763       4.7937
    4764       4.9051
    4765       4.7831
    4766       4.7457
    4767       4.7813
    4768       4.5745
    4769       4.5152
    4770       4.7309
    4771       4.7818
    4772       4.7207
    4773       4.7855
    4774       4.5404
    4775       4.7083
    4776       4.6652
    4777       4.7800
    4778       4.8041
    4779       4.6337
    4780       4.7384
    4781       4.7325
    4782       4.7453
    4783       4.8263
    4784       4.8505
    4785       4.8863
    4786       4.8809
    4787       4.8486
    4788       4.8283
    4789       4.4958
    4790       4.5606
    4791       4.7474
    4792       4.7402
    4793       4.5998
    4794       4.0995
    4795       4.5524
    4796       4.2275
    4797       4.4464
    4798       4.4036
    4799       4.2918
    4800       4.2540
    4801       4.3433
    4802       4.0232
    4803       3.9092
    4804       4.3776
    4805       4.2116
    4806       4.1368
    4807       4.3017
    4808       4.1186
    4809       4.2478
    4810       4.0829
    4811       3.7917
    4812       4.5498
    4813       4.5929
    4814       4.6181
    4815       4.5813
    4816       4.8899
    4817       4.4916
    4818       4.6405
    4819       4.8073
    4820       4.8752
    4821       4.8357
    4822       4.8395
    4823       4.8140
    4824       4.6187
    4825       4.5085
    4826       4.6918
    4827       4.6518
    4828       4.6797
    4829       4.5997
    4830       5.0697
    4831       4.9698
    4832       5.1767
    4833       5.0448
    4834       5.2324
    4835       4.6590
    4836       4.7164
    4837       4.6675
    4838       5.0008
    4839       5.2827
    4840       5.1347
    4841       4.7621
    4842       5.1754
    4843       5.4876
    4844       5.2649
    4845       5.0919
    4846       5.3620
    4847       5.1398
    4848       5.1249
    4849       4.8832
    4850       4.6476
    4851       4.8997
    4852       4.9229
    4853       5.3864
    4854       4.9442
    4855       4.7813
    4856       4.7486
    4857       4.5141
    4858       4.1352
    4859       3.8445
    4860       3.9819
    4861       3.9175
    4862       3.7089
    4863       3.5478
    4864       3.6054
    4865       3.7258
    4866       3.9242
    4867       3.5610
    4868       3.7129
    4869       3.7470
    4870       3.2948
    4871       3.5251
    4872       3.5726
    4873       3.3400
    4874       3.3438
    4875       3.4041
    4876       3.3449
    4877       3.3072
    4878       3.2978
    4879       3.3114
    4880       3.3772
    4881       3.5961
    4882       3.5221
    4883       3.6076
    4884       3.6455
    4885       3.7441
    4886       3.8496
    4887       4.0789
    4888       4.3998
    4889       4.2650
    4890       4.6506
    4891       4.5674
    4892       4.5329
    4893       4.6176
    4894       4.3567
    4895       4.4967
    4896       4.3861
    4897       4.5003
    4898       4.3454
    4899       4.3009
    4900       4.1975
    4901       4.2754
    4902       4.3136
    4903       4.3954
    4904       4.4766
    4905       4.2882
    4906       4.3191
    4907       4.2071
    4908       4.1566
    4909       4.1605
    4910       4.1976
    4911       4.2385
    4912       3.9586
    4913       3.7637
    4914       3.7923
    4915       3.8148
    4916       3.8117
    4917       3.9913
    4918       3.7943
    4919       3.9323
    4920       3.8464
    4921       3.6981
    4922       3.6422
    4923       3.7591
    4924       3.8464
    4925       3.9494
    4926       3.8507
    4927       3.8092
    4928       3.7847
    4929       3.4021
    4930       3.4676
    4931       3.8201
    4932       3.7342
    4933       3.8294
    4934       3.9226
    4935       3.8102
    4936       3.6798
    4937       3.7189
    4938       3.6249
    4939       3.8485
    4940       3.9186
    4941       4.0954
    4942       3.7507
    4943       3.7748
    4944       3.7274
    4945       3.7661
    4946       3.8307
    4947       3.9318
    4948       3.7305
    4949       3.9954
    4950       4.1231
    4951       4.2571
    4952       4.1505
    4953       4.0610
    4954       4.3305
    4955       4.2062
    4956       4.2429
    4957       4.2041
    4958       4.2510
    4959       4.3867
    4960       4.5940
    4961       4.3924
    4962       4.1705
    4963       4.3726
    4964       4.3406
    4965       4.1543
    4966       4.0756
    4967       4.2007
    4968       4.0209
    4969       4.1344
    4970       4.2643
    4971       4.5087
    4972       4.4802
    4973       4.6181
    4974       4.6043
    4975       4.5160
    4976       4.8575
    4977       4.8793
    4978       4.7083
    4979       4.9121
    4980       4.8584
    4981       4.7084
    4982       4.4491
    4983       4.3246
    4984       4.2957
    4985       4.2003
    4986       4.6886
    4987       4.8192
    4988       4.8362
    4989       4.7415
    4990       5.0208
    4991       5.2655
    4992       5.4176
    4993       5.4679
    4994       5.6275
    4995       5.2345
    4996       5.2269
    4997       5.4893
    4998       5.4487
    4999       5.4498
    5000       5.6736
