#Frame   LVTKL[native] LVTKL[nonnative] LVTKL[mindist] LVTKL[maxdist]
       1            29                0         3.0387        19.6508
       2            10                7         3.2721        17.1161
       3            15                2         3.1569        16.7464
       4            15               20         3.1211        16.7728
       5            18               15         3.1582        16.3254
       6            16               15         3.2151        17.1728
       7            13               15         3.3159        18.5724
       8            16               17         3.2120        16.8401
       9            19                9         3.0295        16.8578
      10            15               10         3.2064        16.7373
      11             6                4         3.4898        15.3151
      12            18               11         3.2403        15.7772
      13            12               13         2.9480        17.4902
      14            19               11         2.8973        17.0938
      15            20               14         3.0967        17.1364
      16             7                6         3.3722        18.3414
      17            15                5         3.0891        17.1648
      18             8               25         3.0449        14.4705
      19            13               16         3.3323        16.2075
      20             3               16         3.2917        14.2510
      21             6               15         3.4969        14.6511
      22             6               11         3.2233        14.4628
      23             6               15         3.1041        14.5659
      24             6               16         3.5376        15.0801
      25             8               17         3.2312        14.4476
      26             6               13         3.3438        15.0049
      27             7               16         2.9769        16.3955
      28            12               22         3.0986        16.6927
      29            16               18         2.9954        17.6114
      30             7               16         2.9886        16.2140
      31             6               23         2.8186        15.8155
      32             7               15         3.0769        15.8704
      33             4               22         3.1355        17.0962
      34             2               19         3.0327        16.6108
      35             5               21         2.8581        14.8182
      36             1               15         2.6908        15.0724
      37             3               13         2.8801        15.6763
      38             1               20         3.0587        15.0222
      39             2               23         3.2512        15.1559
      40             3               21         2.7474        16.7102
      41             0               28         2.7624        15.3605
      42             2               24         3.0844        15.7453
      43             3               14         2.6791        16.2459
      44             2               19         3.2197        15.5514
      45             4               21         3.0160        14.4653
      46            12               26         3.0667        14.1732
      47             8               24         2.9341        15.0250
      48             5               14         2.8574        14.7218
      49             3                8         3.2175        14.1495
      50             0               14         3.0756        14.5348
      51             3               19         3.1147        15.2786
      52             1               10         3.0481        14.7030
      53             3               17         3.2080        14.6399
      54             3               28         2.7010        14.8451
      55             3               19         2.8182        14.3389
      56             4               22         2.6568        15.2663
      57             1               19         2.6720        15.6342
      58             0                6         3.2053        15.6737
      59             3               24         2.6264        14.9126
      60             1               20         2.7534        15.1573
      61             1               17         2.6284        15.4550
      62             2                8         3.1700        15.9246
      63             2               25         2.8314        15.1085
      64             3               11         2.8380        14.6523
      65             6               19         3.0485        16.2191
      66             3               13         3.0158        15.6758
      67             2               19         2.6857        15.1288
      68             0               17         2.5712        15.6779
      69             2               14         2.6964        15.8833
      70             1               19         2.7090        15.5909
      71             5               20         2.6555        16.1475
      72             2               17         2.7369        15.8715
      73             1               22         3.2903        16.4029
      74             0               22         3.2083        16.5532
      75             1               13         3.2321        16.2037
      76             0               22         3.1650        16.3455
      77             3               20         3.3795        15.3483
      78             2               18         2.8924        15.5400
      79             2               23         3.0067        15.3591
      80             0               27         2.8940        15.4343
      81             2               18         3.0919        16.0894
      82             0               28         3.1404        16.8772
      83             0               21         3.2895        17.6551
      84             1               22         2.8913        17.1662
      85             0               31         2.7504        17.2168
      86             0               22         2.9966        17.5322
      87             0               25         3.1638        17.4169
      88             0               22         2.9918        17.1983
      89             0               26         3.4202        16.8101
      90             1               27         3.3898        16.3194
      91             2               11         2.9028        16.2990
      92             0               12         3.4092        15.9515
      93             0               31         3.3297        15.8939
      94             0               20         3.0525        16.3183
      95             0               15         3.2998        15.7772
      96             1               19         3.2353        15.9988
      97             2               17         3.1970        15.4357
      98             0               24         3.4914        16.5543
      99             0               23         2.9742        18.3858
     100             0               15         3.0864        17.5471
     101             0               15         3.2748        17.1943
     102             0               21         3.5572        17.6396
     103             0               34         3.2007        17.2655
     104             1               23         3.3675        16.2789
     105             0               25         3.0361        16.2321
     106             0               17         3.2642        15.8200
     107             0               22         3.3542        15.6814
     108             2               14         3.3794        15.1629
     109             0               18         2.7561        15.2967
     110             3               18         2.5616        17.3395
     111             3               14         3.2729        17.4623
     112             3                9         3.0560        16.0812
     113             1                6         2.8333        15.7195
     114             5               29         2.9482        15.7320
     115             5               21         2.6112        16.2807
     116             5               14         2.6693        16.3141
     117             4               14         2.5492        15.7394
     118             3                8         2.9397        15.7705
     119             2               19         3.2527        15.9650
     120             3               20         2.9409        17.1717
     121             0               24         3.2967        16.7239
     122             1               24         2.8565        15.9811
     123             1               12         3.0934        16.2804
     124             0               29         3.0879        16.3714
     125             0               22         3.2977        16.6259
     126             0               26         2.7613        17.1643
     127             0               19         3.1171        17.1821
     128             0               27         3.1153        16.8288
     129             0               27         3.1359        17.0896
     130             0               31         3.0186        17.0700
     131             0               17         3.2687        17.4039
     132             0               32         3.0313        16.1819
     133             0               17         3.1921        17.0451
     134             0               26         3.2937        17.2428
     135             0               38         3.0873        16.9987
     136             0                8         3.2622        17.9818
     137             0               16         3.4747        17.3639
     138             0               29         3.3521        17.0113
     139             0               16         3.1765        17.6396
     140             0               21         2.9828        17.4142
     141             0               13         3.5545        18.5963
     142             0               29         3.0719        19.5274
     143             0               25         3.1683        19.6460
     144             0               26         2.8827        18.6476
     145             0               20         3.1908        18.8376
     146             0               25         3.1311        18.4654
     147             0               26         3.1047        19.2334
     148             0               20         3.0301        19.5991
     149             0               30         3.1780        18.9468
     150             0               26         2.9976        17.2322
     151             0               29         3.1733        17.6230
     152             0               24         3.0582        18.2224
     153             0               28         3.0801        18.6506
     154             0               14         3.3643        17.9898
     155             2                7         3.3922        17.3921
     156             3               21         3.2936        15.8067
     157             2               14         3.4939        16.4172
     158             6               15         3.4653        15.5756
     159             2               15         3.4304        15.7727
     160             3               13         3.4577        16.7998
     161             6               11         3.1177        15.1961
     162             3               17         3.4535        15.9529
     163             6               22         3.1542        16.5402
     164             6               17         3.0549        15.4419
     165             5               21         3.0314        15.8769
     166             7               14         3.3525        15.0291
     167             6               15         3.1763        15.9898
     168             6               17         3.2540        15.5767
     169             6               22         3.0330        14.7526
     170             6               22         3.0531        16.0234
     171             4               11         3.0670        15.5886
     172             6               17         3.5041        14.8149
     173             6               23         3.3417        16.8928
     174             3               24         3.0615        16.4091
     175             4               16         3.0228        15.5193
     176             6               31         2.9385        14.2479
     177             5               15         2.6944        15.2474
     178             5               17         2.9653        14.9248
     179             1               25         3.1482        14.9418
     180             0                9         2.7681        15.5867
     181             1               25         2.9416        15.6325
     182             2               23         2.9902        14.6225
     183             3               28         2.6407        14.6981
     184             3                8         2.5620        14.6858
     185             4                9         2.7083        15.1713
     186             6               14         3.0266        14.5131
     187             5               12         2.5355        14.8984
     188             4               23         2.5873        15.4181
     189             3               27         3.2062        15.5304
     190             2               15         2.9299        15.0681
     191             2               33         2.5415        15.2500
     192             1               26         3.2289        15.0776
     193             1               28         2.5157        15.6914
     194             1               27         3.2941        16.0658
     195             2               24         2.9221        15.5199
     196             5               15         3.0820        15.6528
     197             0               32         2.8113        14.9336
     198             2               26         2.6954        15.1986
     199             4               36         2.8546        15.8484
     200             3               17         2.7489        16.1226
     201             2               18         3.2716        15.9991
     202             4               22         3.3125        15.0008
     203             1               18         3.3201        15.4896
     204             3               11         3.3721        15.2380
     205             5               17         2.9708        16.7151
     206             1               23         3.1916        15.6516
     207             1               25         3.2967        15.3347
     208             0               16         3.1702        16.0264
     209             4               20         3.4908        14.8155
     210             0               30         3.0623        15.1935
     211             4               28         2.9900        14.4832
     212             3               16         3.3081        14.7487
     213             4               22         3.1889        15.3093
     214             6               23         3.2349        15.0066
     215             2               14         3.5112        14.9049
     216             3               22         3.0337        15.8520
     217             5               31         3.0109        15.2222
     218             3               16         3.1076        15.3695
     219             5               21         3.1950        16.5566
     220             5               15         2.6869        15.8095
     221             5               21         2.5382        15.4950
     222             2               29         3.0858        15.1837
     223             2               28         2.6555        15.4448
     224             2               23         2.9903        15.3436
     225             2               30         2.8692        15.5359
     226             0               31         3.3231        15.8284
     227             2               27         3.1653        15.3989
     228             3               41         3.2527        15.3490
     229             2               12         3.1732        15.2684
     230             5               31         3.0824        15.0129
     231             1               29         3.2348        15.4526
     232             0               29         3.0971        16.0020
     233             0               10         3.0152        16.1257
     234             0               15         3.3831        16.7162
     235             0               32         3.1412        16.5400
     236             0               19         3.2831        17.1893
     237             1               32         3.1786        15.9477
     238             0               15         3.0910        16.8799
     239             0               24         3.3371        17.6576
     240             0               17         3.1713        17.9952
     241             0               25         3.3770        16.9091
     242             0               13         3.3324        17.6460
     243             0               38         2.9903        18.1892
     244             0               13         3.1697        17.3009
     245             0               23         3.3009        17.2487
     246             0               23         3.1039        18.0154
     247             1               37         2.9747        16.9110
     248             0               32         3.0834        17.1390
     249             0               21         3.1763        17.3002
     250             0               29         3.0810        17.2387
     251             0               28         3.0101        17.1816
     252             0               32         3.0148        17.0786
     253             0               17         3.1420        17.5254
     254             0               37         3.0761        16.9464
     255             0               26         3.3217        17.0091
     256             0               27         3.4133        17.0100
     257             0               26         3.1502        17.1014
     258             0               17         3.3080        16.0139
     259             0               38         3.1791        16.7478
     260             0               25         3.2640        17.3142
     261             0               29         3.3472        17.4670
     262             0               12         3.3596        17.5914
     263             0               13         3.3070        18.4945
     264             0               17         3.3862        17.9403
     265             0               26         3.2322        17.7207
     266             0               13         3.4573        17.6743
     267             0               13         3.2576        18.4727
     268             0               20         3.0572        17.2375
     269             0               23         2.8021        17.0165
     270             0               27         3.0227        16.9324
     271             0               23         3.1577        16.2871
     272             0               18         3.2834        16.8831
     273             0               18         3.1130        16.7053
     274             0               23         3.0499        17.7773
     275             0               23         3.2396        17.2663
     276             0               14         3.3396        18.4641
     277             0               11         3.0415        17.3567
     278             0               18         3.2009        18.6406
     279             0               24         3.1559        17.9514
     280             0               22         3.1115        18.5992
     281             0                9         2.8632        18.7844
     282             0               13         3.3402        18.0501
     283             0               31         3.1929        18.1055
     284             0               20         3.1207        18.1350
     285             0               30         3.0846        17.2814
     286             0               14         3.4386        18.4214
     287             0                9         3.4628        17.9920
     288             0               19         3.1362        16.9625
     289             0               15         3.2394        17.6192
     290             0               14         3.3041        17.5397
     291             0               13         3.3470        18.3366
     292             0               16         2.9091        18.0335
     293             0               20         3.1263        17.8030
     294             0               19         3.0102        17.7546
     295             0               21         3.1830        18.6717
     296             0                7         3.3888        20.2942
     297             0               13         3.4910        19.2959
     298             0               22         3.1488        19.8251
     299             0               11         3.0396        20.0296
     300             0               10         3.0178        21.8612
     301             0                2         3.8600        20.5364
     302             0               14         3.1921        20.7151
     303             0                7         3.4782        21.1118
     304             0               20         3.0306        20.6603
     305             0               13         3.0865        21.1483
     306             0                8         3.3747        22.0212
     307             0               11         3.4894        22.0230
     308             0               10         3.2966        21.4507
     309             0               12         3.4616        22.5873
     310             0                4         3.6383        22.9103
     311             0                6         3.4970        22.8537
     312             0                9         3.4347        22.3456
     313             0                7         3.4368        21.0593
     314             0               22         2.9675        20.7255
     315             0                9         3.5265        21.3196
     316             0                6         3.4339        21.7032
     317             0               16         3.3541        20.9932
     318             0               10         3.1864        21.4859
     319             0                6         3.2287        21.6695
     320             0                5         2.9553        21.4970
     321             0                8         3.2491        22.5865
     322             0                7         2.7865        22.0850
     323             0               10         2.9567        21.4882
     324             0               14         3.4072        21.5933
     325             0                1         3.9955        21.4511
     326             0               18         3.4263        20.5146
     327             0               19         3.1588        20.0057
     328             0               12         3.4240        19.5973
     329             0               13         3.2985        19.7265
     330             0               27         3.1301        18.9266
     331             0               11         3.5334        19.9771
     332             0               22         3.0443        20.1677
     333             0                9         3.4072        20.7872
     334             0               18         3.2369        19.4536
     335             0               19         3.3150        19.3320
     336             0               27         3.2171        19.8488
     337             0               20         3.0699        19.8780
     338             0               23         3.2641        20.6215
     339             0               20         3.0890        20.8873
     340             0               21         3.1283        20.7852
     341             0               14         3.4861        21.4231
     342             0               27         2.9029        20.6590
     343             0               14         3.3065        19.7233
     344             0               11         3.3338        19.9319
     345             0               16         3.1350        19.2999
     346             0               22         3.1649        19.9913
     347             0               21         3.4126        20.5803
     348             0               27         2.9998        20.0941
     349             0               10         3.4823        20.3695
     350             0               10         3.3014        19.5226
     351             0                9         3.3267        20.4986
     352             0                9         3.5954        19.7150
     353             0               21         3.0610        20.0987
     354             0               14         3.2480        20.1342
     355             0               10         3.1188        19.8093
     356             0               17         3.1269        19.7466
     357             0               27         2.8989        20.1418
     358             0               14         3.3123        20.0460
     359             0               12         3.0826        20.3798
     360             0               18         3.1960        20.1620
     361             0               15         3.3792        20.7074
     362             0               19         3.1922        20.4193
     363             0               17         3.1239        19.4305
     364             0               21         3.4134        18.3286
     365             0               21         3.4168        18.4529
     366             0               23         3.1163        18.3716
     367             0               18         3.3707        19.4731
     368             0                8         3.0268        20.4156
     369             0               12         3.3001        19.1065
     370             0               24         3.2069        18.5839
     371             1               22         3.4077        18.0832
     372             2               14         3.0622        17.9883
     373             0               16         3.3234        17.9486
     374             0               23         3.2178        17.4989
     375             0               20         3.3762        16.7321
     376             1               17         3.2812        16.9832
     377             1               14         2.6698        16.2088
     378             0               18         3.4039        17.6030
     379             2               24         3.0347        17.3044
     380             3               20         3.0220        17.1089
     381             7               14         2.9632        16.2168
     382             7               15         3.0769        16.1013
     383             4               12         3.1992        15.5912
     384             8               14         3.0322        15.4890
     385             6               12         2.9741        16.2787
     386             1                4         3.7227        16.3225
     387             1               14         3.2914        16.3277
     388             2               20         2.8646        16.0916
     389             2               14         3.3520        15.9370
     390             0               17         3.4131        17.0054
     391             0               24         3.1742        17.8777
     392             0               12         3.0460        17.4985
     393             0               14         3.1764        18.1214
     394             0               24         3.0521        18.6049
     395             0               20         2.9504        17.0857
     396             0               31         2.8471        17.6983
     397             0               29         2.9668        17.6726
     398             0               17         3.1059        17.3269
     399             0               27         2.8612        17.2483
     400             2               10         3.4632        16.5945
     401             1               21         3.2537        17.5778
     402             1               25         2.7699        17.0182
     403             1               30         2.9065        16.8822
     404             2               16         2.7480        16.3611
     405             1               19         3.1540        16.1430
     406             3               18         3.0200        15.5537
     407             2               17         3.2692        15.7997
     408             6               20         2.9488        16.0654
     409             4               15         3.0492        15.8928
     410             5               17         3.3260        15.3209
     411             3               13         3.2736        15.3254
     412             6               15         3.1386        15.9834
     413             5               19         3.0396        15.9759
     414             1               16         2.8932        16.2727
     415             0               20         2.8921        19.0627
     416             0                7         2.6034        16.9942
     417             0               21         2.7268        18.5499
     418             0               20         2.9429        17.7771
     419             0               22         2.5029        17.6597
     420             0               27         2.7410        18.6616
     421             0               21         2.9424        19.1592
     422             0               12         3.1138        19.7802
     423             0               23         2.9534        19.2920
     424             0               20         3.1699        19.5329
     425             0               33         3.1476        19.3835
     426             0               13         3.1451        20.0722
     427             0                7         3.1442        20.5212
     428             0               18         3.1200        19.6974
     429             0               23         3.2775        19.4247
     430             0               21         3.1171        18.8763
     431             0               21         3.0925        18.4106
     432             0               23         2.9544        18.1593
     433             0               25         3.0835        18.7761
     434             1               18         3.0727        17.5372
     435             0               23         3.1559        18.5503
     436             0               25         3.2112        18.7457
     437             0               18         3.2708        19.7643
     438             0               21         3.0687        21.4247
     439             0               21         3.1128        20.4215
     440             0               16         3.1724        19.9769
     441             0               15         2.8646        19.3135
     442             0               14         3.1228        19.1479
     443             0               17         3.0602        19.6528
     444             0               11         3.1364        20.5740
     445             0                8         3.1187        20.9697
     446             0               21         3.0473        20.0256
     447             0               10         3.4730        20.3283
     448             0               12         3.4026        20.6731
     449             0               19         3.1765        20.8704
     450             0               19         2.9602        19.9133
     451             0               13         3.3558        20.8273
     452             0               14         3.4068        19.2062
     453             0               20         2.9621        18.8519
     454             0               25         2.8554        17.9995
     455             0                7         3.2467        19.2842
     456             0               15         3.1796        18.1519
     457             0               11         3.1335        17.2675
     458             0               19         2.6778        16.1861
     459             7               17         3.3349        15.2862
     460             3               22         2.6211        16.9025
     461             0               11         2.8065        17.1130
     462             6               24         2.6062        16.0434
     463             1                8         2.6432        16.3660
     464             1               16         3.0347        16.9070
     465             0               22         3.2116        17.6271
     466             0               23         3.2470        17.7854
     467             0               21         2.8973        17.7037
     468             0               19         3.1740        18.4428
     469             0               26         3.2415        18.4651
     470             0               13         2.9081        18.0938
     471             0               20         3.2404        18.2004
     472             0               15         3.1821        18.5706
     473             0                9         2.6190        17.6416
     474             0               14         2.8579        18.8245
     475             0               24         3.2602        17.3171
     476             0               17         3.1057        19.1812
     477             0               10         3.4744        22.4564
     478             0               22         3.0559        20.6434
     479             0               19         3.1080        20.2831
     480             0               10         3.3609        20.2899
     481             0                8         3.2630        20.3803
     482             0               17         2.9507        20.0241
     483             0               21         3.3120        20.9857
     484             0                6         3.5790        21.9392
     485             0               12         3.1966        21.4286
     486             0                4         3.2795        20.8332
     487             0                7         3.5108        20.3395
     488             0                4         3.4958        19.7834
     489             0               10         2.8962        19.8699
     490             0                5         3.2394        21.0346
     491             0                7         3.1444        19.4752
     492             0                7         3.3647        19.1526
     493             0                9         3.4207        18.4028
     494             0                3         3.7125        18.9330
     495             0                7         3.4128        18.3098
     496             0                3         3.6760        18.5298
     497             0                5         3.1384        20.1687
     498             0                2         3.5419        19.7931
     499             0                4         3.5396        20.5807
     500             0                6         3.3599        21.0809
     501             0                3         3.3532        22.4064
     502             0                3         3.6756        20.9718
     503             0                2         3.9006        20.9001
     504             0                5         3.6822        21.8917
     505             0                5         3.6315        22.7083
     506             0                4         3.3988        21.6968
     507             0                2         3.9802        23.0549
     508             0                1         3.9550        22.5507
     509             0                5         3.4321        23.3452
     510             0                2         3.6914        23.5354
     511             0                2         3.5688        24.4630
     512             0                1         3.8930        24.5953
     513             0                1         3.9064        25.0174
     514             0                0         4.1984        26.1442
     515             0                0         6.2392        26.4981
     516             0                0         7.0538        27.2030
     517             0                0         7.7818        26.0921
     518             0                0         6.9064        26.0103
     519             0                0         6.3655        26.0174
     520             0                0         7.3236        24.7808
     521             0                0         6.8232        24.8921
     522             0                0         7.2890        24.5180
     523             0                0         6.5925        26.2530
     524             0                0         6.3624        26.2822
     525             0                0         6.4849        26.0239
     526             0                0         7.9923        27.5199
     527             0                0         8.9450        27.5777
     528             0                0         8.7594        27.9512
     529             0                0         7.0241        26.6711
     530             0                0         6.4255        27.9101
     531             0                0         8.5254        27.5695
     532             0                0         8.3631        26.9328
     533             0                0         6.6506        27.0069
     534             0                0         6.7891        28.0085
     535             0                0         7.5012        28.0754
     536             0                0         9.2229        27.6094
     537             0                0         6.4916        28.2941
     538             0                0         6.6309        28.2558
     539             0                0         8.2816        26.7441
     540             0                0         7.0882        27.2786
     541             0                0         9.0240        26.7633
     542             0                0         9.0600        27.8845
     543             0                0         8.6317        28.2045
     544             0                0         7.8269        27.8877
     545             0                0         8.4958        28.4366
     546             0                0         9.7036        27.9881
     547             0                0         7.8936        27.0816
     548             0                0         8.8841        26.8765
     549             0                0        10.0850        28.0415
     550             0                0         8.6462        27.5253
     551             0                0         9.0435        28.3744
     552             0                0         7.4042        28.1443
     553             0                0         7.8434        28.1294
     554             0                0         8.5290        28.0377
     555             0                0         8.0350        27.1865
     556             0                0         8.6079        27.2929
     557             0                0        10.4949        27.6700
     558             0                0        11.0129        27.0522
     559             0                0         8.8606        27.4141
     560             0                0        10.0694        27.2260
     561             0                0        10.7687        26.1924
     562             0                0        10.5865        27.1991
     563             0                0        11.1960        27.6060
     564             0                0        12.5161        26.4708
     565             0                0        13.5099        26.5127
     566             0                0        13.2097        28.3365
     567             0                0        11.8264        28.0898
     568             0                0        11.8089        28.3316
     569             0                0        10.2349        28.1518
     570             0                0        10.8231        28.8917
     571             0                0        11.4066        27.3519
     572             0                0        10.9580        27.4424
     573             0                0        13.2681        28.8627
     574             0                0        14.4064        27.8509
     575             0                0        13.0530        28.5094
     576             0                0        12.9518        28.3872
     577             0                0        12.3831        28.0707
     578             0                0        11.0426        27.2909
     579             0                0        11.4016        26.8462
     580             0                0        12.1782        26.0290
     581             0                0        12.4081        26.3253
     582             0                0        10.7034        24.8226
     583             0                0         9.7353        25.7014
     584             0                0         9.2983        25.2315
     585             0                0         9.6943        26.8104
     586             0                0        12.1781        26.8812
     587             0                0        12.1557        26.8772
     588             0                0        12.1823        28.2962
     589             0                0        10.4698        27.1255
     590             0                0        10.9608        29.0106
     591             0                0        12.7833        28.1316
     592             0                0        14.3479        29.8315
     593             0                0        14.3800        30.9485
     594             0                0        15.2696        31.8339
     595             0                0        15.8394        31.6961
     596             0                0        16.9375        32.9148
     597             0                0        17.7793        30.9403
     598             0                0        16.5573        31.2504
     599             0                0        17.1314        29.8628
     600             0                0        17.0776        30.8383
     601             0                0        17.7338        30.1992
     602             0                0        17.5932        29.7386
     603             0                0        17.7773        30.5508
     604             0                0        17.2401        29.5822
     605             0                0        16.3764        30.1976
     606             0                0        15.2622        29.9984
     607             0                0        16.1572        28.9496
     608             0                0        14.7034        28.9930
     609             0                0        15.7219        29.1469
     610             0                0        16.4963        28.9373
     611             0                0        16.5210        29.0976
     612             0                0        15.2713        28.8951
     613             0                0        16.8450        30.3654
     614             0                0        16.4631        30.1652
     615             0                0        14.7441        28.5915
     616             0                0        15.9644        30.0493
     617             0                0        16.2093        29.8791
     618             0                0        17.5968        27.7524
     619             0                0        17.4041        30.2390
     620             0                0        18.9141        29.2562
     621             0                0        18.5309        29.7535
     622             0                0        17.7761        28.3812
     623             0                0        18.5763        30.3302
     624             0                0        15.5137        30.7503
     625             0                0        15.7582        28.6089
     626             0                0        15.8459        28.8294
     627             0                0        14.9590        30.4822
     628             0                0        15.0826        30.0147
     629             0                0        16.8136        30.9272
     630             0                0        17.6957        30.2435
     631             0                0        17.6511        31.8852
     632             0                0        17.9996        30.6623
     633             0                0        18.3242        30.7110
     634             0                0        17.1043        31.7518
     635             0                0        17.6020        28.5032
     636             0                0        15.7727        29.3157
     637             0                0        15.8517        28.3191
     638             0                0        17.6990        28.7705
     639             0                0        16.8982        28.7616
     640             0                0        16.9423        28.2536
     641             0                0        14.6987        28.2076
     642             0                0        14.2985        28.3190
     643             0                0        15.0603        28.2884
     644             0                0        14.4766        28.5029
     645             0                0        14.3823        28.8910
     646             0                0        14.3725        28.1693
     647             0                0        15.0799        28.3293
     648             0                0        15.8988        29.8348
     649             0                0        15.9298        29.1709
     650             0                0        13.4296        28.5086
     651             0                0        13.8969        29.5483
     652             0                0        13.5109        29.6978
     653             0                0        13.0952        29.0903
     654             0                0        11.3029        29.0019
     655             0                0        14.1249        30.4975
     656             0                0        16.3584        29.8200
     657             0                0        16.5843        30.4682
     658             0                0        16.5818        30.8911
     659             0                0        15.9110        30.0147
     660             0                0        15.5671        30.2028
     661             0                0        15.1881        29.9062
     662             0                0        16.4382        29.9176
     663             0                0        16.2563        30.5596
     664             0                0        16.0885        30.4805
     665             0                0        15.3996        30.8740
     666             0                0        14.7711        30.7206
     667             0                0        14.4989        30.4316
     668             0                0        18.4842        31.1185
     669             0                0        17.8469        30.7192
     670             0                0        17.3345        30.8333
     671             0                0        17.8224        30.0062
     672             0                0        16.7854        31.1455
     673             0                0        16.2876        30.7765
     674             0                0        18.5632        31.4372
     675             0                0        16.7301        31.2422
     676             0                0        18.5414        31.2588
     677             0                0        18.1939        31.0502
     678             0                0        19.3255        30.1813
     679             0                0        18.7901        31.3183
     680             0                0        18.7756        30.5989
     681             0                0        17.5246        32.6582
     682             0                0        16.5830        32.0244
     683             0                0        17.1049        31.6581
     684             0                0        18.2916        32.5602
     685             0                0        18.3619        32.3841
     686             0                0        19.1836        31.3268
     687             0                0        20.2096        31.4628
     688             0                0        20.3100        32.2003
     689             0                0        20.2919        31.7519
     690             0                0        19.5587        31.6534
     691             0                0        17.1943        30.4935
     692             0                0        18.2348        30.7357
     693             0                0        17.0696        31.4363
     694             0                0        17.4580        30.5710
     695             0                0        17.0487        30.8773
     696             0                0        16.1076        30.3028
     697             0                0        16.6458        30.9442
     698             0                0        15.3035        30.3433
     699             0                0        14.3437        30.5628
     700             0                0        14.7426        32.3116
     701             0                0        18.3268        31.3829
     702             0                0        18.1099        32.8787
     703             0                0        18.9726        32.4875
     704             0                0        17.6465        32.7516
     705             0                0        16.8336        33.3284
     706             0                0        16.9884        32.8960
     707             0                0        17.7141        33.0673
     708             0                0        17.4243        32.6272
     709             0                0        18.8965        32.9437
     710             0                0        20.6316        33.3049
     711             0                0        18.1767        33.1568
     712             0                0        15.8934        32.6156
     713             0                0        15.3419        32.7557
     714             0                0        15.6176        32.2781
     715             0                0        17.2044        32.3361
     716             0                0        17.4286        32.3451
     717             0                0        19.2925        31.9783
     718             0                0        19.1823        32.1951
     719             0                0        17.0450        30.9591
     720             0                0        17.4885        31.8652
     721             0                0        17.9728        32.2121
     722             0                0        16.0171        30.7495
     723             0                0        14.0467        29.6863
     724             0                0        14.1476        29.6700
     725             0                0        15.1401        30.4193
     726             0                0        14.8213        30.0227
     727             0                0        14.1277        30.6944
     728             0                0        15.9991        31.7542
     729             0                0        15.7037        31.0894
     730             0                0        17.1532        31.6033
     731             0                0        15.0490        31.7926
     732             0                0        16.2031        31.5642
     733             0                0        14.6471        31.3778
     734             0                0        15.7951        31.6167
     735             0                0        13.7703        32.3763
     736             0                0        14.2519        32.8718
     737             0                0        13.3267        32.9885
     738             0                0        15.1909        33.3922
     739             0                0        13.9390        32.9434
     740             0                0        14.7865        32.1933
     741             0                0        13.4896        32.0368
     742             0                0        13.7286        30.8270
     743             0                0        12.9958        30.3425
     744             0                0        13.2700        31.3427
     745             0                0        13.1909        31.2953
     746             0                0        15.0926        31.7900
     747             0                0        13.1693        31.1056
     748             0                0        11.8389        31.5313
     749             0                0        13.8382        30.3603
     750             0                0        13.8114        30.9876
     751             0                0        13.0743        30.9513
     752             0                0        13.1982        32.4864
     753             0                0        14.0673        32.7841
     754             0                0        13.1737        30.8491
     755             0                0        11.7289        30.7758
     756             0                0        11.9878        31.9308
     757             0                0        11.4707        31.8846
     758             0                0        12.2369        30.1796
     759             0                0        11.8805        30.4017
     760             0                0        11.5377        29.7944
     761             0                0        12.6939        30.9154
     762             0                0        14.0024        30.7434
     763             0                0        15.8773        30.8012
     764             0                0        15.3854        29.3792
     765             0                0        14.0673        31.6212
     766             0                0        16.0296        30.3426
     767             0                0        15.3678        29.7567
     768             0                0        14.8910        29.6543
     769             0                0        15.5990        29.5228
     770             0                0        15.8249        30.0100
     771             0                0        13.2848        30.6863
     772             0                0        13.9227        31.8146
     773             0                0        10.6038        30.2523
     774             0                0        11.7402        30.9304
     775             0                0        13.3227        31.6246
     776             0                0        13.7125        32.1427
     777             0                0        11.3335        31.0501
     778             0                0        13.3935        30.8186
     779             0                0        13.5463        31.9212
     780             0                0        13.4416        30.4625
     781             0                0        13.8138        32.3732
     782             0                0        13.3913        31.6328
     783             0                0        12.4056        31.9971
     784             0                0        14.2343        31.1731
     785             0                0        13.2418        31.4628
     786             0                0        10.8088        30.1701
     787             0                0        13.7942        29.8815
     788             0                0        12.4649        29.8529
     789             0                0        12.9952        30.8875
     790             0                0        12.0599        30.4119
     791             0                0        11.2850        31.2953
     792             0                0        12.2258        30.7033
     793             0                0        12.1359        31.1484
     794             0                0        15.0085        31.9163
     795             0                0        11.3887        30.7012
     796             0                0        13.7036        31.8856
     797             0                0        11.8720        33.3628
     798             0                0        13.3484        32.4071
     799             0                0        15.7531        32.6793
     800             0                0        15.7324        32.7568
     801             0                0        16.9248        32.3536
     802             0                0        17.7138        32.6835
     803             0                0        16.1505        32.9068
     804             0                0        15.2426        32.2216
     805             0                0        16.4162        32.8291
     806             0                0        15.1199        33.1597
     807             0                0        15.5618        33.3028
     808             0                0        16.9542        33.0069
     809             0                0        14.5106        32.0080
     810             0                0        13.8112        33.1770
     811             0                0        13.4899        31.9783
     812             0                0        15.4587        32.4871
     813             0                0        16.1643        32.3525
     814             0                0        14.3021        31.5105
     815             0                0        15.6961        32.3199
     816             0                0        16.8337        32.4057
     817             0                0        16.6313        32.6152
     818             0                0        18.0752        32.9180
     819             0                0        19.0383        32.9211
     820             0                0        18.2302        33.5304
     821             0                0        17.4083        32.2560
     822             0                0        19.5481        32.1062
     823             0                0        19.1040        33.0846
     824             0                0        19.6658        33.3041
     825             0                0        19.8370        33.3047
     826             0                0        18.1933        32.9216
     827             0                0        18.7876        33.3074
     828             0                0        19.7770        33.4284
     829             0                0        19.2755        32.3487
     830             0                0        18.8378        30.9120
     831             0                0        17.3929        32.4392
     832             0                0        18.7525        32.7800
     833             0                0        18.7956        32.6828
     834             0                0        19.1271        32.9912
     835             0                0        18.2925        32.8674
     836             0                0        19.2218        32.7657
     837             0                0        18.8523        32.9085
     838             0                0        18.6988        31.7975
     839             0                0        19.9384        32.7331
     840             0                0        18.7464        33.2244
     841             0                0        18.2039        32.8395
     842             0                0        17.6373        33.0831
     843             0                0        17.9486        32.8361
     844             0                0        17.5624        33.1342
     845             0                0        19.4638        33.1631
     846             0                0        19.3665        33.1761
     847             0                0        17.9780        33.2502
     848             0                0        18.7374        33.0784
     849             0                0        17.4542        33.4923
     850             0                0        15.4045        32.8739
     851             0                0        14.5491        32.9402
     852             0                0        14.9688        32.3592
     853             0                0        15.0319        32.7046
     854             0                0        15.8442        33.2529
     855             0                0        15.6035        32.9111
     856             0                0        15.1279        33.0634
     857             0                0        15.4887        32.1619
     858             0                0        16.3983        33.1227
     859             0                0        17.4259        32.3165
     860             0                0        17.0271        32.5382
     861             0                0        14.9887        33.2125
     862             0                0        14.3116        33.3747
     863             0                0        13.6882        32.2116
     864             0                0        13.0164        32.1966
     865             0                0        14.0883        32.3385
     866             0                0        14.7768        33.1086
     867             0                0        14.9053        32.8953
     868             0                0        13.6817        32.2018
     869             0                0        12.0787        31.7669
     870             0                0        14.2921        32.5749
     871             0                0        12.1084        31.3424
     872             0                0        11.4900        31.1722
     873             0                0        13.2808        31.1471
     874             0                0        11.5319        30.1411
     875             0                0        12.2054        30.2993
     876             0                0        14.1478        31.0923
     877             0                0        12.8136        31.1094
     878             0                0        14.6803        31.3553
     879             0                0        12.6899        29.8355
     880             0                0        12.5299        29.7581
     881             0                0        11.2778        29.2119
     882             0                0        11.0948        29.5709
     883             0                0        11.3397        29.4303
     884             0                0        10.5182        29.3481
     885             0                0        11.8756        29.6905
     886             0                0        11.6639        29.6373
     887             0                0        12.5260        29.1173
     888             0                0        13.9191        29.4039
     889             0                0        13.5552        30.1114
     890             0                0        12.4308        29.8072
     891             0                0         9.5411        29.8937
     892             0                0        12.9795        30.0224
     893             0                0        13.6369        30.6037
     894             0                0        12.3583        30.3295
     895             0                0        11.0338        30.1004
     896             0                0        13.2105        29.9941
     897             0                0        13.1138        30.8393
     898             0                0        11.5805        29.8081
     899             0                0        12.5802        29.5094
     900             0                0        14.7531        30.1973
     901             0                0        13.0566        30.3171
     902             0                0        15.9673        29.7942
     903             0                0        15.2102        28.8613
     904             0                0        17.8442        29.0023
     905             0                0        17.2000        28.6084
     906             0                0        17.9505        29.6022
     907             0                0        17.3234        29.5136
     908             0                0        17.7059        29.7175
     909             0                0        18.1701        29.9392
     910             0                0        15.8398        29.9755
     911             0                0        16.8395        30.2380
     912             0                0        16.4554        30.4971
     913             0                0        15.8282        30.3660
     914             0                0        15.4564        30.2455
     915             0                0        14.5119        29.4047
     916             0                0        13.8997        29.1286
     917             0                0        12.7627        28.0625
     918             0                0        12.9711        28.7756
     919             0                0        11.1591        28.4760
     920             0                0        10.5612        26.8172
     921             0                0        11.2614        27.4518
     922             0                0        10.4343        28.1352
     923             0                0        11.3020        28.8914
     924             0                0        11.4772        27.8123
     925             0                0        12.9836        29.5811
     926             0                0        12.5818        29.3032
     927             0                0        12.7023        29.6084
     928             0                0        12.8306        30.2245
     929             0                0        13.1787        30.0117
     930             0                0        14.0554        30.4429
     931             0                0        14.5104        30.2182
     932             0                0        14.4292        30.5583
     933             0                0        14.7646        30.9293
     934             0                0        15.6684        30.8946
     935             0                0        16.4509        30.4597
     936             0                0        16.0571        31.2352
     937             0                0        16.6075        30.7055
     938             0                0        16.3824        30.7139
     939             0                0        16.2052        31.3757
     940             0                0        15.6297        30.1888
     941             0                0        16.0107        30.4803
     942             0                0        13.4411        31.1054
     943             0                0        12.4828        30.8673
     944             0                0        13.4019        31.4878
     945             0                0        14.3703        31.9412
     946             0                0        14.1878        32.4529
     947             0                0        15.3270        32.9980
     948             0                0        16.8777        33.2240
     949             0                0        17.8549        32.6715
     950             0                0        16.5334        32.8874
     951             0                0        17.0409        32.4392
     952             0                0        18.5296        33.2249
     953             0                0        17.7363        32.0717
     954             0                0        16.9027        32.3481
     955             0                0        17.3598        32.0192
     956             0                0        16.1698        31.2480
     957             0                0        15.0130        29.5952
     958             0                0        14.1165        30.2910
     959             0                0        15.0042        31.7777
     960             0                0        14.9636        30.8233
     961             0                0        13.7045        30.8930
     962             0                0        13.0149        30.7855
     963             0                0        12.6816        28.5600
     964             0                0        13.7902        27.6113
     965             0                0        12.1652        27.2670
     966             0                0        13.6557        26.3094
     967             0                0        13.3899        26.9112
     968             0                0        13.3323        27.4416
     969             0                0        13.0274        26.3617
     970             0                0        13.8220        26.9280
     971             0                0        12.2776        26.5094
     972             0                0        12.6732        25.8964
     973             0                0        12.2346        24.9167
     974             0                0        13.4221        26.2103
     975             0                0        13.8662        27.4768
     976             0                0        13.0759        28.4258
     977             0                0        11.8514        27.5388
     978             0                0        11.5638        27.2360
     979             0                0        10.5529        26.7530
     980             0                0        10.0416        27.9692
     981             0                0         9.1656        28.3790
     982             0                0         9.0151        28.9408
     983             0                0        10.5621        29.1581
     984             0                0        11.4901        29.3494
     985             0                0        14.3052        29.0658
     986             0                0        11.9170        29.7549
     987             0                0        12.8671        29.1181
     988             0                0        13.6751        27.0739
     989             0                0        13.4616        27.3976
     990             0                0        13.7566        26.2820
     991             0                0        13.6682        26.5939
     992             0                0        13.6199        27.9440
     993             0                0        14.2536        26.7641
     994             0                0        15.4249        26.2624
     995             0                0        14.9898        26.9157
     996             0                0        16.0527        29.4105
     997             0                0        15.5359        28.6722
     998             0                0        16.2408        27.9808
     999             0                0        16.2724        29.2453
    1000             0                0        17.6684        30.1420
    1001             0                0        17.8122        29.5411
    1002             0                0        17.5807        31.7167
    1003             0                0        14.7698        29.9473
    1004             0                0        14.1531        29.1448
    1005             0                0        13.6963        29.9818
    1006             0                0        15.2660        30.6736
    1007             0                0        15.0997        30.4856
    1008             0                0        13.9703        28.5353
    1009             0                0        11.1141        27.8373
    1010             0                0        12.0168        28.8033
    1011             0                0         9.1003        28.9078
    1012             0                0         9.7933        29.3364
    1013             0                0        10.6562        28.2517
    1014             0                0        10.2696        29.2801
    1015             0                0        11.0951        28.4290
    1016             0                0        11.7881        28.5113
    1017             0                0        10.8981        27.9117
    1018             0                0        10.3188        25.6868
    1019             0                0         9.5409        25.6772
    1020             0                0         8.3713        26.5087
    1021             0                0         8.2808        24.6940
    1022             0                0         9.4565        25.8865
    1023             0                0         8.4015        25.2240
    1024             0                0         6.8700        23.9958
    1025             0                0         9.4435        23.8264
    1026             0                0         7.4158        23.7968
    1027             0                0         6.4493        23.3355
    1028             0                0         6.1963        23.5556
    1029             0                0         6.6753        23.1216
    1030             0                0         6.6091        22.5295
    1031             0                0         6.7288        22.6039
    1032             0                0         7.3114        21.7157
    1033             0                0         7.6569        22.6674
    1034             0                0         8.2102        23.1560
    1035             0                0         8.0545        23.3576
    1036             0                0         6.0064        22.5313
    1037             0                0         6.8205        22.0064
    1038             0                0         6.4118        23.0340
    1039             0                0         6.4536        23.3817
    1040             0                0         8.9135        23.4502
    1041             0                0        11.0482        23.9436
    1042             0                0        10.2547        23.0851
    1043             0                0         8.5557        23.8549
    1044             0                0         9.0425        24.7902
    1045             0                0        11.2399        24.7190
    1046             0                0        11.4595        24.8921
    1047             0                0        10.6994        25.6936
    1048             0                0         9.9856        25.8808
    1049             0                0         9.7778        26.0052
    1050             0                0        10.6774        26.1633
    1051             0                0        10.5361        25.3367
    1052             0                0         9.6230        24.9665
    1053             0                0        11.0724        24.6604
    1054             0                0        10.2896        25.3303
    1055             0                0        10.6242        24.8584
    1056             0                0        11.0115        24.0116
    1057             0                0        11.1696        23.3450
    1058             0                0        11.5468        22.8366
    1059             0                0         9.8838        22.5307
    1060             0                0        10.5945        24.0909
    1061             0                0         9.4873        24.6529
    1062             0                0        10.6879        24.7443
    1063             0                0        10.2886        25.3552
    1064             0                0         8.7122        25.5072
    1065             0                0         9.1110        25.7315
    1066             0                0         9.8964        25.7651
    1067             0                0         9.3702        26.3679
    1068             0                0        10.3944        26.6721
    1069             0                0        10.5470        25.2198
    1070             0                0        10.5974        24.8131
    1071             0                0         9.8383        25.3434
    1072             0                0        10.1540        26.1378
    1073             0                0         7.9871        26.0227
    1074             0                0         8.1677        25.1885
    1075             0                0         7.1418        24.2227
    1076             0                0         7.6916        24.8412
    1077             0                0         6.8153        25.8030
    1078             0                0         6.3886        26.1258
    1079             0                0         6.6603        28.5195
    1080             0                0         7.0067        27.4979
    1081             0                0         6.6733        26.1443
    1082             0                0         6.5360        27.5539
    1083             0                0         7.1660        27.3097
    1084             0                0         7.1409        26.9711
    1085             0                0         5.8219        27.3178
    1086             0                0         4.5474        27.2974
    1087             0                0         4.8125        27.4831
    1088             0                0         6.3076        27.8424
    1089             0                0         5.8739        26.9155
    1090             0                0         5.7718        26.7997
    1091             0                0         5.8709        26.3400
    1092             0                0         5.8266        24.4122
    1093             0                0         6.7223        24.8480
    1094             0                0         6.4707        24.2351
    1095             0                0         4.8358        24.7354
    1096             0                0         6.1412        24.7245
    1097             0                0         6.0267        25.8274
    1098             0                0         5.4217        25.1764
    1099             0                0         6.8146        25.7585
    1100             0                0         7.9584        26.0898
    1101             0                0         8.9238        26.4953
    1102             0                0         9.3132        26.6363
    1103             0                0         9.6264        26.5355
    1104             0                0         7.3584        25.8085
    1105             0                0         8.3378        25.6607
    1106             0                0         6.2648        24.5319
    1107             0                0         5.9861        23.5903
    1108             0                0         7.8936        24.8289
    1109             0                0         9.0679        26.5284
    1110             0                0         9.3094        25.8580
    1111             0                0        10.0748        27.4152
    1112             0                0         9.3522        26.7447
    1113             0                0         8.5185        27.8603
    1114             0                0         9.5362        26.7401
    1115             0                0         9.0405        26.2338
    1116             0                0         7.9518        25.0073
    1117             0                0         8.4410        24.8749
    1118             0                0         8.2319        26.3735
    1119             0                0         7.9196        24.7096
    1120             0                0         7.8463        24.9135
    1121             0                0         8.0118        24.7349
    1122             0                0         9.8647        23.4740
    1123             0                0         9.4838        23.8949
    1124             0                0         9.9884        25.3448
    1125             0                0         9.0983        25.6634
    1126             0                0         9.0952        26.1320
    1127             0                0        10.1945        25.9594
    1128             0                0         9.6973        26.8471
    1129             0                0        10.2619        27.1494
    1130             0                0        10.0247        25.6396
    1131             0                0         8.5877        26.3928
    1132             0                0         9.5163        27.6907
    1133             0                0         9.5754        27.7706
    1134             0                0         8.3822        27.5467
    1135             0                0         7.7477        27.4384
    1136             0                0         7.8691        26.9388
    1137             0                0         6.7920        26.6598
    1138             0                0         6.5256        27.9735
    1139             0                0         6.6630        27.2574
    1140             0                0         7.4764        26.6799
    1141             0                0         8.4205        28.9211
    1142             0                0         6.9728        26.4822
    1143             0                0         6.6830        27.6488
    1144             0                0         8.0522        26.7009
    1145             0                0         7.0367        25.7094
    1146             0                0         6.5020        24.7536
    1147             0                0         5.8575        25.6962
    1148             0                0         5.2222        27.0163
    1149             0                0         4.9350        25.7415
    1150             0                0         6.9304        25.6135
    1151             0                0         7.0112        25.7834
    1152             0                0         6.1004        26.4250
    1153             0                0         7.2353        26.6220
    1154             0                0         8.0923        28.0737
    1155             0                0         8.0241        27.8307
    1156             0                0         9.6717        27.2303
    1157             0                0        10.2505        27.0906
    1158             0                0        10.2053        27.8370
    1159             0                0         8.7138        27.0715
    1160             0                0         9.7425        26.8384
    1161             0                0        10.1955        27.5658
    1162             0                0        10.1655        27.7697
    1163             0                0         9.8064        28.7490
    1164             0                0        10.8616        29.4116
    1165             0                0        10.4852        27.8367
    1166             0                0         8.4554        27.9176
    1167             0                0        10.1405        28.3127
    1168             0                0        10.9948        26.0707
    1169             0                0         9.6860        25.0972
    1170             0                0         9.3474        24.1325
    1171             0                0        10.3562        24.1953
    1172             0                0         9.4543        23.2223
    1173             0                0         9.2069        23.6862
    1174             0                0         8.6728        23.2633
    1175             0                0         9.9696        25.2541
    1176             0                0         9.1593        25.3287
    1177             0                0        10.6140        25.5386
    1178             0                0        10.5381        25.7841
    1179             0                0         8.8940        26.4193
    1180             0                0         8.7638        26.7311
    1181             0                0         8.3395        26.1548
    1182             0                0         8.9021        25.9276
    1183             0                0        10.0623        26.4464
    1184             0                0        10.1865        26.5286
    1185             0                0        10.2838        26.7063
    1186             0                0         9.1428        26.5162
    1187             0                0        10.6886        26.9604
    1188             0                0        10.7039        26.9204
    1189             0                0        11.2061        28.2342
    1190             0                0        12.0619        27.4490
    1191             0                0        10.9064        27.5747
    1192             0                0        10.9389        27.5745
    1193             0                0        11.2654        27.4655
    1194             0                0        11.4068        26.3565
    1195             0                0        12.4208        26.6855
    1196             0                0        12.0167        27.1145
    1197             0                0        12.4915        26.8161
    1198             0                0        11.7738        27.0068
    1199             0                0        11.7431        26.5932
    1200             0                0        12.0786        27.1782
    1201             0                0        11.9212        26.8237
    1202             0                0        11.2174        26.9906
    1203             0                0        10.1618        27.4107
    1204             0                0         9.9672        27.4814
    1205             0                0        10.1755        28.2105
    1206             0                0         9.6165        30.0355
    1207             0                0         9.8432        29.0278
    1208             0                0         9.8370        28.6620
    1209             0                0        11.6498        30.2108
    1210             0                0        12.8887        28.7608
    1211             0                0        14.6245        28.1609
    1212             0                0        12.9445        28.5488
    1213             0                0        10.4783        28.6156
    1214             0                0        10.6339        27.2929
    1215             0                0        10.5562        28.1477
    1216             0                0         8.9395        26.8057
    1217             0                0         8.5350        26.8010
    1218             0                0         8.5355        26.0747
    1219             0                0         8.9581        25.3878
    1220             0                0         8.3458        25.9393
    1221             0                0         9.0309        26.9636
    1222             0                0         9.2243        26.6302
    1223             0                0         9.9181        26.5200
    1224             0                0         8.6125        26.4554
    1225             0                0         9.0468        26.2211
    1226             0                0         7.0852        25.7232
    1227             0                0         8.0670        25.7304
    1228             0                0         5.6221        24.4591
    1229             0                0         5.7269        23.4059
    1230             0                0         7.8255        24.2609
    1231             0                0         7.5658        24.4111
    1232             0                0         7.5376        24.4700
    1233             0                0         7.2433        25.1241
    1234             0                0         5.8788        24.0233
    1235             0                0         6.2071        23.1991
    1236             0                0         5.0131        23.6631
    1237             0                0         6.4265        22.3217
    1238             0                0         7.5585        23.3617
    1239             0                0         6.8689        22.8131
    1240             0                0         8.2392        23.6011
    1241             0                0         8.9463        23.6416
    1242             0                0         8.8444        25.2039
    1243             0                0        10.5336        24.5389
    1244             0                0        11.0258        25.4777
    1245             0                0         8.1569        23.8975
    1246             0                0         7.3238        23.1338
    1247             0                0         7.3535        24.0604
    1248             0                0         7.0755        24.4993
    1249             0                0         6.4009        24.3554
    1250             0                0         8.5642        25.6240
    1251             0                0         9.4442        27.0854
    1252             0                0        11.4649        28.3636
    1253             0                0        12.3935        28.5675
    1254             0                0        10.8850        28.5381
    1255             0                0        10.5343        29.0066
    1256             0                0        11.1732        28.8039
    1257             0                0        12.8617        28.8231
    1258             0                0        12.5485        29.7215
    1259             0                0        12.9359        28.4346
    1260             0                0        13.2901        28.2862
    1261             0                0        13.7451        28.7220
    1262             0                0        12.0532        27.6290
    1263             0                0        13.4463        28.2457
    1264             0                0        11.2190        28.5419
    1265             0                0        11.9220        28.2644
    1266             0                0        13.0045        27.7211
    1267             0                0        14.8309        29.7673
    1268             0                0        15.1736        30.2323
    1269             0                0        15.1020        30.0805
    1270             0                0        16.1411        30.5509
    1271             0                0        16.9929        30.6447
    1272             0                0        16.7829        31.5888
    1273             0                0        15.5242        31.7981
    1274             0                0        15.1712        31.2599
    1275             0                0        15.0157        32.0080
    1276             0                0        17.3694        31.1525
    1277             0                0        17.6342        32.6267
    1278             0                0        16.6676        32.0772
    1279             0                0        18.0205        31.9576
    1280             0                0        17.9331        32.6572
    1281             0                0        17.5504        32.2973
    1282             0                0        17.4556        31.4677
    1283             0                0        17.0418        32.1395
    1284             0                0        17.3336        30.9220
    1285             0                0        17.6065        30.4426
    1286             0                0        18.4684        31.3933
    1287             0                0        18.5754        31.3972
    1288             0                0        17.1668        31.4288
    1289             0                0        16.2538        30.7496
    1290             0                0        15.6986        30.5461
    1291             0                0        15.9736        31.1104
    1292             0                0        16.0444        30.2788
    1293             0                0        17.2187        30.1953
    1294             0                0        16.7722        30.3561
    1295             0                0        18.4959        30.1021
    1296             0                0        16.8783        28.4242
    1297             0                0        17.3508        28.2249
    1298             0                0        14.8915        26.7584
    1299             0                0        13.6391        27.3720
    1300             0                0        14.3690        27.2487
    1301             0                0        13.4684        25.8376
    1302             0                0        13.5624        26.8011
    1303             0                0        13.7252        27.0687
    1304             0                0        12.8220        27.5877
    1305             0                0        11.7218        27.7514
    1306             0                0        12.7458        26.3062
    1307             0                0        12.6115        27.5640
    1308             0                0        13.5599        27.8074
    1309             0                0        13.9241        26.1695
    1310             0                0        15.1514        26.7147
    1311             0                0        13.9670        25.5121
    1312             0                0        14.5670        25.4264
    1313             0                0        14.4694        25.4596
    1314             0                0        15.6500        27.1758
    1315             0                0        14.5023        29.5719
    1316             0                0        15.3653        30.3989
    1317             0                0        14.1023        28.7049
    1318             0                0        13.8737        28.4268
    1319             0                0        14.0295        27.7085
    1320             0                0        15.0389        27.2110
    1321             0                0        13.9367        26.3556
    1322             0                0        15.5357        27.9527
    1323             0                0        15.1601        28.9159
    1324             0                0        16.0561        29.3006
    1325             0                0        16.8394        29.0477
    1326             0                0        15.5151        30.1624
    1327             0                0        15.1283        29.8380
    1328             0                0        14.8891        29.7172
    1329             0                0        14.9388        30.3000
    1330             0                0        15.0665        29.0176
    1331             0                0        13.4265        30.0788
    1332             0                0        13.6726        30.5698
    1333             0                0        12.1194        29.9164
    1334             0                0        11.2443        29.9855
    1335             0                0         9.7928        27.9776
    1336             0                0        11.4750        27.5697
    1337             0                0        10.0627        28.2697
    1338             0                0         9.3601        28.9319
    1339             0                0         8.2377        28.8678
    1340             0                0         8.2750        28.0665
    1341             0                0         7.1494        27.2180
    1342             0                0         7.2554        26.8236
    1343             0                0         7.5231        25.7196
    1344             0                0         8.1085        27.0185
    1345             0                0         8.4870        27.6472
    1346             0                0         9.1517        26.7196
    1347             0                0         9.2561        27.2912
    1348             0                0         9.8398        26.6159
    1349             0                0         8.7422        26.8681
    1350             0                0         7.6223        27.1220
    1351             0                0         6.7879        26.7728
    1352             0                0        11.6031        28.3858
    1353             0                0        10.2013        27.4333
    1354             0                0         8.2398        27.7682
    1355             0                0         9.6324        26.7169
    1356             0                0         7.8227        26.2355
    1357             0                0         8.2287        24.6918
    1358             0                0         7.9778        24.3342
    1359             0                0         7.9997        25.1662
    1360             0                0        10.5717        24.2097
    1361             0                0        11.5015        23.5649
    1362             0                0         9.9428        24.4574
    1363             0                0         9.6468        25.1131
    1364             0                0         8.6604        24.8587
    1365             0                0         8.3277        25.3181
    1366             0                0         9.6094        24.9385
    1367             0                0         9.4360        25.7900
    1368             0                0         9.8218        25.2577
    1369             0                0         8.0339        25.1949
    1370             0                0        10.4840        22.7203
    1371             0                0         9.4356        23.9188
    1372             0                0         9.3622        26.0369
    1373             0                0         8.8350        24.8321
    1374             0                0        10.4354        23.2192
    1375             0                0         9.9097        24.5504
    1376             0                0         8.4820        26.3024
    1377             0                0         7.6770        25.6096
    1378             0                0         7.4345        25.1831
    1379             0                0         6.7784        24.3855
    1380             0                0         8.9928        25.0928
    1381             0                0         7.8544        24.2774
    1382             0                0         9.9545        27.0484
    1383             0                0        11.9856        27.0180
    1384             0                0        11.5932        26.8141
    1385             0                0        11.5398        26.5553
    1386             0                0        13.1792        26.4461
    1387             0                0        12.0870        27.3938
    1388             0                0        10.6854        27.7163
    1389             0                0        12.5092        27.0811
    1390             0                0        13.0817        26.9045
    1391             0                0        13.1667        26.5157
    1392             0                0        12.5599        25.7910
    1393             0                0        12.8278        24.5409
    1394             0                0        11.4546        25.3438
    1395             0                0        10.4217        26.3601
    1396             0                0        11.9979        24.8033
    1397             0                0        11.8930        24.6784
    1398             0                0        12.4965        24.7418
    1399             0                0        12.5793        25.6140
    1400             0                0        13.1101        26.3951
    1401             0                0        13.5475        25.4705
    1402             0                0        11.7359        25.5508
    1403             0                0        12.5249        26.6445
    1404             0                0        12.3620        25.8161
    1405             0                0        12.4848        25.6986
    1406             0                0        10.2837        25.3185
    1407             0                0        10.6561        26.1366
    1408             0                0        11.1134        25.4240
    1409             0                0        11.5902        25.0473
    1410             0                0        10.1991        24.7845
    1411             0                0        10.2204        26.0012
    1412             0                0        11.0849        26.5077
    1413             0                0        10.0031        24.5863
    1414             0                0         9.1113        24.5427
    1415             0                0         8.8246        23.7346
    1416             0                0         9.6325        24.3717
    1417             0                0         8.7541        24.8592
    1418             0                0         8.2466        24.7637
    1419             0                0         7.5081        25.0868
    1420             0                0         9.7926        25.4379
    1421             0                0        10.7941        25.7056
    1422             0                0         9.8586        24.0720
    1423             0                0        10.7245        25.8804
    1424             0                0         9.5537        26.6850
    1425             0                0        10.4529        26.9775
    1426             0                0         8.0956        25.9661
    1427             0                0         8.2531        24.0325
    1428             0                0         6.6735        24.2862
    1429             0                0         7.3941        25.6909
    1430             0                0         6.1214        25.8938
    1431             0                0         6.1455        27.7576
    1432             0                0         4.3601        27.2978
    1433             0                0         4.5877        26.5336
    1434             0                1         3.8867        26.6063
    1435             0                0         4.3637        27.1964
    1436             0                6         3.3366        26.9562
    1437             0                2         3.3339        27.1668
    1438             0                0         4.2723        26.3942
    1439             0                4         3.1736        27.2986
    1440             0                2         3.8986        27.2926
    1441             0                0         5.5187        26.1180
    1442             0                0         5.1212        24.9208
    1443             0                1         3.9949        23.7364
    1444             0                0         4.3772        24.9546
    1445             0                1         3.7032        24.8377
    1446             0                0         4.2237        24.9058
    1447             0                0         6.5413        24.0963
    1448             0                0         4.2708        23.4697
    1449             0                0         4.0816        25.1226
    1450             0                0         4.4507        23.5334
    1451             0                1         3.9757        24.1237
    1452             0                1         3.8834        24.7684
    1453             0                0         4.0495        23.7720
    1454             0                0         4.2659        24.5344
    1455             0                0         4.2529        23.9148
    1456             0                1         3.9261        25.0736
    1457             0                0         4.4168        25.6310
    1458             0                1         3.9619        25.5980
    1459             0                0         4.0570        25.4165
    1460             0                0         4.0030        24.8764
    1461             0                0         5.9883        24.8508
    1462             0                1         3.7332        25.3963
    1463             0                0         4.5771        23.5466
    1464             0                1         3.9900        24.0345
    1465             0                0         4.9042        24.4156
    1466             0                0         6.9767        25.6063
    1467             0                0         6.4770        25.0518
    1468             0                0         6.4010        25.0966
    1469             0                0         6.0560        24.0188
    1470             0                0         7.2787        24.9976
    1471             0                0         7.3595        25.2769
    1472             0                0         7.7223        25.2072
    1473             0                0         7.4550        25.7259
    1474             0                0         8.8560        25.8446
    1475             0                0         7.2830        25.6718
    1476             0                0         7.7558        25.5637
    1477             0                0         9.4871        25.7849
    1478             0                0         8.7841        26.7151
    1479             0                0         9.0937        26.1835
    1480             0                0         9.8581        26.5856
    1481             0                0         8.1281        26.4508
    1482             0                0         9.6393        25.3542
    1483             0                0         9.2169        25.3369
    1484             0                0        11.9368        25.6238
    1485             0                0        11.5749        25.5615
    1486             0                0        11.5234        25.6277
    1487             0                0        11.0099        25.2759
    1488             0                0        10.8338        25.1841
    1489             0                0        10.0489        24.6701
    1490             0                0        11.0816        24.7246
    1491             0                0        12.4242        24.8584
    1492             0                0        11.6896        23.7912
    1493             0                0        10.9941        24.1450
    1494             0                0        11.4512        25.1179
    1495             0                0        12.7034        26.1886
    1496             0                0        11.5429        25.4816
    1497             0                0        11.7306        25.1849
    1498             0                0        13.0129        25.5890
    1499             0                0        13.3686        24.9617
    1500             0                0        13.6652        26.0928
    1501             0                0        14.0988        24.7941
    1502             0                0        15.1418        25.6725
    1503             0                0        14.3830        25.9554
    1504             0                0        13.2174        26.2237
    1505             0                0        12.5946        27.8493
    1506             0                0        14.3464        27.1708
    1507             0                0        15.4834        26.7937
    1508             0                0        15.7373        28.0468
    1509             0                0        14.9235        26.2904
    1510             0                0        13.5964        26.3029
    1511             0                0        15.3496        27.8853
    1512             0                0        15.1673        27.6708
    1513             0                0        14.1805        27.4520
    1514             0                0        14.4244        26.9205
    1515             0                0        13.1432        27.2849
    1516             0                0        12.8491        27.1734
    1517             0                0        12.5564        27.1711
    1518             0                0        11.8611        28.1033
    1519             0                0        11.6341        27.9179
    1520             0                0        11.4047        28.1626
    1521             0                0        11.9586        29.4756
    1522             0                0        10.2763        28.5217
    1523             0                0        11.9717        28.7146
    1524             0                0        11.9337        28.5801
    1525             0                0        11.2842        28.3600
    1526             0                0        10.7231        28.2484
    1527             0                0        10.9668        28.9718
    1528             0                0         9.8185        29.4980
    1529             0                0         9.2502        29.1622
    1530             0                0         9.5917        30.0531
    1531             0                0        10.4865        30.4700
    1532             0                0        11.3895        29.5270
    1533             0                0         9.7665        28.5848
    1534             0                0        10.2756        28.2050
    1535             0                0        10.9375        29.0230
    1536             0                0        10.4773        28.4785
    1537             0                0        11.2098        29.1822
    1538             0                0        10.7082        30.3247
    1539             0                0        10.2126        30.9130
    1540             0                0        10.6880        31.3995
    1541             0                0        10.5645        30.6028
    1542             0                0         8.0723        30.1806
    1543             0                0        10.3396        30.2382
    1544             0                0        10.0034        28.9864
    1545             0                0        10.3955        28.7141
    1546             0                0         9.4279        28.3863
    1547             0                0        10.3379        28.3447
    1548             0                0        10.8346        28.9896
    1549             0                0        10.9767        28.1308
    1550             0                0        11.0622        28.8747
    1551             0                0        12.6178        29.3704
    1552             0                0        12.5933        29.2751
    1553             0                0        11.6849        28.7821
    1554             0                0        11.4473        29.0801
    1555             0                0        11.4538        27.7591
    1556             0                0        12.3652        27.8039
    1557             0                0        12.8554        28.7617
    1558             0                0        12.4601        28.2545
    1559             0                0        12.0086        27.3383
    1560             0                0        11.0841        26.8724
    1561             0                0        13.4568        28.7005
    1562             0                0        12.1779        28.2608
    1563             0                0        11.6926        28.6981
    1564             0                0        12.3089        29.3062
    1565             0                0        11.7706        28.6775
    1566             0                0        11.4284        26.6585
    1567             0                0        11.6970        27.4834
    1568             0                0        13.6687        28.3336
    1569             0                0        13.0061        27.4143
    1570             0                0        12.3185        27.9727
    1571             0                0        12.3404        28.5265
    1572             0                0        13.3447        28.7160
    1573             0                0        13.0314        27.4964
    1574             0                0        13.4943        27.4745
    1575             0                0        15.0898        28.0636
    1576             0                0        13.6667        27.4749
    1577             0                0        13.0671        27.4003
    1578             0                0        13.5526        26.5679
    1579             0                0        13.5791        27.9963
    1580             0                0        12.8446        26.3382
    1581             0                0        12.9376        26.1502
    1582             0                0        13.8244        26.9034
    1583             0                0        14.1983        27.8813
    1584             0                0        14.3988        27.9165
    1585             0                0        14.1055        27.6790
    1586             0                0        13.9105        26.9788
    1587             0                0        13.9789        27.0373
    1588             0                0        14.6458        27.0601
    1589             0                0        15.0765        28.0166
    1590             0                0        13.3028        27.8572
    1591             0                0        14.5056        27.0416
    1592             0                0        14.5651        28.3868
    1593             0                0        15.0146        29.1276
    1594             0                0        15.2604        29.2744
    1595             0                0        12.8621        27.4177
    1596             0                0        12.4777        27.7694
    1597             0                0        14.4566        28.9749
    1598             0                0        14.0355        28.0702
    1599             0                0        14.2930        28.9137
    1600             0                0        14.0997        28.1060
    1601             0                0        12.7113        29.1374
    1602             0                0         9.8200        28.4942
    1603             0                0        10.8666        27.2653
    1604             0                0         9.4900        29.1253
    1605             0                0        10.2085        29.4666
    1606             0                0        10.3349        29.0292
    1607             0                0        10.3388        29.0024
    1608             0                0         9.8317        29.3686
    1609             0                0        10.4882        29.1732
    1610             0                0        10.4315        29.3397
    1611             0                0        10.3496        29.6911
    1612             0                0        11.1250        29.5263
    1613             0                0        12.4004        29.1629
    1614             0                0        13.4205        30.0013
    1615             0                0        14.1322        30.2718
    1616             0                0        12.9616        30.0998
    1617             0                0        11.3949        29.6257
    1618             0                0        11.9740        29.7799
    1619             0                0        13.7595        29.9257
    1620             0                0        13.5373        29.7163
    1621             0                0        11.7962        29.7431
    1622             0                0        12.8864        30.5575
    1623             0                0        13.7428        31.4275
    1624             0                0        13.7337        32.1644
    1625             0                0        13.9782        32.5725
    1626             0                0        14.8857        31.5760
    1627             0                0        14.0815        33.0204
    1628             0                0        13.5077        32.7589
    1629             0                0        13.3450        32.5412
    1630             0                0        12.4841        30.6312
    1631             0                0        13.5983        30.4764
    1632             0                0        12.8446        29.3968
    1633             0                0        13.1106        29.0192
    1634             0                0        13.6183        29.2976
    1635             0                0        13.0248        31.0868
    1636             0                0        13.6141        30.1782
    1637             0                0        12.9506        30.7296
    1638             0                0        12.7078        29.5977
    1639             0                0        13.5826        29.6438
    1640             0                0         9.6083        29.1387
    1641             0                0         9.1673        28.8738
    1642             0                0         8.7304        29.1816
    1643             0                0         8.9177        28.2824
    1644             0                0         9.9401        28.1280
    1645             0                0        11.0830        28.8078
    1646             0                0        11.3476        28.3812
    1647             0                0         9.1363        27.7510
    1648             0                0         9.4000        27.9094
    1649             0                0        11.7569        29.4034
    1650             0                0        11.0131        29.9084
    1651             0                0        10.1712        29.4469
    1652             0                0        11.1652        30.6431
    1653             0                0        10.6037        28.1485
    1654             0                0        11.0231        27.4084
    1655             0                0        10.1270        27.7660
    1656             0                0        10.1221        28.6291
    1657             0                0        11.2530        29.0224
    1658             0                0        12.0809        28.4989
    1659             0                0        12.3469        28.2383
    1660             0                0        11.5661        29.7414
    1661             0                0        11.0938        29.7077
    1662             0                0        12.1677        29.1094
    1663             0                0        11.6760        29.2957
    1664             0                0         9.5564        29.7822
    1665             0                0         9.5407        29.4748
    1666             0                0        13.5786        30.1248
    1667             0                0        13.8955        29.1601
    1668             0                0        15.6878        28.7305
    1669             0                0        16.6788        28.8755
    1670             0                0        17.9634        29.6605
    1671             0                0        17.6420        26.9639
    1672             0                0        15.3718        27.3777
    1673             0                0        13.8704        27.0015
    1674             0                0        14.2669        26.9570
    1675             0                0        15.9355        27.8391
    1676             0                0        15.0722        28.1934
    1677             0                0        17.2787        29.0526
    1678             0                0        16.1956        29.0335
    1679             0                0        16.4186        29.5733
    1680             0                0        15.8300        29.6442
    1681             0                0        14.0324        29.6111
    1682             0                0        14.4835        29.4672
    1683             0                0        16.4697        27.9964
    1684             0                0        15.1227        29.6590
    1685             0                0        16.0964        29.7325
    1686             0                0        16.7695        29.1218
    1687             0                0        15.3218        29.3101
    1688             0                0        16.4588        29.8181
    1689             0                0        14.8775        28.2985
    1690             0                0        14.4384        28.2854
    1691             0                0        15.2414        29.3682
    1692             0                0        16.0235        30.1927
    1693             0                0        16.7922        30.7879
    1694             0                0        17.3251        31.6937
    1695             0                0        16.5627        32.8566
    1696             0                0        18.4444        32.1686
    1697             0                0        17.5934        31.5663
    1698             0                0        15.7402        31.0286
    1699             0                0        16.9761        30.8301
    1700             0                0        16.2510        29.8044
    1701             0                0        16.8163        29.6258
    1702             0                0        18.7992        28.9069
    1703             0                0        18.5169        30.0157
    1704             0                0        16.6832        29.8944
    1705             0                0        17.6204        29.0515
    1706             0                0        16.9914        29.5287
    1707             0                0        17.3719        29.6079
    1708             0                0        15.3036        30.2340
    1709             0                0        15.0334        29.0154
    1710             0                0        14.5038        28.7624
    1711             0                0        14.8752        29.7790
    1712             0                0        16.5752        30.5279
    1713             0                0        17.4761        30.4741
    1714             0                0        17.3127        30.6280
    1715             0                0        16.5524        32.1394
    1716             0                0        14.7058        31.7538
    1717             0                0        15.0795        31.1588
    1718             0                0        17.4115        31.5872
    1719             0                0        17.8983        30.4534
    1720             0                0        17.9402        29.5922
    1721             0                0        18.0073        29.6589
    1722             0                0        16.7954        29.3402
    1723             0                0        15.9151        28.2825
    1724             0                0        15.0437        27.9463
    1725             0                0        13.7500        28.3297
    1726             0                0        13.5297        28.0756
    1727             0                0        13.3318        28.2238
    1728             0                0        13.8455        28.7587
    1729             0                0        14.0844        28.1239
    1730             0                0        13.6955        26.6483
    1731             0                0        14.4667        26.4702
    1732             0                0        15.5606        27.2050
    1733             0                0        16.0881        27.5064
    1734             0                0        14.3324        27.0429
    1735             0                0        13.1488        27.2981
    1736             0                0        11.9024        27.9908
    1737             0                0        12.5284        26.8354
    1738             0                0        13.0573        28.3684
    1739             0                0        13.8997        28.4395
    1740             0                0        14.8810        28.8701
    1741             0                0        14.7426        28.0097
    1742             0                0        12.1039        29.7030
    1743             0                0        13.2612        28.9250
    1744             0                0        12.8763        29.2397
    1745             0                0        11.2798        27.8510
    1746             0                0        12.4605        27.1798
    1747             0                0        12.0741        27.0706
    1748             0                0        14.5802        26.5791
    1749             0                0        11.8415        26.2281
    1750             0                0        10.6474        25.5102
    1751             0                0        12.0510        25.5851
    1752             0                0        13.3838        25.3754
    1753             0                0        15.2764        24.8282
    1754             0                0        13.7151        25.6748
    1755             0                0        13.6891        25.1295
    1756             0                0        13.0167        25.1931
    1757             0                0        14.2088        24.9322
    1758             0                0        14.4921        24.5860
    1759             0                0        12.7378        25.8361
    1760             0                0        11.0665        24.7925
    1761             0                0        12.3825        25.3327
    1762             0                0        12.0478        25.0940
    1763             0                0        12.1386        23.7572
    1764             0                0        12.4782        23.9181
    1765             0                0        12.5018        24.1028
    1766             0                0        11.9392        24.7272
    1767             0                0        12.9284        24.1248
    1768             0                0        10.7520        23.8031
    1769             0                0        11.5015        23.7689
    1770             0                0        11.0484        22.7444
    1771             0                0        11.8112        24.3660
    1772             0                0        10.3980        22.8903
    1773             0                0        10.7682        23.8012
    1774             0                0        10.7077        24.4378
    1775             0                0         8.6133        24.9356
    1776             0                0        10.9151        23.3235
    1777             0                0        10.7053        21.2665
    1778             0                0        10.3767        20.2089
    1779             0                0         9.6288        21.4084
    1780             0                0         8.4156        21.0130
    1781             0                0         8.0042        20.3742
    1782             0                0         8.0773        21.1313
    1783             0                0         8.2787        23.0836
    1784             0                0         7.5580        21.6891
    1785             0                0         7.7072        22.1517
    1786             0                0         6.7224        22.4703
    1787             0                0         7.9608        22.1078
    1788             0                0         7.2872        23.1172
    1789             0                0         8.1915        23.9197
    1790             0                0         6.5401        21.4260
    1791             0                0         8.7302        21.7112
    1792             0                0         8.3939        22.2359
    1793             0                0         7.8887        23.2697
    1794             0                0         8.9824        21.9745
    1795             0                0        10.0432        22.7485
    1796             0                0        10.6998        21.8838
    1797             0                0        10.5132        22.3177
    1798             0                0         9.0185        21.7361
    1799             0                0         8.9027        21.2456
    1800             0                0         8.7311        21.5960
    1801             0                0         8.6465        22.0794
    1802             0                0         8.7355        22.2792
    1803             0                0         9.9212        21.7558
    1804             0                0         6.3060        23.4784
    1805             0                0         5.4720        22.6339
    1806             0                0         6.9017        21.9149
    1807             0                0         7.0177        23.1083
    1808             0                0         5.6540        22.2968
    1809             0                1         3.6704        22.7648
    1810             0                1         3.6752        22.5019
    1811             0                1         3.7134        22.6187
    1812             0                0         4.3667        23.4625
    1813             0                0         5.2999        22.5008
    1814             0                1         3.2720        22.0117
    1815             0                0         4.9655        23.4520
    1816             0                0         5.5011        24.6385
    1817             0                0         4.3635        24.6279
    1818             0                1         3.9545        24.4954
    1819             0                0         4.6530        24.1746
    1820             0                2         3.2959        23.1048
    1821             0                0         4.1231        23.6187
    1822             0                2         3.3186        22.8698
    1823             0                2         3.6441        22.3282
    1824             0                1         3.5776        21.7189
    1825             0                2         3.3589        21.5269
    1826             0                3         3.5400        20.9328
    1827             0                1         3.9888        21.3189
    1828             0               11         3.0432        21.3556
    1829             0                5         3.2789        21.9612
    1830             0                4         3.5142        24.6525
    1831             0                6         3.2816        24.7687
    1832             0                0         4.0783        24.7472
    1833             0                4         3.4396        24.1254
    1834             0                2         3.4980        23.0686
    1835             0                1         3.5344        23.6923
    1836             0                0         5.1388        22.9554
    1837             0                2         3.3129        23.1370
    1838             0                1         3.3581        22.6114
    1839             0                0         5.0906        21.0708
    1840             0                0         7.4061        21.4974
    1841             0                0         5.4990        20.1056
    1842             0                0         5.6356        21.4537
    1843             0                0         6.7075        21.7501
    1844             0                0         5.6617        21.1290
    1845             0                0         5.8717        21.1542
    1846             0                0         5.8921        20.2809
    1847             0                0         5.6307        19.7214
    1848             0                0         6.3229        18.8796
    1849             0                0         4.8400        19.9693
    1850             0                0         4.7479        18.8494
    1851             0                0         4.1856        18.5359
    1852             0                0         4.1753        19.5193
    1853             0                1         3.4533        19.1940
    1854             0                0         4.5340        20.2561
    1855             0                0         4.1777        19.7311
    1856             0                1         3.4886        19.8882
    1857             0                1         3.6075        20.2164
    1858             0                3         3.3211        20.8048
    1859             0                1         3.0973        20.5076
    1860             0                0         4.0659        18.6444
    1861             0                1         3.8813        19.3663
    1862             1                5         3.3948        18.8810
    1863             0                3         3.3714        19.2514
    1864             2                5         3.2628        18.1363
    1865             0                4         3.5272        19.5581
    1866             0                3         3.0507        21.3861
    1867             1                4         3.5816        21.4152
    1868             0                1         3.3256        22.7681
    1869             0                1         3.3396        22.0429
    1870             0                0         4.3724        21.9430
    1871             0                0         5.9330        21.6632
    1872             0                0         6.0672        24.2626
    1873             0                0         5.4140        24.8534
    1874             0                0         7.1202        25.4635
    1875             0                0         7.6303        25.3783
    1876             0                0         6.2844        25.3547
    1877             0                0         6.1932        23.2577
    1878             0                0         6.1049        22.5619
    1879             0                0         6.7740        23.2271
    1880             0                0         6.3787        22.2255
    1881             0                0         6.1399        21.0729
    1882             0                0         6.3653        22.4246
    1883             0                0         6.2453        23.3602
    1884             0                0         6.9268        23.4408
    1885             0                0         6.2621        23.2920
    1886             0                0         6.6327        26.0718
    1887             0                0         5.5733        25.3245
    1888             0                0         6.1493        24.3513
    1889             0                0         5.6002        22.9586
    1890             0                0         6.3903        23.0482
    1891             0                0         4.7670        22.7884
    1892             0                0         4.7511        21.2451
    1893             0                1         3.5514        21.7174
    1894             0                0         4.0236        23.4369
    1895             0                2         3.7539        22.4927
    1896             0                1         3.9734        22.8210
    1897             0                2         3.9344        22.6763
    1898             0                0         4.3173        21.5400
    1899             0                0         4.7099        22.4621
    1900             0                0         4.7853        24.0962
    1901             2                0         3.3389        23.2126
    1902             0                1         3.8482        21.6764
    1903             0                6         3.6523        20.7343
    1904             1                8         3.2686        22.4063
    1905             1                6         3.5385        23.0133
    1906             0                2         3.6264        22.9631
    1907             1                4         3.2216        23.4272
    1908             1                8         3.2644        22.3987
    1909             1                4         3.5261        21.6899
    1910             1                8         3.0367        21.7431
    1911             1                8         2.6610        21.9302
    1912             1                9         3.3020        20.3249
    1913             1                9         3.2409        20.6278
    1914             1                5         3.3401        21.9043
    1915             1                2         3.5521        22.4003
    1916             1               10         2.9019        21.7694
    1917             1                7         2.9035        21.0711
    1918             0                6         3.5193        21.9051
    1919             1                6         3.2313        22.9768
    1920             0                0         4.1648        24.8756
    1921             2               12         2.6194        23.0270
    1922             0               11         2.7959        23.7028
    1923             0                6         3.2410        22.3402
    1924             1               20         3.1649        21.6754
    1925             2               21         2.8637        20.8991
    1926             2               13         2.9485        20.6214
    1927             1                4         3.1886        20.8978
    1928             2                9         3.1699        19.3342
    1929             0               13         2.8788        19.9521
    1930             1               17         2.9587        19.9046
    1931             2               10         3.0173        19.6489
    1932             1                5         3.1697        20.4229
    1933             0                3         3.6776        20.8003
    1934             3               11         3.0108        19.7951
    1935             3                9         2.9884        20.2902
    1936             2               13         2.9098        20.8756
    1937             0               11         3.2774        19.3358
    1938             0               17         3.1234        19.8572
    1939             1               15         3.0466        20.4014
    1940             0               25         2.7851        20.0649
    1941             0               31         3.0886        19.4693
    1942             0               18         3.1764        19.7356
    1943             0               19         2.9176        18.9744
    1944             0               14         3.2531        19.3152
    1945             2                7         2.8981        18.3625
    1946             0               16         3.4376        18.8521
    1947             0               19         3.0254        17.8495
    1948             0               18         3.0699        19.1910
    1949             0               16         3.0232        19.7735
    1950             0                5         3.6224        20.1660
    1951             0                8         3.4358        18.3557
    1952             0               16         3.4709        18.4490
    1953             0                9         3.4863        17.4613
    1954             0               18         3.0672        17.1520
    1955             0               22         3.3227        18.1218
    1956             0               13         3.4397        17.6778
    1957             0                6         3.7397        18.0184
    1958             0               13         3.4653        17.8533
    1959             0                9         3.6083        17.0821
    1960             0               17         3.2251        17.8382
    1961             0               10         3.4819        17.7807
    1962             0               14         3.3050        18.8722
    1963             0               12         3.1329        17.8649
    1964             0                8         3.4947        17.3747
    1965             0               17         3.2193        17.7416
    1966             0               10         3.1116        18.6175
    1967             0               11         3.6180        18.2596
    1968             0               14         3.2146        18.2893
    1969             0               14         3.4571        17.4016
    1970             0               22         2.9436        17.9997
    1971             0               21         2.9298        19.0059
    1972             1               29         3.2873        19.4718
    1973             1                7         3.6016        19.7433
    1974             0               17         2.8446        20.0919
    1975             0               13         3.2300        20.0862
    1976             0               19         3.1509        19.0871
    1977             0               14         3.1159        19.4916
    1978             0               25         3.0603        19.0969
    1979             0               24         3.1693        19.6877
    1980             0               22         3.2195        20.2354
    1981             0               11         3.2090        20.7389
    1982             0               13         3.0204        19.5904
    1983             0               20         3.2830        20.9695
    1984             0               15         3.1624        21.7080
    1985             0               16         3.0856        21.8715
    1986             0               19         3.3282        21.8095
    1987             0               24         2.7826        22.0280
    1988             0               14         3.1230        22.4546
    1989             1               17         3.0566        21.9383
    1990             0               17         2.9306        22.3997
    1991             0                9         3.1412        23.2692
    1992             0               12         3.3540        22.5584
    1993             0               17         2.9266        22.3721
    1994             0               17         2.9739        22.2645
    1995             0                8         3.6124        22.2812
    1996             0               12         3.0471        21.3219
    1997             0                5         3.2976        21.2787
    1998             0                9         3.4176        20.9653
    1999             0               15         2.9837        21.3181
    2000             0               16         2.9899        22.9735
    2001             0               15         3.1779        23.1244
    2002             0               18         3.3159        21.3063
    2003             0               25         3.3433        21.0144
    2004             0               17         3.3048        21.9735
    2005             0               10         3.3240        20.1593
    2006             0               23         3.3791        19.8985
    2007             0                8         3.1168        19.7867
    2008             0               23         2.8499        20.1208
    2009             2               16         3.5733        20.9504
    2010             0               13         3.5093        20.5248
    2011             0               17         3.0886        20.4424
    2012             2               10         3.5219        20.4214
    2013             0                9         3.5586        21.1753
    2014             3               22         3.1124        20.9127
    2015             2               17         3.4682        21.9597
    2016             0               13         3.3350        20.6713
    2017             0               16         3.2732        21.2885
    2018             0                9         3.5199        21.0293
    2019             0                9         3.5463        21.7000
    2020             0                9         3.6747        21.9653
    2021             0               20         3.4293        20.8271
    2022             1               19         3.3778        21.0394
    2023             0               14         3.2582        20.6589
    2024             0               16         3.4842        21.3413
    2025             3               21         3.3555        21.1088
    2026             0               14         3.6234        20.4410
    2027             0                7         3.4737        20.5829
    2028             0               10         2.8216        19.4514
    2029             0               14         3.3986        20.8282
    2030             1               16         3.4075        21.2315
    2031             1               13         3.3833        21.1763
    2032             0               16         3.4532        21.3686
    2033             1               14         3.2545        21.9175
    2034             0                9         3.5850        20.7937
    2035             1               20         3.3009        21.1084
    2036             0               14         3.5497        21.2152
    2037             0                7         3.5536        21.7073
    2038             0               19         3.5045        20.3600
    2039             0                9         3.5756        21.1626
    2040             1               16         3.4135        20.6202
    2041             0               10         3.3797        21.0301
    2042             0                7         3.6296        20.1846
    2043             0                9         3.4574        20.8457
    2044             2               17         3.3766        21.1370
    2045             0               11         3.3603        21.4394
    2046             0               19         3.3901        21.1872
    2047             1               23         3.0740        21.6217
    2048             0               21         3.2350        21.7615
    2049             0               11         3.0701        20.5565
    2050             1                4         3.4633        21.5807
    2051             0                9         3.4107        20.7480
    2052             1               10         3.4159        20.3506
    2053             1               14         3.2736        20.4138
    2054             0               15         3.0511        20.3381
    2055             0               13         3.4715        20.8024
    2056             1               10         3.4999        20.4298
    2057             0               14         3.1149        21.4503
    2058             1               12         3.4380        19.8411
    2059             0               10         3.3393        20.2199
    2060             0                2         3.7696        21.8986
    2061             1               21         3.4586        20.8993
    2062             2                9         3.2378        20.5212
    2063             1               16         3.5729        21.6974
    2064             1                6         3.5862        20.1235
    2065             0                8         3.3045        19.1590
    2066             0                6         3.5995        17.4544
    2067             0               13         3.2842        18.3936
    2068             0               10         3.4536        18.5736
    2069             0               13         3.4050        18.6563
    2070             0                7         3.6139        20.7526
    2071             0               15         3.3380        19.6994
    2072             0               13         3.5936        19.7154
    2073             0               17         3.3512        19.0305
    2074             0               11         3.4962        20.6806
    2075             0               11         3.4173        21.2825
    2076             0               17         3.2517        20.6551
    2077             0                8         3.5881        20.9187
    2078             0               11         3.4161        20.6489
    2079             0                4         3.7602        21.1661
    2080             0                1         3.9858        21.9418
    2081             0                6         3.3723        21.2261
    2082             0               20         3.2473        21.2083
    2083             0               15         3.0669        20.7846
    2084             0               15         3.1334        21.2498
    2085             0                8         3.4335        21.5294
    2086             0               11         3.4975        21.6244
    2087             2                8         3.4723        20.7810
    2088             0               13         3.4141        21.4308
    2089             0               21         3.1885        19.5971
    2090             1                6         3.3918        20.1763
    2091             0                6         3.5364        20.4249
    2092             0               13         3.4227        20.9308
    2093             1               18         3.4180        19.8749
    2094             0               10         3.5862        20.5032
    2095             0               26         3.2020        20.7566
    2096             0               15         3.2289        19.0745
    2097             0               14         3.3158        19.9748
    2098             0               12         3.3736        19.4132
    2099             1               11         3.4498        18.5960
    2100             1               15         3.4478        18.6319
    2101             0               17         3.3044        19.2294
    2102             0               20         3.3019        18.1235
    2103             0               23         3.2238        18.7920
    2104             0               12         3.2717        18.4772
    2105             0               14         3.1706        18.7759
    2106             0               20         3.2447        20.1857
    2107             0                9         3.4061        19.7232
    2108             0               16         3.4166        19.7197
    2109             0               10         3.5758        19.0714
    2110             0               15         3.3656        19.5661
    2111             0               12         3.3888        19.2529
    2112             2               16         3.2822        19.2148
    2113             0               11         3.4951        19.1615
    2114             4               22         3.3312        19.0685
    2115             1               13         3.2343        19.7860
    2116             1               15         3.3632        19.3047
    2117             0               17         3.6152        18.5943
    2118             1               15         3.3818        19.4306
    2119             1               19         3.4010        18.7268
    2120             3               19         3.0677        19.1765
    2121             4               12         3.2787        19.7938
    2122             4                7         3.0827        19.5582
    2123             3               11         3.4402        19.1873
    2124             0                7         3.5559        19.5460
    2125             1               18         3.3677        18.5370
    2126             0                6         3.6441        18.4908
    2127             1               28         3.2196        18.9214
    2128             0               13         2.9059        18.8427
    2129             0               14         3.3532        19.7249
    2130             2               18         3.1419        19.3735
    2131             1                8         3.2539        19.8905
    2132             1               11         3.5343        19.0773
    2133             1               11         3.7223        19.5775
    2134             1               10         3.1271        19.0635
    2135             0                6         3.4482        19.6226
    2136             0               19         3.0952        18.9534
    2137             1                8         3.5989        20.3383
    2138             1               10         3.4627        20.2376
    2139             2               13         3.3262        19.1836
    2140             1                5         3.3638        20.3931
    2141             2                6         3.3519        20.3486
    2142             2               13         3.3423        19.6838
    2143             0                2         3.8358        20.1620
    2144             0                6         3.0399        20.1768
    2145             0               16         2.7807        19.0720
    2146             0                7         3.1562        18.8906
    2147             0               10         3.3631        19.0100
    2148             0               10         3.0702        18.5092
    2149             0                9         3.1546        18.5612
    2150             0                8         3.3610        17.8488
    2151             0                9         3.4380        18.7697
    2152             0               11         3.2269        19.2862
    2153             0               13         3.5051        19.1333
    2154             0                7         3.6033        18.0192
    2155             0                6         3.4810        18.5880
    2156             0               12         3.0641        18.8017
    2157             0                7         3.3453        17.3625
    2158             0               11         3.3176        18.3671
    2159             0                8         3.0591        18.8967
    2160             0                9         3.1276        18.7049
    2161             0                3         3.7412        18.5585
    2162             0                7         3.5584        18.8094
    2163             0                9         3.3919        18.8104
    2164             0                6         3.2571        19.1402
    2165             0                4         3.3326        19.4580
    2166             0                4         3.3872        19.0063
    2167             0                8         3.5240        19.1038
    2168             0                5         3.6015        18.7043
    2169             0               12         2.9889        19.1474
    2170             0               13         3.2794        19.6280
    2171             0                9         3.4074        21.0369
    2172             0               12         3.2098        20.2013
    2173             0               11         3.3039        20.0807
    2174             1               12         3.0877        20.1232
    2175             0               14         3.0665        20.6556
    2176             0                3         3.3571        19.3321
    2177             0                7         3.2556        19.4914
    2178             1               12         3.1706        19.0455
    2179             0                9         3.4150        18.5105
    2180             0                7         3.3237        21.3916
    2181             0                5         3.5546        19.9950
    2182             0                6         3.3857        18.4614
    2183             0               12         3.2123        19.0754
    2184             0                6         3.4764        18.7594
    2185             0               11         3.2399        17.3209
    2186             0               11         3.4693        17.0242
    2187             0               12         3.1382        16.8145
    2188             0                2         3.3485        16.8078
    2189             0                2         3.6837        18.5614
    2190             0               13         3.1424        18.7657
    2191             0               10         3.3172        18.9203
    2192             0                7         3.5351        18.6444
    2193             0               10         3.1764        19.5927
    2194             1                8         3.4090        20.3179
    2195             0               11         3.0772        19.7287
    2196             0               10         3.5165        20.6771
    2197             0               12         3.2544        20.9183
    2198             0               14         2.9480        20.0491
    2199             0               11         3.1157        19.2409
    2200             0               11         3.3841        20.7701
    2201             0                9         3.2566        20.8730
    2202             0                4         3.2517        20.7099
    2203             0                6         3.3932        20.1024
    2204             0                7         3.6073        19.5669
    2205             0                6         3.4401        19.9116
    2206             0               11         3.0773        19.8658
    2207             0                7         2.9955        19.2431
    2208             0                1         3.6730        19.1736
    2209             0                3         3.7293        19.1572
    2210             1                3         3.6604        19.3952
    2211             0               10         3.3070        19.1184
    2212             0                1         3.9338        20.5059
    2213             0                9         3.1898        19.9411
    2214             0                9         3.5582        19.1391
    2215             0               12         3.2638        20.0396
    2216             0                8         3.3818        18.9250
    2217             0                4         3.5836        18.7001
    2218             0                6         3.2475        19.5346
    2219             0                8         3.2122        20.2565
    2220             0                7         3.2791        19.8134
    2221             0               10         3.6229        19.1508
    2222             0               11         3.0851        18.2626
    2223             0                4         3.5150        17.7066
    2224             0               12         3.2241        17.5493
    2225             0               13         3.4476        17.2187
    2226             0                9         3.4992        16.3110
    2227             0               20         3.1278        16.4708
    2228             0               18         3.2471        17.1431
    2229             0               14         3.3661        17.1895
    2230             0               12         3.4296        17.6845
    2231             0               13         3.3070        16.9411
    2232             0               15         3.3474        16.2455
    2233             0               11         3.0316        16.5785
    2234             0               17         3.1767        16.1556
    2235             0               17         3.1727        16.2957
    2236             0                8         3.2901        17.0463
    2237             0                8         3.1177        16.7168
    2238             0                6         3.6315        16.4909
    2239             0               10         3.4389        17.0629
    2240             0               17         3.2718        16.7193
    2241             0                5         3.5200        16.1433
    2242             0                8         3.5189        16.4437
    2243             0               11         3.2078        16.1746
    2244             0               12         3.2991        16.6023
    2245             0                7         3.5227        16.2238
    2246             0               14         3.1671        16.1907
    2247             0                7         3.6104        16.0642
    2248             0               12         3.3227        16.4567
    2249             0               14         3.1679        15.6784
    2250             0                7         3.3926        16.5513
    2251             0               14         3.4744        16.3334
    2252             0               11         3.5715        16.0443
    2253             0               10         3.4224        15.6439
    2254             0               12         3.1638        15.3536
    2255             0                4         3.7933        15.6060
    2256             0                5         3.5563        15.5214
    2257             0                4         3.3849        16.3633
    2258             0                4         3.4912        17.2552
    2259             0                7         3.2556        17.4044
    2260             0                4         3.4975        16.9719
    2261             1               13         3.2382        17.1984
    2262             0                9         3.5429        17.4881
    2263             0                6         3.6636        18.3672
    2264             1               10         3.3489        18.1877
    2265             0                9         3.3293        18.2599
    2266             0                8         3.4023        17.7562
    2267             0                4         3.3171        16.9000
    2268             0               10         3.3272        18.1471
    2269             0               10         3.4618        18.3470
    2270             0                5         3.6751        18.5326
    2271             0                6         3.3346        17.9710
    2272             1                6         3.6089        18.9849
    2273             0                5         3.6028        20.4259
    2274             0                4         3.3716        19.5407
    2275             0                5         3.4811        19.9088
    2276             1                8         3.5812        19.4124
    2277             1               10         3.3947        18.8343
    2278             0                7         3.2941        18.2807
    2279             0               11         3.3166        17.9238
    2280             0               11         3.3279        17.7944
    2281             0                8         3.5406        18.4312
    2282             0                2         3.9507        18.8465
    2283             0                6         3.3199        17.7416
    2284             0                7         3.4757        18.2166
    2285             0                5         3.5149        19.7050
    2286             1                4         3.6381        19.9565
    2287             2               10         3.4428        19.4263
    2288             0               12         2.9942        20.2397
    2289             2               11         2.9271        19.5662
    2290             1               17         2.9086        19.6512
    2291             3               20         2.9366        19.8314
    2292             0               10         3.0053        19.7461
    2293             1               21         2.8296        19.9697
    2294             2               17         3.1230        20.4906
    2295             0               26         2.9045        19.8273
    2296             1               12         3.3653        20.8934
    2297             0               26         3.0285        21.4987
    2298             0               15         3.4950        21.5818
    2299             0               23         2.9469        20.9489
    2300             0               18         2.8870        21.3700
    2301             1               10         2.8561        22.6994
    2302             0               11         3.0238        21.1530
    2303             0               16         2.8772        20.3684
    2304             0                7         2.8810        20.3599
    2305             1               19         3.0564        20.2065
    2306             0               11         2.8370        22.4486
    2307             1               12         3.1469        22.3251
    2308             1                9         2.8510        22.4788
    2309             3               14         2.8635        23.0563
    2310             1               11         2.9086        22.5254
    2311             0                8         3.1767        22.6995
    2312             2               15         2.8492        21.3751
    2313             2               10         3.2738        22.1687
    2314             2               14         3.1411        21.8401
    2315             2               10         3.0307        22.6083
    2316             2               14         3.0678        22.6918
    2317             0               11         3.1900        23.3806
    2318             3               12         2.8018        22.1499
    2319             2               14         2.9299        22.2195
    2320             2               10         3.0403        21.8621
    2321             2               13         3.1487        22.2144
    2322             1               13         3.0056        21.2161
    2323             0                6         3.6112        21.3574
    2324             1               14         2.7539        21.7654
    2325             1                8         3.2145        21.9338
    2326             0               10         3.0528        20.5140
    2327             1                8         3.1212        21.3863
    2328             1               12         3.0300        19.7562
    2329             1               13         2.8627        19.9668
    2330             1               13         3.3340        21.2065
    2331             1                6         3.0700        20.2165
    2332             2               22         2.9363        21.3988
    2333             1                7         3.1864        21.6719
    2334             0               11         3.0977        21.4001
    2335             2               21         2.8918        21.7241
    2336             3               10         3.2129        21.6997
    2337             1               10         3.1006        22.1382
    2338             0               26         2.8598        22.2730
    2339             0               19         3.0533        22.0441
    2340             1               20         2.9812        20.0520
    2341             1                6         3.4441        20.8131
    2342             1               13         3.1546        19.6999
    2343             1               14         2.8771        20.0031
    2344             1               11         3.2833        20.6585
    2345             1               13         3.1967        20.4400
    2346             1               15         2.8273        19.7639
    2347             1               14         2.7374        21.2526
    2348             1               11         3.1174        21.3232
    2349             2               11         3.0561        21.5264
    2350             3               16         2.7607        20.4459
    2351             1               16         2.9704        20.3042
    2352             1               13         2.9661        20.5982
    2353             2               22         2.8531        19.2693
    2354             1               13         2.8111        20.6556
    2355             1               17         2.8213        20.4493
    2356             0                8         2.8462        20.0617
    2357             1               19         2.9631        19.3421
    2358             1               15         2.9789        20.2035
    2359             1               10         2.9162        21.5012
    2360             1               10         3.0440        21.8601
    2361             1               17         2.9523        21.9084
    2362             1               15         2.9699        21.5647
    2363             1               11         3.1049        21.5626
    2364             1                8         3.4685        21.3903
    2365             1                8         3.2209        20.3857
    2366             0               10         3.3633        20.0201
    2367             1               11         3.2197        19.9196
    2368             0                7         3.3773        18.5956
    2369             0                2         3.4059        19.7526
    2370             0                5         3.0755        20.0846
    2371             0                6         3.1151        20.9462
    2372             0                9         3.2345        21.0408
    2373             0               13         3.3379        20.8508
    2374             0               12         3.3273        20.9504
    2375             0               12         3.1667        21.5013
    2376             0                7         3.2557        21.6204
    2377             0                8         3.0802        22.6530
    2378             0                3         3.7112        21.5808
    2379             0                6         3.6276        20.5657
    2380             0                8         3.1713        22.0152
    2381             0               16         2.9656        18.8945
    2382             0               10         3.3214        18.9129
    2383             0               14         2.8950        19.7762
    2384             0               13         2.9706        18.5964
    2385             0               15         3.0154        19.6123
    2386             0               13         3.1535        19.5881
    2387             0                7         3.3206        19.9637
    2388             0               13         2.9492        20.7777
    2389             0                8         3.4173        19.4058
    2390             0                9         3.3949        20.9384
    2391             0               13         3.3784        19.7303
    2392             0               11         3.0610        19.5562
    2393             0                5         3.2905        20.7128
    2394             0                5         3.4267        18.3900
    2395             0                4         3.5474        18.5299
    2396             0                9         3.2576        17.7698
    2397             0               16         2.8023        17.7737
    2398             0                5         3.1707        19.3399
    2399             0               14         3.2385        18.1859
    2400             0                5         3.6166        18.3813
    2401             0               11         2.8933        17.4831
    2402             0                5         3.6234        20.8188
    2403             0                4         3.5700        20.6703
    2404             0               11         3.1860        20.2094
    2405             0                5         3.8061        19.5523
    2406             0                2         3.6608        18.8458
    2407             0               12         3.2691        18.4525
    2408             0                8         3.2460        19.1374
    2409             0                7         3.1705        19.5852
    2410             0                8         3.2760        19.5858
    2411             0                9         3.5164        20.4968
    2412             0                5         3.3687        21.4624
    2413             0               12         3.3467        20.6790
    2414             0                8         3.0053        20.3962
    2415             0                9         3.0526        20.8056
    2416             0               10         3.3987        20.8634
    2417             0                2         3.6473        21.6833
    2418             0                8         3.4146        18.7317
    2419             0               14         3.1683        19.3505
    2420             0                5         3.3681        20.9132
    2421             0               10         3.1363        20.8504
    2422             0                9         3.3338        19.1182
    2423             0                2         3.9236        18.6565
    2424             0                7         2.9574        19.1209
    2425             0                7         3.3901        19.1258
    2426             0                8         3.0920        18.0346
    2427             0               13         3.0152        19.6432
    2428             0                4         3.2508        19.0237
    2429             0                4         3.2860        17.1417
    2430             0                6         3.1432        17.4197
    2431             0                7         3.2559        18.1026
    2432             0                1         3.8546        18.8723
    2433             0                7         3.2898        19.4704
    2434             0                8         3.4493        20.2796
    2435             0                7         3.4758        19.8400
    2436             0                5         3.2078        20.5203
    2437             0                7         2.8991        20.7657
    2438             0                6         3.3742        20.3105
    2439             0                6         3.1100        20.6429
    2440             0                2         3.0482        19.3370
    2441             0                5         3.3224        19.5868
    2442             0                3         3.2509        19.7657
    2443             0                4         3.0197        19.9747
    2444             0                3         3.5596        20.2617
    2445             0                8         3.2307        19.8123
    2446             0                3         3.7151        20.5806
    2447             0                6         3.2987        20.3214
    2448             0                8         3.0241        19.5848
    2449             0                5         3.0678        20.8194
    2450             0                9         3.0992        20.9855
    2451             0                3         2.8876        21.1347
    2452             0                3         3.6740        21.3207
    2453             0                4         3.1376        20.4396
    2454             0                1         3.6700        19.3287
    2455             0                7         3.0400        19.9845
    2456             0               11         2.9467        19.5175
    2457             0               24         3.2118        19.5781
    2458             0               11         3.0952        19.8914
    2459             0               11         3.4751        18.8519
    2460             0                5         3.7560        20.3997
    2461             0                8         3.3740        20.6669
    2462             0                8         3.6160        19.8721
    2463             0               17         3.2869        19.2716
    2464             0                5         3.6157        20.3319
    2465             0               11         3.1395        18.7591
    2466             0               15         3.0591        17.8970
    2467             0               17         3.1802        18.9350
    2468             0               20         3.3599        18.7468
    2469             0               17         3.2473        19.2640
    2470             0               11         3.0541        19.7069
    2471             0               14         3.4199        20.9421
    2472             0                9         3.3597        19.8599
    2473             0               10         3.2573        19.6958
    2474             0               14         3.3506        19.1189
    2475             0                9         3.4683        19.6803
    2476             1               12         3.1207        20.1511
    2477             0               18         2.8988        19.6465
    2478             0               22         2.9180        20.1322
    2479             0               16         3.4618        19.6415
    2480             0               11         3.1175        20.6220
    2481             2               24         2.8256        20.2825
    2482             1               15         3.1986        21.3143
    2483             0               15         3.2966        20.1677
    2484             0               10         3.4872        20.1735
    2485             1               12         3.3272        19.5727
    2486             1               26         3.1824        18.5497
    2487             0               15         3.0743        20.2733
    2488             0               16         3.1338        20.5900
    2489             0               18         3.3829        20.0256
    2490             0               24         2.8169        19.7996
    2491             0               19         3.2044        20.2146
    2492             1               11         3.3082        20.3646
    2493             1               20         3.0000        18.5414
    2494             1               20         2.9956        19.5356
    2495             2               20         2.9912        18.5608
    2496             1               21         3.1768        19.1680
    2497             0               18         2.9946        19.7579
    2498             2               23         3.1668        17.2591
    2499             0               12         3.3002        18.0834
    2500             2               24         3.0411        16.8363
    2501             2               19         3.1618        17.8657
    2502             1               19         3.0092        19.8074
    2503             1               15         3.1983        19.9013
    2504             1               22         3.1500        19.1088
    2505             1               13         3.1272        20.1156
    2506             2               20         2.9888        19.9333
    2507             1               17         2.8960        20.2574
    2508             2               22         2.9035        19.2874
    2509             1               12         3.0230        21.4301
    2510             1               13         3.3033        19.0552
    2511             1                9         3.3887        20.2122
    2512             2               20         2.7918        18.8638
    2513             1               14         3.1411        19.2537
    2514             1               12         3.0608        20.3976
    2515             2               19         2.8006        18.0856
    2516             1                7         3.2698        19.8930
    2517             1               18         2.9020        18.8169
    2518             1               10         3.1760        18.5275
    2519             1                8         3.3976        19.8610
    2520             1               14         3.0348        20.9936
    2521             2               21         2.8849        19.0781
    2522             1               17         3.1049        18.1848
    2523             1               18         2.9493        18.0003
    2524             1               17         3.0232        18.6013
    2525             1               21         3.0701        19.0887
    2526             2               16         2.8460        18.9300
    2527             2               26         3.0218        18.2935
    2528             0               17         3.2556        18.0185
    2529             2               21         2.9957        17.8893
    2530             1               13         2.9884        19.5510
    2531             0               12         3.2520        18.9453
    2532             1               15         2.9861        20.0894
    2533             2               15         3.0582        20.1323
    2534             1               19         2.9477        20.2299
    2535             2               13         3.0003        19.4553
    2536             2               19         3.1061        20.5475
    2537             2               18         2.8668        19.0084
    2538             2               20         3.0561        19.3641
    2539             1               17         3.3867        17.0254
    2540             2               21         3.0539        17.0914
    2541             2               20         2.7461        17.0192
    2542             2               12         3.1012        17.0130
    2543             0               10         2.9889        17.4697
    2544             1               22         3.1881        16.6261
    2545             2               18         3.0656        16.8433
    2546             0               17         3.2358        18.6127
    2547             0               19         2.9863        17.3677
    2548             2               30         2.9653        17.1984
    2549             0                2         3.9344        18.1924
    2550             0               22         3.0965        17.9963
    2551             2               14         3.2420        18.5308
    2552             2               10         3.1262        18.1748
    2553             2               24         3.1384        17.6870
    2554             5               15         3.4249        17.9214
    2555             3               20         3.0354        17.5359
    2556             2               20         3.1277        16.0006
    2557             2                6         3.5615        17.1100
    2558             0               16         2.9614        17.8901
    2559             4               16         3.4599        17.3705
    2560             2               16         2.9488        17.7253
    2561             2               20         3.0757        16.1252
    2562             1               29         3.1626        16.7413
    2563             4               11         3.3863        16.4878
    2564             4               13         3.3912        16.1440
    2565             1               13         3.2829        17.3365
    2566             2               18         3.0840        16.9338
    2567             4               12         3.3641        17.0142
    2568             1               11         3.3164        18.8332
    2569             1               15         2.8514        16.7958
    2570             2               11         3.4613        17.6044
    2571             1                7         3.3291        18.1060
    2572             2               13         3.3845        17.6428
    2573             0               13         3.3983        17.9330
    2574             3               15         3.3630        17.5596
    2575             0               15         3.0429        18.0631
    2576             2               22         3.0345        18.3354
    2577             2               12         3.3223        18.3012
    2578             2               14         2.8872        18.1314
    2579             2               16         2.8666        18.3058
    2580             0               11         3.1007        18.1399
    2581             1               14         3.2875        19.0864
    2582             0               18         3.0883        18.1431
    2583             1               13         3.2455        19.4038
    2584             1                8         3.2712        19.2689
    2585             2                8         3.1654        18.7052
    2586             0                9         3.2367        19.0651
    2587             1               16         3.1839        19.2519
    2588             0               13         3.3194        17.3479
    2589             2               13         3.3802        18.0108
    2590             1               10         3.4924        18.7219
    2591             2               22         3.2768        17.6710
    2592             1                8         3.4492        18.7107
    2593             2               10         3.5097        18.7924
    2594             0                6         3.5396        18.5597
    2595             0                3         3.7516        18.2385
    2596             1                9         3.0813        18.6771
    2597             0                5         3.2825        17.9437
    2598             0                8         3.3750        18.5885
    2599             0                4         3.6777        18.4572
    2600             0                3         3.5698        19.1589
    2601             1                6         3.5754        18.8758
    2602             2               22         3.1725        17.0544
    2603             0               11         3.4973        18.6656
    2604             1               17         3.2398        17.4822
    2605             1                9         3.3529        19.1552
    2606             1               14         3.1936        18.8609
    2607             2               25         3.1380        19.8406
    2608             1                6         3.4409        19.2133
    2609             1               17         3.2371        17.6037
    2610             0               13         2.9630        18.7789
    2611             0               15         3.3039        19.4173
    2612             0               13         3.2788        20.4538
    2613             0               17         2.9390        20.8003
    2614             1               24         2.9089        21.7060
    2615             0               23         3.2303        21.9649
    2616             0               11         3.5015        22.1355
    2617             0               20         3.0825        22.3407
    2618             0               20         3.1808        21.6367
    2619             0               15         3.1776        20.3169
    2620             0               14         3.0089        20.6073
    2621             0               22         3.0462        22.0149
    2622             0               29         2.9136        20.7975
    2623             0               15         3.3921        19.7771
    2624             0               14         3.2066        20.0216
    2625             0                7         3.5409        20.8560
    2626             0               22         3.1267        20.5668
    2627             0               20         2.9725        20.0951
    2628             0               20         3.2363        21.2501
    2629             0               18         3.0535        22.1994
    2630             0               24         3.0450        21.3740
    2631             0               19         3.2026        20.3167
    2632             0               28         2.8686        21.2501
    2633             0               15         3.3116        20.7230
    2634             0               16         3.1897        20.5813
    2635             0               10         3.0230        20.7418
    2636             0               11         3.2413        20.9527
    2637             0                6         3.4308        21.9909
    2638             0               14         2.9070        20.6449
    2639             0               19         3.2269        21.0988
    2640             0               16         3.2252        21.0998
    2641             0               16         3.3519        21.0307
    2642             0                5         3.1309        22.1725
    2643             0                5         3.0813        21.0082
    2644             0               15         2.8968        21.3928
    2645             0                8         3.2893        21.7555
    2646             0               13         3.0404        22.3783
    2647             0                9         3.4004        23.2735
    2648             0                5         3.8519        22.3084
    2649             0                4         3.6881        22.5690
    2650             0                4         3.4708        21.8646
    2651             1                9         2.8897        21.5524
    2652             0                9         3.2237        21.8685
    2653             0                8         2.9972        19.7480
    2654             0                9         2.9576        20.2849
    2655             0               10         3.1505        19.1389
    2656             0               11         2.9818        19.4956
    2657             0                8         3.4755        19.3482
    2658             0                0         4.0109        19.9550
    2659             0                6         3.3857        21.1296
    2660             0                2         3.7071        21.2351
    2661             0                2         3.8435        20.7232
    2662             0                5         3.5348        21.5972
    2663             0                1         3.8696        20.7126
    2664             0                5         3.7168        20.8310
    2665             0                5         3.1664        21.8810
    2666             0                5         3.6075        21.0111
    2667             0                4         3.4981        21.2200
    2668             0                1         3.9324        22.6983
    2669             0                6         3.2432        21.1716
    2670             0                0         4.3926        22.0320
    2671             0                1         3.6914        22.1663
    2672             0                0         4.4868        21.6699
    2673             0                5         3.6020        21.1830
    2674             0                3         3.7937        21.9659
    2675             0                2         3.4566        22.1534
    2676             0                6         3.3696        22.3761
    2677             0                6         3.2867        20.4744
    2678             0                2         3.3218        21.8490
    2679             0                0         4.1019        21.0083
    2680             0                0         4.0144        21.4027
    2681             0                1         3.7528        23.1766
    2682             0                3         3.7925        24.4014
    2683             0                4         3.6079        23.9135
    2684             0                1         3.3684        22.3133
    2685             0                8         3.3754        20.5874
    2686             0                1         3.3651        21.6698
    2687             0                1         3.8840        21.5146
    2688             0                4         3.8067        21.3177
    2689             0                1         3.7337        22.8573
    2690             0                3         3.5737        23.1940
    2691             0                2         3.6573        22.0203
    2692             0                3         3.2191        22.0317
    2693             0                0         4.0625        22.7461
    2694             1                4         3.3463        21.6923
    2695             2                1         3.4655        22.0815
    2696             1                3         3.3928        22.0499
    2697             2                1         3.4348        21.7567
    2698             1                3         3.6434        22.4369
    2699             0                4         3.2007        22.2314
    2700             0                0         4.1595        22.8298
    2701             0                3         3.6001        22.6330
    2702             0                7         3.3008        21.8990
    2703             0                5         3.5236        22.6755
    2704             0                3         3.8841        22.8713
    2705             0                1         3.9357        23.2355
    2706             0                2         3.6626        21.0867
    2707             0                8         3.1608        20.7646
    2708             1                4         3.7117        20.1564
    2709             2                5         3.3157        20.9647
    2710             0                2         3.8638        21.9409
    2711             0                2         3.7387        21.1980
    2712             1                2         3.5760        20.9670
    2713             1                5         3.3174        20.7640
    2714             1                1         3.7434        21.4417
    2715             1                0         3.7017        20.9774
    2716             1                0         3.3345        20.7461
    2717             1                3         3.5270        19.7238
    2718             1                3         3.5915        18.2089
    2719             1                7         3.3786        18.9878
    2720             0                0         4.2219        17.4019
    2721             1                5         3.5715        17.3840
    2722             2                5         3.3828        18.1812
    2723             1                8         3.4808        18.3729
    2724             1                3         3.7006        18.9499
    2725             1                7         3.2814        19.9499
    2726             0                1         3.8877        18.1898
    2727             0                2         3.8557        19.3042
    2728             0                5         3.3578        19.7737
    2729             1                3         3.8348        20.4105
    2730             2                3         3.4317        21.5124
    2731             1                7         3.6403        20.5127
    2732             1                9         3.5137        20.8811
    2733             2                3         3.5746        21.6352
    2734             0                4         3.4455        22.6051
    2735             0                7         3.7092        21.6499
    2736             0                2         3.4891        22.3732
    2737             0                1         3.9038        22.0902
    2738             0                0         4.0103        22.2991
    2739             0                2         3.8292        23.8251
    2740             0                3         3.3743        22.7457
    2741             2                7         3.4257        21.0979
    2742             0                3         3.8066        21.7800
    2743             0                3         3.5860        22.2332
    2744             0                0         4.0104        22.2842
    2745             0                2         3.6400        22.8115
    2746             0                2         3.8896        22.1548
    2747             0                1         3.8422        20.4899
    2748             0                1         3.7297        22.0369
    2749             0                3         3.4752        22.3442
    2750             0                6         3.3433        20.9700
    2751             1                3         3.7749        19.7276
    2752             0                4         3.5052        21.8727
    2753             0                2         3.3983        19.8770
    2754             2                6         3.5648        21.5569
    2755             0                2         3.7389        21.3264
    2756             0                0         4.0258        20.7779
    2757             1                2         3.8879        21.6635
    2758             0                1         3.7922        22.4430
    2759             0                3         3.5434        20.5015
    2760             0                4         3.7382        20.0590
    2761             1                3         3.9227        19.8288
    2762             1                4         3.6282        19.5394
    2763             1                5         3.6796        19.1617
    2764             0                2         3.8082        20.3480
    2765             0                3         3.5820        19.5604
    2766             0                2         3.9026        20.3220
    2767             1                5         3.6386        19.8656
    2768             0                4         3.3805        20.8800
    2769             0                5         3.6679        20.4326
    2770             0                3         3.6278        21.2695
    2771             0                6         3.4961        21.0865
    2772             0                5         3.3922        21.5855
    2773             0                2         3.7390        22.0295
    2774             0                3         3.5326        21.9559
    2775             0                2         3.5324        21.6769
    2776             2                3         3.6113        20.9000
    2777             0                3         3.2820        20.2308
    2778             0                4         3.7642        19.3918
    2779             2               10         3.2614        17.1253
    2780             0                0         4.1070        17.5653
    2781             0                1         3.9829        19.0827
    2782             0                8         3.5536        19.2310
    2783             1                5         3.7147        18.6593
    2784             0                8         3.6178        19.1827
    2785             0                2         3.8128        17.6664
    2786             0                5         3.6666        18.4590
    2787             0                8         3.5251        17.5475
    2788             1                7         3.4834        18.7223
    2789             0                2         3.6131        20.3547
    2790             0                3         3.7894        20.6825
    2791             1                6         3.6720        19.8095
    2792             2                2         3.7766        19.5482
    2793             2                5         3.6748        20.3985
    2794             1                6         3.5954        19.0272
    2795             0                8         3.0311        20.1408
    2796             0               12         3.3083        18.6685
    2797             0                5         3.5017        19.4200
    2798             0                5         3.5059        19.8121
    2799             1                2         3.2456        19.7441
    2800             0                5         3.4362        20.2062
    2801             0                5         3.7702        19.4808
    2802             0                1         3.9297        21.3112
    2803             0               10         3.5536        19.0643
    2804             0                7         3.3499        20.7590
    2805             0                4         3.7351        20.4327
    2806             0                1         3.8849        18.6680
    2807             0                5         3.5886        19.3033
    2808             0                4         3.2205        20.3613
    2809             0                1         3.8691        19.4746
    2810             0                4         3.5641        18.5899
    2811             0                0         4.1031        19.4191
    2812             0                3         3.6152        19.4145
    2813             0                2         3.7340        19.3040
    2814             0                3         3.6521        20.1968
    2815             0                2         3.8608        20.3106
    2816             0                0         4.7237        19.6955
    2817             0                9         3.5381        20.0270
    2818             0                5         3.6526        18.9970
    2819             2                5         3.4647        18.9767
    2820             0                3         3.8869        20.0531
    2821             0                7         3.2823        19.4356
    2822             1                6         3.6374        18.9592
    2823             0                4         3.7681        20.0730
    2824             0                0         4.2598        20.7240
    2825             0                2         3.7537        21.7110
    2826             0                1         3.7046        20.4304
    2827             1                0         3.6722        21.5275
    2828             0                0         4.0325        22.8782
    2829             0                0         4.4342        22.8395
    2830             0                1         3.7595        24.0943
    2831             0                0         4.4199        24.4513
    2832             0                0         4.7832        23.9847
    2833             0                0         4.5297        24.0114
    2834             1                0         3.9774        20.9772
    2835             0                3         3.5872        21.2485
    2836             0                3         3.8178        20.2440
    2837             0                6         3.3019        20.7329
    2838             0                6         3.4963        20.2011
    2839             0                7         3.4077        19.1427
    2840             0                3         3.3060        18.9415
    2841             0                5         3.2911        18.1843
    2842             2                8         3.2649        19.3219
    2843             1                5         3.4755        18.2013
    2844             0                1         3.8708        18.8409
    2845             0                4         3.7482        18.8809
    2846             0                1         3.9096        18.6398
    2847             0                9         3.5000        17.4375
    2848             0                6         3.5449        18.6739
    2849             0                5         3.3148        18.4320
    2850             0                3         3.6679        18.6886
    2851             0                5         3.3711        18.0117
    2852             0                3         3.8037        18.5054
    2853             0                6         3.7606        18.4357
    2854             0                4         3.5239        18.5159
    2855             0               12         3.6774        19.2125
    2856             0                3         3.3989        18.2464
    2857             0                8         3.5568        19.1071
    2858             0                6         3.6226        19.0207
    2859             0                4         3.4734        18.2771
    2860             0                1         3.8834        17.6201
    2861             1               10         3.6000        18.5703
    2862             0                3         3.7778        18.5690
    2863             0                3         3.8342        17.2214
    2864             0                4         3.6536        18.4456
    2865             0                3         3.8160        18.9778
    2866             0                8         3.5639        18.4659
    2867             0                5         3.4618        18.0053
    2868             0                2         3.8419        19.0104
    2869             0                8         3.0928        18.6866
    2870             2                3         3.7949        20.0953
    2871             0               11         3.6232        19.7205
    2872             0                8         3.4333        19.5198
    2873             0                7         3.4631        20.3916
    2874             0                4         3.1658        19.6311
    2875             0                4         3.4952        19.2898
    2876             0                3         3.4601        20.0409
    2877             2               11         3.4406        18.5667
    2878             0                4         3.7463        20.2027
    2879             0                0         4.0246        19.7499
    2880             0                1         3.9203        20.0224
    2881             0                1         3.8368        19.6299
    2882             0                3         3.6313        20.3319
    2883             1                3         3.5836        21.6985
    2884             1                4         3.2867        21.2776
    2885             1                3         3.6801        20.5381
    2886             0                1         3.4990        23.0481
    2887             1                2         3.4742        21.5873
    2888             0                4         3.4438        21.7599
    2889             1                8         3.1162        20.5754
    2890             0                6         3.7887        20.1098
    2891             1                3         3.4864        19.4835
    2892             0                6         3.5322        18.3254
    2893             0                9         3.5336        18.5973
    2894             1                7         3.5170        18.9492
    2895             0                7         3.4268        18.6680
    2896             3                8         3.5731        21.0949
    2897             0               10         3.3692        18.4098
    2898             0                8         3.4595        18.1277
    2899             0                2         3.6636        18.0605
    2900             0                2         3.4245        17.7206
    2901             0                5         3.5764        18.5833
    2902             0                2         3.7603        17.4713
    2903             0                3         3.6139        19.4753
    2904             4                3         3.6154        19.0016
    2905             1                7         3.4767        19.0814
    2906             1                6         3.3401        18.8823
    2907             1                5         3.5247        19.2779
    2908             2                5         3.3559        18.9220
    2909             0                4         3.3441        21.3559
    2910             0                4         3.5671        19.9507
    2911             0                2         3.7737        20.0427
    2912             0                5         3.1846        19.6437
    2913             2                5         3.3506        18.6734
    2914             1                4         3.6217        19.5651
    2915             0                4         3.3674        19.8513
    2916             2                4         3.1902        20.0067
    2917             1                5         3.6535        19.0364
    2918             2                4         3.5426        19.1907
    2919             2                1         3.7363        19.7149
    2920             3                2         3.3258        19.0939
    2921             2                1         3.7570        20.0424
    2922             1                4         3.6576        19.2759
    2923             2                5         3.4737        20.0212
    2924             2                6         3.5758        19.9555
    2925             2                3         3.5982        22.9181
    2926             2                5         3.4805        21.6965
    2927             2                6         3.4469        19.4557
    2928             3                1         3.5054        20.3698
    2929             1                3         3.5079        21.2786
    2930             3                7         3.2981        19.9715
    2931             1                4         3.4341        19.3830
    2932             0                2         3.5348        19.3454
    2933             2                1         3.9003        19.5224
    2934             0                1         3.5810        19.1450
    2935             1                6         3.5242        18.9027
    2936             1                2         3.6833        18.2801
    2937             1                6         3.2659        18.5426
    2938             1                8         3.4507        17.7330
    2939             0                6         3.6514        17.7869
    2940             0                0         4.1524        20.3439
    2941             0                2         3.6609        20.0559
    2942             2                3         3.4650        20.8659
    2943             0                1         3.9353        20.6088
    2944             1                3         3.5612        19.6190
    2945             2                7         3.3231        19.1100
    2946             0                0         4.0035        19.5254
    2947             2                6         3.5906        18.5116
    2948             3                6         3.4493        19.5617
    2949             1                8         3.4767        18.8131
    2950             0               10         3.5595        18.6292
    2951             0               16         3.4845        17.5308
    2952             0                3         3.7944        17.3974
    2953             0                3         3.5662        17.5862
    2954             0                2         3.3586        18.5625
    2955             0                3         3.3562        17.8041
    2956             0                1         3.9172        18.7326
    2957             0                1         3.4337        16.6839
    2958             0                2         3.7032        19.2568
    2959             0                1         3.8764        19.7311
    2960             0                1         3.8845        19.8456
    2961             0                1         3.7404        20.5558
    2962             0                3         3.3965        20.2363
    2963             0                3         3.3827        20.1289
    2964             0                2         3.4006        20.6725
    2965             0                1         3.6951        21.3634
    2966             0                1         3.8087        20.9880
    2967             0                2         3.7495        20.4928
    2968             0                3         3.6353        20.0417
    2969             0                3         3.8174        20.1749
    2970             0                1         3.8840        20.1323
    2971             0                3         3.5862        20.4249
    2972             0                5         3.6351        20.4556
    2973             0                4         3.5117        21.5389
    2974             0                8         3.5911        20.3605
    2975             0                1         3.9464        21.1932
    2976             0                7         3.3809        22.4857
    2977             0                4         3.3006        22.5125
    2978             0                4         3.5976        23.0403
    2979             0                4         3.4221        22.1043
    2980             0                2         3.8496        21.7866
    2981             0                6         3.1722        21.8257
    2982             0               10         3.3412        22.2179
    2983             0                1         3.9111        20.9653
    2984             0                3         3.7468        20.8253
    2985             0                2         3.8610        21.5919
    2986             0                6         3.4770        21.1171
    2987             0                3         3.4657        20.4877
    2988             0                1         3.9008        20.6596
    2989             0                1         3.9426        20.4356
    2990             0                5         3.4222        21.4057
    2991             0                7         3.3516        21.1165
    2992             0                4         3.7852        22.0903
    2993             0                6         3.5929        21.3820
    2994             0                4         3.2682        21.6952
    2995             0                7         3.6160        21.7092
    2996             0                6         3.5770        22.6338
    2997             0                5         3.6882        22.4027
    2998             0                8         3.2883        21.7649
    2999             0               10         3.2535        23.1267
    3000             0               11         3.3907        22.8501
    3001             0                6         3.5987        22.2251
    3002             0                2         3.8883        23.4170
    3003             0                5         3.2735        22.8541
    3004             0                9         3.2746        22.9698
    3005             0                1         3.9155        23.1947
    3006             0                1         3.8660        21.4103
    3007             0                1         3.8488        21.3416
    3008             0                4         3.3764        21.6098
    3009             0                4         3.6593        21.2217
    3010             0                4         3.4952        20.6824
    3011             0                1         3.8585        21.3714
    3012             0                4         3.5605        20.8324
    3013             0                1         3.9545        22.7997
    3014             0                1         3.6103        22.5777
    3015             0                0         4.1831        22.5890
    3016             0                0         4.1677        21.6719
    3017             0                3         3.6205        21.6951
    3018             0                2         3.7323        22.3369
    3019             0                0         4.1687        21.2498
    3020             0                0         4.6581        21.1975
    3021             0                3         3.6686        21.0561
    3022             0                2         3.5149        21.5230
    3023             0                1         3.8675        21.5101
    3024             0                1         3.9501        22.7011
    3025             0                3         3.6749        21.3560
    3026             0                1         3.8966        21.3444
    3027             0                0         4.7259        22.2166
    3028             0                5         3.2468        21.6316
    3029             0                1         3.5492        21.1460
    3030             0                3         3.8661        21.0890
    3031             0                5         3.5920        21.2598
    3032             0                6         3.4827        21.0411
    3033             0                5         3.6130        21.6835
    3034             0                5         3.4590        20.2966
    3035             0                2         3.8360        20.9528
    3036             0                8         3.3620        21.9633
    3037             0               10         3.4560        21.2267
    3038             0                2         3.7459        22.5827
    3039             0                3         3.5833        24.5731
    3040             0                0         4.0226        23.3681
    3041             0                3         3.1399        23.6757
    3042             0                5         3.0485        23.0948
    3043             0                2         3.6180        23.0997
    3044             0                3         3.7405        23.1144
    3045             0                4         3.1685        20.5783
    3046             0                6         3.5762        20.8024
    3047             0                6         3.1082        19.6471
    3048             0                0         4.1347        21.3871
    3049             0                5         3.4436        21.6400
    3050             0                3         3.8107        20.7738
    3051             0                6         3.4641        20.6659
    3052             0                2         3.6300        20.3814
    3053             0                6         3.5341        20.2165
    3054             0                5         3.5652        19.9014
    3055             0                6         3.5232        19.8602
    3056             0                7         3.5591        19.8883
    3057             0                5         3.4390        20.1437
    3058             0                8         3.2902        20.9358
    3059             0                2         3.7996        20.9762
    3060             0                3         3.6710        20.1684
    3061             0                3         3.7156        20.4241
    3062             0                0         4.1836        20.2815
    3063             0                1         3.7485        20.0937
    3064             0                5         3.3725        20.9120
    3065             0                1         3.9774        20.4394
    3066             0                0         5.0422        20.4065
    3067             0                0         4.1451        21.2614
    3068             0                2         3.7928        21.0153
    3069             0                0         6.0848        20.4194
    3070             0                0         7.1736        20.4798
    3071             0                0         5.9439        20.5634
    3072             0                0         6.2360        20.2276
    3073             0                0         6.3691        20.7942
    3074             0                0         6.0178        19.5927
    3075             0                0         6.4365        20.0429
    3076             0                0         5.4460        19.8836
    3077             0                0         6.0273        20.1665
    3078             0                0         6.1985        19.1145
    3079             0                0         5.5778        20.0104
    3080             0                0         5.7794        19.5333
    3081             0                0         6.0911        20.1108
    3082             0                0         6.3648        19.3580
    3083             0                0         5.7837        20.1855
    3084             0                0         5.4950        19.8937
    3085             0                0         6.2705        19.1903
    3086             0                0         5.8778        20.3745
    3087             0                0         5.3122        19.9159
    3088             0                0         5.5187        20.4301
    3089             0                0         5.5804        20.2004
    3090             0                0         5.5492        19.8664
    3091             0                0         6.2495        20.0315
    3092             0                0         6.3161        19.2394
    3093             0                0         5.8716        19.7041
    3094             0                0         5.8335        19.5230
    3095             0                0         5.9118        18.8695
    3096             0                0         6.0222        19.2363
    3097             0                0         5.8374        19.2460
    3098             0                0         6.1712        19.4563
    3099             0                0         6.1253        19.5193
    3100             0                0         6.8686        19.6838
    3101             0                0         7.1093        20.4341
    3102             0                0         5.5959        19.7840
    3103             0                0         6.6703        19.7387
    3104             0                0         6.2855        19.7550
    3105             0                0         6.4159        19.8737
    3106             0                0         6.4468        19.9599
    3107             0                0         6.8032        20.9859
    3108             0                0         6.6459        20.8361
    3109             0                0         7.0489        21.7068
    3110             0                0         6.5968        21.0653
    3111             0                0         6.4401        20.2923
    3112             0                0         6.5782        19.8979
    3113             0                0         4.2383        19.8956
    3114             0                0         4.8797        19.6392
    3115             0                0         4.3479        19.0049
    3116             0                0         4.0541        20.1892
    3117             0                0         4.6666        20.2531
    3118             0                0         6.3004        20.7139
    3119             0                0         4.9505        20.8164
    3120             0                0         5.9390        21.1434
    3121             0                0         4.8810        20.3795
    3122             0                0         4.4929        20.3634
    3123             0                0         5.9306        19.7811
    3124             0                0         5.5224        19.7159
    3125             0                0         4.8894        19.5270
    3126             0                0         4.2377        18.4660
    3127             0                0         4.1540        17.7132
    3128             0                1         3.4560        18.1356
    3129             0                0         5.0147        18.7416
    3130             0                1         3.8201        18.3868
    3131             0                0         4.6341        18.3817
    3132             0                0         5.1949        18.7871
    3133             0                0         4.8427        18.5992
    3134             0                0         4.9880        19.0261
    3135             0                0         4.2453        17.9336
    3136             0                0         4.0254        17.5782
    3137             0                1         3.9825        17.0638
    3138             0                0         4.8723        18.6481
    3139             0                0         5.0489        18.5354
    3140             0                0         4.4100        18.4669
    3141             0                0         4.2376        17.5120
    3142             0                0         4.9883        18.0641
    3143             0                0         4.5614        19.0247
    3144             0                0         5.2076        18.8873
    3145             0                0         5.5821        20.5603
    3146             0                0         4.5137        20.9330
    3147             0                2         3.6073        20.0404
    3148             0                2         3.5785        19.7273
    3149             0                3         3.2751        19.7414
    3150             0                0         4.0291        19.5857
    3151             0                2         3.4007        17.4393
    3152             0                6         3.2581        17.5967
    3153             0                2         3.8322        18.7407
    3154             0                0         4.2297        16.9630
    3155             0                0         4.7164        17.5290
    3156             0                0         5.9951        18.5693
    3157             0                0         5.9883        18.1608
    3158             0                0         5.0248        19.8323
    3159             0                0         5.5440        18.9015
    3160             0                0         5.8587        18.4275
    3161             0                0         4.5273        18.3623
    3162             0                0         4.4036        18.2839
    3163             0                0         4.7065        18.7525
    3164             0                0         4.3010        19.9575
    3165             0                0         4.7293        18.8389
    3166             0                0         5.8726        19.1256
    3167             0                0         4.3918        19.0745
    3168             0                0         5.1889        19.7209
    3169             0                0         5.7018        17.5307
    3170             0                0         5.7402        17.3852
    3171             0                0         6.5951        18.4816
    3172             0                0         5.2370        18.8474
    3173             0                0         4.1934        20.1051
    3174             0                0         5.9677        19.6471
    3175             0                0         5.6612        20.0915
    3176             0                0         5.3548        19.8083
    3177             0                1         3.9901        19.7698
    3178             0                1         3.8527        19.4703
    3179             0                1         3.9435        20.0176
    3180             0                2         3.4778        19.4395
    3181             0                0         4.7376        19.5583
    3182             0                1         3.9756        18.9880
    3183             0                2         3.5259        19.1527
    3184             0                3         3.5040        19.5030
    3185             0                2         3.6012        19.2341
    3186             0                4         3.5403        19.4136
    3187             0                0         4.0203        20.2189
    3188             0                6         3.6482        19.6829
    3189             0                1         3.3557        19.4917
    3190             0                3         3.2591        18.9878
    3191             0                0         4.4552        18.9317
    3192             0                0         4.1811        19.6777
    3193             0                3         3.5040        20.0999
    3194             0                5         3.4250        20.7518
    3195             0                0         4.4209        19.8058
    3196             0                4         3.9634        19.8294
    3197             0                2         3.5257        19.4108
    3198             0                1         3.6820        20.0004
    3199             0                3         3.5086        19.0922
    3200             0                0         4.0570        20.0438
    3201             0                2         3.6790        20.1653
    3202             0                4         3.2960        19.8027
    3203             0                1         3.9842        19.3706
    3204             0                6         3.6075        19.7529
    3205             0                3         3.6855        20.8556
    3206             0                4         3.8166        20.3881
    3207             0                3         3.5022        20.7829
    3208             0                4         3.5887        21.5827
    3209             0                6         3.4921        20.3156
    3210             0                7         3.3895        20.7823
    3211             0                2         3.8150        20.9036
    3212             0                6         3.4378        20.2107
    3213             0                1         3.7584        19.4563
    3214             0                2         3.8256        19.5234
    3215             0                2         3.2907        19.9526
    3216             0                3         3.3589        19.9306
    3217             0                0         4.0698        20.9621
    3218             0                4         3.8020        21.4329
    3219             0                0         4.1206        19.2813
    3220             0                4         3.6381        20.3559
    3221             0                7         3.4020        19.9091
    3222             0                1         3.9013        20.2693
    3223             0                3         3.5650        20.3982
    3224             0                3         3.5038        20.7972
    3225             0                4         3.4963        20.2339
    3226             0                6         3.5854        20.1806
    3227             0                4         3.6196        19.5597
    3228             0                5         3.2778        18.9851
    3229             0                3         3.7155        19.8496
    3230             0                5         3.5204        19.7188
    3231             0                2         3.7085        20.0413
    3232             0                1         3.7640        19.0344
    3233             0                4         3.6825        18.8423
    3234             0                3         3.7665        19.6254
    3235             0                0         4.2359        18.6565
    3236             0                0         5.0177        19.2095
    3237             0                0         4.0291        18.8578
    3238             0                3         3.5079        19.6464
    3239             0                1         3.7708        19.2619
    3240             0                3         3.7424        19.5777
    3241             0                0         5.6112        20.1091
    3242             0                0         4.2330        19.9267
    3243             0                0         4.6315        21.4551
    3244             0                0         4.2414        22.3804
    3245             0                1         3.6009        20.0337
    3246             0                0         4.2079        19.5468
    3247             0                2         3.3867        20.0771
    3248             0                2         3.8208        19.4206
    3249             0                2         3.4736        20.3502
    3250             0                2         3.5663        19.0447
    3251             0                1         3.9749        19.5851
    3252             0                1         3.8487        19.4811
    3253             0                4         3.6127        19.9872
    3254             0                2         3.7405        18.9903
    3255             0                4         3.4919        19.0061
    3256             0               10         3.3135        18.8160
    3257             0                5         3.6633        19.7460
    3258             0                3         3.8323        17.8336
    3259             0                3         3.8114        19.6295
    3260             0                8         3.2323        19.2615
    3261             0                8         3.3872        18.8672
    3262             0                7         3.5747        20.3110
    3263             0                4         3.3864        19.8567
    3264             0                2         3.7977        19.2646
    3265             0                1         3.8616        18.8938
    3266             0                5         3.3773        18.4305
    3267             0                2         3.7073        18.8843
    3268             0                4         3.5190        17.2353
    3269             0                0         4.1551        17.1160
    3270             0                0         5.5619        19.0495
    3271             0                0         4.7776        20.0213
    3272             0                0         5.1949        18.3154
    3273             0                0         4.9347        18.3811
    3274             0                0         6.1738        18.8539
    3275             0                0         6.7098        21.1377
    3276             0                0         7.0810        21.0340
    3277             0                0         7.2560        19.5624
    3278             0                0         7.0639        20.7035
    3279             0                0         6.4133        20.6855
    3280             0                0         7.6848        19.4267
    3281             0                0         6.7228        20.8892
    3282             0                0         6.4824        20.7558
    3283             0                0         6.0988        21.6590
    3284             0                0         6.8307        22.4685
    3285             0                0         5.8289        22.3425
    3286             0                0         5.6511        22.6249
    3287             0                0         7.2636        23.5555
    3288             0                0         5.8274        23.2843
    3289             0                0         6.3767        22.8370
    3290             0                0         6.0679        22.3803
    3291             0                0         5.0987        22.2518
    3292             0                0         4.8608        20.7386
    3293             0                0         6.2500        22.1247
    3294             0                0         6.0254        23.6906
    3295             0                0         6.4275        22.1102
    3296             0                0         4.7091        22.3512
    3297             0                0         5.1206        22.2798
    3298             0                0         4.0189        22.3583
    3299             0                1         3.9634        21.1179
    3300             0                1         3.5341        21.0677
    3301             0                4         3.1642        19.1452
    3302             0                1         3.5080        20.2002
    3303             0                2         3.6863        19.2522
    3304             0                1         3.8120        19.5715
    3305             0                2         3.5727        19.9653
    3306             0                2         3.5253        21.0557
    3307             0                5         3.3245        21.4471
    3308             0                2         3.6382        19.5099
    3309             0                1         3.8582        20.9449
    3310             0                2         3.3490        21.2414
    3311             0                1         3.7646        19.4028
    3312             0                1         3.7177        19.6854
    3313             0                1         3.7127        20.4602
    3314             0                1         3.8533        20.0926
    3315             0                1         3.3627        21.3003
    3316             0                3         3.5498        22.2656
    3317             0                1         3.4033        21.6865
    3318             0                1         3.7439        20.8570
    3319             0                0         4.3103        20.4202
    3320             0                0         4.0821        21.3381
    3321             0                2         3.4431        22.6869
    3322             0                5         3.2900        20.5165
    3323             0                0         4.4782        19.9882
    3324             0                1         3.5946        19.5497
    3325             0                4         3.3090        19.9075
    3326             0                0         4.9585        19.7157
    3327             0                0         6.3765        20.0605
    3328             0                0         5.5919        19.3382
    3329             0                0         7.0186        20.6698
    3330             0                0         6.0776        19.9662
    3331             0                0         6.9444        20.3087
    3332             0                0         6.3963        20.9034
    3333             0                0         6.4212        21.4407
    3334             0                0         7.3220        21.1310
    3335             0                0         6.0366        20.8752
    3336             0                0         6.1616        20.6912
    3337             0                0         6.5782        21.3864
    3338             0                0         6.6760        21.4920
    3339             0                0         6.8716        20.4352
    3340             0                0         6.9988        21.0734
    3341             0                0         6.8566        21.0831
    3342             0                0         6.1882        21.6997
    3343             0                0         6.9652        22.6565
    3344             0                0         6.7726        21.2892
    3345             0                0         6.8832        22.8866
    3346             0                0         6.2517        22.8312
    3347             0                0         9.0229        24.0951
    3348             0                0         7.2686        24.6284
    3349             0                0         8.3906        23.1285
    3350             0                0         7.8917        22.0087
    3351             0                0         7.8804        22.8309
    3352             0                0         7.8460        22.8518
    3353             0                0         8.1873        23.1690
    3354             0                0         8.7055        22.7136
    3355             0                0         7.4344        21.6638
    3356             0                0         8.0142        22.0324
    3357             0                0         8.0251        22.3460
    3358             0                0         6.8997        22.7453
    3359             0                0         7.0969        22.9173
    3360             0                0         7.1927        22.1880
    3361             0                0         6.6818        20.7993
    3362             0                0         6.2542        21.0325
    3363             0                0         5.8971        20.9453
    3364             0                0         7.5189        21.4017
    3365             0                0         6.9477        21.5376
    3366             0                0         6.7164        21.5485
    3367             0                0         7.3033        22.1931
    3368             0                0         6.4151        22.4681
    3369             0                0         6.9606        22.2862
    3370             0                0         7.8637        21.4507
    3371             0                0         7.2480        20.7918
    3372             0                0         6.1644        21.1778
    3373             0                0         7.0626        21.8179
    3374             0                0         7.6950        21.9892
    3375             0                0         7.8147        22.1693
    3376             0                0         7.6179        21.8392
    3377             0                0         7.4954        21.4367
    3378             0                0         8.2819        21.8763
    3379             0                0         7.2797        22.9236
    3380             0                0         6.9168        23.1456
    3381             0                0         6.9708        22.5127
    3382             0                0         8.8934        22.6498
    3383             0                0         7.0878        23.3802
    3384             0                0         6.8060        22.7095
    3385             0                0         8.2409        23.3067
    3386             0                0         7.5312        23.3645
    3387             0                0         7.1418        22.0186
    3388             0                0         7.5679        22.4679
    3389             0                0         7.5436        23.2143
    3390             0                0         7.7121        22.6503
    3391             0                0         6.4223        22.0711
    3392             0                0         6.9327        22.8004
    3393             0                0         7.7868        24.8270
    3394             0                0         6.4313        23.8906
    3395             0                0         6.0909        23.2760
    3396             0                0         6.9510        23.6577
    3397             0                0         7.1226        24.2495
    3398             0                0         7.1890        24.4853
    3399             0                0         7.7055        24.8815
    3400             0                0         6.8727        23.7817
    3401             0                0         7.3307        23.9905
    3402             0                0         5.5013        22.4914
    3403             0                0         5.5711        23.2833
    3404             0                0         4.9256        22.0755
    3405             0                0         4.7754        22.1692
    3406             0                0         5.6778        21.7716
    3407             0                0         4.9395        19.5778
    3408             0                0         7.7066        20.9647
    3409             0                0         6.4715        21.0468
    3410             0                0         7.5921        20.9683
    3411             0                0         6.6460        20.1542
    3412             0                0         5.3442        20.3142
    3413             0                1         3.7493        20.0043
    3414             0                0         4.6956        21.1829
    3415             0                0         6.5553        20.6762
    3416             0                0         4.9956        20.2937
    3417             0                0         5.5255        20.4680
    3418             0                1         3.8987        22.1205
    3419             0                1         3.5174        22.1605
    3420             0                2         3.6442        21.8051
    3421             0                0         4.2832        21.8264
    3422             0                0         4.3047        21.9893
    3423             0                0         4.4973        20.9981
    3424             0                1         3.8063        21.0554
    3425             0                2         3.3857        22.6478
    3426             0                1         3.4441        21.2544
    3427             0                2         3.5699        21.8586
    3428             0                2         3.2417        20.9640
    3429             0                4         3.3372        21.2246
    3430             0                3         3.6671        21.5299
    3431             0                5         3.6504        21.4992
    3432             0                1         3.8732        20.3236
    3433             0                2         3.7050        20.2189
    3434             0                4         3.8128        20.0780
    3435             0                2         3.5675        21.7166
    3436             0                1         3.8522        21.0580
    3437             0                1         3.8883        22.5461
    3438             0                1         3.9128        23.0366
    3439             0                2         3.4609        23.7223
    3440             0                0         4.3988        23.1361
    3441             0                2         3.6947        23.1480
    3442             0                2         3.7205        23.3692
    3443             0                0         4.4078        25.0500
    3444             0                1         3.9804        24.4087
    3445             0                0         4.3345        20.7001
    3446             0                0         5.3169        21.0124
    3447             0                0         4.0796        19.9667
    3448             0                3         3.6629        20.3912
    3449             0                0         4.4064        21.0416
    3450             0                0         4.0493        20.3897
    3451             0                2         3.2912        20.1075
    3452             0                0         4.7313        20.5116
    3453             0                1         3.9630        20.7828
    3454             0                0         5.2228        20.3446
    3455             0                0         6.1717        21.2671
    3456             0                0         5.5935        21.2043
    3457             0                0         5.4668        24.3462
    3458             0                0         4.7848        23.7753
    3459             0                0         6.9687        23.6047
    3460             0                0         5.1335        23.3784
    3461             0                0         4.2349        20.8456
    3462             0                0         4.1651        20.2035
    3463             0                1         3.9310        19.5260
    3464             0                0         4.0582        20.4353
    3465             0                2         3.6294        21.0084
    3466             0                0         4.3492        22.2999
    3467             0                1         3.9423        23.0676
    3468             0                2         3.6309        20.7445
    3469             0                0         5.0501        20.1040
    3470             0                0         4.7730        19.7357
    3471             0                1         3.8663        20.4401
    3472             0                0         4.0422        20.2219
    3473             0                2         3.5496        20.3185
    3474             0                2         3.7935        21.8542
    3475             0                2         3.5782        20.4328
    3476             0                0         4.0531        20.9192
    3477             0                0         4.5467        21.7171
    3478             0                0         4.1760        21.2052
    3479             0                2         3.7138        22.3063
    3480             0                0         4.0806        22.3244
    3481             0                1         3.6832        21.3885
    3482             0                5         3.2266        19.9980
    3483             0                1         3.6242        21.0511
    3484             0                1         3.5532        20.9824
    3485             0                0         4.0761        22.1148
    3486             0                0         4.7834        21.1423
    3487             0                0         5.1871        20.3420
    3488             0                0         4.7149        20.1153
    3489             0                1         3.9853        19.4101
    3490             0                0         4.4127        19.2019
    3491             0                0         4.2509        19.5015
    3492             0                1         3.8111        19.9191
    3493             0                2         3.5848        20.5769
    3494             0                2         3.4374        21.8481
    3495             0                0         4.0994        22.3364
    3496             0                0         4.3416        22.1773
    3497             0                0         4.8025        20.9707
    3498             0                0         5.2122        22.9848
    3499             0                0         6.8118        21.7749
    3500             0                0         7.1657        23.5574
    3501             0                0         6.1051        22.2956
    3502             0                0         6.0996        22.8388
    3503             0                0         5.9802        20.6838
    3504             0                0         6.1941        21.3590
    3505             0                0         6.4998        21.0260
    3506             0                0         6.2714        20.9954
    3507             0                0         7.3392        20.8441
    3508             0                0         5.7086        22.5550
    3509             0                0         5.8241        22.7514
    3510             0                0         5.4001        21.9841
    3511             0                0         4.7994        23.5672
    3512             0                0         4.7453        23.7540
    3513             0                0         5.3240        22.2779
    3514             0                0         4.6800        21.8980
    3515             0                0         4.8884        21.2480
    3516             0                0         4.3391        22.2253
    3517             0                2         3.1168        21.2801
    3518             0                1         3.3965        19.9218
    3519             0                3         3.2780        20.7834
    3520             0                4         3.0758        20.3948
    3521             0                2         2.9417        19.8537
    3522             0                6         2.7172        19.8874
    3523             0                5         2.9604        20.3946
    3524             0                4         3.0476        21.5674
    3525             0                4         3.0414        21.2441
    3526             0                7         2.8328        19.6192
    3527             0                6         2.9627        20.7077
    3528             0                6         2.6951        20.4207
    3529             0                3         2.8526        20.6106
    3530             0                5         3.0110        21.1896
    3531             0                5         2.9535        20.8554
    3532             0                1         3.2374        21.2677
    3533             0                3         3.7781        21.0990
    3534             0                2         3.6057        21.6421
    3535             0                3         3.6018        23.5929
    3536             0                1         3.4675        21.8469
    3537             0                2         3.7833        21.2388
    3538             0                1         3.5836        22.7186
    3539             0                3         3.7710        20.9958
    3540             0                2         3.4300        21.9669
    3541             0                2         3.6849        22.7348
    3542             0                2         3.5655        22.0695
    3543             0                3         3.5063        22.2965
    3544             0                1         3.5841        21.9450
    3545             0                2         3.4080        22.1661
    3546             0                1         3.6204        22.1190
    3547             0                0         4.0808        21.5339
    3548             0                1         3.9406        19.7027
    3549             0                2         3.9193        21.4931
    3550             0                0         4.8176        20.2244
    3551             0                2         3.5554        21.1029
    3552             0                4         3.6657        19.8203
    3553             0                0         4.0066        21.2903
    3554             0                0         4.0875        21.1001
    3555             0                2         3.9597        20.3284
    3556             0                1         3.6613        19.7401
    3557             0                3         3.4626        20.1436
    3558             0                3         3.4279        20.0055
    3559             0                2         3.5405        20.5564
    3560             0                4         3.2506        21.2613
    3561             0                1         3.9947        20.4904
    3562             0                3         3.4723        21.1239
    3563             0                0         4.4844        21.1502
    3564             0                0         4.5790        22.0110
    3565             0                0         5.5198        20.5348
    3566             0                3         3.2781        21.3540
    3567             0                1         3.5397        21.0862
    3568             0                1         3.8109        21.1161
    3569             0                1         3.2472        21.4456
    3570             0                0         4.2874        21.0583
    3571             0                1         3.3922        21.3018
    3572             0                0         4.1690        21.2873
    3573             0                0         4.0597        21.1826
    3574             0                0         5.1299        21.9534
    3575             0                0         6.3596        22.2109
    3576             0                0         5.9965        21.5755
    3577             0                0         7.0270        21.7710
    3578             0                0         7.8065        22.1713
    3579             0                0         5.7798        22.2605
    3580             0                0         7.1968        22.3268
    3581             0                0         8.9214        21.9090
    3582             0                0         7.4156        22.6116
    3583             0                0         8.5724        22.3391
    3584             0                0         8.3260        22.6591
    3585             0                0         7.5128        22.4571
    3586             0                0         7.2928        22.8865
    3587             0                0         6.8672        23.5261
    3588             0                0         6.0846        23.1449
    3589             0                0         6.2876        21.9075
    3590             0                0         5.9963        21.9829
    3591             0                0         6.5405        21.7271
    3592             0                0         7.0080        21.0296
    3593             0                0         7.3509        22.1275
    3594             0                0         8.6946        21.9414
    3595             0                0         8.6411        21.7318
    3596             0                0         8.4542        21.5614
    3597             0                0         8.4871        20.6707
    3598             0                0         9.3006        21.7436
    3599             0                0         8.0287        21.4342
    3600             0                0         7.7921        21.5519
    3601             0                0         8.5636        23.1096
    3602             0                0         8.4843        22.4467
    3603             0                0         8.6900        21.7890
    3604             0                0         9.7735        22.4168
    3605             0                0         9.1940        22.7869
    3606             0                0        10.6270        23.4561
    3607             0                0         9.5511        23.4282
    3608             0                0         9.7485        22.8903
    3609             0                0         7.8092        22.9807
    3610             0                0         8.2330        22.6422
    3611             0                0         6.9353        23.3162
    3612             0                0         7.8327        23.6489
    3613             0                0         9.1320        24.5334
    3614             0                0        10.1525        26.1108
    3615             0                0        10.8894        23.2121
    3616             0                0        11.3797        23.3262
    3617             0                0        11.1175        23.8825
    3618             0                0         8.3234        24.1790
    3619             0                0         8.8276        24.2072
    3620             0                0         8.1208        22.3328
    3621             0                0         9.3798        21.6043
    3622             0                0         9.9992        22.5722
    3623             0                0        11.1810        22.6821
    3624             0                0        12.3868        22.8049
    3625             0                0        12.4436        23.0825
    3626             0                0        13.6405        23.3862
    3627             0                0        13.3306        24.3657
    3628             0                0        12.0388        24.4961
    3629             0                0        10.9590        24.1998
    3630             0                0        11.8368        24.9859
    3631             0                0        11.4718        24.1199
    3632             0                0        11.3786        24.1829
    3633             0                0        11.3895        25.2882
    3634             0                0        11.7329        24.9824
    3635             0                0        12.4006        25.5200
    3636             0                0        11.9009        24.5259
    3637             0                0        10.8767        24.1976
    3638             0                0        10.2519        24.4384
    3639             0                0        11.1179        25.7904
    3640             0                0         9.9010        24.5934
    3641             0                0        10.1564        24.8899
    3642             0                0         9.1646        23.3164
    3643             0                0         9.2773        23.9599
    3644             0                0         9.4840        24.3497
    3645             0                0        10.7809        23.6558
    3646             0                0        10.8409        24.2362
    3647             0                0        10.8734        25.0346
    3648             0                0        11.1237        25.1441
    3649             0                0        11.0630        23.6839
    3650             0                0        10.4163        24.4990
    3651             0                0        10.3796        25.2505
    3652             0                0        12.2668        26.1277
    3653             0                0        12.3657        25.5580
    3654             0                0        13.7411        25.8465
    3655             0                0        12.3814        27.4693
    3656             0                0        13.0504        27.7590
    3657             0                0        13.9616        27.1512
    3658             0                0        13.5994        26.8100
    3659             0                0        12.6039        27.2656
    3660             0                0        13.7833        26.6088
    3661             0                0        13.6740        28.2342
    3662             0                0        13.0393        25.7691
    3663             0                0        13.3455        27.0776
    3664             0                0        13.5406        27.1280
    3665             0                0        13.8577        26.2484
    3666             0                0        13.5046        26.1469
    3667             0                0        13.3265        26.5351
    3668             0                0        11.1280        25.9603
    3669             0                0        13.8645        25.9176
    3670             0                0        11.5383        25.2123
    3671             0                0        12.1751        24.6438
    3672             0                0        12.1858        24.4673
    3673             0                0        10.0354        24.2264
    3674             0                0        12.0979        23.5568
    3675             0                0        11.2509        24.0534
    3676             0                0        11.7974        23.7780
    3677             0                0        11.5255        24.2911
    3678             0                0        10.7784        25.3613
    3679             0                0        12.8559        25.7562
    3680             0                0        11.5059        26.2938
    3681             0                0        10.2558        26.0723
    3682             0                0        10.8774        25.9520
    3683             0                0         9.5289        25.5311
    3684             0                0         9.0616        27.1111
    3685             0                0        10.8977        25.8201
    3686             0                0        10.4607        26.6457
    3687             0                0        10.6400        26.0180
    3688             0                0        11.7715        26.1540
    3689             0                0        11.5688        27.7066
    3690             0                0        10.6792        28.7249
    3691             0                0        10.4368        26.5789
    3692             0                0        10.3099        27.9517
    3693             0                0        10.3730        28.9984
    3694             0                0        10.0866        27.7674
    3695             0                0        10.3307        27.8621
    3696             0                0        10.4328        27.6178
    3697             0                0        10.7116        27.9603
    3698             0                0        10.8465        26.9669
    3699             0                0        11.5675        27.4168
    3700             0                0        10.7924        27.3855
    3701             0                0        11.0574        26.9880
    3702             0                0        11.1487        26.8473
    3703             0                0        10.5665        26.2234
    3704             0                0         8.6692        26.3776
    3705             0                0         7.7946        24.5945
    3706             0                0         8.2441        25.7237
    3707             0                0         7.7180        25.4931
    3708             0                0         9.3857        24.8111
    3709             0                0         9.9205        26.1764
    3710             0                0         8.0686        25.8510
    3711             0                0         8.4909        25.9944
    3712             0                0         8.1134        25.2103
    3713             0                0         7.8860        27.4233
    3714             0                0         7.8152        26.5415
    3715             0                0         7.8705        25.9732
    3716             0                0         8.6746        26.0913
    3717             0                0         7.2987        25.9886
    3718             0                0         8.5739        26.2953
    3719             0                0         8.1802        27.2758
    3720             0                0         7.8151        27.9316
    3721             0                0         8.3330        26.6473
    3722             0                0         8.0508        26.8601
    3723             0                0         8.8417        26.6796
    3724             0                0         9.0627        27.1187
    3725             0                0         8.1034        26.5458
    3726             0                0         8.4128        26.4243
    3727             0                0         8.6062        25.5630
    3728             0                0         8.7253        25.7593
    3729             0                0         8.5707        27.0093
    3730             0                0         7.7560        26.6808
    3731             0                0         7.7455        25.9990
    3732             0                0         7.5161        27.6711
    3733             0                0         7.4588        27.4859
    3734             0                0         6.9474        27.1066
    3735             0                0         6.4849        27.6414
    3736             0                0         7.2833        27.4312
    3737             0                0         6.7857        25.5393
    3738             0                0         7.5752        26.0554
    3739             0                0         7.1169        26.4389
    3740             0                0         5.9465        25.7147
    3741             0                0         6.0618        25.3798
    3742             0                0         6.0953        25.5486
    3743             0                0         6.2091        25.0727
    3744             0                0         5.6232        25.0060
    3745             0                0         5.4925        26.7282
    3746             0                0         5.5174        24.4956
    3747             0                0         6.2962        24.4966
    3748             0                0         6.7690        24.4044
    3749             0                0         6.3081        23.3623
    3750             0                0         8.8540        21.8644
    3751             0                0         6.4921        23.4227
    3752             0                0         8.3107        23.3201
    3753             0                0         9.4252        23.9829
    3754             0                0         9.4776        24.4380
    3755             0                0        10.1465        24.7765
    3756             0                0        10.1869        24.6943
    3757             0                0         9.9182        25.1039
    3758             0                0         9.7732        23.8369
    3759             0                0        11.4625        23.6541
    3760             0                0        12.5058        24.8878
    3761             0                0        11.7815        25.4357
    3762             0                0        10.9227        25.7955
    3763             0                0        11.5457        25.7907
    3764             0                0        11.3742        27.6491
    3765             0                0        12.0731        26.0908
    3766             0                0        12.8085        27.2874
    3767             0                0        12.1591        28.6061
    3768             0                0        10.6728        27.0422
    3769             0                0        10.9654        26.9872
    3770             0                0        10.3826        28.0316
    3771             0                0        10.5750        27.4405
    3772             0                0        10.2702        27.5091
    3773             0                0        12.2094        26.1745
    3774             0                0        12.6218        25.9915
    3775             0                0        12.5861        26.1787
    3776             0                0        12.7528        28.1211
    3777             0                0        13.0242        27.0034
    3778             0                0        13.9804        26.7191
    3779             0                0        12.2115        27.3661
    3780             0                0        13.0243        26.8987
    3781             0                0        11.9201        26.3070
    3782             0                0        14.2632        26.6832
    3783             0                0        13.6373        27.9274
    3784             0                0        13.6848        27.3321
    3785             0                0        12.3960        26.7489
    3786             0                0        12.7169        27.0140
    3787             0                0        12.6360        25.8151
    3788             0                0        11.2444        25.6471
    3789             0                0        13.2876        24.9748
    3790             0                0        12.1646        25.7983
    3791             0                0        12.3451        25.1799
    3792             0                0        12.9331        26.9381
    3793             0                0        12.7870        26.5992
    3794             0                0        13.4055        26.4062
    3795             0                0        12.9830        27.0441
    3796             0                0        13.7071        27.4799
    3797             0                0        13.3818        27.4105
    3798             0                0        14.5182        27.2898
    3799             0                0        12.4914        26.9291
    3800             0                0        12.8959        27.3633
    3801             0                0        12.9771        27.2026
    3802             0                0        12.1220        27.8244
    3803             0                0        12.1481        27.2886
    3804             0                0        12.0293        27.3330
    3805             0                0        12.4814        27.4332
    3806             0                0        11.6457        27.3858
    3807             0                0        11.1765        27.4806
    3808             0                0        11.5426        27.2175
    3809             0                0        12.2352        27.0952
    3810             0                0        12.2665        27.3217
    3811             0                0        12.9299        27.5253
    3812             0                0        11.3003        27.5961
    3813             0                0        11.4466        27.2591
    3814             0                0        10.6080        27.7622
    3815             0                0        10.8249        27.3810
    3816             0                0        10.9825        27.3236
    3817             0                0        12.2869        27.8181
    3818             0                0        11.7648        27.2336
    3819             0                0        12.6925        27.7309
    3820             0                0        12.0473        27.6858
    3821             0                0        12.0001        28.1916
    3822             0                0        11.4029        28.2810
    3823             0                0        10.2758        27.6426
    3824             0                0        11.2739        27.4467
    3825             0                0        11.5357        27.7122
    3826             0                0        11.3514        27.5362
    3827             0                0        12.9483        27.8315
    3828             0                0        13.3212        27.6557
    3829             0                0        13.5916        27.7516
    3830             0                0        13.5633        28.2167
    3831             0                0        14.4774        27.9167
    3832             0                0        15.0674        27.6724
    3833             0                0        13.6644        27.1669
    3834             0                0        12.5089        27.0273
    3835             0                0        13.8212        27.4266
    3836             0                0        14.0970        27.3483
    3837             0                0        14.7049        27.1824
    3838             0                0        11.0647        25.8449
    3839             0                0        12.0572        26.1013
    3840             0                0        11.0777        25.4086
    3841             0                0        10.3943        24.5726
    3842             0                0         9.0541        24.3144
    3843             0                0         8.4379        23.4928
    3844             0                0         8.2772        22.8857
    3845             0                0        10.8956        23.3640
    3846             0                0        10.5148        24.1370
    3847             0                0        11.1115        24.8821
    3848             0                0        10.2870        25.6555
    3849             0                0        11.7293        25.3919
    3850             0                0        11.3911        25.7327
    3851             0                0        12.8641        25.8482
    3852             0                0        12.9361        25.7145
    3853             0                0        12.9963        26.5790
    3854             0                0        15.0871        26.3234
    3855             0                0        14.4927        26.6114
    3856             0                0        16.6325        26.1058
    3857             0                0        16.3434        26.3951
    3858             0                0        15.2166        26.2425
    3859             0                0        13.8737        27.1547
    3860             0                0        13.0745        27.3336
    3861             0                0        12.8241        27.3012
    3862             0                0        10.3917        27.3588
    3863             0                0        10.5718        27.4946
    3864             0                0        10.9607        27.4295
    3865             0                0        11.5935        27.1255
    3866             0                0        10.4389        26.8743
    3867             0                0        10.4787        25.1452
    3868             0                0         9.7504        25.3018
    3869             0                0        10.6199        24.4624
    3870             0                0         9.0304        25.0600
    3871             0                0         7.2315        25.1895
    3872             0                0         7.5674        25.1071
    3873             0                0         8.1259        26.2539
    3874             0                0         6.2571        26.8139
    3875             0                0         7.3193        25.2623
    3876             0                0         6.6308        24.7633
    3877             0                0         7.7316        23.3771
    3878             0                0         7.8225        24.1212
    3879             0                0         6.4037        24.8824
    3880             0                0         6.3502        23.6922
    3881             0                0         5.9009        24.8625
    3882             0                0         6.4714        24.6561
    3883             0                0         6.5234        24.7659
    3884             0                0         7.2077        23.9664
    3885             0                0         6.9296        24.1227
    3886             0                0         5.9472        23.6013
    3887             0                0         4.4028        23.9608
    3888             0                0         4.0196        23.2448
    3889             0                0         4.4860        23.7314
    3890             0                1         3.6701        24.0533
    3891             0                1         3.6840        22.7460
    3892             0                3         3.3988        22.9962
    3893             0                1         3.8569        24.1985
    3894             0                0         4.3899        22.5257
    3895             0                0         4.2491        22.4511
    3896             0                0         4.3373        23.7898
    3897             0                1         3.3938        23.1842
    3898             0                0         4.0042        24.3384
    3899             0                5         3.2377        23.9225
    3900             1                3         3.2985        25.2171
    3901             0                5         3.3964        25.4894
    3902             0                1         3.8193        26.3689
    3903             1                5         3.2466        24.8160
    3904             1                4         2.7002        25.5811
    3905             1                3         3.1668        25.7996
    3906             0                1         3.9458        25.6917
    3907             1                3         3.0806        25.5264
    3908             1                4         3.5216        24.7876
    3909             0                2         3.1541        26.2165
    3910             0                1         3.4332        25.1761
    3911             0                0         4.5823        25.0199
    3912             0                0         4.8345        25.1496
    3913             0                0         6.3362        25.7079
    3914             0                0         8.1091        25.8541
    3915             0                0         6.0606        24.9619
    3916             0                0         4.2174        23.6728
    3917             0                0         4.2212        23.6905
    3918             0                0         4.7685        23.4766
    3919             0                0         5.6451        25.0229
    3920             0                1         3.9543        23.9482
    3921             0                1         3.5586        25.6976
    3922             0                1         3.4530        25.8316
    3923             1                5         3.0282        23.8490
    3924             1                2         3.2201        24.9376
    3925             0                0         4.1524        24.4041
    3926             0                1         3.8298        23.8202
    3927             1                3         3.2318        23.8924
    3928             0                3         3.5538        22.6234
    3929             2                6         3.5016        22.8926
    3930             1                1         3.2707        24.1697
    3931             0                4         3.3728        24.3135
    3932             0                0         4.0978        25.2028
    3933             0                0         5.3640        25.5863
    3934             0                2         3.5292        24.7305
    3935             0                0         4.8369        24.7032
    3936             0                0         5.0011        24.6672
    3937             1                1         3.7709        23.9980
    3938             1                2         3.6629        23.7503
    3939             1                2         3.3600        23.4560
    3940             2                3         3.2734        22.5093
    3941             2                3         3.2908        23.1781
    3942             2                5         3.2781        23.8857
    3943             0                2         3.6255        22.4661
    3944             1                2         3.4865        23.4502
    3945             2                6         3.3795        23.6169
    3946             1                4         3.6380        23.2585
    3947             1               11         2.9673        22.8141
    3948             0                3         3.3740        23.3141
    3949             1                4         3.3605        24.5452
    3950             0                1         3.9480        24.5411
    3951             0                1         3.3147        23.2862
    3952             0                3         3.4430        23.8722
    3953             0               10         3.4547        23.3909
    3954             1               12         2.7695        23.0856
    3955             1               15         2.5908        23.3348
    3956             1                4         3.5934        22.6547
    3957             1                9         2.6653        23.2518
    3958             1                4         3.4161        22.1061
    3959             0                3         3.4575        22.5019
    3960             0                3         3.5569        22.9661
    3961             0                2         3.5605        23.1061
    3962             0                3         3.7026        22.9939
    3963             0                6         3.4792        23.5748
    3964             0                6         3.3163        23.9474
    3965             0                1         3.8169        22.9303
    3966             0                1         3.6559        23.3009
    3967             0                2         3.7188        23.3298
    3968             0                1         3.7666        23.4539
    3969             0                2         3.2975        23.5436
    3970             0                3         3.5993        23.3136
    3971             0                2         3.9820        23.1810
    3972             0                7         3.2052        23.6238
    3973             0                3         3.8105        24.2965
    3974             0                5         3.2825        23.7147
    3975             0                1         3.9823        23.4536
    3976             0                2         3.9073        23.7606
    3977             0                3         3.6629        22.4374
    3978             0                3         3.5013        22.6009
    3979             0                0         4.1481        22.2905
    3980             0                2         3.7779        21.5167
    3981             0                1         3.6665        23.0971
    3982             0                2         3.4026        23.2313
    3983             0                0         5.7201        24.1769
    3984             0                0         4.4372        24.2496
    3985             0                0         6.5574        24.2988
    3986             0                0         5.3743        23.5987
    3987             0                0         4.2398        22.8897
    3988             0                0         4.3419        23.1131
    3989             0                0         4.6349        23.5428
    3990             0                0         5.8956        22.4949
    3991             0                0         6.2591        23.2219
    3992             0                0         4.9957        22.9573
    3993             0                0         6.5144        22.3199
    3994             0                0         7.3390        22.7195
    3995             0                0         5.3709        22.9548
    3996             0                0         6.7795        23.1242
    3997             0                0         7.1991        23.2665
    3998             0                0         6.7929        22.7433
    3999             0                0         6.8208        23.3456
    4000             0                0         5.8511        23.0969
    4001             0                0         5.1961        23.6766
    4002             0                0         5.5244        25.2693
    4003             0                0         7.4834        26.6792
    4004             0                0         7.0909        27.4956
    4005             0                0         5.7443        27.0528
    4006             0                1         3.7158        26.3172
    4007             0                2         3.5805        25.6001
    4008             0                2         3.5255        27.1614
    4009             0                1         3.8351        26.4564
    4010             0                0         5.3702        25.8881
    4011             0                0         6.1035        25.9088
    4012             0                0         6.9995        25.9156
    4013             0                0         7.5787        26.7675
    4014             0                0         6.9355        25.1390
    4015             0                0         6.8864        24.5417
    4016             0                0         7.4910        25.2718
    4017             0                0         8.0887        27.4172
    4018             0                0         6.5633        25.1925
    4019             0                0         7.0266        26.6679
    4020             0                0         6.3868        26.1737
    4021             0                0         6.4200        26.0947
    4022             0                0         6.2435        25.1540
    4023             0                0         7.3037        26.9072
    4024             0                0         8.3400        27.4056
    4025             0                0         6.8628        24.8506
    4026             0                0         6.3992        27.2270
    4027             0                0         6.2963        26.2222
    4028             0                0         7.4448        28.3793
    4029             0                0         7.2468        28.3398
    4030             0                0         7.4438        28.3087
    4031             0                0         6.1018        26.6503
    4032             0                0         7.3656        27.6947
    4033             0                0         7.6580        28.3509
    4034             0                0         5.8311        28.9441
    4035             0                0         6.0818        28.6085
    4036             0                0         6.6191        28.2922
    4037             0                0         7.0223        28.2769
    4038             0                0         7.4941        27.2781
    4039             0                0         7.1524        28.0211
    4040             0                0         7.3651        29.0643
    4041             0                0         9.0593        28.2012
    4042             0                0         8.0831        28.0930
    4043             0                0         8.8861        28.2981
    4044             0                0         8.6184        26.5011
    4045             0                0         9.3150        26.4743
    4046             0                0         8.3158        25.5153
    4047             0                0         9.9852        26.7692
    4048             0                0         9.1823        25.5913
    4049             0                0         8.8258        24.6624
    4050             0                0         9.2142        24.7444
    4051             0                0         9.0064        23.9829
    4052             0                0         7.9531        24.4159
    4053             0                0         7.0591        24.6081
    4054             0                0         9.2568        23.5622
    4055             0                0         8.9336        23.8607
    4056             0                0         7.9921        24.5049
    4057             0                0         9.2808        24.5577
    4058             0                0         9.8778        25.9164
    4059             0                0        10.5275        25.7656
    4060             0                0         8.7695        24.4018
    4061             0                0        10.8809        26.5093
    4062             0                0        12.7038        26.9684
    4063             0                0        12.3826        27.4768
    4064             0                0        12.6324        26.4904
    4065             0                0        14.2181        27.8795
    4066             0                0        11.9249        26.4001
    4067             0                0         9.3110        26.4916
    4068             0                0         9.9424        26.2554
    4069             0                0         9.8585        25.1442
    4070             0                0        10.3377        25.0811
    4071             0                0        10.7428        24.6106
    4072             0                0        10.4863        24.1598
    4073             0                0        13.0954        23.7872
    4074             0                0        12.2585        22.8726
    4075             0                0        10.7630        22.6729
    4076             0                0        11.4298        23.1896
    4077             0                0        11.3026        23.5332
    4078             0                0        12.2671        24.1514
    4079             0                0        12.2923        24.0975
    4080             0                0        12.8402        23.8248
    4081             0                0        11.2313        23.7080
    4082             0                0        10.8107        24.1090
    4083             0                0         9.3466        23.5158
    4084             0                0         9.7974        23.0060
    4085             0                0        10.3429        22.7321
    4086             0                0         8.9776        22.4628
    4087             0                0        10.1073        22.7949
    4088             0                0        10.0047        24.1499
    4089             0                0         9.4064        23.8123
    4090             0                0         9.3001        24.3689
    4091             0                0         9.6423        24.7458
    4092             0                0         9.0635        25.5609
    4093             0                0         9.9524        24.8804
    4094             0                0        10.0275        26.1217
    4095             0                0        10.4394        25.9942
    4096             0                0         9.7638        25.8433
    4097             0                0         8.7879        25.0911
    4098             0                0         7.6454        24.1799
    4099             0                0         7.1553        24.0761
    4100             0                0         7.3578        24.4609
    4101             0                0         7.7187        23.9458
    4102             0                0         7.3234        23.3983
    4103             0                0         6.9133        23.9811
    4104             0                0         7.8059        23.4800
    4105             0                0         7.4148        22.6184
    4106             0                0         8.2593        23.5302
    4107             0                0         8.4139        23.2774
    4108             0                0         7.7768        22.8839
    4109             0                0         7.6417        23.5882
    4110             0                0         8.4159        23.7508
    4111             0                0         7.7953        23.0034
    4112             0                0         9.8599        23.5431
    4113             0                0         9.2853        24.3095
    4114             0                0         8.7313        24.9740
    4115             0                0         8.0320        24.6482
    4116             0                0        10.9294        26.8322
    4117             0                0        10.1102        26.4689
    4118             0                0        10.5015        26.0118
    4119             0                0        10.0606        25.7892
    4120             0                0         9.4137        25.2308
    4121             0                0         9.3808        24.4126
    4122             0                0         9.6375        24.6864
    4123             0                0        11.4620        26.2953
    4124             0                0         9.7110        25.2307
    4125             0                0        11.4072        26.7993
    4126             0                0        12.5015        27.4475
    4127             0                0        12.7655        27.3470
    4128             0                0        14.0394        27.8571
    4129             0                0        14.4839        27.4955
    4130             0                0        12.2431        27.1391
    4131             0                0        13.6005        27.3513
    4132             0                0        13.9526        27.3188
    4133             0                0        13.6377        27.0769
    4134             0                0        14.8776        27.7601
    4135             0                0        16.2802        27.6253
    4136             0                0        13.0374        28.0789
    4137             0                0        12.8607        28.0654
    4138             0                0        12.8467        28.5410
    4139             0                0        12.1672        28.8380
    4140             0                0        13.0134        28.4861
    4141             0                0        13.9141        29.2638
    4142             0                0        11.7634        27.9103
    4143             0                0        13.6564        27.8445
    4144             0                0        12.8662        28.6439
    4145             0                0        13.4562        28.1309
    4146             0                0        13.2995        27.6671
    4147             0                0        12.8040        27.7359
    4148             0                0        14.4308        27.8874
    4149             0                0        15.7696        27.9447
    4150             0                0        12.9884        27.8223
    4151             0                0        12.2285        27.8688
    4152             0                0        13.7075        27.9498
    4153             0                0        10.2081        27.9349
    4154             0                0        10.8075        27.7420
    4155             0                0        10.4364        27.7587
    4156             0                0        10.2536        28.1880
    4157             0                0         9.5959        28.4434
    4158             0                0         9.7032        27.7480
    4159             0                0        10.1389        27.8161
    4160             0                0        12.3202        27.1980
    4161             0                0        11.7952        27.6298
    4162             0                0        13.0405        28.1433
    4163             0                0        12.4454        28.0990
    4164             0                0        13.7672        27.9525
    4165             0                0        14.0072        28.3659
    4166             0                0        14.3573        28.4794
    4167             0                0        12.4655        28.8172
    4168             0                0        13.0058        28.3183
    4169             0                0        11.6810        27.9617
    4170             0                0        12.3464        27.4670
    4171             0                0        11.4740        27.1415
    4172             0                0        13.2353        28.0876
    4173             0                0        13.2939        28.0503
    4174             0                0        14.3596        27.6487
    4175             0                0        13.4911        28.6108
    4176             0                0        13.7038        28.3032
    4177             0                0        13.6331        27.5168
    4178             0                0        13.8538        27.7739
    4179             0                0        12.7774        27.9699
    4180             0                0        14.1635        30.9313
    4181             0                0        14.0677        30.0075
    4182             0                0        13.6730        29.2344
    4183             0                0        12.4390        28.5990
    4184             0                0        14.5126        29.8948
    4185             0                0        18.1769        29.8643
    4186             0                0        17.5374        29.7089
    4187             0                0        16.2493        29.0396
    4188             0                0        14.0909        29.0471
    4189             0                0        15.4845        29.6182
    4190             0                0        16.3952        29.8551
    4191             0                0        14.4047        28.8614
    4192             0                0        15.0643        29.8537
    4193             0                0        13.5956        28.7515
    4194             0                0        11.5197        29.0645
    4195             0                0        11.8626        27.4835
    4196             0                0        12.2470        27.1386
    4197             0                0        13.9188        27.8320
    4198             0                0        12.9474        27.2409
    4199             0                0        11.4967        26.1901
    4200             0                0        11.5648        26.5823
    4201             0                0        12.1335        27.2812
    4202             0                0        10.3476        27.5388
    4203             0                0         7.8663        27.3138
    4204             0                0         9.1904        26.4647
    4205             0                0         8.1639        27.8320
    4206             0                0         6.7666        27.6784
    4207             0                0         8.6708        25.8647
    4208             0                0         9.0218        25.9546
    4209             0                0         8.7407        27.3863
    4210             0                0         8.5734        27.3258
    4211             0                0        10.1200        28.0394
    4212             0                0        10.6185        28.6387
    4213             0                0        12.1227        28.8649
    4214             0                0        12.7253        29.6448
    4215             0                0        13.3779        31.4459
    4216             0                0        12.7420        30.3043
    4217             0                0        12.3117        31.2035
    4218             0                0        14.1062        30.8042
    4219             0                0        14.7202        32.2549
    4220             0                0        13.3766        31.7431
    4221             0                0        12.1601        32.4782
    4222             0                0        13.7868        32.3473
    4223             0                0        14.0265        33.0493
    4224             0                0        13.3938        32.2864
    4225             0                0        15.2548        32.8265
    4226             0                0        14.0338        32.8318
    4227             0                0        14.2569        32.6554
    4228             0                0        15.8438        32.1842
    4229             0                0        13.6198        31.8887
    4230             0                0        16.0038        32.9473
    4231             0                0        14.0215        32.1729
    4232             0                0        14.6632        31.3057
    4233             0                0        12.7918        30.5270
    4234             0                0        12.4284        31.2815
    4235             0                0        13.4787        33.0952
    4236             0                0        13.9526        32.3956
    4237             0                0        13.5802        32.8182
    4238             0                0        15.3566        33.1271
    4239             0                0        16.7818        32.9509
    4240             0                0        13.8576        32.7056
    4241             0                0        15.1963        33.3095
    4242             0                0        15.3037        32.6331
    4243             0                0        12.5191        32.8034
    4244             0                0        13.7748        32.4325
    4245             0                0        13.0895        31.8817
    4246             0                0        12.7551        31.4948
    4247             0                0        13.3548        31.1269
    4248             0                0        15.2221        31.9680
    4249             0                0        14.2390        31.6125
    4250             0                0        13.8716        31.6639
    4251             0                0        13.6863        32.4789
    4252             0                0        12.5105        30.0513
    4253             0                0        11.0760        30.3251
    4254             0                0        11.2033        29.5859
    4255             0                0        10.5614        28.5730
    4256             0                0        11.7636        28.4991
    4257             0                0        12.0714        29.0529
    4258             0                0        11.2182        29.8341
    4259             0                0        13.4689        29.6442
    4260             0                0        13.4949        30.2116
    4261             0                0        12.4452        29.2445
    4262             0                0        12.1420        29.5440
    4263             0                0        13.7069        30.6206
    4264             0                0        13.9873        31.8951
    4265             0                0        13.6497        31.6277
    4266             0                0        13.7677        29.7485
    4267             0                0        12.0776        29.0769
    4268             0                0        12.8475        29.1463
    4269             0                0        10.5125        29.2707
    4270             0                0        13.2021        28.7733
    4271             0                0        13.9392        29.7471
    4272             0                0        11.8911        29.7235
    4273             0                0        13.0706        29.9332
    4274             0                0        15.6525        32.2150
    4275             0                0        16.9025        32.5100
    4276             0                0        18.7584        33.0917
    4277             0                0        16.6739        31.8419
    4278             0                0        18.0748        32.0804
    4279             0                0        18.1774        32.3328
    4280             0                0        19.2396        33.1758
    4281             0                0        18.3146        32.8664
    4282             0                0        17.7509        33.1789
    4283             0                0        18.5365        32.9274
    4284             0                0        17.9500        32.4732
    4285             0                0        17.1132        32.1752
    4286             0                0        17.1220        31.3558
    4287             0                0        17.9220        31.4846
    4288             0                0        18.8220        31.3961
    4289             0                0        19.8079        31.6765
    4290             0                0        19.5718        32.5441
    4291             0                0        19.5544        31.6737
    4292             0                0        18.4042        30.8785
    4293             0                0        19.3359        31.9336
    4294             0                0        20.6610        31.4112
    4295             0                0        19.0739        31.4554
    4296             0                0        19.1325        32.0817
    4297             0                0        20.3660        32.4245
    4298             0                0        19.4304        31.3638
    4299             0                0        19.6247        31.8671
    4300             0                0        17.3790        30.2381
    4301             0                0        18.9264        30.3112
    4302             0                0        19.0651        32.0898
    4303             0                0        19.5338        32.0718
    4304             0                0        18.0728        31.5100
    4305             0                0        16.9413        31.6867
    4306             0                0        15.9601        31.1684
    4307             0                0        17.0505        31.3591
    4308             0                0        15.2066        30.5484
    4309             0                0        16.1939        31.8569
    4310             0                0        14.4127        32.2666
    4311             0                0        12.9115        32.4897
    4312             0                0        13.6815        30.6109
    4313             0                0        14.3064        30.5412
    4314             0                0        15.3168        31.6096
    4315             0                0        16.4967        30.2599
    4316             0                0        15.3013        31.6286
    4317             0                0        16.5322        30.5299
    4318             0                0        16.0463        30.6121
    4319             0                0        14.2972        29.1507
    4320             0                0        14.1675        29.0250
    4321             0                0        15.0363        29.8448
    4322             0                0        16.9341        31.1782
    4323             0                0        15.4740        30.3137
    4324             0                0        15.7831        30.8039
    4325             0                0        15.5558        30.2485
    4326             0                0        15.6037        30.5236
    4327             0                0        18.4656        31.5259
    4328             0                0        21.0189        32.6986
    4329             0                0        18.2376        31.9140
    4330             0                0        18.8871        32.1252
    4331             0                0        18.9392        32.1176
    4332             0                0        19.5033        32.5154
    4333             0                0        19.7406        33.1735
    4334             0                0        19.9491        32.7175
    4335             0                0        20.8192        33.1421
    4336             0                0        21.1218        33.3108
    4337             0                0        19.6165        32.9769
    4338             0                0        19.9234        33.3454
    4339             0                0        21.3441        33.4943
    4340             0                0        21.6504        33.2106
    4341             0                0        21.1443        32.7591
    4342             0                0        21.8007        32.7740
    4343             0                0        20.4087        32.9554
    4344             0                0        21.0456        33.3655
    4345             0                0        22.4031        32.9119
    4346             0                0        19.8717        33.1858
    4347             0                0        18.3264        33.0768
    4348             0                0        19.6933        33.2082
    4349             0                0        18.2866        32.5134
    4350             0                0        17.6302        33.0041
    4351             0                0        18.4107        32.9333
    4352             0                0        17.2199        32.9562
    4353             0                0        17.9851        32.5771
    4354             0                0        18.7387        32.7538
    4355             0                0        17.6454        33.0407
    4356             0                0        17.4048        32.7996
    4357             0                0        18.6098        31.6821
    4358             0                0        18.3358        31.1486
    4359             0                0        18.3629        31.8429
    4360             0                0        16.9905        32.0006
    4361             0                0        14.0787        30.8574
    4362             0                0        12.5921        31.4366
    4363             0                0        13.3033        31.9128
    4364             0                0        13.7341        30.7196
    4365             0                0        12.6309        31.3630
    4366             0                0        11.8038        30.8109
    4367             0                0        10.4369        31.2032
    4368             0                0        10.1936        31.5300
    4369             0                0         8.5548        32.0212
    4370             0                0        11.6490        31.2784
    4371             0                0        12.2816        30.4651
    4372             0                0        11.8211        30.2545
    4373             0                0        12.0758        28.9365
    4374             0                0        13.1176        29.6541
    4375             0                0        14.7428        29.4634
    4376             0                0        12.0205        29.1494
    4377             0                0        12.1543        29.3729
    4378             0                0        14.1658        29.1122
    4379             0                0        13.0590        30.6440
    4380             0                0        14.0468        28.4477
    4381             0                0        14.8956        28.6140
    4382             0                0        17.7447        29.8140
    4383             0                0        15.8659        29.6824
    4384             0                0        14.5776        28.7159
    4385             0                0        15.8474        28.6842
    4386             0                0        15.1375        28.2950
    4387             0                0        14.3394        27.6495
    4388             0                0        13.4474        29.1360
    4389             0                0        15.4239        29.8838
    4390             0                0        13.0568        30.6636
    4391             0                0        14.5525        32.5400
    4392             0                0        13.7770        31.2306
    4393             0                0        11.5089        32.2103
    4394             0                0        13.2766        31.4310
    4395             0                0        14.5679        31.8425
    4396             0                0        15.9749        33.1559
    4397             0                0        15.2924        33.2356
    4398             0                0        16.2512        33.3779
    4399             0                0        17.0423        32.9666
    4400             0                0        15.9552        32.7973
    4401             0                0        18.8055        32.9724
    4402             0                0        16.5986        32.7409
    4403             0                0        16.5344        33.2102
    4404             0                0        15.9295        32.4630
    4405             0                0        16.1917        33.4197
    4406             0                0        15.1693        32.2417
    4407             0                0        15.8836        31.9859
    4408             0                0        15.6682        33.0386
    4409             0                0        14.7631        32.6807
    4410             0                0        14.0170        30.1914
    4411             0                0        13.5408        30.6459
    4412             0                0        11.8549        30.9080
    4413             0                0        11.5339        30.3165
    4414             0                0        10.8719        29.8037
    4415             0                0        12.1106        29.5536
    4416             0                0        12.4816        28.8786
    4417             0                0        12.8773        28.0173
    4418             0                0        12.6241        28.2818
    4419             0                0        12.7501        27.8011
    4420             0                0        14.2235        28.4018
    4421             0                0        12.9809        27.0025
    4422             0                0        14.4696        27.3435
    4423             0                0        13.3266        27.3730
    4424             0                0        10.9609        26.5520
    4425             0                0        10.2511        26.7007
    4426             0                0        11.5600        26.6544
    4427             0                0        10.9540        26.9643
    4428             0                0        10.0881        26.5480
    4429             0                0        10.1875        26.2453
    4430             0                0        10.8390        26.3051
    4431             0                0        10.3169        27.6414
    4432             0                0        11.0164        26.8362
    4433             0                0        11.0740        26.8433
    4434             0                0        10.1806        26.6873
    4435             0                0         9.7776        27.5214
    4436             0                0        10.1046        26.6934
    4437             0                0        11.9683        27.1118
    4438             0                0        13.1938        26.9006
    4439             0                0        13.6263        26.8204
    4440             0                0        15.1415        26.9762
    4441             0                0        13.0137        26.7973
    4442             0                0        11.8212        26.3864
    4443             0                0        14.2448        27.2772
    4444             0                0        13.9955        26.6958
    4445             0                0        13.4467        26.7501
    4446             0                0        14.4014        26.5634
    4447             0                0        14.6979        26.5585
    4448             0                0        14.0199        26.6712
    4449             0                0        13.3403        26.7584
    4450             0                0        13.8677        26.9534
    4451             0                0        14.1906        28.1701
    4452             0                0        12.6406        27.1921
    4453             0                0        13.9831        27.2564
    4454             0                0        13.6467        26.7015
    4455             0                0        13.4478        26.4872
    4456             0                0        13.0871        26.5187
    4457             0                0        13.3460        27.2902
    4458             0                0        13.2961        26.5100
    4459             0                0        11.3610        26.2326
    4460             0                0        11.4767        26.5146
    4461             0                0         9.4275        26.5666
    4462             0                0        10.5133        26.2623
    4463             0                0        11.2345        26.5929
    4464             0                0         9.7944        27.3473
    4465             0                0         9.4815        27.7576
    4466             0                0         9.1718        27.7740
    4467             0                0         8.1280        27.6491
    4468             0                0         7.2070        27.8688
    4469             0                0         6.3058        28.1677
    4470             0                0         8.4435        29.0703
    4471             0                0         8.4038        28.2534
    4472             0                0         7.6133        28.3908
    4473             0                0         8.3032        27.9578
    4474             0                0         8.2445        29.1613
    4475             0                0         8.5571        28.5512
    4476             0                0         9.1260        28.1338
    4477             0                0         5.6876        26.2037
    4478             0                0         8.3699        25.1212
    4479             0                0         8.3707        24.6192
    4480             0                0         9.7362        25.5659
    4481             0                0        10.6280        26.0846
    4482             0                0        10.2424        26.2935
    4483             0                0         7.8507        25.6986
    4484             0                0         7.8233        24.9486
    4485             0                0         7.1424        26.0107
    4486             0                0         6.5129        26.7557
    4487             0                0         5.7995        26.9685
    4488             0                0         4.9002        26.0684
    4489             0                6         3.3812        24.5216
    4490             0                2         3.6435        26.2013
    4491             0                1         3.3203        27.3267
    4492             0                1         3.0674        26.4238
    4493             0                2         3.5166        26.1017
    4494             0                4         3.3607        24.8826
    4495             0                0         4.1604        24.9167
    4496             0                5         3.5437        24.1503
    4497             0                2         3.3911        25.1511
    4498             0                2         3.8139        25.6915
    4499             0                2         3.6656        24.6622
    4500             0                5         3.3291        24.3652
    4501             0                1         3.9665        24.5279
    4502             0                2         3.7246        24.4533
    4503             0                2         3.7618        25.3379
    4504             0                0         4.3293        25.3579
    4505             0                0         4.9584        24.7244
    4506             0                0         4.9134        22.9077
    4507             0                0         5.2262        23.5818
    4508             0                1         3.9980        24.0586
    4509             0                0         5.2141        23.2975
    4510             0                1         3.7711        23.4010
    4511             0                0         5.3257        22.6395
    4512             0                3         3.4953        22.6808
    4513             0                0         4.2264        22.4406
    4514             0                0         4.2111        22.5254
    4515             0                2         3.5364        21.5787
    4516             0                4         3.7260        20.4936
    4517             0                8         3.4217        20.5615
    4518             0               24         3.1982        20.0450
    4519             0               17         3.3706        20.6196
    4520             0               21         3.4280        19.2523
    4521             0               18         3.3325        19.7566
    4522             0               10         3.3522        20.6611
    4523             0               14         3.6652        21.1165
    4524             0               14         3.6579        20.9998
    4525             0               18         3.4039        20.2315
    4526             0                4         3.7568        21.3620
    4527             0               12         3.3528        21.1856
    4528             0               15         3.3642        21.3503
    4529             0                7         3.6038        20.3903
    4530             0                1         3.8890        19.8675
    4531             0                4         3.5451        19.8173
    4532             0                5         3.7731        19.6687
    4533             0                7         3.4731        19.8914
    4534             0                0         4.4202        21.1859
    4535             0                8         3.5200        20.3697
    4536             0                5         3.3068        21.0222
    4537             0                9         3.4398        20.2968
    4538             0                9         3.4366        20.7092
    4539             0                8         3.2051        20.7052
    4540             0                7         3.4460        22.3164
    4541             0               10         3.3813        21.7954
    4542             0                6         3.4637        20.9852
    4543             0                6         3.7589        20.5877
    4544             0               18         3.3684        19.8733
    4545             0               12         3.4704        20.7604
    4546             0                9         3.3064        19.1576
    4547             0                6         3.5541        20.4112
    4548             0                7         3.3654        19.4353
    4549             0               11         3.4372        20.1276
    4550             0                4         3.6628        20.7365
    4551             0                7         3.5703        21.1499
    4552             0               11         3.2664        21.6545
    4553             0                7         3.1798        20.6345
    4554             0                8         3.4518        21.1212
    4555             0                6         3.6050        22.2114
    4556             0               10         3.2626        22.3594
    4557             0               18         3.1473        21.1083
    4558             0                9         3.4482        21.0935
    4559             0               12         3.2955        21.9636
    4560             0                6         3.6158        22.4947
    4561             0                6         3.6581        22.6480
    4562             0                9         3.5281        22.3115
    4563             0                6         3.5976        22.9920
    4564             0                8         3.3793        23.0701
    4565             0                6         3.7409        23.1059
    4566             0                6         3.3427        23.4209
    4567             0                5         3.0462        21.9798
    4568             0                7         3.4759        22.3139
    4569             0               12         3.3651        22.7344
    4570             0                8         3.6545        23.0387
    4571             0                6         3.5817        23.6418
    4572             0                4         3.8821        22.7468
    4573             0                6         3.5803        22.9098
    4574             0                0         4.2281        23.8901
    4575             0                4         3.2183        23.3804
    4576             0                7         3.7148        24.1812
    4577             0                6         3.6556        24.1114
    4578             0               10         3.2624        23.7610
    4579             0                5         3.8402        23.7619
    4580             0                5         3.4955        23.7923
    4581             0               10         3.4377        22.4653
    4582             0               12         3.2347        21.5622
    4583             0               17         3.5397        21.6968
    4584             0               16         3.2505        21.4162
    4585             0                6         3.4881        22.1628
    4586             0               10         3.6655        21.8122
    4587             0                1         3.8361        19.9654
    4588             0               11         3.4951        19.1892
    4589             0                7         3.6004        21.6312
    4590             0                9         3.5818        21.9535
    4591             0               11         3.4332        22.8596
    4592             0               10         3.5090        21.8025
    4593             0               11         3.4876        21.4885
    4594             0                9         3.2619        20.6417
    4595             0                6         3.3597        20.5074
    4596             0                1         3.5534        20.9767
    4597             0                7         3.3708        20.3246
    4598             0                5         3.5952        18.8950
    4599             1               10         3.4316        18.3694
    4600             0               11         3.3314        20.0735
    4601             0                1         3.8459        20.8506
    4602             0                9         3.5087        20.2404
    4603             0               12         3.0696        19.2714
    4604             0                2         3.7964        20.0573
    4605             0                7         3.5442        18.8502
    4606             0                0         4.2309        20.4174
    4607             0                7         3.5759        20.5298
    4608             0               12         3.2617        19.4994
    4609             0                9         3.3602        20.6815
    4610             0                9         3.4988        20.1929
    4611             0                5         3.4736        20.1795
    4612             0                7         3.5077        21.3680
    4613             0                9         3.4355        20.3989
    4614             0                5         3.5853        20.7947
    4615             0                5         3.7260        20.9328
    4616             0                4         3.2491        20.4219
    4617             0                8         3.5515        21.2029
    4618             0                4         3.6729        20.7778
    4619             0                4         3.7119        21.9103
    4620             0               12         3.3283        21.7732
    4621             0                7         3.7226        22.7100
    4622             0                7         3.6219        23.3187
    4623             0               10         3.3428        22.1251
    4624             0                5         3.1519        22.4420
    4625             0                1         3.4279        22.8046
    4626             0                3         3.3011        22.7871
    4627             0                2         3.4305        23.1708
    4628             0                2         3.6935        22.7045
    4629             0                2         3.3989        23.6531
    4630             0                3         3.2126        23.2665
    4631             0                4         3.2469        21.1681
    4632             0                2         3.8461        21.8298
    4633             0                4         3.5135        21.7116
    4634             0                6         3.4289        20.2064
    4635             0                5         3.3587        20.9786
    4636             0                2         3.6091        20.7030
    4637             0                2         3.3092        20.6621
    4638             0                1         3.8779        20.1918
    4639             0                0         4.9082        20.8741
    4640             0                0         6.1218        22.8123
    4641             0                0         5.2865        21.8411
    4642             0                0         6.8093        22.2162
    4643             0                0         9.1227        23.4219
    4644             0                0         9.5772        22.2736
    4645             0                0         9.1299        22.8994
    4646             0                0         8.9338        22.1612
    4647             0                0         8.3105        21.5941
    4648             0                0         7.5272        21.4232
    4649             0                0         6.9434        21.4092
    4650             0                0         8.5011        21.8416
    4651             0                0         8.1409        21.9338
    4652             0                0         8.5317        22.7547
    4653             0                0         8.2588        22.7578
    4654             0                0         9.4983        22.7453
    4655             0                0        10.6046        22.9263
    4656             0                0         9.5093        23.5496
    4657             0                0        10.6757        24.3961
    4658             0                0         9.4847        23.8479
    4659             0                0        10.8501        24.2664
    4660             0                0        10.3601        23.9646
    4661             0                0        10.6784        23.4617
    4662             0                0         9.1975        23.2400
    4663             0                0         8.5039        23.2390
    4664             0                0        10.7565        22.5661
    4665             0                0        10.7828        21.9757
    4666             0                0        12.5151        22.7799
    4667             0                0        12.4532        23.7776
    4668             0                0        13.0954        23.8356
    4669             0                0        12.5029        22.8469
    4670             0                0        11.5895        24.4066
    4671             0                0        11.1353        22.9678
    4672             0                0        11.4831        22.9307
    4673             0                0         9.3217        22.5551
    4674             0                0        10.0078        22.8550
    4675             0                0         9.9284        22.4343
    4676             0                0         9.8786        22.8595
    4677             0                0         9.8524        22.1932
    4678             0                0        10.1590        21.9222
    4679             0                0        10.1589        21.9506
    4680             0                0         9.6432        22.6261
    4681             0                0         9.1748        22.3841
    4682             0                0         8.9898        23.6056
    4683             0                0         9.2318        24.2426
    4684             0                0        10.2069        24.1676
    4685             0                0        11.5040        23.4120
    4686             0                0        10.9709        23.3043
    4687             0                0        12.0582        24.1783
    4688             0                0        12.4464        24.6808
    4689             0                0        11.5237        23.9430
    4690             0                0        12.9963        24.3284
    4691             0                0        13.8541        22.9929
    4692             0                0        13.6994        23.0772
    4693             0                0        13.4857        24.3517
    4694             0                0        14.4526        23.6329
    4695             0                0        15.0043        24.2790
    4696             0                0        13.0373        26.4668
    4697             0                0        13.5864        26.0112
    4698             0                0        12.2104        26.8541
    4699             0                0        12.8924        25.6253
    4700             0                0        10.5423        25.8280
    4701             0                0        11.6948        24.3069
    4702             0                0        12.1415        23.9574
    4703             0                0        12.4164        23.7727
    4704             0                0        11.6481        23.3975
    4705             0                0        11.3860        23.2991
    4706             0                0        10.2063        23.7786
    4707             0                0        10.4767        23.6495
    4708             0                0        11.6014        24.3858
    4709             0                0        12.3584        24.1951
    4710             0                0        12.4624        24.0145
    4711             0                0        11.6023        24.1317
    4712             0                0        10.7292        23.8273
    4713             0                0        10.7764        24.2274
    4714             0                0        10.1838        24.0770
    4715             0                0         9.4215        23.1169
    4716             0                0         7.1687        22.9475
    4717             0                0         8.0295        23.2098
    4718             0                0         9.1041        23.9914
    4719             0                0         8.8180        23.0695
    4720             0                0         8.9981        24.5379
    4721             0                0         7.5683        24.7093
    4722             0                0         8.7742        26.3448
    4723             0                0         9.2142        25.6426
    4724             0                0         7.3808        25.4250
    4725             0                0         6.6857        25.0534
    4726             0                0         5.9606        25.2137
    4727             0                0         5.9350        25.2290
    4728             0                0         6.5931        25.5115
    4729             0                0         7.4689        26.5616
    4730             0                0         7.7427        25.3993
    4731             0                0         6.3826        24.8665
    4732             0                0         7.0227        25.2523
    4733             0                0         4.5807        24.4006
    4734             0                0         4.9961        24.0873
    4735             0                0         4.3865        24.0852
    4736             0                0         4.2502        23.8798
    4737             0                1         3.9431        23.9553
    4738             0                0         4.1300        24.3009
    4739             0                0         5.8922        24.6123
    4740             0                0         4.4232        25.4604
    4741             0                1         3.9780        25.1959
    4742             0                0         4.2965        25.6615
    4743             0                0         6.9697        25.4106
    4744             0                0         4.7925        23.8190
    4745             0                0         5.9120        24.2438
    4746             0                0         6.0906        24.8054
    4747             0                0         6.8799        26.4772
    4748             0                0         7.3083        25.9468
    4749             0                0         8.6630        26.4518
    4750             0                0         6.9829        25.0597
    4751             0                0         8.1030        25.9758
    4752             0                0         8.7797        27.0607
    4753             0                0         8.9469        26.1460
    4754             0                0         8.7392        25.4271
    4755             0                0         9.6284        25.3757
    4756             0                0         8.3218        26.2091
    4757             0                0         8.7524        25.6165
    4758             0                0         8.5408        25.6359
    4759             0                0         8.6552        26.0046
    4760             0                0        10.1918        25.6465
    4761             0                0        11.1254        25.8542
    4762             0                0        12.7271        24.3950
    4763             0                0        11.4144        23.7979
    4764             0                0        11.5246        24.1117
    4765             0                0        11.6195        23.5296
    4766             0                0        12.3660        25.0194
    4767             0                0        10.9121        27.3568
    4768             0                0         9.6096        27.0630
    4769             0                0        10.3587        25.6630
    4770             0                0         9.7212        25.3271
    4771             0                0        10.2980        25.6004
    4772             0                0        10.7888        26.5928
    4773             0                0        10.1001        26.3048
    4774             0                0        10.3288        26.8163
    4775             0                0         9.8471        26.2543
    4776             0                0         8.5456        26.1296
    4777             0                0         7.8784        27.4756
    4778             0                0         8.8811        25.0876
    4779             0                0        10.3715        24.7480
    4780             0                0        10.2304        26.4587
    4781             0                0        10.3375        25.3833
    4782             0                0        10.4154        24.1549
    4783             0                0        11.0435        24.2768
    4784             0                0        11.1956        22.6945
    4785             0                0        10.1735        24.6592
    4786             0                0         9.6815        24.3401
    4787             0                0        10.5485        23.8956
    4788             0                0         9.7397        23.3465
    4789             0                0        10.0751        23.1440
    4790             0                0         9.2321        23.6751
    4791             0                0         9.7600        22.9634
    4792             0                0         9.7816        23.8719
    4793             0                0        10.6661        23.3022
    4794             0                0        10.2635        22.5791
    4795             0                0         7.8121        21.5661
    4796             0                0         9.6340        21.7658
    4797             0                0         9.5305        22.2079
    4798             0                0         8.8220        22.8737
    4799             0                0         9.8623        22.7121
    4800             0                0         8.9880        21.5100
    4801             0                0        12.6849        24.3949
    4802             0                0        11.3728        23.9311
    4803             0                0        12.2830        25.3262
    4804             0                0        11.4398        25.1124
    4805             0                0        12.5510        25.7826
    4806             0                0        12.1500        25.3525
    4807             0                0        11.5859        26.1472
    4808             0                0        10.8561        25.5599
    4809             0                0        10.2388        26.1748
    4810             0                0        10.6290        26.1696
    4811             0                0        12.4480        26.8120
    4812             0                0        13.3052        26.3438
    4813             0                0        12.7368        26.8674
    4814             0                0        12.5079        24.9848
    4815             0                0        11.3453        25.0524
    4816             0                0        11.2878        25.4803
    4817             0                0        12.3553        26.3289
    4818             0                0        10.8014        26.2040
    4819             0                0        10.5678        26.5191
    4820             0                0        12.2558        26.4779
    4821             0                0        13.3619        27.6985
    4822             0                0        11.0683        26.2518
    4823             0                0        11.7776        25.8512
    4824             0                0        14.4828        27.5505
    4825             0                0        14.5666        27.4040
    4826             0                0        13.3878        27.8626
    4827             0                0        12.8945        27.7857
    4828             0                0        11.9103        27.6630
    4829             0                0        11.3014        27.1712
    4830             0                0         9.0941        26.8096
    4831             0                0        10.0266        27.1143
    4832             0                0         8.2330        26.0673
    4833             0                0         9.1602        27.5517
    4834             0                0        10.4757        26.6561
    4835             0                0        11.7458        26.4558
    4836             0                0        12.6523        26.1379
    4837             0                0        13.5112        26.2899
    4838             0                0        13.4314        26.9568
    4839             0                0        13.6610        27.2179
    4840             0                0        15.1197        27.7767
    4841             0                0        14.7170        26.6699
    4842             0                0        15.0636        26.2526
    4843             0                0        14.4261        26.1271
    4844             0                0        13.4338        25.6574
    4845             0                0        13.8876        25.5513
    4846             0                0        12.5813        24.3409
    4847             0                0        10.7944        23.4953
    4848             0                0        14.0061        24.1779
    4849             0                0        11.8372        24.6412
    4850             0                0        13.8814        24.5595
    4851             0                0        11.8384        23.8773
    4852             0                0        12.4859        24.6419
    4853             0                0        13.2445        24.8274
    4854             0                0        12.2025        23.9262
    4855             0                0        11.9500        24.1882
    4856             0                0        12.8469        24.7646
    4857             0                0        11.8394        25.5485
    4858             0                0        11.3609        25.7500
    4859             0                0        12.6273        24.7227
    4860             0                0        11.3651        22.3665
    4861             0                0        11.2539        23.0143
    4862             0                0        12.4370        22.6096
    4863             0                0        12.9343        23.3411
    4864             0                0        13.2810        23.4130
    4865             0                0        12.2274        24.4415
    4866             0                0        12.6553        25.8787
    4867             0                0        11.8287        25.4860
    4868             0                0        11.2162        24.2676
    4869             0                0         9.7495        24.0282
    4870             0                0        10.2116        25.4530
    4871             0                0        10.9845        24.0508
    4872             0                0        10.4576        24.8722
    4873             0                0        10.1881        25.5919
    4874             0                0         9.6741        26.6518
    4875             0                0        10.4324        26.5551
    4876             0                0        10.2618        25.6348
    4877             0                0        10.3601        27.3302
    4878             0                0         9.8665        26.9662
    4879             0                0         9.2924        25.9683
    4880             0                0         9.9673        26.3137
    4881             0                0         9.7329        25.9177
    4882             0                0        10.2772        25.1292
    4883             0                0         8.5252        24.6232
    4884             0                0         9.2931        25.9916
    4885             0                0         6.5455        26.1749
    4886             0                0         7.8171        26.0936
    4887             0                0         6.6207        23.8896
    4888             0                0         7.4474        24.1648
    4889             0                0         8.7351        24.0383
    4890             0                0         9.3433        25.6407
    4891             0                0         9.1065        24.4677
    4892             0                0         9.5081        24.1280
    4893             0                0        10.0537        24.4534
    4894             0                0         9.5388        24.9425
    4895             0                0         8.5149        25.2634
    4896             0                0         8.9723        25.4122
    4897             0                0         8.6681        24.1709
    4898             0                0         9.3342        25.3352
    4899             0                0        10.1016        24.0331
    4900             0                0         8.7447        24.2042
    4901             0                0         8.6894        23.9387
    4902             0                0         7.9240        21.9107
    4903             0                0        10.6724        22.6340
    4904             0                0         9.0465        22.7985
    4905             0                0         8.9413        21.8943
    4906             0                0         9.6031        22.0692
    4907             0                0         8.9758        24.6509
    4908             0                0         9.4306        24.1452
    4909             0                0         9.9512        25.8476
    4910             0                0        10.2892        26.2870
    4911             0                0        10.6386        25.2079
    4912             0                0         9.0586        24.5212
    4913             0                0         9.5009        24.7165
    4914             0                0        10.0086        25.1614
    4915             0                0         9.3501        23.5408
    4916             0                0         8.7316        24.3238
    4917             0                0        10.1666        23.7138
    4918             0                0         9.0410        24.1383
    4919             0                0         9.3815        24.7413
    4920             0                0         9.8869        25.1204
    4921             0                0         8.5967        24.6861
    4922             0                0         8.5685        25.4062
    4923             0                0         8.4076        25.0601
    4924             0                0         8.6476        24.3665
    4925             0                0         8.1964        22.7828
    4926             0                0         8.7319        24.0109
    4927             0                0         7.4837        24.0919
    4928             0                0         7.8476        23.7710
    4929             0                0         7.7824        23.3004
    4930             0                0         7.1344        23.7001
    4931             0                0         8.4115        22.9509
    4932             0                0         6.8204        22.1629
    4933             0                0         6.1531        22.1071
    4934             0                0         7.8969        23.0231
    4935             0                0         7.4757        23.2377
    4936             0                0         7.9335        23.0762
    4937             0                0         9.2133        23.1651
    4938             0                0         9.2383        24.2378
    4939             0                0         7.6573        22.5938
    4940             0                0         9.6350        23.1374
    4941             0                0         9.1038        24.0099
    4942             0                0         9.2786        24.7039
    4943             0                0        10.5499        24.7681
    4944             0                0         9.8811        24.2527
    4945             0                0        11.2664        25.8276
    4946             0                0        10.1750        25.4716
    4947             0                0        10.2213        27.6232
    4948             0                0         9.7493        26.5114
    4949             0                0         8.4873        26.5049
    4950             0                0         8.3646        26.8252
    4951             0                0         9.5576        28.0790
    4952             0                0         8.4853        28.2429
    4953             0                0         9.8613        26.4169
    4954             0                0         9.5333        27.6468
    4955             0                0         6.5415        25.8248
    4956             0                0         6.5407        25.8027
    4957             0                0         7.8167        24.4904
    4958             0                0         7.7487        24.5211
    4959             0                0         7.6283        25.7124
    4960             0                0         8.2271        25.9697
    4961             0                0         8.0699        27.1834
    4962             0                0         7.9818        25.7619
    4963             0                0         7.7897        26.0537
    4964             0                0         7.1117        25.6531
    4965             0                0         7.1072        23.9934
    4966             0                0         7.3059        23.6366
    4967             0                0         8.1495        24.0228
    4968             0                0         9.1651        25.7336
    4969             0                0         8.2249        23.5935
    4970             0                0         7.3272        24.7359
    4971             0                0         6.5547        24.0618
    4972             0                0         5.5336        24.7824
    4973             0                0         6.5604        24.6791
    4974             0                0         5.9311        23.4445
    4975             0                0         6.6710        21.9344
    4976             0                0         5.8800        21.2245
    4977             0                0         6.2101        23.3258
    4978             0                0         5.8669        23.1073
    4979             0                0         5.2192        24.7844
    4980             0                0         6.2931        25.0823
    4981             0                0         6.0889        25.2861
    4982             0                0         6.6534        25.5506
    4983             0                0         6.2735        24.1503
    4984             0                0         6.5772        22.8122
    4985             0                0         8.0791        25.2600
    4986             0                0         7.8752        25.2969
    4987             0                0         7.8260        25.2037
    4988             0                0         7.1014        22.9896
    4989             0                0         6.9285        25.5297
    4990             0                0         8.5984        25.1262
    4991             0                0         8.7967        23.9136
    4992             0                0        10.2350        24.1712
    4993             0                0         7.4434        24.0833
    4994             0                0         8.2222        24.5097
    4995             0                0         8.6961        25.4643
    4996             0                0         7.7807        25.2249
    4997             0                0         9.3127        22.7603
    4998             0                0         8.9992        24.0496
    4999             0                0         9.8287        23.6814
    5000             0                0         8.1682        22.7305
