#Frame   SLAHS[native] SLAHS[nonnative] SLAHS[mindist] SLAHS[maxdist]
       1            26                0         3.0590        21.8109
       2            17                7         3.0403        20.8799
       3            13               11         3.2160        19.7221
       4            16               13         2.8268        20.3863
       5            18               11         3.2004        20.3287
       6            10               12         3.1720        19.8751
       7             8                6         3.2008        19.3590
       8            15               13         2.8309        19.9800
       9            12               11         3.3662        18.5846
      10            12                5         3.1801        19.5130
      11            17               10         3.0692        18.5406
      12            10                7         3.2191        18.4298
      13            13                4         3.0873        17.4231
      14            14               12         3.1395        18.2549
      15            19               13         3.2056        18.9166
      16            10                2         3.2877        18.9365
      17            15               12         3.0694        18.6194
      18             3                3         3.4333        19.1231
      19             8               11         2.9644        20.1224
      20             8               17         2.8477        20.1552
      21            11               14         3.2053        19.8879
      22             7                8         3.1936        20.6861
      23            10                7         3.3452        20.6045
      24             5                7         3.3987        19.3485
      25             6                8         3.2799        18.6541
      26             4                7         3.4780        17.1028
      27             9               16         3.1574        17.4672
      28             6               22         3.0688        18.2610
      29             7               16         3.1507        18.4645
      30             8               10         3.2789        19.3429
      31            12                8         3.0489        19.9502
      32            11               14         3.2478        18.1428
      33             5               12         3.0853        17.4990
      34             6                8         3.2131        18.3670
      35             9               12         3.1563        18.7482
      36             2               15         3.3934        18.5198
      37             2               22         3.3472        17.4725
      38             0               11         3.2930        18.2354
      39             1               16         3.4115        18.8359
      40             1               15         2.9507        17.8333
      41             2               23         3.1269        19.3543
      42             2               16         3.2309        18.3349
      43             1               15         3.3502        18.0912
      44             2               30         3.2664        18.2614
      45             3               21         3.2464        20.1690
      46             7               29         2.8974        20.1170
      47             1               28         2.9607        20.2917
      48             2               24         2.9640        19.5855
      49             0               32         2.9068        16.9007
      50             0               19         3.3361        18.6879
      51             4               11         3.1880        19.3098
      52             2               23         3.0360        18.3135
      53             2               31         3.0267        17.8498
      54             0               24         3.3464        18.0863
      55             1               12         3.4415        19.2267
      56             2               18         3.4294        17.9892
      57             1               18         3.3951        17.9434
      58             1               23         3.2724        19.3128
      59             2               27         2.9689        17.8593
      60             0               19         3.0808        17.2778
      61             3               33         3.0534        17.1957
      62             3               28         3.2627        17.8906
      63             3               18         2.9775        18.4143
      64             3               27         3.1169        19.5795
      65             1               31         3.0513        18.6681
      66             5               35         3.0413        18.0509
      67             7               31         3.0326        18.8760
      68             2               14         2.8978        19.5954
      69             3               30         3.3136        18.7201
      70             4               30         3.1555        19.0960
      71             4               24         2.7858        18.2749
      72             1               38         3.0147        16.3805
      73             2               20         3.0616        18.0023
      74             1               21         3.3558        18.0296
      75             1               27         3.0332        16.6802
      76             3               29         2.9845        18.2528
      77             3               30         3.2242        17.1704
      78             3               11         3.2521        16.2721
      79             3               32         3.0803        16.4636
      80             1               22         3.2102        16.4556
      81             0               45         3.1194        14.9400
      82             1               43         3.0057        15.2789
      83             2               26         3.2407        14.6819
      84             1               43         3.2292        14.5964
      85             1               32         3.1299        15.2834
      86             1               17         3.5451        15.5704
      87             7               14         3.2058        16.8599
      88             3               28         3.2076        16.3294
      89             5               14         3.3334        17.5351
      90             4               14         3.1011        16.6623
      91             4                7         3.4120        17.0164
      92            14               25         2.9162        17.7666
      93            14               29         3.0636        19.1201
      94            17               15         2.9171        20.2678
      95            16               11         3.2521        19.5054
      96            12               16         2.9572        19.2094
      97             7               20         2.9836        19.5225
      98             3                5         3.4683        20.7833
      99             6               11         3.1523        20.6784
     100             8               22         2.9808        20.4708
     101             9                4         2.9301        20.5462
     102             3                7         3.0673        21.1000
     103            11               16         3.2471        19.6876
     104            13               11         3.2994        19.7566
     105             8                8         3.1351        18.6419
     106            16               18         3.0179        19.0652
     107            11               16         3.1607        18.1055
     108            13               17         3.0354        18.3074
     109            20               13         3.1392        17.5731
     110             6               16         2.9959        18.0022
     111            12               18         3.3086        18.2634
     112            15               10         3.0509        19.4953
     113            15                8         3.1981        18.5020
     114            19               13         3.1458        18.7765
     115            10                5         3.2228        18.8585
     116             9               11         3.2858        17.9741
     117            10                2         3.4320        20.4093
     118             8                2         3.1802        20.9602
     119            11               17         2.9029        21.4956
     120             7                3         3.1924        22.2119
     121            11               12         2.9136        21.7003
     122             9               16         3.1891        23.3661
     123             5               13         3.6249        23.2810
     124             6               11         3.1240        22.8511
     125            10                9         3.1848        22.1505
     126             9               16         3.2094        21.7504
     127             6               13         3.2726        21.8930
     128             9               16         3.1177        22.0761
     129             7               11         3.2290        23.2040
     130            10               22         3.0646        22.7305
     131             9               26         3.1997        22.3207
     132             9               10         3.3541        21.9735
     133             9               17         2.8835        20.6048
     134             7               17         3.1774        20.6130
     135             8               14         3.1146        21.2048
     136            10               14         2.9171        21.7882
     137             9               16         3.2165        21.2476
     138            11               15         2.9498        21.2810
     139             5               11         3.1062        22.0515
     140            10               21         3.0996        21.9229
     141             7               13         3.1560        21.6972
     142             5               19         3.2712        22.9653
     143             8               12         3.2002        23.4185
     144             8               13         3.1343        22.7694
     145             6               13         3.2138        22.5303
     146             5               16         3.0331        23.0772
     147             7               21         3.1680        22.9821
     148             5               15         3.2487        22.3715
     149             7               11         3.2861        23.2493
     150             6               12         3.1774        23.4039
     151            10               14         3.1072        23.6594
     152             8               18         3.3117        23.8597
     153             5               12         2.9036        22.8358
     154             6                9         3.1368        22.6304
     155             7               15         3.2386        20.6641
     156             6               10         3.2532        19.8467
     157             4               13         3.5880        21.1120
     158             2               13         3.4446        23.6749
     159             3                4         3.4241        21.3101
     160             8                7         3.3473        20.8874
     161             5               17         3.3023        21.2334
     162             3                7         3.7657        21.5922
     163             9                4         3.4024        20.7744
     164            12               14         3.1180        21.2145
     165             7               14         3.2853        22.2596
     166             5               17         3.4035        22.4322
     167             9                5         3.0731        22.0331
     168             8               14         3.2982        20.9679
     169             5               14         3.2729        21.8093
     170            13               18         3.0485        21.6236
     171             8               11         2.9769        21.4537
     172             7               16         3.2273        22.5335
     173             7                8         3.2807        21.1877
     174             5               14         3.3132        20.0210
     175             5               23         3.0055        19.3464
     176             5               12         3.0697        19.3719
     177             8               13         3.2330        18.9945
     178             7               17         3.1450        20.6666
     179             5               17         3.0213        19.3082
     180             7               20         2.9563        18.1025
     181             6                9         3.2294        19.5775
     182             8                4         3.4769        20.5453
     183             5                4         3.2890        20.3823
     184             3               10         3.2524        21.1808
     185            10               12         3.1326        21.8174
     186             9               15         2.9819        21.2767
     187            11               13         3.1795        21.9349
     188             3               14         3.3094        23.4123
     189             7                7         3.3619        22.0335
     190             6               10         2.8998        21.5023
     191             5               15         3.0627        21.8434
     192             5               20         3.2477        21.4249
     193             8                9         3.2667        21.1378
     194             7               17         3.1869        21.6588
     195            10               14         3.1080        22.2227
     196             7               13         3.4792        20.6510
     197             8               14         3.1655        20.4019
     198             9               20         3.1220        21.1269
     199             5                7         3.4932        20.5101
     200             4               17         3.2283        20.0446
     201             5               11         3.4059        20.6189
     202             7               10         3.1471        21.4836
     203             7               20         3.3070        20.6195
     204             7                9         2.8859        19.3218
     205             8                8         2.9740        19.4905
     206             6                9         3.0677        20.5373
     207             7               15         3.1242        19.1112
     208             9               19         3.1572        17.9579
     209             9               18         3.0260        18.3188
     210             8               21         2.9496        19.0698
     211             6               17         3.0860        18.8787
     212             7               15         3.1471        18.6902
     213             9               16         3.1098        17.7405
     214             8               13         3.0853        17.9168
     215             7               26         2.8964        18.1342
     216             3               20         3.0024        17.1179
     217             5               11         3.1001        18.0236
     218            10               14         2.9918        18.7102
     219             6               15         3.1294        19.2395
     220             7               14         3.1096        19.2732
     221             3               18         3.4110        18.7537
     222             6               14         3.4547        17.8381
     223             4                0         3.3811        18.8065
     224             3               10         3.1616        17.3693
     225             1               13         3.5316        17.7057
     226             3                4         3.4921        17.2016
     227             3                6         3.3371        16.5515
     228             1               10         3.4181        17.6690
     229             2                7         3.5499        18.0271
     230             9                6         2.9897        18.3596
     231            11                7         3.0632        18.8095
     232             7                7         2.9846        17.6261
     233             3                7         3.3295        18.1399
     234            10                5         3.2161        18.3148
     235             4               16         3.2905        16.4365
     236             1               13         3.1786        17.4129
     237             1               13         3.2727        16.7591
     238             0                8         3.5783        16.3174
     239             0               10         3.3598        16.6410
     240             0               16         3.3043        14.4813
     241             0               16         3.1404        14.9665
     242             2               18         3.0635        15.0259
     243             0               11         3.4840        15.3021
     244             2               26         3.4205        14.1996
     245             0               17         3.3250        14.5840
     246             0               14         3.4510        15.2754
     247             0               18         3.2215        13.6759
     248             1               12         3.1680        14.3353
     249             0                9         3.2298        14.1996
     250             0                6         3.3848        14.3942
     251             0                3         3.8155        14.4234
     252             0               13         3.0890        13.9483
     253             0               17         3.1919        14.9600
     254             0               16         2.9915        15.1701
     255             0                6         3.4345        14.9034
     256             0                9         3.5538        15.2861
     257             0                7         3.3260        14.5204
     258             0               14         3.2964        14.1985
     259             0               10         3.3913        14.3403
     260             1                7         3.1106        14.7045
     261             2               22         3.2611        15.3150
     262             0                7         3.4004        16.0425
     263             0               14         2.8795        15.9596
     264             0               21         3.1587        15.5289
     265             0               14         3.3735        14.2589
     266             0               22         3.1801        15.3291
     267             2               25         3.2644        16.5221
     268             3               12         3.3470        16.8293
     269             5               14         3.0522        17.9691
     270             1               21         3.2881        17.4436
     271             6               20         3.1561        18.0598
     272             6               19         3.4364        18.0208
     273             5               19         3.2236        17.3605
     274             6               20         3.2247        17.9850
     275             4               14         3.2240        18.3839
     276             0               10         3.3510        18.0654
     277             0                9         3.2041        16.3715
     278             0               10         3.5384        15.7245
     279             0               14         3.2344        15.4158
     280             1               19         3.2789        15.4381
     281             3               19         3.1449        14.9219
     282             6               19         3.2609        16.1474
     283             4               14         3.1134        16.1225
     284             4               13         3.5861        16.6141
     285             5               21         3.2638        17.0094
     286             1               24         3.0989        17.6688
     287             1               17         3.3565        16.8104
     288             4               19         3.1440        16.9862
     289             1               10         3.3456        16.8933
     290             1               30         3.1474        16.7498
     291             0               26         3.3303        16.2446
     292             1               12         3.0711        16.4532
     293             4               21         3.1016        17.9019
     294             1               14         3.1153        16.6618
     295             0               14         3.5063        17.4438
     296             0               22         3.1960        18.0515
     297             3               21         3.2274        17.8123
     298             2               22         3.3155        17.4667
     299             0               19         3.2518        17.5958
     300             2               18         3.1626        18.9559
     301             1               21         3.1222        18.1816
     302             0               21         3.2085        17.6953
     303             0               14         3.2788        17.9508
     304             1               28         2.9791        17.7234
     305             0               25         3.2370        16.8269
     306             3               21         3.1988        17.8147
     307             0               11         3.4187        18.7911
     308             2               15         3.3681        17.8772
     309             1               15         3.3628        17.2920
     310             4               21         3.1025        17.6132
     311             4               22         3.0707        17.1612
     312             2               12         3.2803        16.7862
     313             4               22         3.2925        16.7924
     314             5               24         3.2553        15.8769
     315             6               31         3.0284        16.2751
     316             1               15         3.2829        16.3177
     317             3               29         3.2657        15.5943
     318             5               22         3.2936        15.8458
     319             3               21         3.2633        14.8507
     320             1               23         3.0066        15.0744
     321             2               10         3.2372        15.5892
     322             2               28         3.1749        14.9435
     323             1               17         2.9331        15.6958
     324             1               25         3.0025        15.7369
     325             2               19         3.4075        15.2582
     326             4               27         3.2529        15.6819
     327             3               14         3.0001        15.8458
     328             5               25         3.2253        15.9208
     329             2               22         3.2182        14.7784
     330             1               29         3.2979        14.3888
     331             1               21         3.1781        15.4726
     332             0               23         3.1099        15.5399
     333             1               20         3.4306        14.9977
     334             3               19         3.1903        15.6631
     335             1               19         3.0487        15.5495
     336             1               16         3.3981        15.6239
     337             3               28         3.2613        15.8089
     338             5               21         2.9720        15.4748
     339             0               25         3.2278        15.2599
     340             1               26         3.0671        15.7920
     341             2               24         3.2545        15.8715
     342             3               19         3.2056        15.7168
     343             4               22         3.0239        17.0813
     344             8               21         3.3352        17.5908
     345             3               15         3.3621        18.4536
     346             5               16         3.0852        18.5074
     347             0               10         3.5611        18.8999
     348             5                7         3.4245        17.8462
     349             5               17         3.0463        17.8704
     350             4               12         3.3326        18.0787
     351             0                6         3.5106        17.7908
     352             7               15         3.0484        17.4667
     353             7                9         3.2911        17.3058
     354             4               18         3.4328        17.1220
     355             7               26         3.1851        18.3269
     356             7                9         3.5106        17.3052
     357             0               19         3.0241        17.7108
     358             0               14         3.2738        19.1438
     359             0                8         3.3375        20.5009
     360             1               21         3.3288        21.0511
     361             1               19         3.1435        21.6299
     362             0               16         3.0376        20.0293
     363             2               19         3.2400        20.8053
     364             0                6         3.5105        20.0790
     365             2               23         3.3954        20.8020
     366             0                5         3.6840        21.0785
     367             0               10         3.3721        21.5218
     368             0               20         3.1680        20.3136
     369             0                2         3.6223        20.3465
     370             0                2         3.8676        21.2452
     371             1               20         3.2430        21.4044
     372             1               14         3.4877        19.9889
     373             0               16         3.2637        20.2707
     374             0               16         3.3252        21.3553
     375             0               13         3.4805        20.3235
     376             4               18         3.1795        20.5122
     377             1               19         3.2649        20.7615
     378             0               16         3.4359        20.6349
     379             7               16         3.4238        19.4888
     380             0                0         4.0904        19.6279
     381             3               12         3.5234        19.3981
     382             0               11         3.4483        18.9125
     383             0                7         3.6121        19.4822
     384             0                2         3.6671        20.2230
     385             0                1         3.7558        20.1472
     386             1                4         3.5705        19.5198
     387             0                6         3.5331        18.1656
     388             0               19         3.0628        18.0818
     389             0               12         3.6330        17.6549
     390             3               23         3.1455        18.6042
     391             4               22         3.1870        17.9670
     392             5               20         3.2640        18.8681
     393             4               21         3.0857        19.4262
     394             4               20         3.2883        19.2999
     395             1               12         3.4680        18.1555
     396             4               22         3.1492        18.7916
     397             1               19         3.0549        18.2367
     398             1               13         3.4100        18.1628
     399             6               22         3.2777        18.8062
     400             7               21         3.1635        17.9459
     401             0               12         3.4519        17.9772
     402             1               12         3.2411        16.6982
     403             3               26         3.2121        18.0239
     404             2               14         3.6592        17.2697
     405             0               17         3.1780        17.0899
     406             4               14         3.3803        18.5010
     407             4               15         3.2723        17.8736
     408             5               18         3.4883        18.1679
     409             7               15         3.3427        17.9010
     410             0                8         3.6283        17.0853
     411             3               15         3.2339        17.0164
     412             2               16         3.3710        17.9693
     413             4               18         3.0835        16.5952
     414             7               23         2.9222        16.2549
     415             5               22         3.1036        16.1980
     416             3               20         3.3106        16.5503
     417             4               17         3.1072        15.7521
     418             5               12         3.4951        16.9286
     419             6               21         3.1570        17.7870
     420             3                8         3.7818        16.8724
     421             6               13         3.2815        17.7366
     422             1                8         3.6259        17.9205
     423             5                9         3.3731        16.2644
     424             5               13         3.3989        16.3333
     425             4               27         3.2273        16.5067
     426             1               13         3.4614        17.8300
     427             6               22         2.9665        17.0048
     428             2               19         3.4029        16.1035
     429             2               23         3.2108        16.6754
     430             0               14         3.3418        16.6805
     431             8               22         3.3391        18.7473
     432             2               12         3.6999        18.3115
     433             4               23         3.0154        17.2882
     434             2               21         3.0884        18.4294
     435             0               19         3.0401        17.7215
     436             1               15         3.1509        17.7695
     437             2               24         3.3069        17.6010
     438             4               18         3.0963        18.4712
     439             7               23         3.2398        19.2889
     440             4               19         3.1835        18.5802
     441             3               15         3.4018        18.4255
     442             4               16         3.3956        18.0835
     443             1               21         3.1899        18.3387
     444             1               13         3.3277        18.4841
     445             0                8         3.2856        18.3571
     446             0                4         3.7859        18.9821
     447             0                5         3.3254        20.1601
     448             3               14         3.3800        18.4618
     449             6               19         3.2722        18.7554
     450             1               17         3.1919        19.0673
     451             6               21         3.1642        18.6249
     452             1                9         3.4231        20.5698
     453             2               13         3.4239        20.5631
     454             0                8         3.6007        20.2688
     455             0                6         3.6151        20.2966
     456             0                8         3.4982        20.0445
     457             0                5         3.2662        21.6978
     458             0               15         3.2073        22.3703
     459             0                7         3.4672        20.7508
     460             0               18         3.0416        21.0660
     461             0                9         3.3873        20.9901
     462             0                9         3.3177        20.7970
     463             0                7         3.4887        21.9609
     464             0                7         3.3942        21.4066
     465             0               12         3.1916        21.0129
     466             0                3         3.5925        21.5074
     467             0                3         3.7429        21.0849
     468             0                3         2.8619        21.2835
     469             0                1         3.5444        21.2102
     470             0                2         3.2275        21.1948
     471             0                2         3.7133        20.9132
     472             0                1         3.2172        20.7751
     473             0                2         3.2119        21.2624
     474             0                7         2.9284        20.9619
     475             0                3         3.8070        21.0261
     476             0                1         3.7041        20.9491
     477             0                1         3.6413        21.3853
     478             0                1         3.0792        20.4184
     479             0                3         3.5278        20.4501
     480             0                4         2.9894        21.1492
     481             0                6         3.0954        20.6256
     482             0                6         3.2588        20.3608
     483             0                8         3.0186        21.0514
     484             0                6         3.0755        20.7006
     485             0                3         3.2817        20.2378
     486             0                2         3.3748        20.9632
     487             0                2         3.7310        20.9652
     488             0                3         3.5620        20.8788
     489             0                5         3.5173        21.4029
     490             0                1         3.8273        21.6433
     491             0                0         5.6174        22.5976
     492             0                0         6.3001        23.1295
     493             0                0         7.4545        23.8467
     494             0                0         5.1330        22.5325
     495             0                0         5.4811        22.7637
     496             0                0         6.0710        22.8869
     497             0                0         6.1031        22.7929
     498             0                0         4.5809        22.0928
     499             0                0         5.6543        23.1459
     500             0                0         5.8209        22.9654
     501             0                0         5.2248        21.7688
     502             0                0         4.3774        21.4655
     503             0                0         5.3347        22.2064
     504             0                0         5.9034        21.3573
     505             0                0         6.1731        22.6032
     506             0                0         6.3746        22.6505
     507             0                0         5.7268        21.9204
     508             0                0         6.4051        21.7125
     509             0                0         6.6802        21.4960
     510             0                0         7.2323        20.9993
     511             0                0         6.5563        21.9497
     512             0                0         7.0377        22.4686
     513             0                0         7.2010        21.3208
     514             0                0         7.6363        22.4299
     515             0                0         6.7111        22.0762
     516             0                0         7.0021        22.1424
     517             0                0         7.5883        23.1266
     518             0                0         9.0696        23.6496
     519             0                0         7.9258        23.5680
     520             0                0         9.1259        24.2766
     521             0                0         9.3328        24.3172
     522             0                0        12.1994        26.6386
     523             0                0        12.5182        26.4741
     524             0                0        12.9210        25.7708
     525             0                0        10.8272        25.3589
     526             0                0        12.4493        26.0054
     527             0                0        10.3115        24.3289
     528             0                0         9.9884        24.5356
     529             0                0        10.6718        24.8585
     530             0                0        10.9327        22.3626
     531             0                0        12.4109        22.8463
     532             0                0        13.2916        23.9586
     533             0                0        11.9890        24.5383
     534             0                0        11.1387        24.5603
     535             0                0        11.1173        24.9570
     536             0                0        12.9819        24.7477
     537             0                0        12.5100        24.5976
     538             0                0        11.4215        25.0215
     539             0                0        10.2516        25.6215
     540             0                0        10.1981        26.3088
     541             0                0        10.3787        25.2143
     542             0                0         9.3487        24.0186
     543             0                0        11.5633        24.9512
     544             0                0         9.4975        24.6015
     545             0                0         7.1593        23.1398
     546             0                0         8.7018        22.9555
     547             0                0        11.4093        23.5609
     548             0                0        10.4625        23.8843
     549             0                0        12.2233        24.0989
     550             0                0        12.4845        24.3917
     551             0                0        10.7952        25.1554
     552             0                0        11.6242        26.3298
     553             0                0        11.0487        25.8741
     554             0                0        12.5078        26.2924
     555             0                0        12.6799        26.6959
     556             0                0        13.3331        27.9047
     557             0                0        11.8899        27.8639
     558             0                0        13.1308        26.5820
     559             0                0        12.2024        27.4090
     560             0                0        11.6990        26.8132
     561             0                0        10.7313        29.4512
     562             0                0         9.7706        28.6019
     563             0                0         9.2450        27.7390
     564             0                0         9.1071        28.4157
     565             0                0        11.0721        30.3980
     566             0                0        11.1394        30.1670
     567             0                0        12.6121        30.3461
     568             0                0        11.5081        29.9606
     569             0                0        12.2146        30.4377
     570             0                0        12.2383        31.4410
     571             0                0        11.1377        31.2401
     572             0                0        10.1640        30.6813
     573             0                0         9.3859        30.7184
     574             0                0         9.3844        29.8432
     575             0                0         7.9969        28.7952
     576             0                0         6.9390        29.9900
     577             0                0         7.1219        29.3381
     578             0                0         8.3197        31.0396
     579             0                0         7.0919        30.6526
     580             0                0         6.6797        28.9787
     581             0                0         6.5452        29.6180
     582             0                0         8.1400        29.4453
     583             0                0         7.0981        28.8522
     584             0                0         6.2440        29.1334
     585             0                1         3.4217        29.1267
     586             0                0         4.5867        28.8893
     587             0                0         4.5818        27.0782
     588             0                0         5.5764        24.8857
     589             0                0         5.5926        25.5419
     590             0                0         5.7797        23.6577
     591             0                0         6.6438        22.8308
     592             0                0         4.7290        21.5438
     593             0                0         4.0020        19.7568
     594             0                2         3.4906        18.7050
     595             0                0         4.5936        19.2490
     596             0                1         3.1996        17.2374
     597             0                0         4.2660        17.5425
     598             0                2         3.4607        16.3943
     599             0                2         3.6392        16.2172
     600             0                1         3.6214        17.4743
     601             0                1         3.6308        18.2758
     602             0                0         4.8506        18.9753
     603             0                0         4.4885        18.8472
     604             0                0         5.0686        18.5752
     605             0                0         6.3651        19.8805
     606             0                0         5.7293        19.2167
     607             0                0         6.8426        19.7988
     608             0                0         6.5683        19.8881
     609             0                0         6.4061        19.7751
     610             0                0         7.0507        19.0046
     611             0                0         6.1976        19.0360
     612             0                0         5.5712        19.3539
     613             0                0         5.6910        19.3554
     614             0                0         7.0308        21.5818
     615             0                0         6.5863        22.1285
     616             0                0         5.4926        19.6908
     617             0                0         6.6901        20.4440
     618             0                0         4.8765        20.9036
     619             0                0         4.0263        19.2545
     620             0                0         4.7752        19.3082
     621             0                0         5.8052        17.3664
     622             0                0         6.5302        18.0089
     623             0                0         6.3799        16.6207
     624             0                0         6.7326        17.5896
     625             0                0         5.6163        16.8366
     626             0                0         6.2499        19.3031
     627             0                0         5.6880        20.1509
     628             0                0         4.6987        19.5052
     629             0                0         6.1595        18.2921
     630             0                0         6.3414        18.7320
     631             0                0         6.1586        19.0059
     632             0                0         6.2059        20.1264
     633             0                0         6.0789        19.7649
     634             0                0         6.3090        17.8410
     635             0                0         5.9815        19.0284
     636             0                0         5.5373        20.8537
     637             0                0         6.8275        22.0834
     638             0                0         6.2827        21.3245
     639             0                0         5.7292        22.1383
     640             0                0         5.7225        22.3673
     641             0                0         6.8522        23.3663
     642             0                0         6.3522        23.3956
     643             0                0         5.5146        22.4288
     644             0                0         4.9527        23.3915
     645             0                0         4.4277        23.3658
     646             0                0         4.2831        22.0348
     647             0                0         4.4522        21.2319
     648             0                3         3.6766        21.2206
     649             0                2         3.8258        20.8034
     650             0                2         3.6186        21.2408
     651             0                0         4.0113        20.4069
     652             0                2         3.7416        21.3497
     653             0               10         3.3972        20.9462
     654             0                2         3.8092        23.4841
     655             0                7         3.5195        21.2792
     656             0                6         3.5518        19.9700
     657             0                6         3.6351        20.2197
     658             0                5         3.3896        20.0123
     659             0                4         3.3932        19.6498
     660             0                5         3.0106        19.7072
     661             0                9         3.2826        21.4014
     662             0                3         3.5005        20.9025
     663             0                9         3.3939        21.0486
     664             0                8         3.4157        21.1748
     665             0                5         3.5244        22.9879
     666             0                0         4.6633        23.3229
     667             0                0         4.1809        22.3053
     668             0                3         3.5559        20.1698
     669             0                4         3.6567        18.7906
     670             0                9         3.4025        20.0745
     671             0                7         3.2981        18.9601
     672             0               21         3.1392        18.1085
     673             0               23         3.0683        19.5807
     674             0               18         3.2596        16.5914
     675             0                8         3.4927        18.3145
     676             0               13         3.3025        17.6900
     677             1                8         3.4086        19.2086
     678             1                7         3.3872        18.6584
     679             0                5         3.5955        18.3206
     680             1                8         3.6513        17.5289
     681             1               10         3.3260        17.7447
     682             1               11         3.1229        18.6184
     683             0                9         3.4190        19.2067
     684             1               10         3.2859        18.5277
     685             1               10         3.0906        18.3099
     686             6               17         3.2421        15.9571
     687             5               20         3.2542        16.6101
     688             5               18         2.8824        17.8039
     689             6               29         2.9654        17.2976
     690             6               14         3.2391        18.2072
     691             5               17         3.0924        17.1125
     692             5               22         3.0751        17.2296
     693             3                8         3.2915        17.6924
     694             3               20         3.2032        18.0638
     695             0               23         3.0257        17.8136
     696             4               28         2.9087        17.2461
     697             2               20         3.4301        17.0194
     698             2               14         3.2546        16.4972
     699             5               27         3.3463        17.0065
     700             5               19         3.1865        16.6255
     701             3               21         3.2666        16.8141
     702             5               17         3.2748        18.0752
     703             6               24         3.1808        17.8326
     704             6               18         3.0605        17.5099
     705             5               15         3.0968        17.6725
     706             4               21         3.3482        16.0158
     707             4               10         3.3757        17.0709
     708             5               19         3.1445        17.6436
     709             3               19         3.1233        17.9728
     710             0                6         3.1054        18.3807
     711             0               14         3.3872        17.3988
     712             4               26         3.0348        16.5816
     713             0               19         3.0879        18.0690
     714             1               32         3.2515        16.3919
     715             0               15         3.2344        16.7535
     716             1               14         3.4383        14.9672
     717             0               10         3.5012        15.4874
     718             0               11         3.5116        16.6285
     719             0               10         3.6932        16.2916
     720             2               23         2.9718        16.8105
     721             1               12         3.1252        16.6250
     722             0               12         3.3939        15.7063
     723             0               16         3.2473        17.0307
     724             4               21         2.9371        17.0055
     725             1               20         3.2476        17.1072
     726             0               17         3.5090        16.2073
     727             1               20         3.2949        16.8505
     728             0               27         2.9505        17.3841
     729             0               13         3.4593        17.1122
     730             0               11         3.6366        17.2411
     731             2               25         3.4317        16.5592
     732             1               16         3.0801        16.9812
     733             0               28         3.2998        15.5767
     734             0               21         3.3064        16.0887
     735             2               17         3.3885        16.9311
     736             3               31         3.2512        15.0367
     737             3               32         3.1768        15.9693
     738             0               13         3.3436        16.3036
     739             1               15         3.4962        15.6031
     740             3               22         3.2527        16.4195
     741             1               19         3.3526        17.9106
     742             3               34         3.2261        16.7118
     743             3               25         3.1169        16.0153
     744             3               23         3.3974        15.9818
     745             3               22         3.2322        16.2899
     746             5               19         3.4158        16.5602
     747             6               28         3.1257        17.3308
     748             6               17         3.1386        16.6388
     749             5               19         3.2553        17.1796
     750             7               23         3.2134        16.6391
     751             7               33         2.8357        17.1822
     752             6               29         3.1320        17.0576
     753             5               18         3.3821        17.4374
     754             4               24         3.2314        17.8654
     755             5               22         3.2270        17.0593
     756             5               27         3.1105        17.0612
     757             4               18         3.4573        17.1641
     758             3               15         3.3364        18.6052
     759             7               28         3.1420        17.7132
     760             6               13         3.1496        17.7434
     761             5               19         3.3193        16.7858
     762             6               16         3.0487        17.4203
     763             5               13         3.3096        16.8650
     764             5                8         3.2749        16.6178
     765             1               11         3.4105        17.3999
     766             3               16         3.4114        17.9557
     767             5               15         3.3851        18.6713
     768             2               14         3.0888        18.1842
     769             1                3         3.5819        18.0934
     770             0                5         3.4649        19.1854
     771             0                4         3.3922        18.4163
     772             5               23         3.0874        17.8995
     773             5               26         3.0950        17.1869
     774             0               20         3.4209        17.1497
     775             3               17         3.5010        18.6015
     776             2               16         3.4482        17.2994
     777             1               14         3.4784        17.1097
     778             7               29         3.1129        17.6281
     779             5               26         3.2180        17.0800
     780             3               22         3.2170        16.8295
     781             1                9         3.4654        17.1434
     782             6               18         3.1802        17.7296
     783             5               11         3.2725        17.8881
     784             4               20         3.2664        17.8014
     785             0               17         3.4477        18.5165
     786             0               14         3.3326        18.4304
     787             3               22         3.4604        19.6149
     788             3               30         3.3734        19.1577
     789             0               23         3.3766        18.3257
     790             1               22         3.2895        18.7765
     791             4               30         3.2675        17.9615
     792             0               17         3.3564        16.9303
     793             1               19         3.3379        16.6289
     794             0                9         3.4271        17.4450
     795             0               10         3.6584        18.1763
     796             0               12         3.3113        17.6655
     797             0                6         3.6454        17.3813
     798             3                8         3.2940        16.9297
     799             5               21         2.9186        18.1068
     800             0               15         3.0884        16.8225
     801             1               21         3.4122        16.4156
     802             1               19         3.2815        18.5923
     803             0               18         2.9389        16.7944
     804             3               29         3.1273        15.9936
     805             5               25         3.0760        16.6109
     806             4               21         3.2356        17.3680
     807             5               35         3.1233        17.3020
     808             4               20         3.0743        18.3612
     809             3               19         3.4994        18.7049
     810             4               24         2.9767        17.2844
     811             3               12         3.4381        16.8435
     812             0                8         3.2790        17.1570
     813             4               15         3.3530        17.9596
     814             6               24         3.1722        17.4689
     815             0               19         3.0893        16.8015
     816             2               20         3.1725        16.9871
     817             4               17         3.0813        17.6378
     818             1               12         3.2545        17.2946
     819             0               19         3.3094        17.5040
     820             2               17         3.4206        17.5613
     821             2               26         3.1229        17.3453
     822             2               24         3.1991        17.5481
     823             3               20         2.9776        16.5773
     824             1               25         3.1926        16.9769
     825             0               15         2.8694        17.3001
     826             0               21         3.3212        16.8585
     827             0               17         3.0827        16.9252
     828             2               15         3.1851        17.9497
     829             3               33         3.0431        18.3085
     830             4               28         3.0232        15.9533
     831             4               17         3.3190        16.4611
     832             1               15         3.3950        16.1996
     833             0               19         3.5083        16.3533
     834             0               26         3.2733        16.4975
     835             3               25         3.1544        17.0425
     836             0               32         3.0932        16.0900
     837             0               26         3.1193        16.2050
     838             4               24         3.3329        16.0893
     839             0               15         3.2353        16.7163
     840             0               15         3.3732        17.5069
     841             5               27         3.1010        16.9531
     842             4               25         3.1768        16.4016
     843             5               25         3.1603        17.4182
     844             0               11         3.3896        18.6468
     845             2               14         3.2082        17.8994
     846             0               16         3.3811        18.0701
     847             0               10         3.3667        18.6543
     848             0               17         3.3516        18.6204
     849             0                2         3.7952        20.6726
     850             0                8         3.6071        19.8784
     851             0               15         3.2547        19.5170
     852             1               13         3.1809        18.9817
     853             0               15         3.3067        19.6623
     854             1               14         3.5624        18.8292
     855             2               12         3.3790        18.2608
     856             1               10         3.3804        19.5672
     857             0                4         3.6084        18.5627
     858             0                7         3.3958        19.0957
     859             0                2         3.3862        19.5819
     860             0                7         3.1882        21.4459
     861             0                2         3.6223        22.0250
     862             0                1         3.6242        23.3540
     863             0                2         3.8074        23.0600
     864             0                0         4.4070        24.2765
     865             0                3         3.4598        23.4604
     866             0                0         4.4313        25.6379
     867             0                0         4.0535        24.1551
     868             0                2         3.5371        23.4442
     869             0                0         4.2074        24.0724
     870             0                0         4.2269        24.1425
     871             0                0         4.0147        22.2750
     872             0                2         3.4455        21.8069
     873             0                1         3.7096        21.9135
     874             0                0         4.0048        22.2359
     875             0                2         3.7800        21.3280
     876             0                0         5.5216        21.9149
     877             0                2         3.8339        23.3878
     878             0                0         4.0482        23.2635
     879             0                0         4.9785        23.9651
     880             0                0         5.4999        23.0536
     881             0                0         4.8629        22.8047
     882             0                0         6.2993        23.6602
     883             0                0         5.5764        23.9661
     884             0                0         4.9290        23.7200
     885             0                0         4.5488        23.6845
     886             0                3         3.6359        23.8427
     887             0                1         3.9389        23.0663
     888             0                1         3.7533        23.8761
     889             0                0         4.0287        23.6661
     890             0                2         3.8733        23.3338
     891             0                1         3.7468        22.7801
     892             0               10         3.1824        22.5008
     893             0                9         3.4676        22.1767
     894             0                0         4.6304        22.0023
     895             0                3         3.9040        21.8953
     896             0                8         3.3563        21.8465
     897             0                6         3.4370        21.1205
     898             0               15         3.1813        20.8697
     899             0                7         3.3844        19.5140
     900             0                5         3.5648        17.8935
     901             0               16         3.1602        18.5375
     902             4               19         3.2022        17.1490
     903             0               16         3.0934        16.8395
     904             3               16         3.3515        17.6613
     905             1               19         3.1481        18.2097
     906             5               16         3.3176        18.1566
     907             1               19         3.1808        19.8181
     908             1               13         3.3343        19.3612
     909             0                5         3.5258        18.9760
     910             0               14         2.9050        18.7896
     911             0                9         3.6205        19.0650
     912             0               11         3.3225        19.7312
     913             0               10         3.5343        20.5287
     914             0                7         3.4243        20.0068
     915             1               19         3.2494        19.3159
     916             1               15         3.3669        18.2455
     917             1               19         3.3285        18.4234
     918             3               19         3.3436        18.7447
     919             0               14         3.4314        17.8363
     920             0               26         3.2641        18.6300
     921             2               19         3.2924        19.4445
     922             0               13         3.3143        20.1509
     923             2               23         3.1741        17.8833
     924             2               20         3.1074        18.9393
     925             4               26         3.1689        18.4520
     926             1               21         3.4802        19.9112
     927             2               20         3.2674        19.7796
     928             0               12         3.3039        20.4851
     929             0               17         3.3590        19.1798
     930             1               13         3.1737        19.0900
     931             6               14         3.0375        17.3330
     932             1               14         3.1232        17.7902
     933             0               23         3.2329        17.7806
     934             2               27         2.9796        17.4907
     935             2               14         3.6402        17.7514
     936             2                8         3.6355        17.1649
     937             2               18         3.2784        15.6184
     938             1               28         2.8666        15.4610
     939             1               28         3.1437        15.7971
     940             5               33         3.1176        15.7979
     941             3               25         3.0839        16.9894
     942             3               16         3.2202        17.8980
     943             0               26         3.1599        15.5088
     944             0               23         2.9555        15.0829
     945             0               25         3.3500        14.6646
     946             2               37         3.2047        15.8639
     947             1               30         3.3573        15.2979
     948             4               34         2.8926        15.3434
     949             1               34         3.1588        15.5083
     950             0               23         3.2569        14.2398
     951             0               31         3.2174        14.4603
     952             2               28         3.1315        15.5603
     953             5               29         3.1132        16.3062
     954             0               32         3.1033        15.9872
     955             4               24         3.3431        16.6931
     956             4               17         3.2036        17.5875
     957             0               11         3.1362        17.7917
     958             5               13         3.1091        18.1587
     959             4               22         3.1438        17.4302
     960             6               22         3.2751        17.4570
     961             5               30         3.0924        17.5635
     962             5               35         3.2138        16.9833
     963             5               28         3.1748        18.3751
     964             5               24         3.0369        18.4227
     965             4               21         3.3824        17.9834
     966             3               28         2.8562        18.2648
     967             4               28         3.3314        18.1790
     968             4               29         3.1997        18.5771
     969             4               13         3.2630        18.8325
     970             4               22         3.0242        19.5097
     971             5               22         3.3747        18.2550
     972             3               19         3.3757        18.5095
     973             0               23         3.2706        19.1239
     974             5               27         3.0781        18.4828
     975             5               27         3.0697        17.8754
     976             2               30         3.2558        18.3000
     977             2               34         2.9612        19.2384
     978             6               22         3.1167        16.6773
     979             4               15         3.4535        17.9314
     980             1               29         3.2815        18.9202
     981             4               27         3.3245        18.8293
     982             4               15         3.0759        17.7746
     983             2               17         3.0279        17.0184
     984             1               15         3.5727        16.4909
     985             0               15         3.2283        16.8329
     986             3               33         3.3178        16.0483
     987             1               28         3.0652        16.8694
     988             2               27         3.0131        16.9947
     989             1               22         3.3132        18.2396
     990             0               30         3.0587        18.1247
     991             0               14         3.3768        20.8652
     992             0               14         3.2113        20.5057
     993             0                7         3.5514        20.7728
     994             0               10         2.9400        20.3974
     995             0               18         3.1675        21.2645
     996             1               16         3.4375        21.0165
     997             3               27         3.3880        19.0594
     998             0               22         3.1362        18.6538
     999             4               28         3.2260        18.9775
    1000             1               24         3.3188        17.3824
    1001             4               29         3.3014        16.5275
    1002             0               22         3.2782        17.0410
    1003             2               28         3.2062        17.3288
    1004             2               25         3.2543        16.5186
    1005             3               34         3.3244        15.4708
    1006             4               38         3.0585        16.1483
    1007             0               25         3.2441        15.6795
    1008             1               30         3.1381        16.8122
    1009             1               30         3.2819        15.9431
    1010             5               37         3.1151        16.1350
    1011             4               33         3.1044        16.1632
    1012             1               11         3.2764        15.8365
    1013             2               22         3.2734        16.7402
    1014             5               41         3.1501        17.6235
    1015             4               26         3.2175        17.4897
    1016             0               11         3.0766        17.3918
    1017             4               23         3.3603        17.7399
    1018             0               21         3.2202        19.3973
    1019             0                0         4.0509        20.8567
    1020             0                0         4.0052        20.4912
    1021             0               10         3.5833        19.4155
    1022             0                3         3.7971        20.3639
    1023             0                4         3.7075        20.3569
    1024             0                3         3.7450        20.6923
    1025             0                7         3.3434        20.4750
    1026             0               12         3.1419        21.3789
    1027             0                6         3.7717        21.2008
    1028             0                8         3.3652        21.7084
    1029             0               14         3.1660        21.6850
    1030             0                1         3.5577        23.2469
    1031             0                4         3.4644        22.5157
    1032             0                1         3.4902        23.2395
    1033             0                6         3.3468        20.8511
    1034             0                5         3.5758        21.4441
    1035             0               10         3.1326        21.1397
    1036             0                4         3.2304        20.9963
    1037             0                3         3.3685        21.2825
    1038             0                1         3.9217        22.3598
    1039             0                1         3.9519        23.0540
    1040             0               12         3.3611        21.1331
    1041             0                2         3.8600        22.0050
    1042             0                8         3.6628        21.2166
    1043             0                3         3.5597        21.4897
    1044             0                4         3.7171        21.7902
    1045             0                2         3.6853        20.7677
    1046             0                9         3.3599        21.2096
    1047             0                4         3.8003        22.0225
    1048             0               20         3.1692        21.1793
    1049             0               14         3.4793        20.5180
    1050             0                6         3.6123        22.0998
    1051             0                9         3.5329        21.1520
    1052             0               10         3.5749        21.0600
    1053             0                4         3.5376        22.0715
    1054             0                9         3.5301        21.8243
    1055             0                5         3.3489        21.6111
    1056             0                5         3.4551        20.5152
    1057             0                7         3.3664        20.7610
    1058             0                3         3.8533        21.4219
    1059             0                3         3.6934        20.6569
    1060             0                5         3.5923        20.1668
    1061             0                2         3.9302        20.7319
    1062             0                0         5.0196        18.1693
    1063             0                0         5.6501        19.5058
    1064             0                0         6.2672        18.6816
    1065             0                0         5.8679        18.3915
    1066             0                0         6.3988        21.1357
    1067             0                0         5.9153        20.1459
    1068             0                0         5.1689        21.0939
    1069             0                0         5.4254        22.6191
    1070             0                0         5.2568        20.7909
    1071             0                0         5.9762        21.4643
    1072             0                0         6.2582        20.4658
    1073             0                0         6.0846        19.6822
    1074             0                0         6.4371        18.9353
    1075             0                0         6.9424        19.3195
    1076             0                0         6.8419        19.0269
    1077             0                0         6.6026        19.4613
    1078             0                0         6.4681        19.5891
    1079             0                0         6.7029        20.5815
    1080             0                0         6.3096        19.7892
    1081             0                0         6.5369        19.4581
    1082             0                0         5.9628        19.3901
    1083             0                0         6.3547        18.6747
    1084             0                0         5.0895        19.9224
    1085             0                0         6.6338        20.1711
    1086             0                0         6.3282        20.0945
    1087             0                0         6.0055        19.0834
    1088             0                0         6.6056        20.3129
    1089             0                0         7.5728        19.3098
    1090             0                0         6.1702        18.8422
    1091             0                0         6.6576        19.0529
    1092             0                0         5.1108        19.8387
    1093             0                0         5.2129        18.4258
    1094             0                0         4.2323        19.5454
    1095             0                2         3.4638        18.7321
    1096             0                0         4.4607        19.0518
    1097             0                0         4.7180        19.1717
    1098             0                0         4.1510        20.4104
    1099             0                0         5.5937        20.8971
    1100             0                0         5.4966        18.5070
    1101             0                2         3.4216        18.6980
    1102             0                1         3.7366        17.6922
    1103             0                0         5.5793        17.3760
    1104             0                0         5.7387        18.3411
    1105             0                0         6.3348        18.9926
    1106             0                0         7.0015        20.4977
    1107             0                0         6.5307        20.5283
    1108             0                0         5.8343        20.5327
    1109             0                0         4.1643        19.2871
    1110             0                0         4.0149        18.8138
    1111             0                2         3.0269        18.3537
    1112             0                2         3.5731        17.4226
    1113             0                1         3.7902        19.1721
    1114             0                4         3.4462        19.7500
    1115             0                2         3.5796        20.6546
    1116             0                0         4.4825        20.5366
    1117             0                1         3.7551        20.1761
    1118             0                2         3.6397        20.1312
    1119             0                0         4.7731        20.1082
    1120             0                2         3.2830        20.8210
    1121             0                1         3.8597        20.4871
    1122             0                2         3.6993        19.7512
    1123             0                2         3.7318        20.0848
    1124             0                1         3.9229        18.6767
    1125             0                1         3.7868        18.9893
    1126             0                2         3.6177        18.5468
    1127             0                3         3.3608        17.8764
    1128             0                6         3.2671        18.3171
    1129             0                5         3.0665        17.4197
    1130             0                1         3.8820        17.6326
    1131             0                7         3.4728        18.6062
    1132             0                3         3.7933        18.2343
    1133             0                9         3.2069        17.4726
    1134             0               32         3.0718        16.3642
    1135             0               37         2.9321        16.7957
    1136             0               42         2.7779        16.7539
    1137             0               40         3.0694        16.5337
    1138             0               30         3.0572        16.8026
    1139             0               40         3.0950        16.9149
    1140             0               40         2.8677        16.8557
    1141             0               28         3.1819        17.0383
    1142             0               25         3.3300        16.6170
    1143             1               24         3.3888        17.3774
    1144             1               22         3.1836        15.1810
    1145             0               21         3.3774        15.3745
    1146             1               37         3.0757        15.0397
    1147             1               27         3.1230        16.1815
    1148             2               24         3.3617        18.5492
    1149             1               27         3.0786        17.3096
    1150             1               22         3.0008        16.6585
    1151             2               21         3.3230        16.7527
    1152             2               35         3.1739        15.5332
    1153             2               11         3.2731        17.9816
    1154             5               16         3.3151        18.3058
    1155             4               22         3.1645        18.8249
    1156             2               28         3.0618        19.4400
    1157             0                6         3.2304        20.0130
    1158             0                6         3.2512        19.9416
    1159             1               22         3.2982        19.3801
    1160             0               15         3.0848        17.7738
    1161             7               16         3.3800        19.0037
    1162             2               18         3.2172        17.6755
    1163             1                3         3.7476        18.5016
    1164             1                4         3.6220        19.2836
    1165             2                6         3.6909        18.5315
    1166             4               16         3.1569        17.6880
    1167             3               20         3.1180        17.5288
    1168             0               13         3.4270        17.0371
    1169             0               22         3.2754        16.7061
    1170             2                8         3.5134        16.7381
    1171             3               20         3.3748        17.2916
    1172             2               14         3.5056        17.3710
    1173             3                9         3.4668        17.8121
    1174             0               11         3.4776        17.2050
    1175             1               19         3.1654        17.6785
    1176             0               15         3.0234        17.1084
    1177             0               17         3.0725        16.8210
    1178             3                8         2.9342        17.6107
    1179             1               11         3.0799        17.3196
    1180             1               21         2.9381        18.0396
    1181             0                6         3.5210        19.0770
    1182             4               13         2.9213        18.2418
    1183             2                5         3.3711        19.1703
    1184             0                8         3.2486        17.7979
    1185             2                7         3.6271        19.3573
    1186             1                7         3.6318        19.1694
    1187             4               11         3.1719        19.9726
    1188             0                3         3.5903        20.2111
    1189             4                9         3.1356        20.9398
    1190             2                6         3.0819        21.1237
    1191             2               12         3.2083        19.5847
    1192             1                2         2.9355        21.1301
    1193             5               15         2.6624        20.4927
    1194             7               16         2.8166        20.1989
    1195             0                4         3.1718        21.2928
    1196             5               16         3.1685        20.2521
    1197             2                9         3.7335        19.7072
    1198             1                9         3.4201        20.4188
    1199             3                7         3.2775        19.7446
    1200             1                8         3.3912        20.3599
    1201             4               14         3.3196        21.1842
    1202             3               11         3.2411        19.8324
    1203             4               10         3.3651        19.7010
    1204             3               10         2.8608        20.4538
    1205             1                9         3.2499        20.1033
    1206             1                6         3.4083        20.8451
    1207             0                4         3.4538        20.7004
    1208             1                6         3.5955        20.5695
    1209             0                5         3.3694        20.3026
    1210             1               10         3.3137        19.8715
    1211             1               11         3.3340        20.3737
    1212             2                8         3.4252        20.3853
    1213             4               12         3.0078        19.5423
    1214             3                8         3.3914        19.8256
    1215             3               16         3.0908        19.0428
    1216             3                7         3.3020        20.0788
    1217             3               11         3.1550        18.4796
    1218             3                7         3.2286        18.3761
    1219             2                8         3.4376        19.5988
    1220             3               18         3.1086        19.6241
    1221             0               16         3.2901        19.5625
    1222             0               11         3.0665        20.1303
    1223             0                4         3.0524        22.3953
    1224             0                7         3.4493        21.2926
    1225             0               10         3.1635        21.5826
    1226             1               17         2.9672        20.7782
    1227             0               10         2.9029        21.1163
    1228             2               16         2.9538        20.1052
    1229             0                4         3.7957        19.7743
    1230             0               14         3.1724        19.6957
    1231             2               17         3.0378        19.1752
    1232             1               17         3.1341        19.1825
    1233             0               11         2.6739        19.8003
    1234             1               21         3.2542        19.0218
    1235             1               14         3.0360        19.3930
    1236             2               19         3.0089        19.3130
    1237             1               12         3.1453        19.5303
    1238             1               13         3.2235        19.3353
    1239             0               10         3.2260        19.7395
    1240             0               13         3.2086        20.5043
    1241             2                6         3.3838        19.9808
    1242             2               11         2.9985        19.4752
    1243             0                4         3.5244        19.8359
    1244             0                9         3.2374        19.3021
    1245             0                9         3.1204        19.7458
    1246             0               13         2.9294        19.6356
    1247             0                8         3.5646        20.1925
    1248             0               12         3.3149        21.1510
    1249             1               19         2.8201        21.4456
    1250             0               18         3.2579        21.5774
    1251             0                6         2.9349        20.0425
    1252             1               26         3.0517        19.9284
    1253             0               12         3.2312        19.8483
    1254             0               15         3.1940        19.7393
    1255             0                9         3.3184        19.4604
    1256             0                7         3.2059        20.0094
    1257             0               15         3.0985        19.7623
    1258             0               25         3.0756        20.5243
    1259             0                8         3.3387        20.9607
    1260             0               15         3.2057        20.9741
    1261             1               15         3.2480        21.0542
    1262             0                3         3.2912        20.4282
    1263             0               12         3.6305        21.1121
    1264             0                1         3.7721        20.9245
    1265             0                5         3.4668        21.2500
    1266             0                2         3.9449        20.2755
    1267             0                0         4.0221        20.4385
    1268             0                1         3.7974        21.3190
    1269             0                9         3.6486        19.4654
    1270             1               15         3.0912        19.2297
    1271             0               13         3.2679        20.1527
    1272             0                8         3.5714        19.5503
    1273             0               12         3.3581        18.9381
    1274             0                4         3.7283        20.0725
    1275             0                1         3.8486        20.9859
    1276             0               19         3.2858        21.4682
    1277             0                8         3.5614        20.7742
    1278             1               14         3.5297        20.9739
    1279             3               11         3.1571        17.9024
    1280             4               15         3.1673        18.6108
    1281             0               19         3.1181        17.5745
    1282             0                8         3.5011        19.3762
    1283             0                4         3.0372        21.2508
    1284             0               12         2.8781        20.9659
    1285             0               30         3.1585        21.9699
    1286             0                8         3.3616        22.3310
    1287             0                6         3.4071        22.6400
    1288             0               10         3.2855        21.8894
    1289             0               12         3.3226        21.4287
    1290             0               20         3.3052        21.6170
    1291             0                9         3.4431        21.1259
    1292             0                2         3.4870        23.1694
    1293             0               14         3.2351        22.4724
    1294             0               10         3.2066        21.5994
    1295             0               17         3.2428        21.4147
    1296             0               12         3.1640        21.7331
    1297             0               14         3.3954        20.5866
    1298             0               10         3.3733        22.5711
    1299             0                4         3.7121        22.0556
    1300             0               16         3.2222        23.7426
    1301             2               29         3.2040        20.7304
    1302             2               21         3.1126        21.1951
    1303             0               15         3.0925        20.7377
    1304             2               12         3.0988        18.2079
    1305             5               17         3.3293        18.8481
    1306             4               12         3.2445        19.2184
    1307             3               10         3.0555        19.9784
    1308             5               18         3.2757        18.9196
    1309             2               15         3.1076        20.3989
    1310             0               14         3.3796        20.7833
    1311             2               14         3.1591        21.1722
    1312             5               14         3.1506        21.1734
    1313             0                2         3.9614        21.0443
    1314             2               10         3.6743        21.5764
    1315             0                6         3.5749        21.2880
    1316             5               21         3.1296        19.7774
    1317             0               12         3.1784        22.1728
    1318             0               13         3.2235        21.5642
    1319             0                9         3.2086        21.7836
    1320             0               17         3.2925        20.6810
    1321             6               22         3.2624        19.8134
    1322             2               21         3.4074        19.4234
    1323             3               19         3.3743        21.3639
    1324             4               20         3.2434        20.3967
    1325             5               20         3.0276        20.8184
    1326             1                3         3.6286        20.3456
    1327             5               15         3.1915        20.0326
    1328             4               17         3.3376        18.5485
    1329             5               22         3.0897        19.0079
    1330             0               10         3.5511        18.7903
    1331             4               19         3.3872        18.8749
    1332             4               16         3.1190        18.8893
    1333             5               19         3.2622        18.9243
    1334             0               11         3.2710        18.4681
    1335             0                5         3.5919        18.6329
    1336             0                1         3.9794        18.0701
    1337             0                4         3.3950        18.7016
    1338             0                4         3.3543        18.1115
    1339             0                0         4.0417        18.4026
    1340             0                3         3.5128        18.5878
    1341             0                3         3.5776        18.4779
    1342             0                5         3.6664        18.4010
    1343             0                4         3.0483        19.2023
    1344             0                3         3.2088        19.1174
    1345             0                9         2.9540        18.7452
    1346             0               10         3.1890        18.4912
    1347             0               11         3.1205        17.5783
    1348             0                9         3.1054        17.6864
    1349             0                9         3.3398        17.8944
    1350             0                6         3.1602        16.9216
    1351             0                2         3.3138        17.6575
    1352             0                4         3.4634        17.2598
    1353             0                2         3.5649        16.5235
    1354             0                2         3.2257        17.0736
    1355             0                1         3.8007        16.7478
    1356             0                0         4.4055        17.3003
    1357             0               11         3.4757        17.2152
    1358             0                4         3.8940        16.4752
    1359             0                4         3.6710        17.8975
    1360             0                6         3.1442        18.8706
    1361             0               10         2.9662        20.2216
    1362             0                9         3.3235        19.5281
    1363             0                8         3.2206        19.7755
    1364             0                3         3.7408        22.1524
    1365             0                0         4.3486        23.3471
    1366             0                0         5.1143        22.3608
    1367             0                0         5.7075        23.0641
    1368             0                0         5.0383        21.9837
    1369             0                0         5.2949        22.2762
    1370             0                0         6.7907        23.7218
    1371             0                0         6.3995        23.3759
    1372             0                0         6.5523        23.7301
    1373             0                0         7.0706        24.4669
    1374             0                0         7.4089        23.9330
    1375             0                0         9.7715        24.4893
    1376             0                0         9.8229        24.4790
    1377             0                0         8.4509        24.9014
    1378             0                0         8.7632        24.6086
    1379             0                0         8.6788        24.2758
    1380             0                0         9.7107        24.8297
    1381             0                0         8.5328        24.1012
    1382             0                0         8.8462        22.0188
    1383             0                0         7.5431        22.4020
    1384             0                0         6.5628        21.6450
    1385             0                0         6.8790        21.8825
    1386             0                0         7.5855        21.8996
    1387             0                0         7.7357        23.3816
    1388             0                0         7.2959        23.4637
    1389             0                0         6.6999        23.7313
    1390             0                0         6.8624        23.1989
    1391             0                0         4.4771        22.7829
    1392             0                1         3.9731        22.7543
    1393             0                0         4.2403        23.0571
    1394             0                2         3.8418        22.6548
    1395             0                1         3.9752        24.2613
    1396             0                0         4.4763        25.3869
    1397             0                3         3.7346        23.9331
    1398             0                3         3.4496        25.1401
    1399             0                4         3.8428        25.0828
    1400             0                8         3.2348        25.3505
    1401             0                8         3.3645        24.8536
    1402             0                3         3.5129        24.5000
    1403             0                2         3.4365        23.7358
    1404             0                1         3.9013        23.8886
    1405             0                0         4.5271        23.7681
    1406             0                6         3.3751        23.0844
    1407             0                2         3.8557        22.4048
    1408             0                1         3.7567        23.5824
    1409             0                5         3.6779        23.2467
    1410             0                4         3.5108        23.9431
    1411             0                4         3.6531        25.5107
    1412             0                8         3.3707        25.3098
    1413             0                8         3.4866        24.3694
    1414             0                9         3.3972        24.5933
    1415             0                1         3.9247        26.1045
    1416             0                2         3.9923        25.3174
    1417             0                3         3.9068        25.5988
    1418             0                3         3.8644        24.9169
    1419             0                1         3.9533        26.4082
    1420             0                3         3.6658        25.5268
    1421             0                0         4.3434        25.6285
    1422             0                0         4.1111        24.3661
    1423             0                3         3.6707        25.0049
    1424             0                0         4.0686        23.1640
    1425             0                8         3.4707        21.5053
    1426             0                1         3.9529        20.8354
    1427             0                4         3.5981        21.2397
    1428             0                7         3.2963        21.2156
    1429             0               14         3.2672        22.1567
    1430             0                8         3.4080        20.4652
    1431             0                7         3.4365        21.2526
    1432             0                6         3.2557        19.8432
    1433             0               14         2.9566        17.9615
    1434             3               17         3.1116        17.8321
    1435             2               11         3.5398        17.5796
    1436             4               13         3.1967        18.1153
    1437             0               12         3.3144        18.6934
    1438             0               15         3.0816        17.9773
    1439             0                5         3.6461        18.6654
    1440             1               12         3.1651        19.4487
    1441             4               11         3.5473        17.3533
    1442             2                8         3.5503        18.2809
    1443             5               20         3.2812        18.2218
    1444             2               22         2.9880        19.1612
    1445             0               12         3.2876        22.0228
    1446             5               12         3.3453        19.0972
    1447             2               15         3.1197        18.6732
    1448             4               13         2.9789        19.1555
    1449             3               16         3.0338        18.5105
    1450             2                5         3.4546        19.1375
    1451             3               13         3.3265        18.6703
    1452             2               13         3.2928        18.0245
    1453             3               15         3.0803        18.8599
    1454             2                7         3.4827        19.6197
    1455             2               15         3.4119        18.5514
    1456             1               11         3.4740        20.2024
    1457             0               10         3.1543        21.9559
    1458             0               25         3.1874        21.2411
    1459             0               22         3.2678        21.6395
    1460             0               16         3.2224        21.5986
    1461             0               20         3.2029        21.8738
    1462             0               12         3.0625        18.2629
    1463             0                5         3.7360        19.7936
    1464             0               19         3.0535        20.1067
    1465             2               26         3.1425        19.6341
    1466             0               11         3.4557        19.4348
    1467             0               25         3.0738        19.4464
    1468             0                2         3.7190        20.7748
    1469             0                3         3.4864        19.8281
    1470             0               13         3.4961        19.2962
    1471             0                7         3.5583        20.0336
    1472             0               14         3.0367        18.6739
    1473             1               25         3.2239        18.5236
    1474             0               18         3.3302        19.1377
    1475             0               17         3.3126        19.1722
    1476             0                4         3.8094        18.3871
    1477             0               17         3.4326        17.7814
    1478             0                8         3.1424        17.4040
    1479             2               25         3.0811        16.8182
    1480             2               29         3.2731        17.3738
    1481             4               28         3.3959        17.9992
    1482             0               24         3.1956        17.0261
    1483             2               22         3.3044        17.8830
    1484             1               22         3.2768        17.4333
    1485             2               23         3.0892        17.8991
    1486             0                6         3.4852        19.5850
    1487             0               16         3.1916        19.2526
    1488             2               17         3.3837        18.7035
    1489             1               12         3.3598        18.6477
    1490             1               24         3.2445        19.5888
    1491             0               14         3.3905        18.5645
    1492             0                4         3.7799        19.9712
    1493             3               27         3.0867        21.8541
    1494             2               18         3.4185        21.1549
    1495             1               14         3.3609        20.9208
    1496             5               16         3.2675        19.7457
    1497             5               19         3.3210        19.4459
    1498             2               24         3.0989        20.4624
    1499             4               11         3.4534        20.7722
    1500             3               17         3.2562        20.2063
    1501             2               22         3.1895        20.4196
    1502             2                7         3.5608        21.3862
    1503             3               10         3.4622        20.9724
    1504             5                8         3.3211        19.7677
    1505             4               23         3.2674        19.7561
    1506             0               18         3.2337        20.2546
    1507             4               19         3.3228        18.9715
    1508             0               13         3.3009        18.0272
    1509             3               24         3.4255        17.7700
    1510             0               15         3.2311        19.1816
    1511             3               11         3.2422        19.4047
    1512             0                3         3.9052        20.8608
    1513             1               17         3.2345        20.5635
    1514             5               15         3.3348        20.4373
    1515             3               16         3.3047        21.3669
    1516             1               14         3.4074        20.3811
    1517             0                9         3.6198        20.1425
    1518             2               15         3.6435        18.1663
    1519             0               12         3.3803        16.4221
    1520             2               14         3.4478        17.0150
    1521             4               13         3.3412        16.5310
    1522             3               33         3.1381        17.4211
    1523             2               11         3.3605        17.1234
    1524             5               22         3.1816        17.4327
    1525             1               17         3.4775        18.2615
    1526             4               14         3.4170        20.1337
    1527             4               22         3.3319        19.5530
    1528             3               28         3.1012        20.8001
    1529             5               22         3.2867        20.8463
    1530             5               15         3.0378        20.0926
    1531             5               35         2.9950        19.0020
    1532             2               30         3.2716        19.6873
    1533             0                9         3.5590        20.6025
    1534             0               13         3.3831        20.2699
    1535             6               35         2.8387        20.0112
    1536             0               13         3.4604        20.8540
    1537             0               13         3.5732        20.6251
    1538             2               11         3.2828        18.9964
    1539             3               22         3.2608        18.0543
    1540             3               31         2.9387        18.3499
    1541             5               29         2.8855        18.8342
    1542             6               28         3.2385        18.8105
    1543             4               42         3.2738        18.9799
    1544             3               24         2.9375        19.4584
    1545             0               34         3.0178        18.6687
    1546             0               25         3.1274        19.7372
    1547             3               22         2.8981        19.9995
    1548             1               18         3.6096        19.1931
    1549             4               27         2.9849        19.6095
    1550             0               24         3.4722        19.6233
    1551             0               19         3.5272        19.4719
    1552             0               13         3.3064        19.8811
    1553             0               13         3.4426        20.6804
    1554             0               12         3.5571        18.9621
    1555             0                5         3.2317        20.0972
    1556             0                9         3.1454        19.7418
    1557             5               11         3.3046        18.9946
    1558             6               20         3.1097        19.5882
    1559             0               20         3.0771        20.4605
    1560             3               19         3.3213        19.7586
    1561             0               11         3.4416        19.4858
    1562             0                3         3.3768        20.7864
    1563             0                6         3.3809        21.1750
    1564             0               12         3.2537        20.2509
    1565             0               16         3.2004        21.0313
    1566             1               20         3.2453        20.2041
    1567             0               18         3.1768        19.5891
    1568             0               15         3.4227        20.1293
    1569             0               18         3.1511        20.1242
    1570             0               14         3.3350        19.5719
    1571             0               17         3.3329        19.7206
    1572             0               11         3.4223        20.1207
    1573             0               21         3.2845        20.3084
    1574             0               18         3.2322        19.4434
    1575             0               18         3.2726        19.1842
    1576             0               18         3.1784        18.5062
    1577             0               21         3.2572        18.8152
    1578             0               13         3.4939        18.4175
    1579             0               12         3.5146        18.7352
    1580             0               13         3.3827        18.9392
    1581             3               22         3.1961        18.8225
    1582             5               17         3.1680        17.0280
    1583             3               24         3.1540        19.2802
    1584             3               24         3.0381        20.2669
    1585             2               20         3.1088        17.7602
    1586             0               14         3.3845        17.8126
    1587             3               13         3.3801        17.7899
    1588             2               19         3.2372        18.1016
    1589             3               16         3.2668        18.7037
    1590             2               15         3.3392        18.1221
    1591             5               18         3.1644        18.4576
    1592             3               22         3.1252        18.9069
    1593             0               24         3.2103        18.7008
    1594             0               21         3.2580        20.0122
    1595             0               10         3.3892        20.0953
    1596             0               13         3.3360        19.8104
    1597             0                5         3.4347        20.6991
    1598             0                4         3.6857        20.2202
    1599             0                3         3.7011        21.2842
    1600             0                2         3.6108        21.8137
    1601             0                3         3.3641        22.1676
    1602             0               15         3.3061        21.4456
    1603             1               22         3.3970        21.4360
    1604             1               15         3.0060        21.2861
    1605             0               15         3.0490        22.6475
    1606             0               22         2.9823        21.1309
    1607             0               34         2.8304        20.1865
    1608             0               22         2.8022        20.2726
    1609             2               25         3.0568        19.0281
    1610             2               13         3.0905        18.7696
    1611             1               27         3.1017        19.6111
    1612             2               24         3.0118        18.9472
    1613             3               17         3.4700        18.1130
    1614             2               13         3.5171        19.7231
    1615             3               16         2.7526        18.9849
    1616             2               13         3.4004        18.6726
    1617             0               12         3.0548        19.6159
    1618             0                7         3.5525        21.1056
    1619             0               11         3.1324        20.7317
    1620             1               19         2.8601        19.2379
    1621             0               11         3.0433        21.5570
    1622             0                8         2.9372        21.8225
    1623             0               15         2.8008        21.5807
    1624             1               20         3.0090        20.8300
    1625             0                8         3.4732        21.7060
    1626             0               27         3.1581        19.5816
    1627             0               18         3.4244        20.9389
    1628             0               21         3.2174        20.2504
    1629             0               11         3.4579        22.4876
    1630             0               15         3.0843        19.8357
    1631             0               15         3.3398        18.9240
    1632             0               26         3.1507        18.6085
    1633             0               20         3.3578        19.4755
    1634             0               17         3.2095        19.3234
    1635             0               13         3.1821        18.5516
    1636             0                9         3.5796        18.7275
    1637             0               10         3.4040        18.9203
    1638             0               14         3.3896        19.7189
    1639             0               16         3.1402        20.0576
    1640             0               11         3.3495        19.3700
    1641             0                7         3.4719        19.8454
    1642             0                4         3.5932        19.1663
    1643             0               13         3.2937        19.3915
    1644             0               27         3.2417        19.2118
    1645             0                1         3.8729        19.4892
    1646             1               26         3.3494        18.3387
    1647             0               12         3.3642        19.0431
    1648             0                8         3.3375        20.1051
    1649             0               19         3.3855        19.9085
    1650             0               10         3.1226        18.9214
    1651             0               12         3.4204        18.8965
    1652             0               27         3.0485        18.9354
    1653             0                8         3.1441        18.9459
    1654             1                8         3.4506        17.4695
    1655             0                5         3.4104        17.7723
    1656             0                5         3.4814        17.9967
    1657             1                5         3.4320        17.8603
    1658             0               13         3.2699        18.8967
    1659             0                9         3.3580        18.6673
    1660             1               12         3.2160        18.1778
    1661             1               11         3.2553        18.5033
    1662             0                4         3.6680        18.8148
    1663             0                7         3.3779        18.7433
    1664             0               15         3.1117        19.9532
    1665             0                6         3.2155        19.0376
    1666             1                7         3.3676        20.4223
    1667             0               15         3.2371        20.6218
    1668             2               28         3.1569        18.5971
    1669             0               18         3.0863        18.0221
    1670             1               11         3.5321        17.9761
    1671             2               22         3.0223        17.4502
    1672             2               15         3.4036        17.8072
    1673             2               21         3.3999        18.6268
    1674             0               18         3.3052        18.6979
    1675             0               18         3.1678        18.9873
    1676             0               11         3.0780        20.2425
    1677             0               15         3.3723        20.7962
    1678             0               19         3.3617        19.1948
    1679             0               16         3.1932        19.4151
    1680             0               10         3.1565        20.1283
    1681             2               18         3.2020        18.8039
    1682             2               22         3.1049        17.9244
    1683             2               24         3.1348        18.6796
    1684             0               27         3.0855        19.6202
    1685             1               33         3.0779        19.7286
    1686             1               29         3.0075        20.6336
    1687             0               25         3.1682        21.9552
    1688             0               19         3.0249        22.1452
    1689             0                7         3.6395        21.0194
    1690             0               12         3.1588        20.4895
    1691             1               27         3.1484        19.9785
    1692             0                9         3.0232        20.1629
    1693             2               23         3.1889        19.2466
    1694             0               24         3.0673        19.2957
    1695             0               18         2.9334        20.4791
    1696             0               13         3.2609        20.5347
    1697             0               25         2.9064        20.2570
    1698             0                5         3.8377        20.6370
    1699             0               20         3.2176        19.8545
    1700             0                9         3.2413        21.5037
    1701             0               12         3.3815        19.9305
    1702             2               20         2.9427        18.7886
    1703             1               23         3.0272        18.8001
    1704             1               23         2.7570        18.9134
    1705             0               26         3.5076        19.3156
    1706             0               24         3.1068        19.6042
    1707             0               19         2.9813        19.2078
    1708             2               24         3.1743        18.2582
    1709             1               24         3.0130        18.6340
    1710             2               27         3.4024        18.1947
    1711             2               22         2.9890        18.6507
    1712             1               12         3.2173        19.6163
    1713             1               26         2.9536        19.2442
    1714             1               26         3.0136        18.6477
    1715             1               15         2.8839        19.3610
    1716             2               23         3.2031        18.5272
    1717             3               17         2.9914        18.5802
    1718             0               21         3.0556        18.8650
    1719             1               18         3.0268        18.4797
    1720             1               15         3.0384        19.3195
    1721             0               20         3.1762        18.6840
    1722             0               23         3.0417        18.5458
    1723             2               22         2.9358        19.1460
    1724             0               23         3.1662        19.7787
    1725             2               26         3.0300        18.7134
    1726             1               26         3.0668        19.7214
    1727             3               32         3.1206        18.6574
    1728             3               29         3.2052        18.4645
    1729             0               41         3.2186        18.4017
    1730             0               28         3.1058        17.5777
    1731             2               42         3.2542        17.4004
    1732             0               43         3.0617        16.9805
    1733             0               27         3.1909        17.2530
    1734             1               30         3.2806        17.3713
    1735             0               33         2.6667        17.9618
    1736             1               58         2.9760        18.2021
    1737             1               32         3.0701        18.3433
    1738             1               32         2.8181        18.4555
    1739             0               26         2.9567        18.2717
    1740             2               34         3.0508        16.1408
    1741             1               55         3.0083        17.6850
    1742             1               40         3.1026        16.7466
    1743             7               38         3.2387        15.6993
    1744             1               26         3.4399        15.1751
    1745             4               30         3.1350        15.1571
    1746             3               31         3.0922        15.4660
    1747             3               38         3.2124        15.8088
    1748             0               21         3.2234        15.0722
    1749             0               19         3.1420        16.1553
    1750             1               29         3.0260        16.3649
    1751             0               30         3.2027        15.6046
    1752             0               18         3.2069        15.4022
    1753             0               18         3.4150        16.5348
    1754             1               28         3.0387        15.7543
    1755             1               16         2.7998        16.0742
    1756             4               30         3.3410        16.5987
    1757             0               17         3.4466        17.6943
    1758             6               34         3.0955        16.2773
    1759             1               25         3.1272        16.4744
    1760             4               41         3.1204        15.1340
    1761             2               27         3.2480        15.0102
    1762             3               15         3.5388        15.1306
    1763             1               24         3.0406        15.0292
    1764             1               31         3.1129        14.8689
    1765             2               48         2.9490        14.9316
    1766             0               23         3.0964        14.7278
    1767             3               11         3.1361        16.2210
    1768             6               12         3.2210        15.2012
    1769             7               25         3.0007        15.0895
    1770             4                7         3.3290        15.3605
    1771             5               13         2.8643        15.6271
    1772             3               15         3.0266        16.2395
    1773             6               18         2.9257        15.9787
    1774             6               11         3.3220        16.2317
    1775             0               10         3.3000        16.0966
    1776             0               11         3.1156        16.4763
    1777             0                7         3.2816        17.5987
    1778             0               15         3.2543        17.5154
    1779             2               13         2.9427        16.5970
    1780             4               11         3.2162        16.7536
    1781             1               15         2.6973        15.9888
    1782             0               19         2.9138        16.2479
    1783             5               16         2.9504        15.9447
    1784             1               13         2.8676        16.6492
    1785             3               13         3.3598        16.2529
    1786             4               18         3.0189        16.1257
    1787             1               13         2.9528        16.2027
    1788             5               12         3.0978        15.8181
    1789             5               15         3.2683        16.1869
    1790             2               18         2.6828        15.6378
    1791             5               16         2.9718        16.0141
    1792             2               21         2.8116        16.3823
    1793             4               21         2.8195        15.9993
    1794             3               23         2.8201        16.6098
    1795             5               23         2.8717        15.9893
    1796             0               15         2.9005        16.2478
    1797             0               13         2.9442        16.0031
    1798             1               12         3.0600        15.8772
    1799             2               14         3.0658        16.3716
    1800             0               14         3.0956        15.7879
    1801             0               10         3.1836        16.4956
    1802             4               19         3.1544        15.1658
    1803             0                8         3.2480        17.1114
    1804             0               10         3.0489        17.2080
    1805             1                8         2.8391        16.9526
    1806             2               10         3.0325        16.1655
    1807             2               10         3.1913        16.5794
    1808             0               14         3.2177        17.9307
    1809             0                7         3.3963        18.3077
    1810             0                8         3.4506        18.0157
    1811             0                1         3.8301        16.6547
    1812             2                8         3.2965        15.7338
    1813             0                4         3.6265        16.7576
    1814             3                9         3.1898        16.2376
    1815             0                9         3.5323        16.6563
    1816             0                8         3.4546        16.1348
    1817             0                8         3.1830        14.8274
    1818             5                8         3.5059        15.0345
    1819             0                6         3.0680        15.0955
    1820             1                4         3.4556        14.9500
    1821             0                1         3.7771        17.0449
    1822             0                5         3.4733        18.0164
    1823             0                1         3.8461        18.1440
    1824             0                6         3.5685        18.7977
    1825             0                6         3.1780        19.0714
    1826             0                2         3.7076        17.8323
    1827             0                0         4.7850        17.0017
    1828             0                7         3.4849        17.7557
    1829             0                1         3.8537        16.5361
    1830             0                7         3.4048        16.5044
    1831             0               21         3.1208        18.2966
    1832             0               14         3.3401        17.9015
    1833             0                6         3.2172        18.3527
    1834             0                4         3.5446        17.9844
    1835             0               20         3.3598        18.4620
    1836             0                8         3.4333        17.3584
    1837             0               15         3.1317        17.7216
    1838             0                2         3.5948        18.7692
    1839             0                6         3.3826        18.3765
    1840             0               10         3.3606        18.1292
    1841             0               11         3.2603        19.7892
    1842             0                9         3.3983        20.2993
    1843             0               11         3.3508        20.2449
    1844             0               13         3.3534        20.1698
    1845             0               11         3.3257        20.5973
    1846             0               14         3.3085        20.8056
    1847             0               16         3.6210        21.4530
    1848             0               15         3.1929        21.3070
    1849             0               25         3.0815        19.9442
    1850             0               24         2.9541        18.7702
    1851             0               16         3.2813        18.8580
    1852             0               10         3.0939        19.4432
    1853             1               16         3.2219        19.5949
    1854             0               20         3.0615        18.4262
    1855             0               17         3.1699        18.8126
    1856             1               14         3.5222        18.0175
    1857             0               19         3.1640        18.1783
    1858             0               12         3.5025        17.1043
    1859             2               11         3.2939        18.0209
    1860             4                9         3.2437        17.5800
    1861             1               15         3.2873        17.8433
    1862             0                6         3.7185        19.3299
    1863             2               16         3.2622        18.9690
    1864             2               27         2.9757        18.3436
    1865             0               23         3.1151        17.7199
    1866             2               21         2.9659        17.2822
    1867             1               28         3.2541        18.1423
    1868             4               33         2.9851        17.1038
    1869             4               17         3.2825        16.3238
    1870             3               31         3.0523        16.5294
    1871             5               32         2.8402        17.8523
    1872             4               31         2.8917        18.0091
    1873             3               34         3.2650        17.4679
    1874             3               33         2.9542        17.4593
    1875             5               27         2.9642        16.2158
    1876             1               23         3.2481        17.3783
    1877             4               28         3.2154        18.2224
    1878             0               21         2.8042        18.4826
    1879             4               26         2.8504        17.4792
    1880             4               25         2.6917        17.8006
    1881             2               30         2.7634        18.1837
    1882             3               28         3.1636        17.5211
    1883             3               21         3.1902        17.4731
    1884             4               36         3.2170        16.8851
    1885             4               34         3.0332        16.7641
    1886             4               32         3.1128        16.8587
    1887             3               43         2.8582        16.6820
    1888             4               43         2.8276        16.8495
    1889             3               18         2.9179        16.0381
    1890             5               21         2.9462        15.2026
    1891             0               29         3.1366        16.5321
    1892             3               30         2.8410        17.4696
    1893             1               14         3.1571        16.1851
    1894             1               13         3.1212        16.9427
    1895             1               14         3.0312        16.3510
    1896             5               23         3.0146        14.9094
    1897             4               13         3.3246        14.6997
    1898             4               19         3.1755        14.4611
    1899             3               10         3.1510        15.0843
    1900             0                5         3.1043        15.3987
    1901             0               27         2.9592        14.3790
    1902             0               40         3.2231        15.0408
    1903             0               25         3.3194        14.4792
    1904             0               26         3.3415        14.5209
    1905             3               38         2.9095        13.7649
    1906             1               13         3.0691        14.1430
    1907             1               14         2.9314        15.5139
    1908             0               16         3.2673        15.9186
    1909             0               12         3.2805        15.4775
    1910             0               25         3.0562        15.5959
    1911             0               12         3.3774        15.8413
    1912             0               16         3.3971        15.9902
    1913             1               11         3.1298        15.5260
    1914             0               13         3.1294        15.5575
    1915             0               14         3.4481        15.9677
    1916             0               11         3.5162        15.6719
    1917             0               13         3.1252        15.8829
    1918             0               16         3.1815        15.8029
    1919             1               22         3.0267        16.0389
    1920             3               26         2.9459        14.3059
    1921             1               16         3.2234        14.8301
    1922             4               24         3.1982        15.0182
    1923             4               21         3.0352        15.0774
    1924             2               15         3.2938        15.8807
    1925             2               16         3.1839        15.4260
    1926             5               25         3.3128        16.1332
    1927             4               23         3.1588        14.8379
    1928             1               17         3.4327        16.1464
    1929             2               22         3.2694        17.3897
    1930             3               21         3.1859        16.2365
    1931             4               22         3.2398        16.0840
    1932             4               24         3.1311        16.0703
    1933             0               16         3.4444        15.9458
    1934             5               22         3.2171        16.8916
    1935             2               14         3.2097        17.2789
    1936             4               23         3.4136        17.4741
    1937            11               25         3.1512        17.2160
    1938             7               26         3.1951        18.4166
    1939             5               25         3.1700        17.5016
    1940             0                4         3.2336        16.9886
    1941             2               12         3.5444        15.1555
    1942             5               25         3.2166        15.9654
    1943             4               26         3.2879        16.2699
    1944             5               14         3.3272        18.1594
    1945             5               12         3.2613        16.7092
    1946             0                1         3.3168        17.6315
    1947             0               18         3.2107        17.6973
    1948             0               13         3.3111        19.0863
    1949             4               22         2.9784        19.5085
    1950             1               10         3.4111        18.9988
    1951             2               10         3.3984        19.5458
    1952             0               10         3.1961        19.1295
    1953             0               14         3.2388        17.7444
    1954             3               14         3.5142        18.9214
    1955             1               13         3.3728        19.7063
    1956             0                3         3.5868        17.7865
    1957             0                6         3.5803        17.3785
    1958             4               16         3.2125        15.5821
    1959             1               23         3.0505        15.7654
    1960             0               11         3.1746        16.4914
    1961             2               11         3.4179        15.2972
    1962             1                7         3.1462        16.7989
    1963             5                6         3.0508        16.8271
    1964             6               15         3.4166        16.7957
    1965             5               11         3.3936        16.5459
    1966             5               17         2.9157        15.1379
    1967             4               24         3.2160        15.5049
    1968             7               25         3.2253        15.9197
    1969             1               13         3.2857        16.0898
    1970             3               26         3.0407        15.3661
    1971             0                8         3.4462        17.3724
    1972             6               21         3.3228        17.1980
    1973             6               14         3.3990        17.7845
    1974             4               25         3.0563        16.7526
    1975             6               20         3.1667        16.2134
    1976             2               20         3.4128        16.4815
    1977             2               15         3.0880        16.6349
    1978             4               15         3.2295        15.7332
    1979             3                7         3.6511        14.9793
    1980             4               10         3.5316        14.9610
    1981             4                8         3.3940        16.5230
    1982             7               18         3.2153        17.6412
    1983             4               10         3.4132        17.3536
    1984             5               14         3.0812        16.8274
    1985             1                8         3.2948        16.6863
    1986             3                8         3.4171        16.7717
    1987             1                7         3.2802        17.1003
    1988             3               11         3.1602        15.5010
    1989             5               19         3.0456        15.0032
    1990             3               11         3.3320        15.8289
    1991             5               17         3.1295        16.0621
    1992             5               19         3.1995        15.5879
    1993             1                5         3.6624        16.9156
    1994             2                9         3.3310        18.2711
    1995             0                3         3.8367        18.0505
    1996             1               17         3.1281        15.9302
    1997             3               14         3.2540        16.3181
    1998             3               22         3.0598        15.4991
    1999             4               14         3.2958        14.7954
    2000             4               22         3.1293        15.0055
    2001             1                2         3.6642        16.4741
    2002             5               18         3.0346        14.8011
    2003             4                1         3.4406        17.1660
    2004             1                6         3.4431        17.5676
    2005             2                1         3.8693        17.0037
    2006             2               13         3.2872        15.9418
    2007             2               17         3.1083        16.2896
    2008             4               11         3.3426        16.6884
    2009             2               16         3.4560        16.6883
    2010             5                9         3.3557        17.6075
    2011             3               13         2.9014        18.0887
    2012             3               20         3.1485        16.9374
    2013             3                6         3.5799        17.7003
    2014             2                9         3.2947        18.3692
    2015             4               18         3.4193        16.9319
    2016             5                9         3.2685        16.7079
    2017             5               12         3.3066        16.8145
    2018             2                9         3.6128        16.7756
    2019             0               18         3.0064        15.9795
    2020             1               17         3.2796        17.4976
    2021             1               15         3.4064        16.2701
    2022             4               14         3.2848        17.8787
    2023             2               30         3.1827        16.2050
    2024             0               22         3.0386        15.9771
    2025             4               29         3.2316        15.7945
    2026             0               23         3.1197        16.0481
    2027             0               26         3.3283        16.8876
    2028             0               23         3.1348        16.2672
    2029             0               19         3.2623        16.9899
    2030             0               23         3.2663        16.3801
    2031             3               10         3.4604        16.7437
    2032             2               25         3.3137        15.6060
    2033             1               20         3.3065        16.5748
    2034             5               13         3.1228        16.5216
    2035             4                8         3.5441        17.4002
    2036             4                8         3.3334        16.9277
    2037             5               19         3.2528        16.3058
    2038             4               13         3.3516        17.3661
    2039             0               11         3.4116        18.2060
    2040             4               22         3.1174        18.3180
    2041             0               20         3.0851        17.8835
    2042             0               21         3.2507        18.8731
    2043             0                8         3.5275        21.2301
    2044             0                8         3.2628        20.5493
    2045             0                5         3.5637        18.7138
    2046             0               13         3.6571        18.3389
    2047             0               17         3.1774        17.9164
    2048             3               10         3.6844        17.4677
    2049             2                8         3.6021        17.2484
    2050             0               18         3.3998        16.5399
    2051             0               13         3.4802        17.8123
    2052             0               13         3.2950        19.4748
    2053             0               12         3.5150        19.8282
    2054             0               10         3.4093        18.8255
    2055             0               15         3.1356        18.8490
    2056             0               10         3.2177        19.0828
    2057             0                5         3.5395        19.0327
    2058             4               22         3.3692        17.3722
    2059             3               22         3.1476        17.5129
    2060             1                9         3.6376        17.0864
    2061             4                9         3.5751        17.1055
    2062             5               17         3.2565        15.9318
    2063             5               10         3.1773        16.0859
    2064             3               21         3.2003        17.5555
    2065             4               21         3.0133        17.0800
    2066             5               21         3.3201        15.8540
    2067             4               15         3.4708        15.3141
    2068             1               23         3.3731        15.3315
    2069             4               23         3.2398        16.7024
    2070             4               26         3.3941        15.5515
    2071             0               16         3.3192        16.9407
    2072             0               15         3.2881        17.2514
    2073             0               17         3.3159        16.5736
    2074             0               27         3.0696        15.8394
    2075             0               21         3.2456        16.1643
    2076             0               25         3.1333        15.1543
    2077             0               25         3.1974        15.7824
    2078             2               16         3.2448        17.9895
    2079             0               22         3.2469        16.7249
    2080             1               22         2.8940        15.6223
    2081             2               24         3.1815        16.5632
    2082             2               22         3.3353        17.4739
    2083             1               26         3.1949        16.1425
    2084             1               18         3.1872        17.5057
    2085             2               19         3.3601        17.6235
    2086             0               25         3.1448        16.2915
    2087             1               31         2.9329        17.7811
    2088             0               37         2.9703        17.3900
    2089             0               21         2.9154        17.0247
    2090             0                9         2.9687        16.5148
    2091             0               21         2.8600        15.9112
    2092             0               21         3.0351        16.3064
    2093             0               17         3.6122        17.3713
    2094             0               13         3.2302        17.2078
    2095             0                9         3.4628        16.2672
    2096             0               22         3.2777        16.2066
    2097             0               31         3.3008        16.2650
    2098             0               21         3.3650        15.5684
    2099             0               24         3.0009        16.2261
    2100             0               31         3.1305        16.5501
    2101             0               29         3.0858        16.5355
    2102             2               17         3.3407        17.7871
    2103             0               12         3.2164        17.5593
    2104             1               36         2.9394        17.5433
    2105             1               35         3.0830        17.6975
    2106             2               22         3.2613        17.6687
    2107             0               19         3.4785        16.8299
    2108             0               11         3.5878        16.7406
    2109             0               17         3.5184        17.2265
    2110             2                9         3.5899        17.2234
    2111             1                7         3.5666        16.8513
    2112             1               17         3.2911        16.5548
    2113             1                8         3.2398        16.8325
    2114             1               12         2.7229        15.0875
    2115             0               17         2.9389        15.7086
    2116             1               19         3.1014        16.3569
    2117             1               17         3.0478        16.5259
    2118             1                8         3.4533        17.1638
    2119             1               26         3.1873        18.0252
    2120             1               20         3.3259        18.0256
    2121             1               12         3.1886        17.6367
    2122             0                9         3.7311        18.5772
    2123             0               18         3.2605        18.4220
    2124             0               15         3.0608        17.3826
    2125             0               12         3.1633        17.9925
    2126             1                9         3.5948        17.3785
    2127             0                5         3.5262        15.6469
    2128             1               23         3.3385        16.7952
    2129             0               18         3.2581        16.7794
    2130             0                7         3.7079        17.5138
    2131             1               21         3.2782        17.5516
    2132             0               26         3.1258        17.2897
    2133             0                9         3.3526        16.2963
    2134             0               13         3.5265        15.1685
    2135             3               15         3.5871        15.9864
    2136             3               21         3.2572        16.9891
    2137             0                4         3.5968        17.0477
    2138             0               18         3.3843        16.9322
    2139             0                4         3.5934        17.0599
    2140             0               11         3.4722        17.7846
    2141             0               16         3.2722        17.3920
    2142             0                9         3.3088        16.1453
    2143             0               13         2.9446        16.1397
    2144             0                9         3.4350        15.0222
    2145             1                1         3.7316        16.3617
    2146             0                9         3.4539        16.9176
    2147             1               12         3.3643        16.8106
    2148             2                3         3.7048        15.7266
    2149             1               19         2.8758        18.3505
    2150             2               18         3.2257        16.4996
    2151             1               28         3.0417        17.9545
    2152             2                5         3.5199        17.6532
    2153             1               15         3.0525        16.1928
    2154             1               21         3.3073        17.0510
    2155             2               17         3.2932        15.3093
    2156             2               11         3.2694        15.0242
    2157             2               10         3.3992        15.7814
    2158             0               14         3.3811        16.5242
    2159             0               22         2.8651        16.2646
    2160             0                8         3.2031        17.0720
    2161             2               14         3.0423        16.7179
    2162             0                9         3.5840        15.7359
    2163             0               13         3.2533        15.8509
    2164             0               10         3.5923        15.9259
    2165             0               21         3.2271        16.3546
    2166             0                7         3.4733        15.8246
    2167             1               17         3.4676        17.4522
    2168             4               11         3.1408        16.7830
    2169             2                8         3.2859        16.8046
    2170             0               17         3.4082        17.9521
    2171             0                4         3.7348        18.2876
    2172             0                8         3.5554        18.7286
    2173             1                8         3.3629        17.7446
    2174             5               21         3.3049        16.9779
    2175             1               17         3.3146        18.5824
    2176             1                4         3.6209        18.9052
    2177             2                7         3.3107        17.5736
    2178             1               16         3.1944        17.1366
    2179             1               14         3.5233        17.7645
    2180             4               22         3.0338        17.2578
    2181             4               11         3.5330        16.8573
    2182             4               17         3.5631        16.5620
    2183             4               18         3.1925        17.6691
    2184             4               18         3.3957        18.1019
    2185             4               16         3.1826        17.0765
    2186             4               10         3.4859        17.7032
    2187             5               16         3.0372        17.1589
    2188             5               15         3.2465        16.8275
    2189             5               15         3.1620        17.7687
    2190             5                5         3.2629        17.6966
    2191             5               12         2.9139        17.0342
    2192             5               11         3.0286        16.3343
    2193             5               18         3.1026        16.5397
    2194             4               13         3.2804        15.1927
    2195             7               11         3.3236        15.9975
    2196             5               20         2.9239        15.9751
    2197             5               22         2.9475        16.6773
    2198             2               35         3.1200        17.4683
    2199             4               14         3.3623        16.9813
    2200             5               29         3.2233        17.0635
    2201             4               13         3.1774        16.7298
    2202             1               15         3.1618        18.0750
    2203             1               19         3.1380        18.1366
    2204             5               25         2.9229        17.0824
    2205             4               17         3.1977        16.9365
    2206             4               39         3.2672        15.9063
    2207             5               22         3.0168        16.1951
    2208             4               21         3.1969        16.6418
    2209             0               12         3.1843        17.1653
    2210             5               21         3.1760        17.0574
    2211             2               16         3.4046        16.3112
    2212             0               36         3.0240        16.9345
    2213             2               16         3.3809        17.2137
    2214             5               13         3.2126        16.3763
    2215             5               28         3.0491        16.3398
    2216             5               18         3.0750        17.2864
    2217             5               19         3.0846        16.5354
    2218             5               19         3.0264        17.3672
    2219             5               22         3.2535        15.9152
    2220             5               31         3.2041        16.1936
    2221             1               19         3.3633        15.4806
    2222             3               19         3.2612        15.6189
    2223             3               19         3.6109        15.3478
    2224             3               12         3.5721        16.2130
    2225             5               24         3.2284        15.4735
    2226             5               24         2.9942        15.6478
    2227             4               10         3.0966        16.8827
    2228             5               17         2.9451        15.4948
    2229             5               36         3.2048        14.9484
    2230             5               15         3.1056        15.2030
    2231             3               27         3.2885        15.9336
    2232             6               33         3.0784        16.0743
    2233             4               25         3.0123        16.4688
    2234             1               21         2.9979        17.0716
    2235             4               25         3.1901        16.3808
    2236             0               20         3.5307        16.5537
    2237             0               20         3.1235        15.5432
    2238             0               27         3.1126        15.8173
    2239             3               41         3.1351        16.3412
    2240             4               28         3.3764        15.3057
    2241             5               38         3.2294        16.9089
    2242             4               26         3.0168        17.4962
    2243             2               40         3.1522        17.2035
    2244             3               38         3.2023        17.4388
    2245             3               29         3.0419        17.4659
    2246             3               21         3.2852        17.4527
    2247             5               33         3.0651        17.2362
    2248             2               32         3.5282        16.8379
    2249             0               21         3.3299        18.2035
    2250             0               14         3.5244        19.0004
    2251             1               33         3.1605        18.0593
    2252             0               20         3.4042        17.5026
    2253             4               36         3.3113        17.1400
    2254             4               17         3.2883        18.9624
    2255             2               23         2.9977        19.3933
    2256             1               10         3.1763        19.9704
    2257             1                8         3.2890        19.7396
    2258             0               14         3.3428        19.5746
    2259             1               27         3.2502        19.1315
    2260             0                7         3.2887        20.4749
    2261             1               12         3.1670        16.5477
    2262             0                8         3.2774        16.7745
    2263             0                6         3.4282        16.1638
    2264             2               18         3.1929        15.6313
    2265             0               16         3.4487        16.1118
    2266             0               16         3.3421        16.1389
    2267             0               19         3.3998        16.1719
    2268             0               12         3.2545        16.4308
    2269             3               15         3.3484        16.2812
    2270             1               12         3.5038        15.7087
    2271             3               14         3.2991        16.1638
    2272             3               13         3.3093        15.8828
    2273             3                7         3.4389        16.4008
    2274             1               12         3.3948        16.6219
    2275             4               16         2.9910        16.5612
    2276             0               24         3.1983        15.7242
    2277             1               19         3.4464        15.9536
    2278             0               23         3.3470        15.5677
    2279             1               33         3.2903        14.8816
    2280             1               27         3.3278        14.6026
    2281             0               31         3.2992        15.4654
    2282             0               24         3.0648        15.8746
    2283             0               19         3.2357        16.1319
    2284             0               11         3.4239        15.6466
    2285             0               23         3.1635        14.7457
    2286             0               26         3.0599        14.9538
    2287             1               20         3.1130        15.7241
    2288             0               30         3.1112        15.3994
    2289             0               39         3.2500        14.9499
    2290             0               31         3.1571        16.7070
    2291             0               37         3.1155        16.2367
    2292             0               33         3.0440        16.5032
    2293             0               28         3.0109        15.5346
    2294             2               17         3.1520        15.2385
    2295             5               18         3.2062        15.8552
    2296             3               35         3.3006        15.0426
    2297             3               34         3.1613        15.2986
    2298             3               33         3.2064        14.8986
    2299             3               36         3.2257        14.7375
    2300             0               26         3.1036        15.2701
    2301             0               32         3.1494        14.9941
    2302             5               28         2.7685        15.4610
    2303             0               13         3.2392        15.4538
    2304             0               18         3.0315        15.1187
    2305             0               29         3.1898        16.8951
    2306             0               27         2.8665        15.7924
    2307             4               26         2.9778        16.6805
    2308             0               23         2.8903        16.5537
    2309             4               34         3.1062        15.8399
    2310             4               35         2.8358        15.3642
    2311             3               39         2.8029        15.3872
    2312             4               29         2.8690        16.5055
    2313             4               37         2.8618        16.5315
    2314             5               37         2.8099        16.1672
    2315             6               36         2.8222        16.5046
    2316             5               28         2.8955        16.3200
    2317             4               21         3.1869        16.0062
    2318             0               22         2.7860        15.2852
    2319             0                4         3.1485        16.1772
    2320             1               24         2.7378        15.3164
    2321             0               16         2.7690        16.1212
    2322             2               15         3.2288        17.7058
    2323             2                7         3.0756        18.7074
    2324             3               17         3.0564        17.6179
    2325             2               14         2.7830        18.9751
    2326             2               25         2.7846        18.8085
    2327             0               15         3.1471        18.9075
    2328             0               13         3.0617        19.1243
    2329             1               14         2.9718        18.7952
    2330             2               24         2.8465        18.6724
    2331             0               12         3.2239        19.9609
    2332             2               21         2.8820        18.9712
    2333             0               20         2.7362        18.8311
    2334             1               26         2.9144        18.2588
    2335             0               12         3.5309        16.9850
    2336             0               17         3.1533        17.8723
    2337             0               33         2.8006        17.3087
    2338             0               20         2.8589        16.8336
    2339             0               26         2.8776        16.6459
    2340             0               22         2.8871        16.8341
    2341             1               33         3.0680        17.5311
    2342             0               38         2.9237        17.0731
    2343             0               30         2.9784        15.7955
    2344             0               38         2.9360        17.0495
    2345             0               26         2.8657        16.8206
    2346             0               26         2.7748        17.1278
    2347             0               23         2.9526        16.1131
    2348             0               27         2.7401        16.7415
    2349             0               31         3.0477        16.5949
    2350             0               28         2.7460        17.3927
    2351             0               29         2.9311        17.9319
    2352             0               28         2.9792        17.6922
    2353             0               23         2.8340        17.2389
    2354             0               30         3.0547        16.8211
    2355             0               42         2.7817        16.1005
    2356             0               37         3.0987        17.0142
    2357             1               44         3.0315        16.4661
    2358             0               26         3.2156        15.7992
    2359             1               41         2.7545        16.4451
    2360             0               32         3.2218        16.3860
    2361             0               25         2.9496        17.7506
    2362             0               31         2.7887        18.1541
    2363             0               29         3.0054        17.0410
    2364             0               28         2.7327        16.9094
    2365             0               30         2.9187        16.9673
    2366             0               21         2.7370        16.0013
    2367             0               38         3.0606        17.0282
    2368             0               29         2.7803        16.4594
    2369             0               43         2.6128        16.6496
    2370             0               37         2.8803        16.5678
    2371             0               26         2.7710        16.0756
    2372             0               32         2.7595        16.4113
    2373             0               24         2.7636        16.5383
    2374             0               23         2.9276        16.7889
    2375             0               24         3.0010        16.9657
    2376             0               26         2.9431        16.6204
    2377             0               21         3.4835        17.3745
    2378             0               28         3.1941        17.4422
    2379             0               29         3.2370        17.4797
    2380             0               32         3.0734        17.6927
    2381             0               41         3.0556        16.8063
    2382             0               23         2.9877        17.8674
    2383             0               35         3.1606        17.2491
    2384             0               33         3.0202        16.4728
    2385             0               32         2.9566        17.0395
    2386             0               32         3.3279        17.0273
    2387             0               23         3.2534        16.5992
    2388             0               32         3.0506        16.9674
    2389             0               31         2.9323        16.2959
    2390             0               27         2.9200        16.2759
    2391             0               27         2.9315        18.1452
    2392             0               25         3.0037        16.6371
    2393             0               32         3.1566        17.1562
    2394             0               34         2.8864        17.3650
    2395             0               42         3.1170        17.2543
    2396             0               23         2.9552        16.9061
    2397             0               45         3.0267        16.6374
    2398             0               32         2.8179        17.2097
    2399             0               32         2.9712        17.2808
    2400             0               44         3.2196        16.9752
    2401             0               25         3.4157        17.0076
    2402             0               38         2.7598        17.0848
    2403             0               37         2.9123        18.2951
    2404             0               29         3.0135        18.0930
    2405             0               28         3.1654        18.6919
    2406             0               14         3.2214        18.4877
    2407             0               17         3.1304        16.8549
    2408             0               17         3.2915        17.5417
    2409             0               28         3.2210        17.8297
    2410             0               30         3.1041        18.2795
    2411             0               32         3.0327        18.7636
    2412             0               26         3.2538        17.4163
    2413             0               29         3.3261        18.0903
    2414             1               26         3.2790        18.3768
    2415             0               17         3.0722        18.8958
    2416             0               34         3.0197        17.9510
    2417             0               23         2.9571        17.5297
    2418             0               18         3.1881        18.2658
    2419             0               37         2.5609        17.9089
    2420             0               35         3.3463        17.8030
    2421             0               27         3.0466        17.5529
    2422             0               34         3.2543        18.4419
    2423             0               39         3.0687        18.6584
    2424             0               18         3.1998        19.4150
    2425             0               13         3.3277        19.1321
    2426             0               27         3.0749        17.5538
    2427             0               30         3.2430        17.5552
    2428             0               42         3.0506        17.4747
    2429             0               24         3.1119        17.7653
    2430             0               42         2.9499        17.2975
    2431             0               35         2.9778        17.7255
    2432             0               20         3.1962        18.0641
    2433             0               39         2.8447        15.6924
    2434             0               27         2.9644        16.4059
    2435             0               35         2.8654        15.7573
    2436             0               26         2.9164        14.8111
    2437             0               32         2.8119        15.9481
    2438             0               38         2.9031        15.9964
    2439             0               35         3.0827        15.6914
    2440             0               37         2.9299        17.7315
    2441             0               36         2.8803        17.5533
    2442             0               37         3.0369        17.7931
    2443             0               39         3.0040        16.2531
    2444             0               37         2.7781        17.0077
    2445             0               26         3.1160        17.3308
    2446             0               35         2.9276        18.6197
    2447             0               38         2.9809        17.8131
    2448             0               22         3.0579        18.9331
    2449             0               29         3.1164        17.3798
    2450             0               24         3.1396        16.9868
    2451             0               41         2.9447        18.2661
    2452             0               26         2.9667        17.7462
    2453             0               40         3.2275        17.2490
    2454             0               28         3.0621        18.2606
    2455             0               24         3.2639        16.6259
    2456             0               20         3.0481        16.9751
    2457             0               18         2.9611        17.0640
    2458             0               30         3.1380        16.4246
    2459             0               31         2.8761        17.0125
    2460             0               30         3.0425        16.4967
    2461             0               23         3.2338        15.8601
    2462             0               21         3.0216        15.8944
    2463             0               19         3.2495        16.4616
    2464             0               29         3.1452        16.0259
    2465             0               20         3.2983        17.0051
    2466             0               32         3.1439        16.4118
    2467             0               26         3.0938        16.4663
    2468             0               45         2.8823        15.8146
    2469             0               28         3.1734        15.8578
    2470             0               42         3.1341        16.2924
    2471             0               19         3.2875        15.9681
    2472             0               40         3.1263        15.5550
    2473             0               31         3.1710        16.3338
    2474             0               37         3.2332        16.3294
    2475             0               47         3.1488        16.1004
    2476             0               21         3.0588        15.6481
    2477             0               20         2.9052        16.0810
    2478             0               30         2.6978        16.1779
    2479             0               27         2.6305        17.0479
    2480             0               36         2.7993        16.8072
    2481             0               44         2.8435        16.1911
    2482             0               28         2.8062        15.4136
    2483             0               38         2.8625        15.6454
    2484             0               30         2.6477        15.8919
    2485             0               33         2.7212        16.2729
    2486             0               31         2.6809        16.6523
    2487             0               35         3.1596        15.5628
    2488             0               23         2.8650        15.7701
    2489             0               36         2.8289        15.8878
    2490             0               27         2.8265        15.7790
    2491             0               45         3.0580        15.6085
    2492             0               24         3.0884        15.0436
    2493             0               42         2.8347        16.0800
    2494             0               26         2.7039        15.5931
    2495             0               22         3.1394        15.3917
    2496             0               33         2.9477        15.3486
    2497             0               29         3.0203        15.8889
    2498             0               35         2.6296        16.2099
    2499             0               23         3.0977        15.9416
    2500             0               40         2.6531        16.1865
    2501             0               43         2.6072        15.7699
    2502             0               33         2.8801        15.2071
    2503             0               26         3.0566        15.6787
    2504             0               35         2.8992        15.0564
    2505             0               41         2.9212        14.6107
    2506             0               32         3.1485        14.6810
    2507             0               18         3.2443        15.6447
    2508             0               29         3.0666        15.4785
    2509             0               46         2.9831        14.8726
    2510             0               24         3.0269        15.6548
    2511             0               38         2.7591        14.5697
    2512             0               12         3.0754        15.7443
    2513             0               19         3.0490        16.2203
    2514             0               28         3.0242        15.7057
    2515             0               27         3.2334        16.2662
    2516             0               27         2.9412        15.6489
    2517             0               19         2.9653        15.9624
    2518             0               17         3.0249        15.8628
    2519             0               20         3.1611        15.1342
    2520             0               29         3.2953        15.6330
    2521             0               22         2.9424        15.3201
    2522             0               15         2.8648        16.2276
    2523             0               13         2.9312        15.8240
    2524             0               30         2.9920        14.6738
    2525             0               15         3.0614        16.0341
    2526             0               24         3.1153        14.7657
    2527             0               29         3.0018        15.9320
    2528             0               24         3.1965        16.0735
    2529             0                5         3.7341        16.0791
    2530             0               36         3.0267        15.8376
    2531             0               12         3.1756        16.6741
    2532             0               21         2.9805        15.3484
    2533             0               19         2.9443        15.7531
    2534             0               20         3.3118        15.7238
    2535             0               26         3.0950        16.1655
    2536             0               14         3.2586        16.2524
    2537             0               25         3.0724        16.7229
    2538             0               27         2.9653        16.1683
    2539             0               45         3.1874        16.1006
    2540             0               41         2.9731        16.1136
    2541             0               20         3.2984        17.0653
    2542             0               40         3.1670        16.5718
    2543             0               30         3.0216        17.0237
    2544             0               47         2.9311        16.1517
    2545             0               34         3.0239        16.9082
    2546             0               15         3.4223        16.4017
    2547             0               25         3.1505        16.8406
    2548             0               32         3.1107        16.6167
    2549             0               14         3.3918        16.2054
    2550             0               25         3.2134        16.4514
    2551             0               10         3.2262        17.1037
    2552             0               12         3.0591        17.4128
    2553             0               16         3.2327        16.8696
    2554             0                6         3.0888        17.3486
    2555             0                7         3.2553        17.1814
    2556             0               15         3.6846        16.5778
    2557             0                9         3.2769        18.5718
    2558             0                6         3.3731        18.3092
    2559             0               10         3.0628        18.5539
    2560             0               25         3.0398        17.8348
    2561             0               31         3.2085        17.6807
    2562             0               25         3.1822        18.0946
    2563             0               15         3.0434        17.7904
    2564             0               14         3.5457        18.6435
    2565             0               12         3.3091        18.4033
    2566             0               15         3.1506        18.5317
    2567             0               10         3.1591        18.4997
    2568             0               17         2.9637        17.5712
    2569             0               18         3.1986        17.5170
    2570             0               11         3.1986        16.8126
    2571             0               17         2.9442        16.6236
    2572             0               20         2.8570        15.9591
    2573             0               18         2.8514        16.1859
    2574             0               19         2.7866        16.8065
    2575             0               15         2.9934        15.9032
    2576             0               10         2.8943        16.0477
    2577             0               14         2.9294        16.6727
    2578             0               15         3.1393        15.2129
    2579             0               26         2.8317        14.6002
    2580             0               23         3.2701        14.6656
    2581             0               42         2.8473        14.8894
    2582             0               29         3.0949        14.2118
    2583             0               30         3.1152        14.3588
    2584             0               34         3.1252        14.9974
    2585             0               25         2.7384        14.5838
    2586             0               41         2.8326        15.6436
    2587             0               34         2.8103        14.2324
    2588             0               32         3.0227        15.1564
    2589             0               18         2.7517        15.4213
    2590             0               22         2.9259        15.6669
    2591             0               22         2.9135        15.9621
    2592             0               22         2.8729        15.5879
    2593             0               28         3.0772        14.8569
    2594             0               15         3.0398        15.0574
    2595             0               11         3.3974        15.4515
    2596             0               30         3.1757        15.9486
    2597             0               19         3.3473        15.4265
    2598             0               29         2.9354        16.2262
    2599             0               18         3.0749        16.1939
    2600             0               17         2.9601        16.7401
    2601             0               28         3.1525        16.4052
    2602             0               15         3.3480        16.4917
    2603             0               30         3.1643        15.4858
    2604             0               17         3.2392        16.4415
    2605             0               18         3.0496        16.0718
    2606             0               23         2.8283        15.8744
    2607             0               20         3.1477        15.4437
    2608             0               15         3.2847        15.4534
    2609             0                9         3.3306        16.7542
    2610             0               27         3.0923        15.0753
    2611             0               18         2.9534        15.1097
    2612             0               20         3.3384        15.5990
    2613             0               22         3.3067        15.1842
    2614             0               32         3.0473        14.6403
    2615             0               17         3.1339        16.4464
    2616             0               21         2.9856        15.5758
    2617             0               19         2.8552        15.0703
    2618             0               26         3.0438        15.0391
    2619             0               24         3.1032        15.4622
    2620             0               18         3.1428        15.8070
    2621             0               12         3.0060        16.4450
    2622             0               20         2.8688        15.9684
    2623             0               18         3.0812        15.9766
    2624             0               25         2.7629        15.5982
    2625             0               20         3.0628        15.6012
    2626             0               19         2.6454        15.3945
    2627             0               19         2.9667        15.7450
    2628             0                8         3.4662        15.0186
    2629             0               18         2.9718        14.8668
    2630             0               20         3.2546        14.9974
    2631             0               32         2.8504        15.0775
    2632             0               20         3.2511        14.8760
    2633             0                9         3.4754        17.4843
    2634             0               10         3.0734        16.7142
    2635             0               10         3.0064        18.9379
    2636             0               11         3.4303        17.1626
    2637             0                6         3.3580        19.1981
    2638             1               15         3.1756        19.1817
    2639             0                8         3.3593        18.4535
    2640             0               10         3.4609        19.0113
    2641             0                9         3.4251        19.5748
    2642             0               19         3.2522        20.3954
    2643             0               18         3.2627        19.6080
    2644             0               13         3.3030        19.6822
    2645             0                3         3.5825        19.3058
    2646             0                6         3.6405        18.0532
    2647             0               10         3.2060        17.5072
    2648             0               19         2.9826        17.3389
    2649             0               20         3.1403        17.6291
    2650             0               24         2.9567        18.1840
    2651             0               30         3.1319        18.2353
    2652             0               23         2.6932        17.8287
    2653             0               33         3.0696        17.2966
    2654             0               28         3.0846        17.4993
    2655             0               25         3.0118        16.5379
    2656             0               19         3.0576        17.5032
    2657             0               29         3.1542        16.9200
    2658             0               25         2.8446        16.5551
    2659             0               22         2.9517        16.9147
    2660             0               20         2.9330        16.2213
    2661             0               18         3.0996        16.4558
    2662             0               18         3.2665        16.0584
    2663             0               22         3.2510        15.6881
    2664             0               26         2.8263        15.6106
    2665             0               27         3.1053        15.7595
    2666             0               10         3.1171        15.8813
    2667             0               19         3.0969        15.2992
    2668             0               28         3.1138        14.9096
    2669             0               15         3.2325        14.9885
    2670             0                9         3.4890        14.5046
    2671             0               34         3.0680        14.1853
    2672             0               21         3.1982        14.5543
    2673             0               20         3.1881        15.5461
    2674             0               26         3.1903        15.7523
    2675             0               27         3.1446        16.1582
    2676             0               18         3.1900        16.8834
    2677             0                8         3.1571        17.2216
    2678             0               14         3.2765        16.8606
    2679             0               26         3.1594        16.7576
    2680             0               20         3.2721        17.8559
    2681             0               17         3.2424        16.7288
    2682             0               23         3.2126        17.0186
    2683             0               31         3.0517        16.8257
    2684             0               28         3.0775        18.5639
    2685             0               13         3.1975        17.4770
    2686             0               24         3.0418        18.2515
    2687             0               23         2.9267        17.2301
    2688             0               21         3.3007        17.5856
    2689             0               12         3.2260        16.8756
    2690             0               29         3.2178        17.4220
    2691             0               18         3.2045        17.2258
    2692             0                8         3.3927        17.4346
    2693             0               30         3.2482        16.6785
    2694             0               20         3.1123        18.5622
    2695             0               21         3.3536        18.3014
    2696             0                5         3.5060        17.9233
    2697             0               19         3.4279        17.7796
    2698             0               18         3.1228        18.8738
    2699             0               16         3.1085        19.0887
    2700             0               24         3.4620        18.6003
    2701             0               26         3.3469        17.3157
    2702             0               26         3.1253        17.9297
    2703             0               13         3.6414        18.1015
    2704             0               14         3.4677        17.7214
    2705             0               14         3.3544        18.1825
    2706             0               22         3.2330        19.2789
    2707             0               17         3.1021        18.5580
    2708             0               14         3.3966        19.4346
    2709             0               18         3.0295        18.9379
    2710             0                9         3.5000        19.5821
    2711             0                3         3.4487        19.9969
    2712             0               18         3.2732        19.1744
    2713             0               15         3.3371        18.9173
    2714             0               10         3.5555        19.1881
    2715             0               25         3.1152        19.4669
    2716             0               11         3.3717        19.1759
    2717             0               14         3.4032        18.9098
    2718             0                8         3.4523        19.5327
    2719             0                8         3.5062        18.7941
    2720             0               10         3.3105        19.9905
    2721             0               11         3.3097        19.2445
    2722             0               13         3.0130        19.2020
    2723             0               18         3.0699        18.7820
    2724             0               15         3.1595        18.2606
    2725             0               25         2.9895        18.8214
    2726             0               20         3.0533        19.2610
    2727             0                4         3.7032        18.2681
    2728             0                4         3.7432        18.9574
    2729             0               12         3.3441        18.5892
    2730             0               22         3.4973        18.1785
    2731             0               14         3.4814        18.2535
    2732             0               17         3.3508        18.1298
    2733             0               17         3.3698        18.2546
    2734             0               17         3.2793        17.6009
    2735             0               16         2.9981        18.4864
    2736             0               12         3.2650        18.2714
    2737             0               23         3.2575        18.2513
    2738             0               24         3.0238        17.2722
    2739             0               27         3.1874        17.1379
    2740             0               20         3.2234        17.8596
    2741             0               30         2.8611        17.1791
    2742             0               17         3.3997        17.6018
    2743             0               13         2.9935        18.4603
    2744             0                5         3.5799        18.3040
    2745             0               31         3.1191        16.6834
    2746             0               28         3.1959        16.6836
    2747             0               14         3.3417        18.0128
    2748             0               21         3.2115        17.6695
    2749             0               23         3.1706        16.5680
    2750             0               18         3.2347        18.2985
    2751             0               14         3.4341        19.0570
    2752             0               14         3.0800        18.8240
    2753             0               17         2.9432        19.2035
    2754             0               18         3.1564        18.4553
    2755             0               15         3.1761        18.9695
    2756             0               18         3.2614        19.5655
    2757             0               14         3.3107        19.3298
    2758             0               15         3.2797        18.1267
    2759             0               14         3.2612        18.3892
    2760             0               17         3.1139        18.8349
    2761             0               18         3.1392        18.5273
    2762             0               18         2.9091        18.8840
    2763             0               16         3.0526        18.5071
    2764             0               18         3.2113        17.9382
    2765             0               14         3.4055        18.2839
    2766             0               17         3.3570        18.5277
    2767             0               18         3.0026        18.1229
    2768             0               14         3.2671        18.1410
    2769             0               12         3.2561        18.3660
    2770             0               15         3.0643        18.4091
    2771             0               13         3.0258        18.5466
    2772             0               12         3.2915        18.3727
    2773             0               25         3.1499        18.1757
    2774             0               22         3.2354        18.4064
    2775             0               13         3.0306        18.3280
    2776             0               15         3.4929        18.6449
    2777             0               10         3.2036        18.7954
    2778             0               12         3.2573        19.7589
    2779             0                4         3.8447        20.1809
    2780             0                4         3.6682        20.3891
    2781             0                3         3.9257        20.0598
    2782             0               14         2.9524        19.4093
    2783             0               10         3.5601        19.3204
    2784             0               22         3.1754        18.8820
    2785             0               16         3.0827        18.8968
    2786             0               15         3.2182        19.5578
    2787             0               18         3.1710        19.5850
    2788             0               18         3.3497        18.5911
    2789             0               17         2.9867        18.8228
    2790             0               22         3.1061        18.8610
    2791             0               15         3.4847        19.4128
    2792             0               10         3.1917        19.3494
    2793             0               20         3.4678        19.2247
    2794             0               16         3.2602        19.8268
    2795             0               17         3.4051        19.5811
    2796             0               15         3.1950        19.7585
    2797             0               18         3.3980        19.0660
    2798             0               22         3.4390        20.1288
    2799             0               20         3.1098        19.9998
    2800             0               25         3.0741        19.7868
    2801             0               10         3.5302        18.9983
    2802             0                6         3.3043        19.9813
    2803             0               29         3.0926        19.2268
    2804             0               19         3.3174        19.4626
    2805             0               22         3.2149        18.6293
    2806             0               12         3.3552        19.8147
    2807             0               17         3.1785        19.5844
    2808             0               21         3.1623        18.1392
    2809             0               12         3.3203        19.2451
    2810             0               14         3.4181        20.2278
    2811             0               13         3.6487        19.6913
    2812             0               14         3.1214        19.6343
    2813             0               17         3.2648        19.1463
    2814             0               20         3.0377        17.7824
    2815             0               20         3.5602        18.9624
    2816             0               26         3.1651        19.6100
    2817             0               22         2.9043        17.7509
    2818             0               21         3.2593        19.1035
    2819             0               18         3.0204        20.1461
    2820             0               12         3.5258        20.4837
    2821             0                2         3.9211        19.8979
    2822             0               10         3.4382        19.0263
    2823             0               20         3.2751        19.4692
    2824             0               19         3.4808        18.6472
    2825             0               12         3.1704        17.9811
    2826             0               22         3.2143        19.2415
    2827             0               24         3.3433        18.4416
    2828             0               15         3.5173        18.4472
    2829             0               22         3.2698        18.0456
    2830             0               19         3.1465        17.6165
    2831             0               17         3.5076        17.2209
    2832             0               12         3.2259        16.4193
    2833             0                5         3.4930        18.6687
    2834             0               10         3.4457        19.5100
    2835             0               17         3.2845        19.1216
    2836             0               10         3.3624        21.2434
    2837             0               16         3.1857        20.1386
    2838             0                5         3.5192        20.5930
    2839             0               10         3.3667        20.7354
    2840             0                8         3.1956        21.0264
    2841             0               11         3.4334        20.8306
    2842             0                9         3.4509        21.3032
    2843             0                5         3.4930        21.4694
    2844             0                5         3.5137        21.5456
    2845             0               11         3.4277        21.6464
    2846             0                4         3.5720        21.0116
    2847             0               15         3.4121        20.6818
    2848             0               10         3.5473        20.5970
    2849             0                5         3.4900        20.6739
    2850             0                7         3.4485        22.3782
    2851             0               10         3.4373        21.6822
    2852             0                3         3.7058        22.0223
    2853             0                7         3.5728        22.2128
    2854             0                3         3.6074        22.1623
    2855             0                8         3.6884        21.2159
    2856             0                2         3.8157        20.8862
    2857             0                9         3.2747        21.4933
    2858             0               12         3.4278        21.4144
    2859             0               10         3.5326        20.6562
    2860             0                2         3.5645        21.6817
    2861             0                9         3.3098        23.3341
    2862             0                7         3.4477        22.9320
    2863             0                9         3.5324        23.1688
    2864             0               15         3.0623        22.8683
    2865             0               11         3.5451        22.1855
    2866             0               13         3.3977        23.5080
    2867             0                4         3.5308        22.4415
    2868             0                5         3.6313        21.4486
    2869             0                7         3.6405        21.4210
    2870             0                9         3.1969        20.5684
    2871             0               18         2.9230        20.7320
    2872             0                7         3.5691        21.3089
    2873             0               10         3.2379        20.9787
    2874             0               16         2.9580        21.2449
    2875             0               11         3.1775        20.8533
    2876             0                6         3.2271        20.0070
    2877             0               13         3.3064        20.9053
    2878             0                9         3.4013        19.8986
    2879             0                4         3.7330        19.5169
    2880             0               17         3.4895        19.7471
    2881             0               13         3.1347        20.2680
    2882             0               10         3.2795        20.2916
    2883             0                5         3.6729        20.0749
    2884             0               10         3.6616        20.1911
    2885             0               10         3.6141        20.5945
    2886             0                8         3.6495        18.9975
    2887             0                7         3.3295        20.4269
    2888             0                2         3.7368        21.9308
    2889             0               19         2.8803        21.9438
    2890             0                2         3.7385        22.0981
    2891             0                6         3.5358        21.5842
    2892             0                4         3.5342        22.4065
    2893             0                7         3.4558        21.6164
    2894             0                9         3.4839        21.3854
    2895             0                4         3.8064        21.3012
    2896             0                6         3.4024        20.9112
    2897             0                6         3.4509        20.8925
    2898             0                6         3.6843        21.9381
    2899             0                6         3.7102        20.1148
    2900             0                8         3.4725        21.0669
    2901             0                7         3.2928        21.2856
    2902             0                3         3.7671        21.1250
    2903             0                3         3.8255        19.9089
    2904             0                7         3.6105        19.8670
    2905             0               11         3.5819        19.4013
    2906             0               10         3.6222        18.8694
    2907             0               10         3.2518        18.4443
    2908             0                3         3.8393        18.3826
    2909             0               12         3.5495        17.8101
    2910             0                4         3.8134        18.0494
    2911             0               14         3.2849        18.0834
    2912             0               14         3.1746        18.4949
    2913             0               13         3.6527        18.7388
    2914             0               12         2.8114        18.8651
    2915             0               13         3.4657        18.5159
    2916             0               17         3.3671        18.5581
    2917             0                8         3.7010        18.9743
    2918             0                3         3.6290        18.6911
    2919             0                8         3.7033        18.2017
    2920             0                3         3.7046        18.9122
    2921             0                6         3.2803        18.6016
    2922             0                7         3.2853        18.2501
    2923             0                4         3.7173        18.3117
    2924             0                8         3.5846        19.7034
    2925             0               12         3.5209        18.8961
    2926             0                5         3.6241        18.7769
    2927             0                8         3.6760        19.0242
    2928             0                4         3.4373        19.2912
    2929             0                5         3.7522        18.9173
    2930             0                5         3.6590        19.6466
    2931             0                8         3.6252        20.2671
    2932             0                9         3.6426        20.5151
    2933             0                9         3.6783        21.0421
    2934             0                9         3.5118        19.8466
    2935             0                5         3.6743        19.9315
    2936             0                2         3.8145        20.9227
    2937             0               11         3.4477        20.7874
    2938             0               18         3.3123        20.3542
    2939             0                8         3.5432        20.9239
    2940             0                5         3.7329        20.4353
    2941             0               13         3.3737        19.8682
    2942             0               10         3.4306        18.5810
    2943             0               17         3.4842        18.4336
    2944             0               14         3.6658        18.6692
    2945             0                9         3.2816        19.5366
    2946             0               10         3.4348        18.7440
    2947             0                6         3.4960        19.7361
    2948             0               15         3.0802        20.5873
    2949             0                4         3.7355        21.4375
    2950             0               11         3.3586        22.6226
    2951             0                0         4.0190        23.3763
    2952             0                6         3.3260        22.3169
    2953             0               13         3.3405        22.5157
    2954             0                5         3.5717        22.0716
    2955             0                9         3.5194        21.6181
    2956             0                8         3.4135        20.5901
    2957             0                8         3.4881        20.3340
    2958             0                6         3.0941        19.5936
    2959             0                2         3.7805        19.1926
    2960             0                6         3.7144        20.2044
    2961             0                0         4.1236        20.0679
    2962             0                5         3.4685        19.8509
    2963             0                9         3.6278        19.8538
    2964             0                7         3.4595        19.3479
    2965             0               15         2.9793        19.6793
    2966             0               12         3.1625        19.7297
    2967             0               11         3.3467        19.5729
    2968             0                7         3.7523        20.2696
    2969             0               12         3.3107        20.7968
    2970             0                9         3.1740        20.0197
    2971             0               14         3.3801        20.2640
    2972             0                7         3.2214        20.4049
    2973             0               10         3.4982        21.1035
    2974             0                7         3.8557        21.3937
    2975             0               12         3.2803        20.3287
    2976             0               18         3.1847        20.1136
    2977             0               19         2.9864        19.1322
    2978             0               19         3.2957        18.9417
    2979             0               26         3.3120        18.8856
    2980             0               18         3.2698        18.7188
    2981             0                4         3.7478        18.4903
    2982             0               14         3.3087        18.9763
    2983             0               10         3.5552        18.5186
    2984             0                3         3.5089        18.4747
    2985             0               14         3.3305        19.2031
    2986             0                9         3.4800        18.2131
    2987             0               14         3.4354        18.5347
    2988             0               12         3.1108        18.4333
    2989             0               19         3.3949        18.2008
    2990             0               19         3.0219        18.9207
    2991             0                5         3.1195        18.8707
    2992             0               11         3.3473        18.6970
    2993             0                7         3.6101        18.7747
    2994             0               12         3.3556        18.7257
    2995             0                9         3.4484        18.7446
    2996             0               10         3.0437        18.4050
    2997             0                8         3.6497        18.8550
    2998             0               17         3.2941        19.3172
    2999             0               10         3.5643        19.9770
    3000             0                6         3.6807        19.4657
    3001             0               23         3.0240        19.0518
    3002             0                8         2.9661        20.3509
    3003             0                8         3.2219        20.1250
    3004             0               11         3.1915        20.0178
    3005             0               13         3.1080        19.9916
    3006             0                7         3.4673        19.0135
    3007             0               22         2.9095        18.6897
    3008             0               16         3.3456        18.3434
    3009             0               19         3.3863        19.0567
    3010             0               21         3.3197        19.3278
    3011             0               21         3.2820        18.6755
    3012             0                9         3.4071        19.5229
    3013             0               12         3.5686        20.1571
    3014             0               26         2.9587        19.2913
    3015             0               28         3.1410        19.3747
    3016             0               21         3.4051        19.5688
    3017             0               12         3.4465        19.5163
    3018             0               22         3.0741        18.6555
    3019             0               26         3.2370        19.6312
    3020             0               10         3.6377        19.5696
    3021             0               10         3.4531        19.8504
    3022             0               11         3.4625        19.3658
    3023             0               14         3.5066        18.7690
    3024             0               15         3.1696        19.0384
    3025             0               20         3.1327        19.5101
    3026             0               13         3.5588        19.7187
    3027             0                9         3.5544        20.6157
    3028             0               14         3.5956        19.7530
    3029             0               10         3.4997        19.3978
    3030             0               11         3.4764        20.6224
    3031             0               15         3.2634        18.9582
    3032             0               11         3.5466        20.4879
    3033             0               14         3.0424        20.3193
    3034             0                6         3.4870        20.0310
    3035             0               13         3.3156        19.6185
    3036             0               17         3.4051        20.1040
    3037             0                9         3.5623        20.1474
    3038             0               13         3.1773        20.5318
    3039             0               10         3.3868        19.4827
    3040             0               23         3.1304        18.5088
    3041             0               22         3.1885        18.5936
    3042             0               16         3.0988        18.8740
    3043             0               13         3.4674        19.5307
    3044             0               11         3.1656        19.2099
    3045             0               13         3.3656        18.3305
    3046             0               15         3.1739        20.5661
    3047             0               11         3.5255        19.0714
    3048             0               16         2.9909        20.6741
    3049             0               20         3.1123        19.9942
    3050             0               11         3.5299        19.7671
    3051             0               15         3.3517        19.5180
    3052             0                7         3.6987        19.8628
    3053             0               11         3.4000        20.1938
    3054             0               20         3.1870        20.4695
    3055             0               14         3.2675        19.8771
    3056             0               16         3.2501        19.4679
    3057             0               16         3.3496        20.1122
    3058             0               25         3.2977        19.9522
    3059             0                5         3.7652        20.7728
    3060             0               16         3.4128        20.1943
    3061             0               22         3.3083        19.3994
    3062             0               13         3.3618        19.2584
    3063             0                8         3.3093        19.7970
    3064             0               16         3.1348        20.2735
    3065             0               10         3.5357        19.2118
    3066             0               17         3.3927        19.1674
    3067             0               15         3.4857        18.3225
    3068             0               36         3.0961        18.6005
    3069             0               13         3.5440        19.0044
    3070             0               17         3.2022        18.5674
    3071             0               17         3.5492        18.0830
    3072             0               17         3.2452        18.3924
    3073             0               21         3.4175        17.7388
    3074             0               23         3.1321        17.4533
    3075             0               13         3.4125        18.1948
    3076             0               26         3.0742        17.5797
    3077             0               22         3.1497        17.0800
    3078             0               21         2.9847        16.2099
    3079             0               30         2.9996        16.9464
    3080             0               18         3.1817        17.6353
    3081             0               20         2.9953        18.5489
    3082             0               23         3.3409        18.1929
    3083             0               13         3.3213        18.0798
    3084             0               24         3.1300        18.2881
    3085             0               20         3.3677        17.7881
    3086             0               16         3.2936        15.8858
    3087             0               17         3.2542        16.7828
    3088             0               17         3.1906        16.3776
    3089             0               14         3.5286        15.8187
    3090             0                9         3.3522        15.4637
    3091             0               10         3.2544        16.3157
    3092             0               13         3.1696        17.1000
    3093             0               21         2.9297        17.0406
    3094             0               29         3.0581        16.2219
    3095             0               27         2.9649        15.9070
    3096             0               22         2.9870        17.0444
    3097             0               15         3.3109        16.9964
    3098             0               17         3.2576        17.0266
    3099             0               17         3.1167        18.0514
    3100             0               18         3.2030        16.8984
    3101             0               24         3.1673        16.9545
    3102             0               14         3.6498        16.0219
    3103             0               12         3.3511        16.4525
    3104             0               14         3.6551        16.1034
    3105             0               11         3.7358        16.4028
    3106             0               18         3.3187        16.8962
    3107             0               18         3.1973        15.8872
    3108             0               15         3.4423        15.6137
    3109             0               32         3.3418        15.8472
    3110             0               18         3.3418        15.8058
    3111             0               10         3.6085        16.0530
    3112             0               18         3.4435        16.0797
    3113             0               33         3.2153        15.8421
    3114             0               29         3.2042        15.7957
    3115             0               27         3.1048        15.9557
    3116             0               17         3.3203        15.9572
    3117             0               22         3.1619        16.6777
    3118             0               21         3.2704        17.8903
    3119             0               25         3.2512        17.3204
    3120             0               21         3.3739        17.9180
    3121             0                9         3.0544        17.5128
    3122             0               25         3.0097        17.4572
    3123             0               27         2.9883        17.0938
    3124             0               25         3.4712        17.0479
    3125             0               37         3.1893        17.1670
    3126             0               22         3.1398        16.9135
    3127             0               24         3.0314        16.9857
    3128             0               28         2.8320        17.1086
    3129             0               23         2.9465        16.8545
    3130             0               25         3.0973        16.8805
    3131             0               21         3.0645        17.4527
    3132             0               21         3.3046        17.1542
    3133             0               33         3.0229        16.4344
    3134             0               26         3.0086        16.5776
    3135             0               23         3.0819        15.7718
    3136             0               13         3.0586        16.8124
    3137             0               19         3.4719        17.6949
    3138             0               14         2.9829        17.4119
    3139             0               12         3.2497        16.5399
    3140             0               21         3.0732        16.9055
    3141             0               15         2.9221        17.0382
    3142             0               19         3.2295        17.1545
    3143             0               16         3.3409        17.3749
    3144             0               18         3.1143        17.5832
    3145             0               20         3.2775        18.1532
    3146             0                8         3.1772        17.6467
    3147             0               16         3.4693        17.3755
    3148             0               11         3.4278        17.1161
    3149             0                8         3.2410        17.8975
    3150             0                5         3.5088        18.3812
    3151             0               18         3.1385        18.4602
    3152             0               20         3.2833        18.1556
    3153             0               11         3.4110        18.6967
    3154             0               10         3.2943        18.3945
    3155             0               11         3.6116        18.5051
    3156             0               20         3.2101        17.9274
    3157             0               20         3.0893        18.1959
    3158             0               26         3.3424        17.6063
    3159             0               15         3.4876        17.8736
    3160             0                8         3.2722        17.7978
    3161             0               24         3.1688        17.5412
    3162             0               22         3.0647        17.1215
    3163             0               23         3.2443        17.5893
    3164             0               23         3.2434        16.6554
    3165             0               24         2.7792        17.6147
    3166             0               20         2.9111        17.3516
    3167             0               16         3.1879        17.2089
    3168             0               19         2.9140        17.0186
    3169             0               36         2.8362        17.5191
    3170             0               34         3.1178        17.4262
    3171             0               15         3.3667        17.9618
    3172             0               24         3.2003        18.4219
    3173             0               21         3.3124        17.6026
    3174             0               21         3.0564        17.4658
    3175             0               17         3.2885        16.3050
    3176             0               23         3.3582        15.4683
    3177             0                9         3.2959        16.7352
    3178             0               12         3.3142        18.4014
    3179             0               12         3.3246        18.1856
    3180             0               20         3.3835        18.1635
    3181             0               12         3.3496        17.4567
    3182             0               22         3.3114        18.1054
    3183             0               18         3.3142        18.4321
    3184             0               13         3.3719        17.8239
    3185             0               18         3.2801        18.3236
    3186             0               15         3.3828        18.6037
    3187             0               13         3.4611        18.0897
    3188             0               18         3.1457        18.3178
    3189             0               12         3.4627        18.7689
    3190             0                7         3.6273        18.3593
    3191             0               19         3.2651        18.5347
    3192             0               14         3.4571        18.3153
    3193             0               12         3.5064        18.3788
    3194             0               20         3.3225        18.2881
    3195             0               15         3.3275        18.4059
    3196             0               14         3.4661        18.7805
    3197             0               17         3.6762        19.0612
    3198             0               12         3.3072        18.0222
    3199             0               15         3.3079        18.4881
    3200             0               22         3.4366        18.7623
    3201             0               20         3.1381        18.5496
    3202             0               17         3.0205        18.2454
    3203             0               20         2.9562        18.3952
    3204             0               13         3.3395        18.3819
    3205             0               25         2.9872        19.0897
    3206             0                6         3.6587        18.4632
    3207             0                9         3.3324        18.8272
    3208             0               18         3.4640        19.8839
    3209             0               29         3.0182        19.4289
    3210             0                7         3.3668        20.1157
    3211             0               26         3.2813        19.4604
    3212             0               16         3.1979        19.3110
    3213             0               24         2.8935        19.1946
    3214             0               13         3.5442        18.7294
    3215             0               10         3.4364        19.3363
    3216             0               18         3.2549        19.4962
    3217             0               13         3.2907        19.5883
    3218             0               10         3.6049        19.7722
    3219             0               21         3.1230        19.1362
    3220             0               20         3.2018        19.8043
    3221             0               11         3.6070        19.8860
    3222             0               16         3.2845        19.1580
    3223             0                9         3.4603        19.5541
    3224             0               16         3.3895        19.6269
    3225             0               21         3.1608        19.3065
    3226             0               13         3.5292        18.4288
    3227             0                3         3.7384        20.5181
    3228             0                8         3.4792        19.9706
    3229             0               18         3.1366        19.4504
    3230             0               18         3.3410        20.3424
    3231             0               10         3.5893        21.2911
    3232             0               15         3.3665        20.5194
    3233             0               10         3.5075        20.5523
    3234             0                5         3.4493        20.7557
    3235             0               16         3.3408        19.2595
    3236             0               20         3.3118        19.4891
    3237             0               14         3.3742        19.5606
    3238             0               27         3.2408        19.2511
    3239             0               14         3.4906        21.0233
    3240             0               15         3.3508        19.6944
    3241             0               12         3.2849        19.0902
    3242             0               28         3.1812        18.5013
    3243             0               25         3.1083        17.3284
    3244             0               15         3.5294        17.4075
    3245             0               21         3.2990        18.4438
    3246             0               14         3.6068        18.1996
    3247             0                5         3.7780        18.5868
    3248             0               26         2.8290        18.6934
    3249             0               14         3.5090        18.6453
    3250             0               12         3.1973        19.4213
    3251             0                8         3.5906        20.2454
    3252             0               15         3.4694        19.4729
    3253             0                9         3.5489        19.4586
    3254             0               16         3.5832        20.0748
    3255             0               11         3.4124        19.0943
    3256             0               19         3.6286        19.0652
    3257             0                2         3.7005        18.2722
    3258             0                5         3.5572        19.0490
    3259             0               12         3.4715        20.2473
    3260             0               10         3.2440        19.9152
    3261             0               10         3.3646        21.0008
    3262             0               11         3.3824        21.1178
    3263             0               17         3.2163        21.2352
    3264             0               11         3.3947        21.2471
    3265             0                9         3.4847        21.3568
    3266             0               13         3.2067        19.8484
    3267             0               13         3.4498        19.9714
    3268             0               14         3.4184        19.7256
    3269             0                7         3.6033        19.3041
    3270             0               19         3.3982        17.0921
    3271             0               17         3.4711        17.6442
    3272             0               16         3.2692        17.0196
    3273             0               12         3.2476        17.0502
    3274             0               21         3.3492        16.8837
    3275             0               14         3.2308        16.8748
    3276             0               23         3.2155        16.6390
    3277             0               12         3.2108        18.0768
    3278             0               19         3.2366        16.1479
    3279             0                5         3.7188        16.0043
    3280             0               13         3.2564        16.6761
    3281             0               10         3.4414        16.4573
    3282             0               13         3.1847        15.8017
    3283             0               22         3.2387        14.7691
    3284             0               11         3.4540        15.2265
    3285             0                9         3.6179        16.0952
    3286             0                9         3.5325        15.8334
    3287             0                1         3.9034        17.1627
    3288             0                5         3.7608        17.3455
    3289             0                7         3.4544        16.4207
    3290             0               15         3.2609        16.3285
    3291             0               10         3.6121        16.1158
    3292             0               23         3.2808        14.5339
    3293             0               17         3.2555        15.2547
    3294             0               13         3.4900        16.2138
    3295             0               12         3.4382        15.1440
    3296             0               18         3.3860        16.4042
    3297             0               11         3.5966        15.5514
    3298             0               20         3.3128        15.7724
    3299             0               16         2.9874        15.2727
    3300             0                7         3.6009        15.3541
    3301             0               28         3.2189        15.7288
    3302             0               12         3.2667        15.5980
    3303             0               17         3.1781        17.2510
    3304             0                8         3.5355        16.7705
    3305             0                5         3.5936        16.2649
    3306             0               10         3.5837        16.3621
    3307             0               13         3.5362        16.5620
    3308             0               12         3.2925        17.4251
    3309             0               16         3.3512        17.0329
    3310             0               10         3.2413        16.4953
    3311             0               12         3.4157        16.4066
    3312             0                6         3.5117        15.0918
    3313             0                6         3.2928        14.7585
    3314             0                6         3.5229        16.4038
    3315             0               12         3.5659        15.9136
    3316             0                9         3.5134        15.6292
    3317             0               15         3.6473        15.8657
    3318             0               24         3.2951        17.2585
    3319             0               10         3.1789        16.7421
    3320             0                7         3.5021        17.4728
    3321             0                4         3.6845        18.2551
    3322             0                7         3.4770        17.8500
    3323             0               18         3.4066        17.9020
    3324             0               13         3.5690        18.6784
    3325             0               23         3.2949        18.1453
    3326             0               19         3.3205        18.3514
    3327             0               20         3.1562        17.2477
    3328             0               18         3.2328        19.0661
    3329             0                8         3.3700        18.9280
    3330             0               14         2.9027        18.5588
    3331             0               23         2.9576        17.8461
    3332             0               16         3.3254        19.4268
    3333             0               10         3.5313        20.1750
    3334             0               16         3.3765        19.3704
    3335             0               25         2.8169        19.0026
    3336             0               21         3.0253        18.6905
    3337             0               12         3.1671        18.5278
    3338             0               15         3.2845        19.3666
    3339             0               19         3.2253        18.7084
    3340             0               21         3.1489        17.6034
    3341             0               16         3.2478        17.5454
    3342             0                9         3.3044        17.5921
    3343             0               13         3.5314        17.7603
    3344             0               12         3.3663        17.6494
    3345             0               14         3.1186        17.6972
    3346             0                9         3.6089        18.5061
    3347             0                6         3.3274        18.5739
    3348             0                6         3.5578        19.0815
    3349             0                3         3.8057        18.2128
    3350             0                8         3.3426        17.4970
    3351             0                6         3.5352        16.7972
    3352             0                5         3.3270        17.9681
    3353             0                9         3.2791        18.1281
    3354             0               17         3.1152        17.3750
    3355             0                7         3.4830        16.4020
    3356             0               14         3.4613        17.1484
    3357             0               12         3.6236        17.7705
    3358             0                9         3.6624        19.5716
    3359             0                8         3.5058        18.5586
    3360             0               14         3.4582        18.1111
    3361             0               12         3.4434        17.4754
    3362             0               10         3.2301        16.4650
    3363             0               13         3.3678        17.1927
    3364             0               11         3.2428        16.6268
    3365             0               10         3.4396        17.5395
    3366             0               11         3.2749        17.6221
    3367             0               10         3.4269        17.4246
    3368             0               16         3.4283        18.5243
    3369             0               17         3.1891        18.0993
    3370             0               23         3.4097        16.8047
    3371             0                3         3.5608        16.4307
    3372             0               10         3.0592        16.6747
    3373             0                7         3.5070        16.5420
    3374             0                7         3.6565        17.0666
    3375             0                7         3.3729        18.2057
    3376             0               13         3.3707        18.6998
    3377             0                9         3.2170        17.8078
    3378             0                9         3.5618        17.4563
    3379             0                9         3.5519        17.9492
    3380             0               12         3.2196        17.7965
    3381             0                1         3.9544        17.2040
    3382             0               10         3.5504        16.8488
    3383             0                8         3.6943        17.4339
    3384             0                3         3.5140        17.3282
    3385             0                4         3.5217        17.8271
    3386             0                3         3.6538        18.2987
    3387             0                4         3.2539        16.4131
    3388             0                6         3.7607        17.6551
    3389             0                6         3.6625        17.4131
    3390             0                3         3.5906        16.1534
    3391             0               12         3.4601        15.4916
    3392             0                9         3.3388        16.1385
    3393             0                4         3.2794        17.5160
    3394             0                7         3.5061        16.7177
    3395             0                7         3.4495        17.3501
    3396             0               11         3.2599        17.7088
    3397             0                8         3.3740        18.7915
    3398             0               14         3.3871        18.5331
    3399             0                9         3.4146        19.2787
    3400             0               19         2.9678        17.7318
    3401             0               13         3.3078        18.3122
    3402             0               20         3.1210        17.5960
    3403             0                9         3.4090        17.4724
    3404             0                7         3.7000        16.4736
    3405             0               14         3.3018        17.1460
    3406             0               19         3.4818        16.7870
    3407             0               17         3.2562        16.7870
    3408             0               14         3.0099        17.0095
    3409             0               13         3.0405        17.8853
    3410             0               12         3.3128        16.8330
    3411             0               11         3.4615        15.6203
    3412             0               10         3.5043        14.3825
    3413             0               21         3.2046        14.3902
    3414             0               22         3.3530        13.7353
    3415             0               12         3.2560        13.3348
    3416             0               20         3.2758        13.1446
    3417             0               26         3.1435        13.6599
    3418             0               27         3.0721        15.4481
    3419             0               17         3.3174        16.3484
    3420             0               20         3.1457        16.4095
    3421             0               29         2.8849        16.9233
    3422             0               16         3.2218        16.6013
    3423             0               19         3.2031        16.5364
    3424             0               11         3.1535        15.4579
    3425             0               11         3.3776        16.4796
    3426             0               15         3.6579        15.1079
    3427             0               25         2.9830        14.2077
    3428             0               20         3.2708        15.8243
    3429             0               22         3.0489        15.1932
    3430             0               12         3.1450        14.1536
    3431             0                9         3.1695        14.4270
    3432             1               17         3.2152        13.7910
    3433             0               21         2.9463        13.4928
    3434             0               20         2.8384        13.9097
    3435             1               29         2.8101        15.2709
    3436             0               21         3.2433        15.4407
    3437             0               15         3.2579        16.5003
    3438             0               16         3.1764        16.4392
    3439             1               20         3.0807        16.7765
    3440             0                6         3.3965        17.0317
    3441             0               17         3.1221        17.5703
    3442             2                5         3.4856        17.1148
    3443             1               23         3.2623        16.4230
    3444             0               17         3.4675        16.7775
    3445             2               13         3.1494        14.8139
    3446             2                9         3.4250        14.8757
    3447             1               13         3.3795        14.8432
    3448             2               22         3.0114        14.1601
    3449             0               19         3.2240        14.4579
    3450             1               27         3.1893        15.2354
    3451             1               24         3.2959        15.5537
    3452             2               20         3.2051        15.8976
    3453             0               18         3.2296        14.5916
    3454             0                9         3.0512        15.0134
    3455             1               31         3.0149        15.9832
    3456             2               35         3.3093        15.7006
    3457             2               24         3.1551        16.9546
    3458             0               22         3.2605        16.0562
    3459             1               27         3.0553        16.1880
    3460             1               28         3.1230        16.1601
    3461             0               11         3.6366        15.1677
    3462             1               25         3.5272        14.4596
    3463             1               32         3.2564        13.5745
    3464             3               27         3.2249        15.3385
    3465             0               10         3.6455        14.7813
    3466             0               23         3.3959        16.4880
    3467             0               16         3.2518        16.4350
    3468             1               19         3.1642        15.2634
    3469             1                9         3.4940        14.4405
    3470             0               26         3.3639        14.1194
    3471             1               24         3.0229        13.7359
    3472             1               17         3.4049        13.8937
    3473             2               23         3.3025        13.5707
    3474             1               23         3.3007        14.6074
    3475             0               30         3.2273        13.2468
    3476             0               18         3.4553        14.7300
    3477             0               13         3.3266        13.7328
    3478             0               16         3.5417        13.8437
    3479             0               10         3.4380        13.5673
    3480             0               13         3.3624        14.2401
    3481             0               19         3.2580        13.6551
    3482             1               10         3.3228        13.7850
    3483             0               27         3.0992        13.5067
    3484             0               19         3.1701        13.4891
    3485             0               16         3.3480        15.3143
    3486             0                9         3.2833        16.2260
    3487             0               14         3.0573        15.5185
    3488             0               19         3.2176        15.3191
    3489             0               19         3.1546        13.2184
    3490             0               33         3.0271        13.2448
    3491             0               22         3.2789        14.6777
    3492             0               18         3.0988        15.8840
    3493             0               19         3.0836        14.1425
    3494             1               16         3.5291        14.3176
    3495             1               22         3.2582        15.1929
    3496             0               13         3.3204        16.0167
    3497             1               10         3.3383        15.2142
    3498             0               12         3.1855        16.3245
    3499             1               16         3.4319        16.2943
    3500             2               16         3.1082        17.4501
    3501             1                3         3.4904        16.6491
    3502             0               11         3.4746        17.2821
    3503             1               17         3.2229        16.2241
    3504             1                4         3.6613        16.5507
    3505             1               13         3.3107        15.6171
    3506             3                7         3.3762        16.2177
    3507             1               18         3.1822        16.1936
    3508             1                6         3.2355        17.5574
    3509             5                3         3.3399        17.8986
    3510             5                7         3.3807        18.0284
    3511             1                9         3.0704        18.5112
    3512             2                7         3.2948        18.3838
    3513             1               11         2.8916        17.4082
    3514             2               15         3.4004        17.2088
    3515             1                8         3.3058        17.3728
    3516             1               13         3.3782        17.7597
    3517             1                1         3.6630        17.3567
    3518             1                3         3.5943        16.6909
    3519             0                8         3.6318        15.7385
    3520             0               14         3.2927        16.1781
    3521             1                5         3.7197        16.3975
    3522             1                6         3.3593        15.9488
    3523             2               19         3.1289        16.4691
    3524             1               14         3.2621        16.6692
    3525             2                6         3.5549        16.8803
    3526             2               14         3.4592        16.8883
    3527             0               12         3.2468        16.1600
    3528             1               15         3.2828        16.9511
    3529             1               11         3.5442        16.8361
    3530             1                4         3.7323        16.0051
    3531             1               17         3.1295        15.4273
    3532             2               16         3.3811        15.3635
    3533             1               21         3.2035        15.6621
    3534             1               14         3.0383        15.7553
    3535             1               19         3.0878        16.0045
    3536             2                9         3.2182        16.3611
    3537             2               17         3.2164        17.1320
    3538             2                7         3.4074        16.8340
    3539             0               15         3.4005        16.9390
    3540             0               13         3.1892        16.1945
    3541             0               19         3.3377        16.2505
    3542             1                6         3.6970        16.5212
    3543             2                5         3.3740        17.9554
    3544             2                7         3.3217        16.8144
    3545             4               24         3.1736        16.1567
    3546             3               12         3.4230        16.3174
    3547             4               18         3.1435        16.1151
    3548             2               13         3.3361        15.1605
    3549             3               12         3.1908        15.6406
    3550             1                9         3.3054        15.8559
    3551             1               15         3.0942        16.8300
    3552             6               16         3.0956        15.9352
    3553             3               12         3.2311        16.5799
    3554             1               15         3.2209        16.9662
    3555             1               23         3.2996        16.6602
    3556             4               22         3.1868        15.9309
    3557             1                8         3.4776        16.2498
    3558             2               10         3.1388        16.1218
    3559             2               20         3.0673        15.2251
    3560             2               20         3.2634        15.1195
    3561             1               21         3.3444        16.5343
    3562             1               24         3.1938        16.3408
    3563             1               15         3.2116        15.7711
    3564             1               26         3.3142        15.8039
    3565             2                9         3.5818        16.5862
    3566             0               21         3.1834        18.2651
    3567             2               17         3.5472        17.5608
    3568             0               22         2.8855        16.8520
    3569             5               29         3.1705        17.6739
    3570             2               34         3.0013        17.1247
    3571             0               20         3.3097        15.9511
    3572             3               26         2.9517        15.9068
    3573             2               37         3.1008        17.4909
    3574             1               19         3.2640        16.4799
    3575             0               15         3.4511        17.1003
    3576             2               14         3.4244        16.8053
    3577             1               12         2.9924        15.7432
    3578             1               14         3.2188        14.9038
    3579             0               30         3.0660        16.8820
    3580             1               16         3.4118        17.1850
    3581             0                2         3.4655        16.7018
    3582             1               15         3.3879        16.7807
    3583             0                5         3.3273        16.3140
    3584             0               23         2.9196        17.2491
    3585             0               20         3.1535        17.5116
    3586             3               22         3.2428        18.9724
    3587             0                6         3.2136        19.6322
    3588             0               12         3.2132        19.3181
    3589             1               27         3.1152        17.9868
    3590             0               14         3.4784        17.8369
    3591             1               12         3.3451        18.5153
    3592             5               20         3.0078        17.7459
    3593             0               17         2.9551        18.5750
    3594             2               25         3.1074        16.6530
    3595             0               26         2.9351        16.8260
    3596             0               17         3.3013        17.2986
    3597             0               36         2.8337        17.6982
    3598             0               16         3.2783        15.6603
    3599             0               17         3.3966        15.4056
    3600             0               15         3.4046        14.9295
    3601             0               19         2.9191        16.2801
    3602             0               27         3.2241        16.1348
    3603             0               24         3.3658        15.3366
    3604             2               23         3.2238        15.2831
    3605             1               10         3.3746        16.8942
    3606             4               13         3.1392        15.3305
    3607             2                8         3.6297        15.1130
    3608             6               13         3.1079        15.4947
    3609             2               12         3.2428        16.5244
    3610             4               15         3.2277        15.9158
    3611            10               21         2.9795        15.0674
    3612             3               15         3.2063        17.4583
    3613             6               18         3.0397        16.8448
    3614             3                9         3.1510        17.8077
    3615             4               15         3.1217        15.9501
    3616             1                9         3.0578        15.5252
    3617             5               19         3.1200        16.4964
    3618             5               23         3.1016        17.4853
    3619             1               10         3.5629        17.4325
    3620             3               21         2.9770        15.2854
    3621             2               26         3.0758        14.6365
    3622             1               18         3.1940        14.5074
    3623             2               30         3.0647        14.8849
    3624             7               26         3.2205        14.8783
    3625             8               27         3.0494        15.2078
    3626             7               27         3.0832        15.3210
    3627             1               19         2.8655        15.9909
    3628             6               20         3.2302        15.4962
    3629             4               24         3.2796        15.9162
    3630             3               21         3.1324        16.0131
    3631             5               24         3.2380        15.6168
    3632             2                7         3.5443        17.1040
    3633             1                7         3.5286        17.5399
    3634             3               16         3.2523        16.2338
    3635             4                1         3.2026        17.4234
    3636             5               11         3.3263        15.8527
    3637             2               17         2.9897        15.4813
    3638             4               18         3.2923        15.7229
    3639             3                4         3.5349        16.7955
    3640             6               21         3.1803        16.5544
    3641             4               12         3.4582        15.8997
    3642             1               18         3.1685        14.4020
    3643             1               20         3.4576        13.7223
    3644             1               27         3.0742        14.7952
    3645             3               10         3.5528        17.0135
    3646             2                7         3.4137        16.8313
    3647             1               10         3.3341        17.2186
    3648             1               12         3.1680        16.3051
    3649             0                5         3.5575        15.6983
    3650             1               17         3.3693        14.5278
    3651             0               21         2.9910        15.2746
    3652             0               23         3.0683        14.8247
    3653             0               23         3.2933        14.3466
    3654             1               20         3.2960        14.9983
    3655             1               16         3.3422        15.2837
    3656             2               21         3.1396        14.8891
    3657             2               23         3.3846        15.1236
    3658             1               22         3.3835        14.2719
    3659             1               27         3.0726        14.5015
    3660             1               16         3.3823        15.0897
    3661             1               12         3.3824        14.8138
    3662             2               12         3.6479        15.0856
    3663             0               25         2.9255        14.9490
    3664             0               18         2.8825        14.2330
    3665             3               20         3.0254        14.7783
    3666             2               18         3.2532        13.7368
    3667             4               17         3.3879        13.8726
    3668             0               30         3.2967        13.9325
    3669             1               26         3.2512        14.1128
    3670             0               24         3.3205        14.0445
    3671             0               25         3.1858        13.7745
    3672             0               39         3.0972        13.7769
    3673             2               29         3.2482        13.0156
    3674             0               28         3.3575        13.0753
    3675             0                7         3.6847        13.4533
    3676             1               23         3.2885        14.3916
    3677             1               23         3.3927        14.1283
    3678             2               26         3.2635        14.9118
    3679             1               19         3.2454        13.6081
    3680             1               21         2.9808        14.8781
    3681             0               24         3.3606        15.7662
    3682             1               23         3.1669        13.7470
    3683             1               18         3.1509        14.3028
    3684             1               19         3.2099        14.5897
    3685             1               16         3.4469        13.2340
    3686             0               25         3.1521        13.6369
    3687             0               28         2.9843        13.8244
    3688             0               10         3.3374        14.6099
    3689             0               15         3.1868        15.4420
    3690             0               31         3.0961        15.6213
    3691             0               21         3.1494        16.4905
    3692             0               25         3.4192        15.5761
    3693             0               21         3.2336        15.4837
    3694             0               20         3.2557        15.4980
    3695             0               18         3.2927        15.6654
    3696             0               27         2.9273        15.3396
    3697             0               11         3.4683        15.8763
    3698             0               13         3.3341        15.9895
    3699             0               14         3.0668        15.2390
    3700             0               15         3.2183        15.5766
    3701             0               27         3.2233        14.8309
    3702             0               15         3.2709        15.5206
    3703             0               21         3.3314        15.1959
    3704             0               24         3.4568        14.6323
    3705             0               25         2.8598        15.1300
    3706             0               34         2.8517        14.4553
    3707             0               31         3.2539        14.7584
    3708             0                8         3.4601        16.2616
    3709             0               13         3.1793        14.8751
    3710             0               13         3.4080        14.5509
    3711             0               25         3.1347        15.5536
    3712             0               10         3.4691        14.1793
    3713             0               18         3.4485        13.4373
    3714             1               14         3.6382        13.7552
    3715             0               13         3.3224        14.4936
    3716             2               16         3.4890        14.4122
    3717             2               16         3.1201        14.0510
    3718             0               14         3.3986        15.7899
    3719             1               23         3.3625        14.3329
    3720             1               19         3.4689        13.4561
    3721             0               20         3.4779        14.2337
    3722             0               14         3.0265        14.7788
    3723             0               15         3.2537        15.4876
    3724             0                8         3.2215        15.5448
    3725             0               10         3.3886        14.9402
    3726             0               12         3.1185        15.6372
    3727             0               17         2.9701        15.0382
    3728             0                8         2.9829        14.9820
    3729             0               16         3.4206        15.4983
    3730             0               19         3.4328        14.6540
    3731             0               15         3.3579        14.9992
    3732             0               16         3.2550        15.5630
    3733             0                5         3.2633        14.8738
    3734             0               14         3.2523        16.4960
    3735             0                9         3.3948        19.3120
    3736             0               18         3.3241        18.5981
    3737             0               19         3.1839        18.1383
    3738             0               13         3.1597        16.6423
    3739             0                8         3.1672        16.5361
    3740             0               15         3.1121        16.7840
    3741             0               26         3.1605        18.7440
    3742             0               17         3.2266        18.0779
    3743             0               13         3.3042        17.6457
    3744             0                4         3.8425        18.5577
    3745             0                9         3.2888        18.8804
    3746             0                8         3.3817        17.9084
    3747             0                9         3.6895        17.7808
    3748             0               15         3.0822        18.8787
    3749             0                5         3.5972        17.6871
    3750             0               18         3.1983        18.0161
    3751             0                9         3.4455        18.8391
    3752             0               10         3.4658        18.0978
    3753             0               21         3.2611        18.5760
    3754             0               13         3.2198        18.7937
    3755             0                5         3.4804        18.2173
    3756             0               15         3.4429        17.0058
    3757             0               16         3.2719        15.9435
    3758             0                9         3.5422        16.7993
    3759             0                5         3.4748        17.4225
    3760             0                5         3.6935        17.5003
    3761             0                7         3.6473        18.1389
    3762             0                7         3.4505        17.4845
    3763             0                3         3.8002        18.9393
    3764             0               19         3.0904        17.4788
    3765             0                2         3.6776        17.1989
    3766             0                5         3.4954        18.8675
    3767             0                5         3.6632        19.0246
    3768             0               16         3.2032        18.4970
    3769             0               10         3.4193        19.0052
    3770             0               12         3.3266        19.0064
    3771             0               15         3.3666        19.8466
    3772             0               11         3.3554        19.8415
    3773             0                6         3.3152        21.1020
    3774             0                8         3.5393        20.5787
    3775             0               22         3.5145        19.6346
    3776             0                6         3.6541        18.3597
    3777             2               12         3.3119        18.8665
    3778             0               14         3.2744        17.1108
    3779             0               14         3.3837        17.7204
    3780             4               22         3.0752        17.8361
    3781             5               11         3.2409        17.3625
    3782             4               14         3.3241        17.3780
    3783             0               12         3.4532        17.3654
    3784             0               14         3.2555        17.4658
    3785             0               15         3.1339        17.3148
    3786             3               15         3.5763        17.6322
    3787             4               17         3.2956        16.4059
    3788             3                5         3.4835        18.3771
    3789             3               18         3.3859        16.4504
    3790             1               22         3.3770        17.7158
    3791             5               16         3.2008        16.1209
    3792             4               27         3.0961        16.8391
    3793             4               19         3.0961        16.9687
    3794             4               16         3.3609        17.1349
    3795             2               15         3.4136        17.0805
    3796             3               25         3.2220        17.3827
    3797             1               21         3.2882        17.9256
    3798             0               18         3.4163        17.7437
    3799             0               11         3.3037        18.3521
    3800             0               12         3.6353        18.6874
    3801             1               21         3.3926        17.4683
    3802             0                8         3.4559        18.7474
    3803             0                9         3.6916        20.1333
    3804             0               20         3.3526        20.1592
    3805             0               13         3.1099        21.0775
    3806             0               10         3.3626        19.8219
    3807             0               11         3.1312        19.9194
    3808             0               11         3.2686        20.0044
    3809             0                4         3.4875        19.7556
    3810             0                5         3.2262        20.3624
    3811             0                1         3.7860        22.7186
    3812             0                4         3.5540        23.5719
    3813             0                6         3.1943        22.5966
    3814             0                8         3.1285        23.1418
    3815             0                9         3.3743        21.7219
    3816             0               22         3.0821        21.1074
    3817             0                7         3.4109        20.7575
    3818             0                7         3.4609        20.7839
    3819             0                9         3.4038        21.0656
    3820             0                0         4.1633        20.9023
    3821             0                0         4.2912        21.0618
    3822             0                2         3.7401        20.6851
    3823             0                5         3.5556        20.1451
    3824             0                2         3.6965        22.8110
    3825             0                2         3.8294        23.0780
    3826             0                1         3.5226        22.0235
    3827             0                1         3.9791        21.5747
    3828             0                1         3.8095        22.0930
    3829             0                0         4.3289        22.2214
    3830             0                3         3.4224        22.1111
    3831             0                0         4.0200        22.3631
    3832             0                0         4.4179        22.8783
    3833             0                1         3.7048        21.1457
    3834             0                1         3.8409        20.1751
    3835             0                1         3.8573        19.3495
    3836             0                2         3.5299        19.5771
    3837             0                0         6.4878        22.2346
    3838             0                0         6.5424        21.6660
    3839             0                0         7.1702        20.9227
    3840             0                1         3.7727        19.2588
    3841             0                2         3.9210        18.5522
    3842             0                0         4.1161        18.2955
    3843             0                1         3.9957        16.9955
    3844             0                0         4.5103        16.6837
    3845             0                0         5.3879        17.1492
    3846             0                0         5.5406        17.9692
    3847             0                0         6.0664        18.2260
    3848             0                0         6.2239        19.1131
    3849             0                0         5.9579        18.9949
    3850             0                0         6.3966        20.2922
    3851             0                0         5.8252        19.6030
    3852             0                0         6.3005        19.2516
    3853             0                0         7.2591        20.3960
    3854             0                0         7.7696        20.2685
    3855             0                0         8.6222        22.4274
    3856             0                0         8.8774        22.5937
    3857             0                0         7.8212        22.6736
    3858             0                0         8.9830        23.2152
    3859             0                0         8.9416        25.3475
    3860             0                0         9.3777        25.2907
    3861             0                0         7.1085        25.5654
    3862             0                0         8.1104        26.5031
    3863             0                0         7.9559        25.4927
    3864             0                0         5.8032        25.4703
    3865             0                0         6.5217        24.7907
    3866             0                0         6.3133        24.7458
    3867             0                2         3.4983        24.3893
    3868             0                0         4.4987        24.8352
    3869             0                0         4.0479        23.3682
    3870             0                1         3.9654        24.4486
    3871             0                0         5.9464        25.1037
    3872             0                0         6.6514        24.6396
    3873             0                0         7.1036        25.3268
    3874             0                0         9.6180        25.1600
    3875             0                0         9.2773        25.1236
    3876             0                0         9.1767        24.2735
    3877             0                0         9.3637        24.1676
    3878             0                0        10.5083        25.2567
    3879             0                0        10.5389        24.4886
    3880             0                0        10.9299        24.4922
    3881             0                0        11.5121        23.5526
    3882             0                0         9.4763        24.1171
    3883             0                0        10.6963        24.2456
    3884             0                0         8.4115        25.4463
    3885             0                0         8.3768        24.5671
    3886             0                0         8.7205        25.6373
    3887             0                0         9.2404        25.9065
    3888             0                0         9.5314        26.0856
    3889             0                0         8.7661        25.6789
    3890             0                0         9.4369        24.5735
    3891             0                0         7.3562        24.4247
    3892             0                0        10.3135        24.9216
    3893             0                0        10.9027        23.6730
    3894             0                0        11.5466        23.8022
    3895             0                0        12.1562        24.2676
    3896             0                0        10.1972        23.5447
    3897             0                0         9.5950        24.0336
    3898             0                0        10.6941        24.0280
    3899             0                0        10.7537        23.3240
    3900             0                0         9.0003        23.6546
    3901             0                0         9.6886        23.4367
    3902             0                0         9.7452        22.9854
    3903             0                0         9.2648        23.1339
    3904             0                0        10.0460        24.0800
    3905             0                0        10.0377        24.8088
    3906             0                0        10.2384        25.7313
    3907             0                0        10.4181        23.5554
    3908             0                0        10.9235        24.8283
    3909             0                0        10.1546        24.9268
    3910             0                0         8.9271        25.6612
    3911             0                0         7.4027        25.1126
    3912             0                0         6.9107        25.2546
    3913             0                0         6.7495        24.5342
    3914             0                0         6.9813        23.3853
    3915             0                0        10.0027        24.3977
    3916             0                0         9.5117        24.9653
    3917             0                0        10.0962        24.1209
    3918             0                0        10.1242        23.8798
    3919             0                0         9.4982        24.5822
    3920             0                0        10.0761        23.1608
    3921             0                0        10.3153        22.6017
    3922             0                0         9.6524        22.5119
    3923             0                0         9.3054        22.6655
    3924             0                0        10.4885        24.2996
    3925             0                0        10.9109        25.3788
    3926             0                0         9.1423        24.3398
    3927             0                0         9.7397        25.1742
    3928             0                0        10.8968        26.6074
    3929             0                0        10.4058        25.6746
    3930             0                0        10.7769        24.7236
    3931             0                0        10.3841        25.1187
    3932             0                0         9.3615        23.7222
    3933             0                0         9.4359        24.0349
    3934             0                0         9.6719        27.0677
    3935             0                0         8.7346        25.7057
    3936             0                0         8.2624        26.5918
    3937             0                0         6.3215        26.2384
    3938             0                0         6.8909        26.6361
    3939             0                0         5.9543        26.5293
    3940             0                0         5.6761        26.6999
    3941             0                0         6.4634        26.8037
    3942             0                0         6.0303        25.8405
    3943             0                0         6.0663        25.7626
    3944             0                0         7.0644        23.2449
    3945             0                0         4.2946        24.1137
    3946             0                0         4.3505        25.0086
    3947             0                0         6.1726        25.9482
    3948             0                0         5.6460        24.6871
    3949             0                0         6.0857        23.8663
    3950             0                0         4.1091        23.1629
    3951             0                0         4.4631        22.5393
    3952             0                0         4.1394        22.6101
    3953             0                0         4.1277        23.5305
    3954             0                1         3.7339        22.6247
    3955             0                0         4.1776        23.6194
    3956             0                1         3.6458        23.0503
    3957             0                0         4.3026        23.1509
    3958             0                0         5.9341        24.5602
    3959             0                0         5.8376        25.0032
    3960             0                0         8.0715        25.8822
    3961             0                0         8.0077        25.6408
    3962             0                0         6.6328        25.0095
    3963             0                0         6.4467        24.5485
    3964             0                0         7.2537        24.3914
    3965             0                0         8.1189        27.5203
    3966             0                0         7.9481        26.3561
    3967             0                0         6.5200        25.0819
    3968             0                0         5.4256        25.5680
    3969             0                0         7.7430        26.4444
    3970             0                0         8.4112        26.6382
    3971             0                0         6.8741        26.0364
    3972             0                0         7.3347        26.0065
    3973             0                0         5.5095        26.1591
    3974             0                0         5.5327        25.3781
    3975             0                0         5.5288        25.3733
    3976             0                0         5.8144        25.1783
    3977             0                0         5.9047        26.1261
    3978             0                0         6.0466        26.7973
    3979             0                0         5.6338        24.9530
    3980             0                0         5.4327        26.0456
    3981             0                0         5.2810        25.4662
    3982             0                0         5.3613        25.0009
    3983             0                0         4.0903        23.6151
    3984             0                0         4.0015        24.0678
    3985             0                0         5.8555        24.4505
    3986             0                0         7.1776        25.2027
    3987             0                0         7.8312        26.7642
    3988             0                0         7.0198        25.4178
    3989             0                0         6.0862        24.8566
    3990             0                0         6.1077        25.0557
    3991             0                0         6.7834        24.9049
    3992             0                0         7.5607        25.8260
    3993             0                0         6.6182        24.9979
    3994             0                0         7.3123        24.9044
    3995             0                0         5.9790        24.8295
    3996             0                0         4.5770        23.1467
    3997             0                1         3.7344        22.4490
    3998             0                0         6.2095        23.5949
    3999             0                2         3.5948        21.8193
    4000             0                2         3.5030        22.6086
    4001             0                1         3.8780        23.1585
    4002             0                3         3.6338        22.8054
    4003             0                2         3.7228        22.4573
    4004             0                3         3.4662        21.9857
    4005             0                6         3.5548        21.9025
    4006             0                4         3.6605        21.3988
    4007             0                2         3.8091        21.5951
    4008             0                4         3.7122        21.5836
    4009             0                2         3.6856        21.7661
    4010             0                1         3.6488        21.6482
    4011             0                1         3.9192        21.2919
    4012             0               15         3.3036        21.3889
    4013             0                6         3.3223        21.0604
    4014             0                6         3.4883        18.5677
    4015             1               25         3.0628        19.2321
    4016             1               21         3.4557        17.7281
    4017             2               21         3.3190        17.2793
    4018             2               14         3.2847        18.1089
    4019             0               20         3.1902        17.4785
    4020             0               12         3.4944        17.5830
    4021             0                9         3.4986        18.2643
    4022             0                6         3.3028        18.6415
    4023             0                8         3.6487        18.4314
    4024             0               24         3.1593        17.1854
    4025             0               17         3.1036        18.4948
    4026             0                8         3.5644        18.2583
    4027             0               16         3.4272        19.2384
    4028             0                6         3.5212        18.8544
    4029             0               20         3.1709        18.9501
    4030             0               14         3.3804        20.6545
    4031             1               18         3.2045        19.7631
    4032             0                7         3.3146        18.8208
    4033             0               13         3.1756        19.0955
    4034             0                3         3.6968        18.8303
    4035             0               17         3.2027        17.8722
    4036             2               23         3.3626        18.7983
    4037             2               12         3.3085        19.3800
    4038             0               12         3.2941        20.9539
    4039             0                7         3.6183        19.7754
    4040             0               15         3.3536        19.5036
    4041             1               21         3.3128        19.9828
    4042             0               12         3.2366        22.7169
    4043             0                4         3.5292        22.2294
    4044             0                9         3.1703        21.7007
    4045             2               16         3.5482        19.2682
    4046             2               24         3.0627        20.3433
    4047             2               21         3.1557        18.3535
    4048             1               20         3.2735        21.0350
    4049             0               17         3.1365        20.2340
    4050             1               21         2.9897        20.3234
    4051             0               15         3.4922        19.7464
    4052             0                4         3.5287        21.9856
    4053             0                4         3.2754        21.5297
    4054             0                1         3.9974        22.2991
    4055             0                1         3.7684        22.6246
    4056             0                7         3.2432        21.7362
    4057             0                4         3.3089        22.1760
    4058             0                3         3.3909        21.5096
    4059             0                2         3.6082        21.6145
    4060             0                1         3.8262        22.1698
    4061             0                6         3.0702        21.7504
    4062             0               10         3.1320        20.7212
    4063             0                3         3.7503        20.9523
    4064             0                0         4.5478        21.2008
    4065             0                1         3.7376        20.8326
    4066             0                0         5.8861        21.4996
    4067             0                0         7.4607        22.2003
    4068             0                0         7.0335        21.6468
    4069             0                0         6.4670        21.2014
    4070             0                0         8.0479        21.6261
    4071             0                0         8.8757        21.4805
    4072             0                0         9.7400        22.1410
    4073             0                0        11.2528        20.7738
    4074             0                0        10.8194        21.3475
    4075             0                0        10.9216        21.4204
    4076             0                0        10.5414        21.6200
    4077             0                0         8.8579        20.5059
    4078             0                0        10.5035        22.3122
    4079             0                0        10.0168        22.3279
    4080             0                0        10.4311        21.3212
    4081             0                0         9.2907        21.3547
    4082             0                0        10.1645        21.0704
    4083             0                0        10.1050        22.6433
    4084             0                0        10.6570        22.7455
    4085             0                0         9.6165        21.6547
    4086             0                0        10.4851        22.5827
    4087             0                0         9.2763        22.4152
    4088             0                0        10.1475        24.2219
    4089             0                0        11.8166        23.0566
    4090             0                0        13.4030        23.8379
    4091             0                0        12.0595        24.8182
    4092             0                0        11.8599        25.5880
    4093             0                0        12.6809        24.9613
    4094             0                0        10.7705        26.9680
    4095             0                0         9.1933        27.3070
    4096             0                0        10.2790        27.6885
    4097             0                0         8.2423        27.1811
    4098             0                0        10.3064        26.8349
    4099             0                0         7.1952        29.1318
    4100             0                0         7.8857        27.2948
    4101             0                0         7.5212        28.5808
    4102             0                0         8.8146        27.2140
    4103             0                0         6.8543        27.7690
    4104             0                0         8.8400        26.7326
    4105             0                0        10.8327        26.5984
    4106             0                0        11.1337        27.7215
    4107             0                0        11.7116        28.0045
    4108             0                0        12.4461        28.4125
    4109             0                0        12.4792        28.2719
    4110             0                0        14.5092        28.4005
    4111             0                0        13.7979        28.3721
    4112             0                0        13.1692        28.6276
    4113             0                0        14.0425        29.1912
    4114             0                0        16.3431        27.2560
    4115             0                0        16.3088        26.5444
    4116             0                0        16.3456        27.4257
    4117             0                0        16.2768        26.9225
    4118             0                0        14.9943        26.4221
    4119             0                0        15.0571        27.2316
    4120             0                0        15.3378        26.6610
    4121             0                0        14.2235        27.7051
    4122             0                0        14.7948        28.6500
    4123             0                0        16.7309        28.5529
    4124             0                0        17.3642        27.7357
    4125             0                0        17.0503        26.5884
    4126             0                0        18.5335        26.9296
    4127             0                0        18.1752        27.1432
    4128             0                0        15.5167        27.3974
    4129             0                0        15.9108        26.8702
    4130             0                0        14.2655        26.6530
    4131             0                0        16.4894        27.2573
    4132             0                0        16.9324        27.3028
    4133             0                0        18.4128        27.3544
    4134             0                0        18.3917        27.2552
    4135             0                0        17.5687        27.7018
    4136             0                0        17.8857        27.0196
    4137             0                0        18.2096        28.0689
    4138             0                0        15.7192        27.5573
    4139             0                0        18.5659        27.9397
    4140             0                0        18.7754        27.4927
    4141             0                0        17.2801        27.4772
    4142             0                0        19.2304        28.8871
    4143             0                0        18.9067        29.0013
    4144             0                0        18.6122        28.9635
    4145             0                0        17.8929        28.0951
    4146             0                0        17.8411        27.7883
    4147             0                0        17.8269        27.5376
    4148             0                0        16.7165        26.4298
    4149             0                0        16.7954        27.6909
    4150             0                0        16.0044        27.3648
    4151             0                0        15.2106        25.7832
    4152             0                0        17.7132        27.4125
    4153             0                0        18.2329        28.1100
    4154             0                0        17.2451        27.7024
    4155             0                0        17.6216        28.2400
    4156             0                0        18.9393        28.3367
    4157             0                0        17.2974        27.7751
    4158             0                0        17.5422        28.0951
    4159             0                0        17.9098        28.5976
    4160             0                0        17.0671        29.6054
    4161             0                0        17.6012        29.7407
    4162             0                0        18.6500        29.7766
    4163             0                0        19.3562        29.7635
    4164             0                0        17.8696        27.6671
    4165             0                0        17.2830        27.9580
    4166             0                0        17.8988        28.0242
    4167             0                0        18.4366        27.6218
    4168             0                0        18.6158        30.0714
    4169             0                0        18.5360        28.7352
    4170             0                0        19.0263        29.2443
    4171             0                0        17.7225        29.1290
    4172             0                0        17.8499        29.8344
    4173             0                0        17.5596        29.5727
    4174             0                0        18.6763        27.0148
    4175             0                0        18.0707        27.2904
    4176             0                0        19.1176        27.6610
    4177             0                0        19.2292        28.5932
    4178             0                0        19.0765        30.2481
    4179             0                0        17.4443        31.8206
    4180             0                0        17.6833        27.5162
    4181             0                0        16.9163        29.1630
    4182             0                0        16.8061        28.1099
    4183             0                0        16.6674        28.0870
    4184             0                0        16.8135        27.7699
    4185             0                0        16.9549        27.3855
    4186             0                0        15.5844        28.0863
    4187             0                0        14.5042        28.9645
    4188             0                0        14.9042        28.2761
    4189             0                0        14.4448        27.2901
    4190             0                0        17.7298        27.8729
    4191             0                0        16.2484        28.3202
    4192             0                0        16.0774        27.9717
    4193             0                0        15.5121        27.9209
    4194             0                0        16.2695        27.5213
    4195             0                0        15.7867        27.8415
    4196             0                0        16.4030        27.3591
    4197             0                0        16.5575        27.2066
    4198             0                0        15.0569        27.3815
    4199             0                0        16.1378        27.1278
    4200             0                0        15.1635        27.2679
    4201             0                0        15.2745        27.8873
    4202             0                0        15.2186        27.2230
    4203             0                0        14.8398        26.6653
    4204             0                0        13.3051        25.8557
    4205             0                0        13.4815        24.7035
    4206             0                0        11.8174        24.8262
    4207             0                0        14.0666        25.7088
    4208             0                0        14.4088        26.3810
    4209             0                0        12.0213        27.0935
    4210             0                0        11.5093        26.7130
    4211             0                0        10.9978        25.7872
    4212             0                0        10.2472        25.9553
    4213             0                0         9.8040        24.8279
    4214             0                0         9.9824        25.8209
    4215             0                0         9.3938        25.5365
    4216             0                0         8.9130        26.4649
    4217             0                0        10.1443        26.3388
    4218             0                0         6.7076        25.3863
    4219             0                0         6.8645        25.3585
    4220             0                0         6.3457        24.9070
    4221             0                0         8.2275        25.1912
    4222             0                0         5.7741        23.7748
    4223             0                0         5.4226        23.5749
    4224             0                0         6.5020        24.0921
    4225             0                0         6.8063        23.5525
    4226             0                0         6.0799        24.7225
    4227             0                0         5.4280        24.1194
    4228             0                0         7.0776        23.8004
    4229             0                0         7.1856        23.3686
    4230             0                0         7.6691        23.6244
    4231             0                0         9.3776        24.4667
    4232             0                0         8.5568        23.8122
    4233             0                0         9.1719        23.7946
    4234             0                0         8.5443        23.5897
    4235             0                0         9.8911        26.6958
    4236             0                0         8.8241        25.7130
    4237             0                0         8.2833        23.7848
    4238             0                0        10.9803        25.4896
    4239             0                0         9.6390        25.6507
    4240             0                0        11.0554        27.6943
    4241             0                0        11.9088        26.3068
    4242             0                0        10.7613        24.9401
    4243             0                0        12.2810        24.3901
    4244             0                0         9.7109        28.0933
    4245             0                0         8.4989        28.0782
    4246             0                0        10.5349        27.9622
    4247             0                0        10.8362        28.3704
    4248             0                0        10.5206        27.0742
    4249             0                0        12.4182        26.8587
    4250             0                0        11.1906        24.7192
    4251             0                0        10.9056        24.2283
    4252             0                0        10.8294        25.2136
    4253             0                0         7.9075        25.6447
    4254             0                0         8.8977        24.9766
    4255             0                0         6.1939        25.9154
    4256             0                0         6.2402        27.1010
    4257             0                0         5.8747        26.3588
    4258             0                0         6.3245        25.5407
    4259             0                0         7.0208        26.6016
    4260             0                0         6.4437        23.9877
    4261             0                0         6.4853        23.7179
    4262             0                0         7.6596        25.5320
    4263             0                0         8.5262        24.2884
    4264             0                0         6.2038        24.6151
    4265             0                0         6.0296        23.6959
    4266             0                0         5.8709        22.9827
    4267             0                0         6.6047        23.0314
    4268             0                0         5.2137        24.8572
    4269             0                0         4.7840        23.0415
    4270             0                0         5.9083        22.5003
    4271             0                0         7.6017        22.0049
    4272             0                0         6.8521        23.8095
    4273             0                0         6.3780        21.8373
    4274             0                0         6.9262        21.4597
    4275             0                0         7.7045        21.4414
    4276             0                0         6.5018        21.9241
    4277             0                0         8.6689        23.0984
    4278             0                0         6.5137        23.0645
    4279             0                0         7.2432        22.8713
    4280             0                0         6.9831        21.6275
    4281             0                0         9.1679        21.5281
    4282             0                0         7.7030        20.8410
    4283             0                0         7.4676        20.3249
    4284             0                0         9.0339        21.7879
    4285             0                0         8.7347        22.1228
    4286             0                0         9.4614        21.5176
    4287             0                0         8.8254        22.1062
    4288             0                0         8.4735        21.5246
    4289             0                0         6.8209        22.4839
    4290             0                0         6.7503        21.9440
    4291             0                0         6.1307        22.2144
    4292             0                0         5.6926        22.6870
    4293             0                0         4.0742        23.2783
    4294             0                0         4.5764        22.8740
    4295             0                0         4.3493        22.2239
    4296             0                0         4.6543        21.7163
    4297             0                0         4.7502        21.8342
    4298             0                0         5.0644        22.7248
    4299             0                0         7.2427        22.9776
    4300             0                0         7.8225        22.3364
    4301             0                0         8.4369        22.4488
    4302             0                0        10.2557        22.3124
    4303             0                0        10.7073        23.2380
    4304             0                0        10.1538        23.9596
    4305             0                0         8.9772        25.3955
    4306             0                0        10.7447        25.1777
    4307             0                0        11.7926        26.1356
    4308             0                0        14.2014        26.0176
    4309             0                0        13.5903        26.7154
    4310             0                0        14.1487        25.6484
    4311             0                0        14.1621        26.8619
    4312             0                0        12.9630        27.0554
    4313             0                0        11.7326        26.0428
    4314             0                0        11.3558        26.2990
    4315             0                0        11.5487        28.0508
    4316             0                0         9.1707        26.8350
    4317             0                0        11.4667        26.3894
    4318             0                0        10.1984        26.8904
    4319             0                0         9.7577        27.4257
    4320             0                0        11.2515        30.1770
    4321             0                0        11.3931        32.2210
    4322             0                0        11.6740        31.4979
    4323             0                0        11.7002        32.1304
    4324             0                0        10.7902        31.9242
    4325             0                0         9.2762        30.6251
    4326             0                0         9.5845        29.3204
    4327             0                0         8.3224        27.0520
    4328             0                0         7.1209        28.0609
    4329             0                0        10.4023        30.5735
    4330             0                0        12.2248        29.5757
    4331             0                0        10.6193        29.5979
    4332             0                0        12.5412        29.4847
    4333             0                0        10.9077        29.0316
    4334             0                0        12.6730        30.5843
    4335             0                0        10.6989        29.4312
    4336             0                0        11.7597        29.2953
    4337             0                0         9.6421        29.8015
    4338             0                0         9.7990        28.7380
    4339             0                0        11.4251        28.6658
    4340             0                0         9.7044        30.2082
    4341             0                0        12.9531        29.7166
    4342             0                0        12.5775        29.0826
    4343             0                0        13.0605        29.6693
    4344             0                0        12.4687        30.3040
    4345             0                0        13.8057        29.6194
    4346             0                0        15.8570        30.1949
    4347             0                0        16.0085        30.8519
    4348             0                0        15.3712        31.2603
    4349             0                0        14.8164        30.0910
    4350             0                0        16.6230        31.4263
    4351             0                0        16.1120        31.1014
    4352             0                0        19.3332        31.2946
    4353             0                0        19.4488        32.7898
    4354             0                0        19.0169        32.5703
    4355             0                0        18.4373        32.1624
    4356             0                0        17.3444        31.8544
    4357             0                0        17.7691        32.3878
    4358             0                0        17.8874        32.8022
    4359             0                0        17.1709        31.7932
    4360             0                0        17.4199        31.7906
    4361             0                0        16.5584        32.7095
    4362             0                0        17.0362        32.9182
    4363             0                0        16.2293        31.4891
    4364             0                0        18.1030        30.7336
    4365             0                0        17.6075        29.7475
    4366             0                0        18.3798        32.4429
    4367             0                0        18.6773        30.5422
    4368             0                0        18.9522        31.8449
    4369             0                0        19.9023        31.0982
    4370             0                0        19.0682        30.9960
    4371             0                0        17.9145        30.1337
    4372             0                0        17.9096        29.8031
    4373             0                0        18.9346        30.2364
    4374             0                0        17.0736        30.3273
    4375             0                0        17.1766        29.8222
    4376             0                0        17.2134        29.7643
    4377             0                0        18.1093        30.6331
    4378             0                0        19.7125        31.2219
    4379             0                0        20.2408        30.5134
    4380             0                0        19.0934        31.2877
    4381             0                0        18.7713        31.1127
    4382             0                0        18.5001        30.7391
    4383             0                0        18.3405        31.2365
    4384             0                0        17.8783        32.1563
    4385             0                0        19.5928        32.0457
    4386             0                0        20.1695        32.9303
    4387             0                0        20.3461        32.6478
    4388             0                0        19.4719        32.5237
    4389             0                0        19.6107        31.6701
    4390             0                0        19.4321        31.9885
    4391             0                0        18.4852        31.5463
    4392             0                0        17.3800        31.9528
    4393             0                0        17.9020        32.5519
    4394             0                0        14.6135        30.1600
    4395             0                0        14.2079        29.4792
    4396             0                0        13.1839        30.2441
    4397             0                0        12.5380        28.4724
    4398             0                0        11.4893        27.5501
    4399             0                0        12.4536        28.8289
    4400             0                0        12.8213        30.0306
    4401             0                0        13.7953        30.4676
    4402             0                0        14.0994        31.1088
    4403             0                0        13.9873        30.2970
    4404             0                0        13.3992        29.6682
    4405             0                0        12.4476        29.2835
    4406             0                0        14.7384        30.3823
    4407             0                0        14.1347        29.8686
    4408             0                0        16.4061        30.5924
    4409             0                0        16.2623        30.0391
    4410             0                0        17.2364        29.5940
    4411             0                0        17.2766        30.9215
    4412             0                0        16.5916        31.6595
    4413             0                0        16.2251        30.7842
    4414             0                0        16.5880        30.3920
    4415             0                0        15.9784        30.6098
    4416             0                0        15.9080        29.9148
    4417             0                0        15.8047        30.0798
    4418             0                0        17.1619        31.1028
    4419             0                0        16.2971        30.6231
    4420             0                0        17.5293        30.3413
    4421             0                0        16.4943        30.2689
    4422             0                0        15.0663        31.3196
    4423             0                0        15.5668        32.5691
    4424             0                0        12.6225        31.2973
    4425             0                0        12.4089        32.9706
    4426             0                0        13.0376        33.3540
    4427             0                0        13.8422        31.7130
    4428             0                0        15.0730        31.9798
    4429             0                0        16.0733        32.6280
    4430             0                0        14.6594        32.5914
    4431             0                0        16.4632        32.8872
    4432             0                0        15.3668        32.7847
    4433             0                0        15.9566        32.5223
    4434             0                0        15.4671        31.9130
    4435             0                0        14.4321        32.7591
    4436             0                0        12.9706        32.3517
    4437             0                0        14.9968        31.1647
    4438             0                0        15.2649        30.9974
    4439             0                0        15.3100        29.4767
    4440             0                0        16.2661        30.6538
    4441             0                0        16.8466        30.3279
    4442             0                0        17.1643        31.4229
    4443             0                0        17.0285        30.7108
    4444             0                0        13.8903        30.9949
    4445             0                0        15.2998        32.7979
    4446             0                0        13.2774        31.8161
    4447             0                0        12.7972        31.0508
    4448             0                0        14.1268        31.1017
    4449             0                0        15.0282        32.1740
    4450             0                0        14.7757        31.2285
    4451             0                0        14.8588        31.1206
    4452             0                0        16.0509        32.2134
    4453             0                0        15.0629        32.3678
    4454             0                0        13.9801        32.1259
    4455             0                0        14.8336        33.4830
    4456             0                0        12.2085        32.2175
    4457             0                0        13.8773        32.0632
    4458             0                0        17.1169        32.5255
    4459             0                0        17.4118        32.1785
    4460             0                0        18.2398        32.7864
    4461             0                0        17.9112        32.5609
    4462             0                0        18.0904        32.9028
    4463             0                0        19.1927        33.5165
    4464             0                0        17.5562        32.7950
    4465             0                0        16.7697        33.0808
    4466             0                0        14.3687        32.4619
    4467             0                0        14.4807        32.6201
    4468             0                0        14.4529        31.6391
    4469             0                0        15.2274        31.7997
    4470             0                0        14.5601        33.1109
    4471             0                0        14.8714        32.4133
    4472             0                0        15.6874        32.4153
    4473             0                0        16.0537        32.3639
    4474             0                0        15.4178        32.1519
    4475             0                0        16.6196        33.1019
    4476             0                0        16.1154        32.1752
    4477             0                0        18.1706        32.8479
    4478             0                0        17.7301        32.8477
    4479             0                0        18.4451        32.6688
    4480             0                0        18.5029        32.7846
    4481             0                0        17.3168        33.0972
    4482             0                0        16.1900        32.7619
    4483             0                0        17.9826        32.8898
    4484             0                0        16.4598        32.9650
    4485             0                0        17.0074        32.1897
    4486             0                0        18.3603        31.9670
    4487             0                0        18.9613        31.8919
    4488             0                0        20.6367        32.3994
    4489             0                0        21.1155        32.0565
    4490             0                0        21.8758        32.8260
    4491             0                0        21.4660        32.6146
    4492             0                0        21.3133        32.8645
    4493             0                0        20.2469        31.8039
    4494             0                0        18.9076        32.6139
    4495             0                0        19.3272        32.8313
    4496             0                0        18.8726        32.9099
    4497             0                0        18.9596        32.6696
    4498             0                0        18.0285        32.5292
    4499             0                0        19.6077        32.5724
    4500             0                0        19.9971        32.5008
    4501             0                0        17.7394        33.3103
    4502             0                0        20.4319        32.8270
    4503             0                0        19.2387        32.4877
    4504             0                0        19.5647        32.0649
    4505             0                0        20.5092        32.2947
    4506             0                0        19.6157        31.1280
    4507             0                0        19.5871        31.5760
    4508             0                0        19.6001        31.2242
    4509             0                0        18.0990        30.5718
    4510             0                0        18.1431        30.4798
    4511             0                0        17.0962        30.4251
    4512             0                0        18.5696        30.9530
    4513             0                0        20.7391        31.3277
    4514             0                0        20.9572        31.1100
    4515             0                0        19.8512        31.1279
    4516             0                0        18.6846        31.1654
    4517             0                0        18.9406        30.9167
    4518             0                0        18.5362        31.2727
    4519             0                0        18.2602        30.9318
    4520             0                0        16.4823        30.6948
    4521             0                0        14.0348        30.8333
    4522             0                0        13.5520        29.6686
    4523             0                0        11.9962        29.6650
    4524             0                0        12.6430        29.0506
    4525             0                0        11.9354        31.4989
    4526             0                0        11.0408        31.1071
    4527             0                0        11.6562        31.2948
    4528             0                0        11.3752        30.5368
    4529             0                0        11.7538        30.6108
    4530             0                0        12.3962        31.1688
    4531             0                0        12.3849        29.9328
    4532             0                0        10.5139        30.1121
    4533             0                0        10.8406        28.7350
    4534             0                0        10.8030        29.1377
    4535             0                0        11.0534        29.5390
    4536             0                0        10.0561        29.8074
    4537             0                0        11.8658        29.5396
    4538             0                0        12.6834        27.9694
    4539             0                0        13.2858        30.0925
    4540             0                0        13.0994        29.6000
    4541             0                0        15.3298        29.2754
    4542             0                0        14.1374        30.3168
    4543             0                0        14.0247        30.1069
    4544             0                0        13.6796        30.0439
    4545             0                0        13.0762        29.3248
    4546             0                0        13.2211        30.3027
    4547             0                0        11.4580        30.3909
    4548             0                0        12.9267        29.5422
    4549             0                0        13.2518        29.6856
    4550             0                0        14.4400        30.7397
    4551             0                0        10.9112        31.4893
    4552             0                0         9.9643        30.5560
    4553             0                0         9.8718        30.3516
    4554             0                0        11.2893        30.2461
    4555             0                0         8.9456        29.0173
    4556             0                0         9.9876        29.1299
    4557             0                0        10.2068        26.0783
    4558             0                0        11.4907        25.3242
    4559             0                0        11.0691        25.7655
    4560             0                0         9.3174        26.9467
    4561             0                0         8.5467        26.8297
    4562             0                0         9.2980        26.3959
    4563             0                0         9.4247        25.4842
    4564             0                0         8.6293        26.9666
    4565             0                0         9.8644        25.1151
    4566             0                0         9.7251        25.4676
    4567             0                0         9.5973        25.1290
    4568             0                0         9.2693        24.7081
    4569             0                0         8.3369        25.9070
    4570             0                0         9.7047        26.0381
    4571             0                0         8.1537        25.2025
    4572             0                0         8.6434        25.6188
    4573             0                0         8.1345        24.6992
    4574             0                0         8.2746        25.5899
    4575             0                0         9.0822        26.3260
    4576             0                0         8.1317        26.9285
    4577             0                0         7.7388        26.2580
    4578             0                0         8.1692        26.5245
    4579             0                0         7.4489        28.2853
    4580             0                0         7.3520        27.5074
    4581             0                0         8.6877        26.6953
    4582             0                0         8.8281        28.3343
    4583             0                0         9.2609        27.8608
    4584             0                0         9.3850        26.6988
    4585             0                0         9.9978        26.0844
    4586             0                0         9.7193        24.1184
    4587             0                0         9.7519        23.6213
    4588             0                0         9.1076        23.1418
    4589             0                0         9.8162        25.3445
    4590             0                0         9.3850        25.9568
    4591             0                0         9.7419        25.8169
    4592             0                0         8.8045        23.6953
    4593             0                0         8.6657        23.2440
    4594             0                0         8.2814        22.4231
    4595             0                0         7.9441        21.5377
    4596             0                0         7.4912        22.4190
    4597             0                0         7.1107        21.6914
    4598             0                0         6.9258        19.4137
    4599             0                0         6.7838        19.6413
    4600             0                0         6.8870        19.5989
    4601             0                0         6.7492        19.2984
    4602             0                0         6.5658        20.0854
    4603             0                0         6.5404        19.8826
    4604             0                0         6.3992        20.8114
    4605             0                0         6.3383        21.1181
    4606             0                0         6.8641        21.1479
    4607             0                0         7.3369        21.3936
    4608             0                0         9.2496        22.3747
    4609             0                0         8.2628        21.6747
    4610             0                0         9.2555        21.9520
    4611             0                0         9.9254        22.9122
    4612             0                0        10.9188        22.7782
    4613             0                0        10.7515        22.2704
    4614             0                0        10.6764        23.3983
    4615             0                0        10.5137        23.7918
    4616             0                0        10.8362        24.6731
    4617             0                0        11.0145        24.5791
    4618             0                0        11.6521        23.4775
    4619             0                0        11.0541        23.5761
    4620             0                0         9.9598        23.1393
    4621             0                0         9.0659        23.2338
    4622             0                0         7.6738        22.9016
    4623             0                0         6.4344        23.3060
    4624             0                0         5.8393        24.3695
    4625             0                0         4.5782        24.4894
    4626             0                0         4.4509        24.3532
    4627             0                1         3.8088        24.5992
    4628             0                0         4.2914        25.0796
    4629             0                0         4.4029        23.7426
    4630             0                0         4.0070        23.3168
    4631             0                2         3.5792        23.2224
    4632             0                0         4.2832        22.9929
    4633             0                4         3.6057        22.4836
    4634             0                4         3.6804        22.8288
    4635             0                2         3.9758        22.0019
    4636             0                4         3.8165        21.5518
    4637             0                4         3.4284        21.7805
    4638             0                4         3.7956        21.1748
    4639             0                5         3.5612        18.8249
    4640             0                7         3.7606        18.2085
    4641             0                4         3.8113        19.1031
    4642             0                3         3.9113        17.1071
    4643             0                4         3.4080        16.6027
    4644             0                1         3.9283        17.8961
    4645             0                9         3.6576        18.0453
    4646             0                2         3.8909        17.6500
    4647             0                2         3.8162        17.8607
    4648             0                4         3.5552        17.7777
    4649             0                3         3.7637        18.2319
    4650             0                0         4.0095        18.8126
    4651             0                3         3.6190        19.0652
    4652             0                3         3.8321        20.1859
    4653             0                4         3.6634        19.2260
    4654             0                1         3.8358        20.5930
    4655             0                0         4.1850        21.6512
    4656             0                5         3.6392        20.7875
    4657             0                9         3.3993        19.9214
    4658             0               10         3.4761        19.5985
    4659             0                3         3.6543        19.8807
    4660             0               10         3.6621        21.0133
    4661             0                2         3.8347        20.4783
    4662             0                2         3.0857        20.4931
    4663             0               11         2.9553        20.7850
    4664             0               14         2.9299        20.8051
    4665             0               18         2.7652        20.7130
    4666             0                8         2.9405        21.2710
    4667             0                5         2.8236        21.2539
    4668             0                7         2.9874        20.2048
    4669             0                4         2.8038        20.1765
    4670             0                8         2.7108        20.7194
    4671             0                7         2.7187        19.8769
    4672             0                9         2.8156        18.7135
    4673             0               11         2.8194        16.5255
    4674             0                8         2.7453        16.3697
    4675             0               11         2.9191        15.9349
    4676             0               18         2.7102        15.0890
    4677             0               19         2.7474        16.9493
    4678             0               15         2.6077        15.6155
    4679             0               10         2.8531        16.8888
    4680             0               11         2.8328        17.0065
    4681             0                9         3.3712        15.8774
    4682             0               17         2.6899        17.5933
    4683             0               11         2.9328        17.2682
    4684             0               10         2.7974        15.3799
    4685             0                7         2.8916        16.6977
    4686             0               11         2.9044        17.5297
    4687             0                6         3.2311        17.1262
    4688             0               10         3.0605        18.8164
    4689             0                4         3.1141        18.6227
    4690             0               12         2.7350        20.1597
    4691             0                6         2.6687        18.3661
    4692             0                5         2.7968        17.8502
    4693             0               10         2.6893        18.7727
    4694             0               19         2.6803        16.4820
    4695             0               11         2.8068        17.0782
    4696             0               20         2.9488        18.0697
    4697             0               14         2.6699        16.1185
    4698             0               10         3.3976        17.1362
    4699             0                6         3.3656        16.5196
    4700             0                8         3.6218        17.5280
    4701             0                4         3.3931        16.5506
    4702             0                6         3.4677        18.5476
    4703             0                4         3.3791        19.4076
    4704             0                0         4.3920        20.5010
    4705             0                4         3.5952        20.2301
    4706             0                7         3.1785        20.7102
    4707             0                7         3.4061        21.5611
    4708             0                7         3.6686        22.5243
    4709             0                8         3.3978        21.1821
    4710             0                5         3.4319        20.4240
    4711             0                1         3.8517        16.8355
    4712             0                7         3.4391        18.4828
    4713             0               11         3.4911        18.0292
    4714             0                3         3.4531        20.8867
    4715             0                3         3.6126        19.0615
    4716             0                3         3.7913        18.7709
    4717             0                3         3.7409        19.2307
    4718             0                8         3.3672        20.8528
    4719             0                8         3.5699        19.3007
    4720             0                9         3.1085        19.8058
    4721             0               11         3.6639        18.4481
    4722             0                6         3.2107        17.9280
    4723             0                7         3.3427        17.1987
    4724             0                9         3.0874        15.6794
    4725             0               10         3.3569        15.4181
    4726             0                7         3.3757        16.9263
    4727             0                9         3.0565        16.9363
    4728             0                9         2.9279        17.1164
    4729             0                9         3.5132        16.4800
    4730             0                2         3.4117        17.2525
    4731             0                3         3.1428        16.9225
    4732             0                4         3.3786        18.1234
    4733             0                1         3.7692        17.0816
    4734             0                0         5.4447        18.4688
    4735             0                0         4.0057        19.3215
    4736             0                1         3.7114        18.9621
    4737             0                1         3.6930        20.3677
    4738             0                0         4.0142        21.0824
    4739             0                5         3.6417        21.2548
    4740             0                3         3.7458        19.5190
    4741             0               13         3.4849        19.0008
    4742             0               11         3.4017        19.1511
    4743             0               13         2.9995        21.4102
    4744             0               22         3.2473        20.6573
    4745             0               11         3.4208        21.6283
    4746             0               18         3.1966        21.1711
    4747             0               10         3.3172        21.8788
    4748             0               14         3.2484        22.3857
    4749             0               10         3.4586        21.8957
    4750             0               15         3.1947        21.7309
    4751             0               10         3.2937        21.5977
    4752             0               16         3.1086        22.0816
    4753             0                7         3.5223        22.0308
    4754             0                3         3.6909        23.2414
    4755             0                9         3.1813        21.0063
    4756             0               15         3.4175        21.6588
    4757             0               20         3.3277        21.6897
    4758             0               11         3.4603        21.6523
    4759             0               10         3.3924        21.0757
    4760             0               13         3.2590        20.7205
    4761             0                5         3.6266        21.1690
    4762             0               11         3.3409        20.1092
    4763             0                9         3.6973        19.8127
    4764             0               22         3.2444        19.7641
    4765             1               28         3.1121        19.1248
    4766             6               26         3.1945        18.1506
    4767             3               28         3.1382        21.5460
    4768             0               28         3.3938        20.7964
    4769             3               23         3.3918        19.9483
    4770             3               26         3.3944        18.7763
    4771             0               22         3.3059        20.7201
    4772             5               13         3.3646        19.6022
    4773             0               16         3.6072        18.8082
    4774             5               20         3.2987        18.9481
    4775             0               22         3.0909        17.3991
    4776             0                6         3.3370        16.8993
    4777             1               19         3.4904        18.6294
    4778             0                8         3.4787        17.6312
    4779             6               25         3.1407        17.0535
    4780             6               14         3.2586        17.9874
    4781             4               13         3.2018        17.7578
    4782             3               23         3.3451        16.9258
    4783             0               14         3.3770        17.5666
    4784             5               22         3.1939        15.7168
    4785             4               20         3.3390        16.7695
    4786             5               30         3.0384        16.9944
    4787             5               28         3.2017        16.5617
    4788             3               28         3.2459        15.4420
    4789             3               33         3.1344        15.4022
    4790             0               18         3.2421        14.9728
    4791             1               35         3.1046        14.1871
    4792             4               13         3.3857        16.8658
    4793             0               19         3.7008        15.5392
    4794             4               29         3.3149        15.9348
    4795             4               34         3.4054        15.5395
    4796             0               30         3.4521        16.5321
    4797             0               22         3.1564        16.2897
    4798             0               15         3.3557        15.3033
    4799             5               27         3.2151        16.1731
    4800             5               34         3.1807        15.3060
    4801             4               35         2.9495        16.4669
    4802             4               27         3.1475        15.7912
    4803             4               25         3.1016        16.0289
    4804             5               30         3.0981        15.7882
    4805             5               27         3.1452        17.0035
    4806             1               19         3.4553        16.8614
    4807             6               28         3.2805        16.9621
    4808             3               27         2.8577        16.9358
    4809             4               27         3.2692        17.1208
    4810             4               21         3.4395        16.4660
    4811             0               17         3.2347        16.1370
    4812             5               26         3.1421        17.0633
    4813             0               10         3.3560        16.1315
    4814             5               26         3.4274        15.1752
    4815             5               30         3.2463        14.8776
    4816             5               21         3.2748        14.8344
    4817             5               26         3.2349        15.6642
    4818             5               27         3.3429        15.8667
    4819             2               33         3.1355        15.8857
    4820             2                9         3.6614        16.0595
    4821             0               28         3.2552        16.0795
    4822             4               35         3.1926        16.3915
    4823             4               36         2.9921        16.3511
    4824             3               31         3.3670        16.3151
    4825             5               27         2.9817        16.8499
    4826             1               24         3.4068        16.5683
    4827             4               21         3.2746        17.3967
    4828             5               29         2.9740        16.4216
    4829             5               36         2.9056        16.0854
    4830             5               36         3.1653        16.4307
    4831             4               23         3.2286        15.4443
    4832             1               28         3.1124        15.4726
    4833             4               24         3.3629        16.1967
    4834             4               27         3.3079        15.2114
    4835             4               19         3.2300        15.5476
    4836             4               26         3.2423        15.2090
    4837             2               20         3.3262        15.0685
    4838             5               24         2.9837        15.5220
    4839             6               48         3.0633        15.1598
    4840             5               17         3.2748        16.3936
    4841             5               15         3.2173        17.0265
    4842             0               13         3.3178        17.5774
    4843             2               39         3.3298        16.7021
    4844             2               27         3.3092        16.5280
    4845             1               18         3.2361        15.8782
    4846             5               30         2.9815        15.3835
    4847             0               17         3.3044        14.3984
    4848             0               10         3.5758        15.3810
    4849             2               31         3.3047        14.4082
    4850             1               18         3.3491        15.2592
    4851             2               30         3.2500        15.2286
    4852             4               39         3.1083        15.3979
    4853             1               13         3.6904        15.9417
    4854             0               31         3.1229        15.7745
    4855             0               28         3.4138        15.3368
    4856             5               27         3.2659        16.5055
    4857             5               24         3.1909        17.3990
    4858             3               16         3.1122        18.9905
    4859             3               16         3.3390        18.8167
    4860             2                7         3.4016        18.2816
    4861             3               17         3.1845        17.8489
    4862             1               13         3.1999        17.9922
    4863             0                3         3.6119        17.6301
    4864             0                8         3.3471        17.4576
    4865             3               12         3.4313        18.4527
    4866             0                7         3.4156        17.3316
    4867             1                8         3.5602        16.6186
    4868             5               19         3.2676        16.3633
    4869             2               22         3.1474        16.2017
    4870             0               18         3.2589        15.6725
    4871             5               34         3.3105        16.9806
    4872             3               39         3.3010        15.8954
    4873             2               26         3.2493        16.5379
    4874             6               33         3.2080        16.6295
    4875             0               26         3.3394        17.2541
    4876             5               39         3.1329        16.9253
    4877             2               11         3.4706        16.9999
    4878             4               21         3.3237        17.2541
    4879             4               22         3.3807        16.9346
    4880             1               20         3.2510        16.0958
    4881             0               18         3.4779        16.8441
    4882             0               10         3.5304        16.4545
    4883             0               13         3.1510        17.0939
    4884             0               16         3.5229        17.9213
    4885             3               29         3.1844        16.2473
    4886             0               15         3.3360        16.4410
    4887             3               21         3.3019        16.5079
    4888             5               33         3.3031        15.8672
    4889             5               24         3.3881        15.9639
    4890             5               28         3.1507        16.6785
    4891             4               38         3.3296        16.4330
    4892             5               28         3.2554        17.2903
    4893             4               17         3.4011        16.3233
    4894             5               29         3.2238        16.9022
    4895             4               30         3.1103        17.4667
    4896             0               20         3.2943        18.7589
    4897             0               24         3.2693        19.1154
    4898             0               24         3.1963        18.5412
    4899             5               18         3.3259        17.8667
    4900             0               12         3.5069        16.8812
    4901             1               25         3.2231        16.8292
    4902             6               37         3.0434        16.2938
    4903             5               27         3.3278        16.4416
    4904             1               23         3.4700        15.7424
    4905             6               32         3.2830        16.1178
    4906             5               34         3.2124        15.6454
    4907             4               33         2.8414        16.8041
    4908             2               18         3.3118        17.1845
    4909             0               25         3.1165        17.0762
    4910             1               26         3.1986        17.0906
    4911             0               35         3.1281        16.3007
    4912             0               27         3.0038        15.9289
    4913             3               37         3.2428        15.8624
    4914             5               29         3.1527        16.3528
    4915             1               27         3.4541        16.3716
    4916             4               39         3.0292        16.7475
    4917             3               29         3.1062        16.4829
    4918             5               41         3.1638        16.5370
    4919             2               30         3.1193        16.0731
    4920             5               38         3.1858        16.0330
    4921             5               37         3.0212        14.7363
    4922             2               31         3.1902        15.5015
    4923             4               38         3.1130        15.9476
    4924             4               38         3.1368        14.7362
    4925             3               24         3.3356        15.1125
    4926             4               22         3.4776        15.5952
    4927             1               20         3.1794        15.9134
    4928             3               33         2.9153        15.3927
    4929             0               15         3.2484        17.8509
    4930             2               28         3.2675        16.4265
    4931             2               25         3.1760        16.8835
    4932             4               35         3.1890        15.6473
    4933             1               35         3.1356        15.5759
    4934             0               18         3.2678        16.2410
    4935             1               36         3.1004        15.0635
    4936             4               29         3.1740        17.1669
    4937             3               17         3.4095        17.1990
    4938             1               30         3.0175        15.8784
    4939             3               40         3.2471        15.4799
    4940             5               39         3.0761        16.4952
    4941             1               36         3.1038        15.8373
    4942             2               41         3.0424        15.0362
    4943             0               36         3.2111        15.3065
    4944             0               37         3.1192        15.2954
    4945             2               46         3.1654        15.2465
    4946             5               33         3.1875        16.8945
    4947             4               20         3.4563        16.9680
    4948             4               25         3.3640        17.4616
    4949             0               27         3.1708        18.2642
    4950             0               12         3.3902        18.4677
    4951             0               26         3.2982        19.0097
    4952             0               26         3.2474        18.8296
    4953             0                5         3.3996        18.5742
    4954             1               17         2.9752        18.9641
    4955             3               19         3.1653        18.9720
    4956             2               34         3.0589        19.4912
    4957             0               20         3.2567        18.4369
    4958             3               25         3.1344        17.7512
    4959             1               29         3.0036        17.3371
    4960             4               37         3.1788        18.6431
    4961             4               20         3.3620        18.8022
    4962             5               18         3.3024        17.8653
    4963             2               19         3.1219        17.2699
    4964             5               31         3.0252        17.1180
    4965             5               24         3.2400        17.4528
    4966             5               33         3.3206        15.7983
    4967             5               28         3.1150        15.6867
    4968             4               26         3.3407        16.5131
    4969             5               30         3.0095        16.3745
    4970             4               27         3.3163        16.0190
    4971             6               22         3.4450        15.9879
    4972             5               15         3.4435        16.8498
    4973             4               27         3.3688        18.0263
    4974             3               23         3.3557        17.4861
    4975             5               21         3.3500        16.2225
    4976             4               16         3.1434        16.7033
    4977             0               21         3.1282        17.0835
    4978             5               28         3.0668        16.6760
    4979             5               25         3.1465        17.0549
    4980             4               22         3.4057        18.3002
    4981             5               20         3.2069        18.1208
    4982             4               16         3.5482        18.6215
    4983             5               42         3.1284        16.1626
    4984             0               23         2.8722        15.2692
    4985             0               22         3.2377        16.5710
    4986             0               16         3.2457        16.4113
    4987             0               25         3.0959        16.8834
    4988             0               15         3.4466        15.8970
    4989             0               24         3.0759        17.8959
    4990             0                6         3.6430        18.8077
    4991             0               11         3.3824        16.7611
    4992             0                3         3.9012        18.6434
    4993             2               26         3.1716        18.6902
    4994             0               31         3.2003        17.3446
    4995             0               17         3.5264        17.6983
    4996             0               25         3.4344        16.9825
    4997             0               17         3.5873        16.4425
    4998             0               29         3.4372        16.5589
    4999             0               17         3.1108        18.0035
    5000             0               24         3.3355        16.9973
