0 D 3.0590 3.0387
0.01 D 3.0403 3.2721
0.02 D 3.2160 3.1569
0.03 D 2.8268 3.1211
0.04 D 3.2004 3.1582
0.05 D 3.1720 3.2151
0.06 D 3.2008 3.3159
0.07 D 2.8309 3.2120
0.08 D 3.3662 3.0295
0.09 D 3.1801 3.2064
0.1 D 3.0692 3.4898
0.11 D 3.2191 3.2403
0.12 D 3.0873 2.9480
0.13 D 3.1395 2.8973
0.14 D 3.2056 3.0967
0.15 D 3.2877 3.3722
0.16 D 3.0694 3.0891
0.17 D 3.4333 3.0449
0.18 D 2.9644 3.3323
0.19 D 2.8477 3.2917
0.2 D 3.2053 3.4969
0.21 D 3.1936 3.2233
0.22 D 3.3452 3.1041
0.23 D 3.3987 3.5376
0.24 D 3.2799 3.2312
0.25 D 3.4780 3.3438
0.26 D 3.1574 2.9769
0.27 D 3.0688 3.0986
0.28 D 3.1507 2.9954
0.29 D 3.2789 2.9886
0.3 D 3.0489 2.8186
0.31 D 3.2478 3.0769
0.32 D 3.0853 3.1355
0.33 D 3.2131 3.0327
0.34 D 3.1563 2.8581
0.35 D 3.3934 2.6908
0.36 D 3.3472 2.8801
0.37 D 3.2930 3.0587
0.38 D 3.4115 3.2512
0.39 D 2.9507 2.7474
0.4 D 3.1269 2.7624
0.41 D 3.2309 3.0844
0.42 D 3.3502 2.6791
0.43 D 3.2664 3.2197
0.44 D 3.2464 3.0160
0.45 D 2.8974 3.0667
0.46 D 2.9607 2.9341
0.47 D 2.9640 2.8574
0.48 D 2.9068 3.2175
0.49 D 3.3361 3.0756
0.5 D 3.1880 3.1147
0.51 D 3.0360 3.0481
0.52 D 3.0267 3.2080
0.53 D 3.3464 2.7010
0.54 D 3.4415 2.8182
0.55 D 3.4294 2.6568
0.56 D 3.3951 2.6720
0.57 D 3.2724 3.2053
0.58 D 2.9689 2.6264
0.59 D 3.0808 2.7534
0.6 D 3.0534 2.6284
0.61 D 3.2627 3.1700
0.62 D 2.9775 2.8314
0.63 D 3.1169 2.8380
0.64 D 3.0513 3.0485
0.65 D 3.0413 3.0158
0.66 D 3.0326 2.6857
0.67 D 2.8978 2.5712
0.68 D 3.3136 2.6964
0.69 D 3.1555 2.7090
0.7 D 2.7858 2.6555
0.71 D 3.0147 2.7369
0.72 D 3.0616 3.2903
0.73 D 3.3558 3.2083
0.74 D 3.0332 3.2321
0.75 D 2.9845 3.1650
0.76 D 3.2242 3.3795
0.77 D 3.2521 2.8924
0.78 D 3.0803 3.0067
0.79 D 3.2102 2.8940
0.8 D 3.1194 3.0919
0.81 D 3.0057 3.1404
0.82 D 3.2407 3.2895
0.83 D 3.2292 2.8913
0.84 D 3.1299 2.7504
0.85 D 3.5451 2.9966
0.86 D 3.2058 3.1638
0.87 D 3.2076 2.9918
0.88 D 3.3334 3.4202
0.89 D 3.1011 3.3898
0.9 D 3.4120 2.9028
0.91 D 2.9162 3.4092
0.92 D 3.0636 3.3297
0.93 D 2.9171 3.0525
0.94 D 3.2521 3.2998
0.95 D 2.9572 3.2353
0.96 D 2.9836 3.1970
0.97 D 3.4683 3.4914
0.98 D 3.1523 2.9742
0.99 D 2.9808 3.0864
1 D 2.9301 3.2748
1.01 D 3.0673 3.5572
1.02 D 3.2471 3.2007
1.03 D 3.2994 3.3675
1.04 D 3.1351 3.0361
1.05 D 3.0179 3.2642
1.06 D 3.1607 3.3542
1.07 D 3.0354 3.3794
1.08 D 3.1392 2.7561
1.09 D 2.9959 2.5616
1.1 D 3.3086 3.2729
1.11 D 3.0509 3.0560
1.12 D 3.1981 2.8333
1.13 D 3.1458 2.9482
1.14 D 3.2228 2.6112
1.15 D 3.2858 2.6693
1.16 D 3.4320 2.5492
1.17 D 3.1802 2.9397
1.18 D 2.9029 3.2527
1.19 D 3.1924 2.9409
1.2 D 2.9136 3.2967
1.21 D 3.1891 2.8565
1.22 D 3.6249 3.0934
1.23 D 3.1240 3.0879
1.24 D 3.1848 3.2977
1.25 D 3.2094 2.7613
1.26 D 3.2726 3.1171
1.27 D 3.1177 3.1153
1.28 D 3.2290 3.1359
1.29 D 3.0646 3.0186
1.3 D 3.1997 3.2687
1.31 D 3.3541 3.0313
1.32 D 2.8835 3.1921
1.33 D 3.1774 3.2937
1.34 D 3.1146 3.0873
1.35 D 2.9171 3.2622
1.36 D 3.2165 3.4747
1.37 D 2.9498 3.3521
1.38 D 3.1062 3.1765
1.39 D 3.0996 2.9828
1.4 D 3.1560 3.5545
1.41 D 3.2712 3.0719
1.42 D 3.2002 3.1683
1.43 D 3.1343 2.8827
1.44 D 3.2138 3.1908
1.45 D 3.0331 3.1311
1.46 D 3.1680 3.1047
1.47 D 3.2487 3.0301
1.48 D 3.2861 3.1780
1.49 D 3.1774 2.9976
1.5 D 3.1072 3.1733
1.51 D 3.3117 3.0582
1.52 D 2.9036 3.0801
1.53 D 3.1368 3.3643
1.54 D 3.2386 3.3922
1.55 D 3.2532 3.2936
1.56 D 3.5880 3.4939
1.57 D 3.4446 3.4653
1.58 D 3.4241 3.4304
1.59 D 3.3473 3.4577
1.6 D 3.3023 3.1177
1.61 D 3.7657 3.4535
1.62 D 3.4024 3.1542
1.63 D 3.1180 3.0549
1.64 D 3.2853 3.0314
1.65 D 3.4035 3.3525
1.66 D 3.0731 3.1763
1.67 D 3.2982 3.2540
1.68 D 3.2729 3.0330
1.69 D 3.0485 3.0531
1.7 D 2.9769 3.0670
1.71 D 3.2273 3.5041
1.72 D 3.2807 3.3417
1.73 D 3.3132 3.0615
1.74 D 3.0055 3.0228
1.75 D 3.0697 2.9385
1.76 D 3.2330 2.6944
1.77 D 3.1450 2.9653
1.78 D 3.0213 3.1482
1.79 D 2.9563 2.7681
1.8 D 3.2294 2.9416
1.81 D 3.4769 2.9902
1.82 D 3.2890 2.6407
1.83 D 3.2524 2.5620
1.84 D 3.1326 2.7083
1.85 D 2.9819 3.0266
1.86 D 3.1795 2.5355
1.87 D 3.3094 2.5873
1.88 D 3.3619 3.2062
1.89 D 2.8998 2.9299
1.9 D 3.0627 2.5415
1.91 D 3.2477 3.2289
1.92 D 3.2667 2.5157
1.93 D 3.1869 3.2941
1.94 D 3.1080 2.9221
1.95 D 3.4792 3.0820
1.96 D 3.1655 2.8113
1.97 D 3.1220 2.6954
1.98 D 3.4932 2.8546
1.99 D 3.2283 2.7489
2 D 3.4059 3.2716
2.01 D 3.1471 3.3125
2.02 D 3.3070 3.3201
2.03 D 2.8859 3.3721
2.04 D 2.9740 2.9708
2.05 D 3.0677 3.1916
2.06 D 3.1242 3.2967
2.07 D 3.1572 3.1702
2.08 D 3.0260 3.4908
2.09 D 2.9496 3.0623
2.1 D 3.0860 2.9900
2.11 D 3.1471 3.3081
2.12 D 3.1098 3.1889
2.13 D 3.0853 3.2349
2.14 D 2.8964 3.5112
2.15 D 3.0024 3.0337
2.16 D 3.1001 3.0109
2.17 D 2.9918 3.1076
2.18 D 3.1294 3.1950
2.19 D 3.1096 2.6869
2.2 D 3.4110 2.5382
2.21 D 3.4547 3.0858
2.22 D 3.3811 2.6555
2.23 D 3.1616 2.9903
2.24 D 3.5316 2.8692
2.25 D 3.4921 3.3231
2.26 D 3.3371 3.1653
2.27 D 3.4181 3.2527
2.28 D 3.5499 3.1732
2.29 D 2.9897 3.0824
2.3 D 3.0632 3.2348
2.31 D 2.9846 3.0971
2.32 D 3.3295 3.0152
2.33 D 3.2161 3.3831
2.34 D 3.2905 3.1412
2.35 D 3.1786 3.2831
2.36 D 3.2727 3.1786
2.37 D 3.5783 3.0910
2.38 D 3.3598 3.3371
2.39 D 3.3043 3.1713
2.4 D 3.1404 3.3770
2.41 D 3.0635 3.3324
2.42 D 3.4840 2.9903
2.43 D 3.4205 3.1697
2.44 D 3.3250 3.3009
2.45 D 3.4510 3.1039
2.46 D 3.2215 2.9747
2.47 D 3.1680 3.0834
2.48 D 3.2298 3.1763
2.49 D 3.3848 3.0810
2.5 D 3.8155 3.0101
2.51 D 3.0890 3.0148
2.52 D 3.1919 3.1420
2.53 D 2.9915 3.0761
2.54 D 3.4345 3.3217
2.55 D 3.5538 3.4133
2.56 D 3.3260 3.1502
2.57 D 3.2964 3.3080
2.58 D 3.3913 3.1791
2.59 D 3.1106 3.2640
2.6 D 3.2611 3.3472
2.61 D 3.4004 3.3596
2.62 D 2.8795 3.3070
2.63 D 3.1587 3.3862
2.64 D 3.3735 3.2322
2.65 D 3.1801 3.4573
2.66 D 3.2644 3.2576
2.67 D 3.3470 3.0572
2.68 D 3.0522 2.8021
2.69 D 3.2881 3.0227
2.7 D 3.1561 3.1577
2.71 D 3.4364 3.2834
2.72 D 3.2236 3.1130
2.73 D 3.2247 3.0499
2.74 D 3.2240 3.2396
2.75 D 3.3510 3.3396
2.76 D 3.2041 3.0415
2.77 D 3.5384 3.2009
2.78 D 3.2344 3.1559
2.79 D 3.2789 3.1115
2.8 D 3.1449 2.8632
2.81 D 3.2609 3.3402
2.82 D 3.1134 3.1929
2.83 D 3.5861 3.1207
2.84 D 3.2638 3.0846
2.85 D 3.0989 3.4386
2.86 D 3.3565 3.4628
2.87 D 3.1440 3.1362
2.88 D 3.3456 3.2394
2.89 D 3.1474 3.3041
2.9 D 3.3303 3.3470
2.91 D 3.0711 2.9091
2.92 D 3.1016 3.1263
2.93 D 3.1153 3.0102
2.94 D 3.5063 3.1830
2.95 D 3.1960 3.3888
2.96 D 3.2274 3.4910
2.97 D 3.3155 3.1488
2.98 D 3.2518 3.0396
2.99 D 3.1626 3.0178
3 D 3.1222 3.8600
3.01 D 3.2085 3.1921
3.02 D 3.2788 3.4782
3.03 D 2.9791 3.0306
3.04 D 3.2370 3.0865
3.05 D 3.1988 3.3747
3.06 D 3.4187 3.4894
3.07 D 3.3681 3.2966
3.08 D 3.3628 3.4616
3.09 D 3.1025 3.6383
3.1 D 3.0707 3.4970
3.11 D 3.2803 3.4347
3.12 D 3.2925 3.4368
3.13 D 3.2553 2.9675
3.14 D 3.0284 3.5265
3.15 D 3.2829 3.4339
3.16 D 3.2657 3.3541
3.17 D 3.2936 3.1864
3.18 D 3.2633 3.2287
3.19 D 3.0066 2.9553
3.2 D 3.2372 3.2491
3.21 D 3.1749 2.7865
3.22 D 2.9331 2.9567
3.23 D 3.0025 3.4072
3.24 D 3.4075 3.9955
3.25 D 3.2529 3.4263
3.26 D 3.0001 3.1588
3.27 D 3.2253 3.4240
3.28 D 3.2182 3.2985
3.29 D 3.2979 3.1301
3.3 D 3.1781 3.5334
3.31 D 3.1099 3.0443
3.32 D 3.4306 3.4072
3.33 D 3.1903 3.2369
3.34 D 3.0487 3.3150
3.35 D 3.3981 3.2171
3.36 D 3.2613 3.0699
3.37 D 2.9720 3.2641
3.38 D 3.2278 3.0890
3.39 D 3.0671 3.1283
3.4 D 3.2545 3.4861
3.41 D 3.2056 2.9029
3.42 D 3.0239 3.3065
3.43 D 3.3352 3.3338
3.44 D 3.3621 3.1350
3.45 D 3.0852 3.1649
3.46 D 3.5611 3.4126
3.47 D 3.4245 2.9998
3.48 D 3.0463 3.4823
3.49 D 3.3326 3.3014
3.5 D 3.5106 3.3267
3.51 D 3.0484 3.5954
3.52 D 3.2911 3.0610
3.53 D 3.4328 3.2480
3.54 D 3.1851 3.1188
3.55 D 3.5106 3.1269
3.56 D 3.0241 2.8989
3.57 D 3.2738 3.3123
3.58 D 3.3375 3.0826
3.59 D 3.3288 3.1960
3.6 D 3.1435 3.3792
3.61 D 3.0376 3.1922
3.62 D 3.2400 3.1239
3.63 D 3.5105 3.4134
3.64 D 3.3954 3.4168
3.65 D 3.6840 3.1163
3.66 D 3.3721 3.3707
3.67 D 3.1680 3.0268
3.68 D 3.6223 3.3001
3.69 D 3.8676 3.2069
3.7 D 3.2430 3.4077
3.71 D 3.4877 3.0622
3.72 D 3.2637 3.3234
3.73 D 3.3252 3.2178
3.74 D 3.4805 3.3762
3.75 D 3.1795 3.2812
3.76 D 3.2649 2.6698
3.77 D 3.4359 3.4039
3.78 D 3.4238 3.0347
3.79 L 4.0904 3.0220
3.8 D 3.5234 2.9632
3.81 D 3.4483 3.0769
3.82 D 3.6121 3.1992
3.83 D 3.6671 3.0322
3.84 D 3.7558 2.9741
3.85 D 3.5705 3.7227
3.86 D 3.5331 3.2914
3.87 D 3.0628 2.8646
3.88 D 3.6330 3.3520
3.89 D 3.1455 3.4131
3.9 D 3.1870 3.1742
3.91 D 3.2640 3.0460
3.92 D 3.0857 3.1764
3.93 D 3.2883 3.0521
3.94 D 3.4680 2.9504
3.95 D 3.1492 2.8471
3.96 D 3.0549 2.9668
3.97 D 3.4100 3.1059
3.98 D 3.2777 2.8612
3.99 D 3.1635 3.4632
4 D 3.4519 3.2537
4.01 D 3.2411 2.7699
4.02 D 3.2121 2.9065
4.03 D 3.6592 2.7480
4.04 D 3.1780 3.1540
4.05 D 3.3803 3.0200
4.06 D 3.2723 3.2692
4.07 D 3.4883 2.9488
4.08 D 3.3427 3.0492
4.09 D 3.6283 3.3260
4.1 D 3.2339 3.2736
4.11 D 3.3710 3.1386
4.12 D 3.0835 3.0396
4.13 D 2.9222 2.8932
4.14 D 3.1036 2.8921
4.15 D 3.3106 2.6034
4.16 D 3.1072 2.7268
4.17 D 3.4951 2.9429
4.18 D 3.1570 2.5029
4.19 D 3.7818 2.7410
4.2 D 3.2815 2.9424
4.21 D 3.6259 3.1138
4.22 D 3.3731 2.9534
4.23 D 3.3989 3.1699
4.24 D 3.2273 3.1476
4.25 D 3.4614 3.1451
4.26 D 2.9665 3.1442
4.27 D 3.4029 3.1200
4.28 D 3.2108 3.2775
4.29 D 3.3418 3.1171
4.3 D 3.3391 3.0925
4.31 D 3.6999 2.9544
4.32 D 3.0154 3.0835
4.33 D 3.0884 3.0727
4.34 D 3.0401 3.1559
4.35 D 3.1509 3.2112
4.36 D 3.3069 3.2708
4.37 D 3.0963 3.0687
4.38 D 3.2398 3.1128
4.39 D 3.1835 3.1724
4.4 D 3.4018 2.8646
4.41 D 3.3956 3.1228
4.42 D 3.1899 3.0602
4.43 D 3.3277 3.1364
4.44 D 3.2856 3.1187
4.45 D 3.7859 3.0473
4.46 D 3.3254 3.4730
4.47 D 3.3800 3.4026
4.48 D 3.2722 3.1765
4.49 D 3.1919 2.9602
4.5 D 3.1642 3.3558
4.51 D 3.4231 3.4068
4.52 D 3.4239 2.9621
4.53 D 3.6007 2.8554
4.54 D 3.6151 3.2467
4.55 D 3.4982 3.1796
4.56 D 3.2662 3.1335
4.57 D 3.2073 2.6778
4.58 D 3.4672 3.3349
4.59 D 3.0416 2.6211
4.6 D 3.3873 2.8065
4.61 D 3.3177 2.6062
4.62 D 3.4887 2.6432
4.63 D 3.3942 3.0347
4.64 D 3.1916 3.2116
4.65 D 3.5925 3.2470
4.66 D 3.7429 2.8973
4.67 D 2.8619 3.1740
4.68 D 3.5444 3.2415
4.69 D 3.2275 2.9081
4.7 D 3.7133 3.2404
4.71 D 3.2172 3.1821
4.72 D 3.2119 2.6190
4.73 D 2.9284 2.8579
4.74 D 3.8070 3.2602
4.75 D 3.7041 3.1057
4.76 D 3.6413 3.4744
4.77 D 3.0792 3.0559
4.78 D 3.5278 3.1080
4.79 D 2.9894 3.3609
4.8 D 3.0954 3.2630
4.81 D 3.2588 2.9507
4.82 D 3.0186 3.3120
4.83 D 3.0755 3.5790
4.84 D 3.2817 3.1966
4.85 D 3.3748 3.2795
4.86 D 3.7310 3.5108
4.87 D 3.5620 3.4958
4.88 D 3.5173 2.8962
4.89 D 3.8273 3.2394
4.9 L 5.6174 3.1444
4.91 L 6.3001 3.3647
4.92 L 7.4545 3.4207
4.93 L 5.1330 3.7125
4.94 L 5.4811 3.4128
4.95 L 6.0710 3.6760
4.96 L 6.1031 3.1384
4.97 L 4.5809 3.5419
4.98 L 5.6543 3.5396
4.99 L 5.8209 3.3599
5 L 5.2248 3.3532
5.01 L 4.3774 3.6756
5.02 L 5.3347 3.9006
5.03 L 5.9034 3.6822
5.04 L 6.1731 3.6315
5.05 L 6.3746 3.3988
5.06 L 5.7268 3.9802
5.07 L 6.4051 3.9550
5.08 L 6.6802 3.4321
5.09 L 7.2323 3.6914
5.1 L 6.5563 3.5688
5.11 L 7.0377 3.8930
5.12 L 7.2010 3.9064
5.13 N 7.6363 4.1984
5.14 N 6.7111 6.2392
5.15 N 7.0021 7.0538
5.16 N 7.5883 7.7818
5.17 N 9.0696 6.9064
5.18 N 7.9258 6.3655
5.19 N 9.1259 7.3236
5.2 N 9.3328 6.8232
5.21 N 12.1994 7.2890
5.22 N 12.5182 6.5925
5.23 N 12.9210 6.3624
5.24 N 10.8272 6.4849
5.25 N 12.4493 7.9923
5.26 N 10.3115 8.9450
5.27 N 9.9884 8.7594
5.28 N 10.6718 7.0241
5.29 N 10.9327 6.4255
5.3 N 12.4109 8.5254
5.31 N 13.2916 8.3631
5.32 N 11.9890 6.6506
5.33 N 11.1387 6.7891
5.34 N 11.1173 7.5012
5.35 N 12.9819 9.2229
5.36 N 12.5100 6.4916
5.37 N 11.4215 6.6309
5.38 N 10.2516 8.2816
5.39 N 10.1981 7.0882
5.4 N 10.3787 9.0240
5.41 N 9.3487 9.0600
5.42 N 11.5633 8.6317
5.43 N 9.4975 7.8269
5.44 N 7.1593 8.4958
5.45 N 8.7018 9.7036
5.46 N 11.4093 7.8936
5.47 N 10.4625 8.8841
5.48 N 12.2233 10.0850
5.49 N 12.4845 8.6462
5.5 N 10.7952 9.0435
5.51 N 11.6242 7.4042
5.52 N 11.0487 7.8434
5.53 N 12.5078 8.5290
5.54 N 12.6799 8.0350
5.55 N 13.3331 8.6079
5.56 N 11.8899 10.4949
5.57 N 13.1308 11.0129
5.58 N 12.2024 8.8606
5.59 N 11.6990 10.0694
5.6 N 10.7313 10.7687
5.61 N 9.7706 10.5865
5.62 N 9.2450 11.1960
5.63 N 9.1071 12.5161
5.64 N 11.0721 13.5099
5.65 N 11.1394 13.2097
5.66 N 12.6121 11.8264
5.67 N 11.5081 11.8089
5.68 N 12.2146 10.2349
5.69 N 12.2383 10.8231
5.7 N 11.1377 11.4066
5.71 N 10.1640 10.9580
5.72 N 9.3859 13.2681
5.73 N 9.3844 14.4064
5.74 N 7.9969 13.0530
5.75 N 6.9390 12.9518
5.76 N 7.1219 12.3831
5.77 N 8.3197 11.0426
5.78 N 7.0919 11.4016
5.79 N 6.6797 12.1782
5.8 N 6.5452 12.4081
5.81 N 8.1400 10.7034
5.82 N 7.0981 9.7353
5.83 N 6.2440 9.2983
5.84 S 3.4217 9.6943
5.85 N 4.5867 12.1781
5.86 N 4.5818 12.1557
5.87 N 5.5764 12.1823
5.88 N 5.5926 10.4698
5.89 N 5.7797 10.9608
5.9 N 6.6438 12.7833
5.91 N 4.7290 14.3479
5.92 N 4.0020 14.3800
5.93 S 3.4906 15.2696
5.94 N 4.5936 15.8394
5.95 S 3.1996 16.9375
5.96 N 4.2660 17.7793
5.97 S 3.4607 16.5573
5.98 S 3.6392 17.1314
5.99 S 3.6214 17.0776
6 S 3.6308 17.7338
6.01 N 4.8506 17.5932
6.02 N 4.4885 17.7773
6.03 N 5.0686 17.2401
6.04 N 6.3651 16.3764
6.05 N 5.7293 15.2622
6.06 N 6.8426 16.1572
6.07 N 6.5683 14.7034
6.08 N 6.4061 15.7219
6.09 N 7.0507 16.4963
6.1 N 6.1976 16.5210
6.11 N 5.5712 15.2713
6.12 N 5.6910 16.8450
6.13 N 7.0308 16.4631
6.14 N 6.5863 14.7441
6.15 N 5.4926 15.9644
6.16 N 6.6901 16.2093
6.17 N 4.8765 17.5968
6.18 N 4.0263 17.4041
6.19 N 4.7752 18.9141
6.2 N 5.8052 18.5309
6.21 N 6.5302 17.7761
6.22 N 6.3799 18.5763
6.23 N 6.7326 15.5137
6.24 N 5.6163 15.7582
6.25 N 6.2499 15.8459
6.26 N 5.6880 14.9590
6.27 N 4.6987 15.0826
6.28 N 6.1595 16.8136
6.29 N 6.3414 17.6957
6.3 N 6.1586 17.6511
6.31 N 6.2059 17.9996
6.32 N 6.0789 18.3242
6.33 N 6.3090 17.1043
6.34 N 5.9815 17.6020
6.35 N 5.5373 15.7727
6.36 N 6.8275 15.8517
6.37 N 6.2827 17.6990
6.38 N 5.7292 16.8982
6.39 N 5.7225 16.9423
6.4 N 6.8522 14.6987
6.41 N 6.3522 14.2985
6.42 N 5.5146 15.0603
6.43 N 4.9527 14.4766
6.44 N 4.4277 14.3823
6.45 N 4.2831 14.3725
6.46 N 4.4522 15.0799
6.47 S 3.6766 15.8988
6.48 S 3.8258 15.9298
6.49 S 3.6186 13.4296
6.5 N 4.0113 13.8969
6.51 S 3.7416 13.5109
6.52 S 3.3972 13.0952
6.53 S 3.8092 11.3029
6.54 S 3.5195 14.1249
6.55 S 3.5518 16.3584
6.56 S 3.6351 16.5843
6.57 S 3.3896 16.5818
6.58 S 3.3932 15.9110
6.59 S 3.0106 15.5671
6.6 S 3.2826 15.1881
6.61 S 3.5005 16.4382
6.62 S 3.3939 16.2563
6.63 S 3.4157 16.0885
6.64 S 3.5244 15.3996
6.65 N 4.6633 14.7711
6.66 N 4.1809 14.4989
6.67 S 3.5559 18.4842
6.68 S 3.6567 17.8469
6.69 S 3.4025 17.3345
6.7 S 3.2981 17.8224
6.71 S 3.1392 16.7854
6.72 S 3.0683 16.2876
6.73 S 3.2596 18.5632
6.74 S 3.4927 16.7301
6.75 S 3.3025 18.5414
6.76 S 3.4086 18.1939
6.77 S 3.3872 19.3255
6.78 S 3.5955 18.7901
6.79 S 3.6513 18.7756
6.8 S 3.3260 17.5246
6.81 S 3.1229 16.5830
6.82 S 3.4190 17.1049
6.83 S 3.2859 18.2916
6.84 S 3.0906 18.3619
6.85 S 3.2421 19.1836
6.86 S 3.2542 20.2096
6.87 S 2.8824 20.3100
6.88 S 2.9654 20.2919
6.89 S 3.2391 19.5587
6.9 S 3.0924 17.1943
6.91 S 3.0751 18.2348
6.92 S 3.2915 17.0696
6.93 S 3.2032 17.4580
6.94 S 3.0257 17.0487
6.95 S 2.9087 16.1076
6.96 S 3.4301 16.6458
6.97 S 3.2546 15.3035
6.98 S 3.3463 14.3437
6.99 S 3.1865 14.7426
7 S 3.2666 18.3268
7.01 S 3.2748 18.1099
7.02 S 3.1808 18.9726
7.03 S 3.0605 17.6465
7.04 S 3.0968 16.8336
7.05 S 3.3482 16.9884
7.06 S 3.3757 17.7141
7.07 S 3.1445 17.4243
7.08 S 3.1233 18.8965
7.09 S 3.1054 20.6316
7.1 S 3.3872 18.1767
7.11 S 3.0348 15.8934
7.12 S 3.0879 15.3419
7.13 S 3.2515 15.6176
7.14 S 3.2344 17.2044
7.15 S 3.4383 17.4286
7.16 S 3.5012 19.2925
7.17 S 3.5116 19.1823
7.18 S 3.6932 17.0450
7.19 S 2.9718 17.4885
7.2 S 3.1252 17.9728
7.21 S 3.3939 16.0171
7.22 S 3.2473 14.0467
7.23 S 2.9371 14.1476
7.24 S 3.2476 15.1401
7.25 S 3.5090 14.8213
7.26 S 3.2949 14.1277
7.27 S 2.9505 15.9991
7.28 S 3.4593 15.7037
7.29 S 3.6366 17.1532
7.3 S 3.4317 15.0490
7.31 S 3.0801 16.2031
7.32 S 3.2998 14.6471
7.33 S 3.3064 15.7951
7.34 S 3.3885 13.7703
7.35 S 3.2512 14.2519
7.36 S 3.1768 13.3267
7.37 S 3.3436 15.1909
7.38 S 3.4962 13.9390
7.39 S 3.2527 14.7865
7.4 S 3.3526 13.4896
7.41 S 3.2261 13.7286
7.42 S 3.1169 12.9958
7.43 S 3.3974 13.2700
7.44 S 3.2322 13.1909
7.45 S 3.4158 15.0926
7.46 S 3.1257 13.1693
7.47 S 3.1386 11.8389
7.48 S 3.2553 13.8382
7.49 S 3.2134 13.8114
7.5 S 2.8357 13.0743
7.51 S 3.1320 13.1982
7.52 S 3.3821 14.0673
7.53 S 3.2314 13.1737
7.54 S 3.2270 11.7289
7.55 S 3.1105 11.9878
7.56 S 3.4573 11.4707
7.57 S 3.3364 12.2369
7.58 S 3.1420 11.8805
7.59 S 3.1496 11.5377
7.6 S 3.3193 12.6939
7.61 S 3.0487 14.0024
7.62 S 3.3096 15.8773
7.63 S 3.2749 15.3854
7.64 S 3.4105 14.0673
7.65 S 3.4114 16.0296
7.66 S 3.3851 15.3678
7.67 S 3.0888 14.8910
7.68 S 3.5819 15.5990
7.69 S 3.4649 15.8249
7.7 S 3.3922 13.2848
7.71 S 3.0874 13.9227
7.72 S 3.0950 10.6038
7.73 S 3.4209 11.7402
7.74 S 3.5010 13.3227
7.75 S 3.4482 13.7125
7.76 S 3.4784 11.3335
7.77 S 3.1129 13.3935
7.78 S 3.2180 13.5463
7.79 S 3.2170 13.4416
7.8 S 3.4654 13.8138
7.81 S 3.1802 13.3913
7.82 S 3.2725 12.4056
7.83 S 3.2664 14.2343
7.84 S 3.4477 13.2418
7.85 S 3.3326 10.8088
7.86 S 3.4604 13.7942
7.87 S 3.3734 12.4649
7.88 S 3.3766 12.9952
7.89 S 3.2895 12.0599
7.9 S 3.2675 11.2850
7.91 S 3.3564 12.2258
7.92 S 3.3379 12.1359
7.93 S 3.4271 15.0085
7.94 S 3.6584 11.3887
7.95 S 3.3113 13.7036
7.96 S 3.6454 11.8720
7.97 S 3.2940 13.3484
7.98 S 2.9186 15.7531
7.99 S 3.0884 15.7324
8 S 3.4122 16.9248
8.01 S 3.2815 17.7138
8.02 S 2.9389 16.1505
8.03 S 3.1273 15.2426
8.04 S 3.0760 16.4162
8.05 S 3.2356 15.1199
8.06 S 3.1233 15.5618
8.07 S 3.0743 16.9542
8.08 S 3.4994 14.5106
8.09 S 2.9767 13.8112
8.1 S 3.4381 13.4899
8.11 S 3.2790 15.4587
8.12 S 3.3530 16.1643
8.13 S 3.1722 14.3021
8.14 S 3.0893 15.6961
8.15 S 3.1725 16.8337
8.16 S 3.0813 16.6313
8.17 S 3.2545 18.0752
8.18 S 3.3094 19.0383
8.19 S 3.4206 18.2302
8.2 S 3.1229 17.4083
8.21 S 3.1991 19.5481
8.22 S 2.9776 19.1040
8.23 S 3.1926 19.6658
8.24 S 2.8694 19.8370
8.25 S 3.3212 18.1933
8.26 S 3.0827 18.7876
8.27 S 3.1851 19.7770
8.28 S 3.0431 19.2755
8.29 S 3.0232 18.8378
8.3 S 3.3190 17.3929
8.31 S 3.3950 18.7525
8.32 S 3.5083 18.7956
8.33 S 3.2733 19.1271
8.34 S 3.1544 18.2925
8.35 S 3.0932 19.2218
8.36 S 3.1193 18.8523
8.37 S 3.3329 18.6988
8.38 S 3.2353 19.9384
8.39 S 3.3732 18.7464
8.4 S 3.1010 18.2039
8.41 S 3.1768 17.6373
8.42 S 3.1603 17.9486
8.43 S 3.3896 17.5624
8.44 S 3.2082 19.4638
8.45 S 3.3811 19.3665
8.46 S 3.3667 17.9780
8.47 S 3.3516 18.7374
8.48 S 3.7952 17.4542
8.49 S 3.6071 15.4045
8.5 S 3.2547 14.5491
8.51 S 3.1809 14.9688
8.52 S 3.3067 15.0319
8.53 S 3.5624 15.8442
8.54 S 3.3790 15.6035
8.55 S 3.3804 15.1279
8.56 S 3.6084 15.4887
8.57 S 3.3958 16.3983
8.58 S 3.3862 17.4259
8.59 S 3.1882 17.0271
8.6 S 3.6223 14.9887
8.61 S 3.6242 14.3116
8.62 S 3.8074 13.6882
8.63 N 4.4070 13.0164
8.64 S 3.4598 14.0883
8.65 N 4.4313 14.7768
8.66 N 4.0535 14.9053
8.67 S 3.5371 13.6817
8.68 N 4.2074 12.0787
8.69 N 4.2269 14.2921
8.7 N 4.0147 12.1084
8.71 S 3.4455 11.4900
8.72 S 3.7096 13.2808
8.73 N 4.0048 11.5319
8.74 S 3.7800 12.2054
8.75 N 5.5216 14.1478
8.76 S 3.8339 12.8136
8.77 N 4.0482 14.6803
8.78 N 4.9785 12.6899
8.79 N 5.4999 12.5299
8.8 N 4.8629 11.2778
8.81 N 6.2993 11.0948
8.82 N 5.5764 11.3397
8.83 N 4.9290 10.5182
8.84 N 4.5488 11.8756
8.85 S 3.6359 11.6639
8.86 S 3.9389 12.5260
8.87 S 3.7533 13.9191
8.88 N 4.0287 13.5552
8.89 S 3.8733 12.4308
8.9 S 3.7468 9.5411
8.91 S 3.1824 12.9795
8.92 S 3.4676 13.6369
8.93 N 4.6304 12.3583
8.94 S 3.9040 11.0338
8.95 S 3.3563 13.2105
8.96 S 3.4370 13.1138
8.97 S 3.1813 11.5805
8.98 S 3.3844 12.5802
8.99 S 3.5648 14.7531
9 S 3.1602 13.0566
9.01 S 3.2022 15.9673
9.02 S 3.0934 15.2102
9.03 S 3.3515 17.8442
9.04 S 3.1481 17.2000
9.05 S 3.3176 17.9505
9.06 S 3.1808 17.3234
9.07 S 3.3343 17.7059
9.08 S 3.5258 18.1701
9.09 S 2.9050 15.8398
9.1 S 3.6205 16.8395
9.11 S 3.3225 16.4554
9.12 S 3.5343 15.8282
9.13 S 3.4243 15.4564
9.14 S 3.2494 14.5119
9.15 S 3.3669 13.8997
9.16 S 3.3285 12.7627
9.17 S 3.3436 12.9711
9.18 S 3.4314 11.1591
9.19 S 3.2641 10.5612
9.2 S 3.2924 11.2614
9.21 S 3.3143 10.4343
9.22 S 3.1741 11.3020
9.23 S 3.1074 11.4772
9.24 S 3.1689 12.9836
9.25 S 3.4802 12.5818
9.26 S 3.2674 12.7023
9.27 S 3.3039 12.8306
9.28 S 3.3590 13.1787
9.29 S 3.1737 14.0554
9.3 S 3.0375 14.5104
9.31 S 3.1232 14.4292
9.32 S 3.2329 14.7646
9.33 S 2.9796 15.6684
9.34 S 3.6402 16.4509
9.35 S 3.6355 16.0571
9.36 S 3.2784 16.6075
9.37 S 2.8666 16.3824
9.38 S 3.1437 16.2052
9.39 S 3.1176 15.6297
9.4 S 3.0839 16.0107
9.41 S 3.2202 13.4411
9.42 S 3.1599 12.4828
9.43 S 2.9555 13.4019
9.44 S 3.3500 14.3703
9.45 S 3.2047 14.1878
9.46 S 3.3573 15.3270
9.47 S 2.8926 16.8777
9.48 S 3.1588 17.8549
9.49 S 3.2569 16.5334
9.5 S 3.2174 17.0409
9.51 S 3.1315 18.5296
9.52 S 3.1132 17.7363
9.53 S 3.1033 16.9027
9.54 S 3.3431 17.3598
9.55 S 3.2036 16.1698
9.56 S 3.1362 15.0130
9.57 S 3.1091 14.1165
9.58 S 3.1438 15.0042
9.59 S 3.2751 14.9636
9.6 S 3.0924 13.7045
9.61 S 3.2138 13.0149
9.62 S 3.1748 12.6816
9.63 S 3.0369 13.7902
9.64 S 3.3824 12.1652
9.65 S 2.8562 13.6557
9.66 S 3.3314 13.3899
9.67 S 3.1997 13.3323
9.68 S 3.2630 13.0274
9.69 S 3.0242 13.8220
9.7 S 3.3747 12.2776
9.71 S 3.3757 12.6732
9.72 S 3.2706 12.2346
9.73 S 3.0781 13.4221
9.74 S 3.0697 13.8662
9.75 S 3.2558 13.0759
9.76 S 2.9612 11.8514
9.77 S 3.1167 11.5638
9.78 S 3.4535 10.5529
9.79 S 3.2815 10.0416
9.8 S 3.3245 9.1656
9.81 S 3.0759 9.0151
9.82 S 3.0279 10.5621
9.83 S 3.5727 11.4901
9.84 S 3.2283 14.3052
9.85 S 3.3178 11.9170
9.86 S 3.0652 12.8671
9.87 S 3.0131 13.6751
9.88 S 3.3132 13.4616
9.89 S 3.0587 13.7566
9.9 S 3.3768 13.6682
9.91 S 3.2113 13.6199
9.92 S 3.5514 14.2536
9.93 S 2.9400 15.4249
9.94 S 3.1675 14.9898
9.95 S 3.4375 16.0527
9.96 S 3.3880 15.5359
9.97 S 3.1362 16.2408
9.98 S 3.2260 16.2724
9.99 S 3.3188 17.6684
10 S 3.3014 17.8122
10.01 S 3.2782 17.5807
10.02 S 3.2062 14.7698
10.03 S 3.2543 14.1531
10.04 S 3.3244 13.6963
10.05 S 3.0585 15.2660
10.06 S 3.2441 15.0997
10.07 S 3.1381 13.9703
10.08 S 3.2819 11.1141
10.09 S 3.1151 12.0168
10.1 S 3.1044 9.1003
10.11 S 3.2764 9.7933
10.12 S 3.2734 10.6562
10.13 S 3.1501 10.2696
10.14 S 3.2175 11.0951
10.15 S 3.0766 11.7881
10.16 S 3.3603 10.8981
10.17 S 3.2202 10.3188
10.18 N 4.0509 9.5409
10.19 N 4.0052 8.3713
10.2 S 3.5833 8.2808
10.21 S 3.7971 9.4565
10.22 S 3.7075 8.4015
10.23 S 3.7450 6.8700
10.24 S 3.3434 9.4435
10.25 S 3.1419 7.4158
10.26 S 3.7717 6.4493
10.27 S 3.3652 6.1963
10.28 S 3.1660 6.6753
10.29 S 3.5577 6.6091
10.3 S 3.4644 6.7288
10.31 S 3.4902 7.3114
10.32 S 3.3468 7.6569
10.33 S 3.5758 8.2102
10.34 S 3.1326 8.0545
10.35 S 3.2304 6.0064
10.36 S 3.3685 6.8205
10.37 S 3.9217 6.4118
10.38 S 3.9519 6.4536
10.39 S 3.3611 8.9135
10.4 S 3.8600 11.0482
10.41 S 3.6628 10.2547
10.42 S 3.5597 8.5557
10.43 S 3.7171 9.0425
10.44 S 3.6853 11.2399
10.45 S 3.3599 11.4595
10.46 S 3.8003 10.6994
10.47 S 3.1692 9.9856
10.48 S 3.4793 9.7778
10.49 S 3.6123 10.6774
10.5 S 3.5329 10.5361
10.51 S 3.5749 9.6230
10.52 S 3.5376 11.0724
10.53 S 3.5301 10.2896
10.54 S 3.3489 10.6242
10.55 S 3.4551 11.0115
10.56 S 3.3664 11.1696
10.57 S 3.8533 11.5468
10.58 S 3.6934 9.8838
10.59 S 3.5923 10.5945
10.6 S 3.9302 9.4873
10.61 N 5.0196 10.6879
10.62 N 5.6501 10.2886
10.63 N 6.2672 8.7122
10.64 N 5.8679 9.1110
10.65 N 6.3988 9.8964
10.66 N 5.9153 9.3702
10.67 N 5.1689 10.3944
10.68 N 5.4254 10.5470
10.69 N 5.2568 10.5974
10.7 N 5.9762 9.8383
10.71 N 6.2582 10.1540
10.72 N 6.0846 7.9871
10.73 N 6.4371 8.1677
10.74 N 6.9424 7.1418
10.75 N 6.8419 7.6916
10.76 N 6.6026 6.8153
10.77 N 6.4681 6.3886
10.78 N 6.7029 6.6603
10.79 N 6.3096 7.0067
10.8 N 6.5369 6.6733
10.81 N 5.9628 6.5360
10.82 N 6.3547 7.1660
10.83 N 5.0895 7.1409
10.84 N 6.6338 5.8219
10.85 N 6.3282 4.5474
10.86 N 6.0055 4.8125
10.87 N 6.6056 6.3076
10.88 N 7.5728 5.8739
10.89 N 6.1702 5.7718
10.9 N 6.6576 5.8709
10.91 N 5.1108 5.8266
10.92 N 5.2129 6.7223
10.93 N 4.2323 6.4707
10.94 S 3.4638 4.8358
10.95 N 4.4607 6.1412
10.96 N 4.7180 6.0267
10.97 N 4.1510 5.4217
10.98 N 5.5937 6.8146
10.99 N 5.4966 7.9584
11 S 3.4216 8.9238
11.01 S 3.7366 9.3132
11.02 N 5.5793 9.6264
11.03 N 5.7387 7.3584
11.04 N 6.3348 8.3378
11.05 N 7.0015 6.2648
11.06 N 6.5307 5.9861
11.07 N 5.8343 7.8936
11.08 N 4.1643 9.0679
11.09 N 4.0149 9.3094
11.1 S 3.0269 10.0748
11.11 S 3.5731 9.3522
11.12 S 3.7902 8.5185
11.13 S 3.4462 9.5362
11.14 S 3.5796 9.0405
11.15 N 4.4825 7.9518
11.16 S 3.7551 8.4410
11.17 S 3.6397 8.2319
11.18 N 4.7731 7.9196
11.19 S 3.2830 7.8463
11.2 S 3.8597 8.0118
11.21 S 3.6993 9.8647
11.22 S 3.7318 9.4838
11.23 S 3.9229 9.9884
11.24 S 3.7868 9.0983
11.25 S 3.6177 9.0952
11.26 S 3.3608 10.1945
11.27 S 3.2671 9.6973
11.28 S 3.0665 10.2619
11.29 S 3.8820 10.0247
11.3 S 3.4728 8.5877
11.31 S 3.7933 9.5163
11.32 S 3.2069 9.5754
11.33 S 3.0718 8.3822
11.34 S 2.9321 7.7477
11.35 S 2.7779 7.8691
11.36 S 3.0694 6.7920
11.37 S 3.0572 6.5256
11.38 S 3.0950 6.6630
11.39 S 2.8677 7.4764
11.4 S 3.1819 8.4205
11.41 S 3.3300 6.9728
11.42 S 3.3888 6.6830
11.43 S 3.1836 8.0522
11.44 S 3.3774 7.0367
11.45 S 3.0757 6.5020
11.46 S 3.1230 5.8575
11.47 S 3.3617 5.2222
11.48 S 3.0786 4.9350
11.49 S 3.0008 6.9304
11.5 S 3.3230 7.0112
11.51 S 3.1739 6.1004
11.52 S 3.2731 7.2353
11.53 S 3.3151 8.0923
11.54 S 3.1645 8.0241
11.55 S 3.0618 9.6717
11.56 S 3.2304 10.2505
11.57 S 3.2512 10.2053
11.58 S 3.2982 8.7138
11.59 S 3.0848 9.7425
11.6 S 3.3800 10.1955
11.61 S 3.2172 10.1655
11.62 S 3.7476 9.8064
11.63 S 3.6220 10.8616
11.64 S 3.6909 10.4852
11.65 S 3.1569 8.4554
11.66 S 3.1180 10.1405
11.67 S 3.4270 10.9948
11.68 S 3.2754 9.6860
11.69 S 3.5134 9.3474
11.7 S 3.3748 10.3562
11.71 S 3.5056 9.4543
11.72 S 3.4668 9.2069
11.73 S 3.4776 8.6728
11.74 S 3.1654 9.9696
11.75 S 3.0234 9.1593
11.76 S 3.0725 10.6140
11.77 S 2.9342 10.5381
11.78 S 3.0799 8.8940
11.79 S 2.9381 8.7638
11.8 S 3.5210 8.3395
11.81 S 2.9213 8.9021
11.82 S 3.3711 10.0623
11.83 S 3.2486 10.1865
11.84 S 3.6271 10.2838
11.85 S 3.6318 9.1428
11.86 S 3.1719 10.6886
11.87 S 3.5903 10.7039
11.88 S 3.1356 11.2061
11.89 S 3.0819 12.0619
11.9 S 3.2083 10.9064
11.91 S 2.9355 10.9389
11.92 S 2.6624 11.2654
11.93 S 2.8166 11.4068
11.94 S 3.1718 12.4208
11.95 S 3.1685 12.0167
11.96 S 3.7335 12.4915
11.97 S 3.4201 11.7738
11.98 S 3.2775 11.7431
11.99 S 3.3912 12.0786
12 S 3.3196 11.9212
12.01 S 3.2411 11.2174
12.02 S 3.3651 10.1618
12.03 S 2.8608 9.9672
12.04 S 3.2499 10.1755
12.05 S 3.4083 9.6165
12.06 S 3.4538 9.8432
12.07 S 3.5955 9.8370
12.08 S 3.3694 11.6498
12.09 S 3.3137 12.8887
12.1 S 3.3340 14.6245
12.11 S 3.4252 12.9445
12.12 S 3.0078 10.4783
12.13 S 3.3914 10.6339
12.14 S 3.0908 10.5562
12.15 S 3.3020 8.9395
12.16 S 3.1550 8.5350
12.17 S 3.2286 8.5355
12.18 S 3.4376 8.9581
12.19 S 3.1086 8.3458
12.2 S 3.2901 9.0309
12.21 S 3.0665 9.2243
12.22 S 3.0524 9.9181
12.23 S 3.4493 8.6125
12.24 S 3.1635 9.0468
12.25 S 2.9672 7.0852
12.26 S 2.9029 8.0670
12.27 S 2.9538 5.6221
12.28 S 3.7957 5.7269
12.29 S 3.1724 7.8255
12.3 S 3.0378 7.5658
12.31 S 3.1341 7.5376
12.32 S 2.6739 7.2433
12.33 S 3.2542 5.8788
12.34 S 3.0360 6.2071
12.35 S 3.0089 5.0131
12.36 S 3.1453 6.4265
12.37 S 3.2235 7.5585
12.38 S 3.2260 6.8689
12.39 S 3.2086 8.2392
12.4 S 3.3838 8.9463
12.41 S 2.9985 8.8444
12.42 S 3.5244 10.5336
12.43 S 3.2374 11.0258
12.44 S 3.1204 8.1569
12.45 S 2.9294 7.3238
12.46 S 3.5646 7.3535
12.47 S 3.3149 7.0755
12.48 S 2.8201 6.4009
12.49 S 3.2579 8.5642
12.5 S 2.9349 9.4442
12.51 S 3.0517 11.4649
12.52 S 3.2312 12.3935
12.53 S 3.1940 10.8850
12.54 S 3.3184 10.5343
12.55 S 3.2059 11.1732
12.56 S 3.0985 12.8617
12.57 S 3.0756 12.5485
12.58 S 3.3387 12.9359
12.59 S 3.2057 13.2901
12.6 S 3.2480 13.7451
12.61 S 3.2912 12.0532
12.62 S 3.6305 13.4463
12.63 S 3.7721 11.2190
12.64 S 3.4668 11.9220
12.65 S 3.9449 13.0045
12.66 N 4.0221 14.8309
12.67 S 3.7974 15.1736
12.68 S 3.6486 15.1020
12.69 S 3.0912 16.1411
12.7 S 3.2679 16.9929
12.71 S 3.5714 16.7829
12.72 S 3.3581 15.5242
12.73 S 3.7283 15.1712
12.74 S 3.8486 15.0157
12.75 S 3.2858 17.3694
12.76 S 3.5614 17.6342
12.77 S 3.5297 16.6676
12.78 S 3.1571 18.0205
12.79 S 3.1673 17.9331
12.8 S 3.1181 17.5504
12.81 S 3.5011 17.4556
12.82 S 3.0372 17.0418
12.83 S 2.8781 17.3336
12.84 S 3.1585 17.6065
12.85 S 3.3616 18.4684
12.86 S 3.4071 18.5754
12.87 S 3.2855 17.1668
12.88 S 3.3226 16.2538
12.89 S 3.3052 15.6986
12.9 S 3.4431 15.9736
12.91 S 3.4870 16.0444
12.92 S 3.2351 17.2187
12.93 S 3.2066 16.7722
12.94 S 3.2428 18.4959
12.95 S 3.1640 16.8783
12.96 S 3.3954 17.3508
12.97 S 3.3733 14.8915
12.98 S 3.7121 13.6391
12.99 S 3.2222 14.3690
13 S 3.2040 13.4684
13.01 S 3.1126 13.5624
13.02 S 3.0925 13.7252
13.03 S 3.0988 12.8220
13.04 S 3.3293 11.7218
13.05 S 3.2445 12.7458
13.06 S 3.0555 12.6115
13.07 S 3.2757 13.5599
13.08 S 3.1076 13.9241
13.09 S 3.3796 15.1514
13.1 S 3.1591 13.9670
13.11 S 3.1506 14.5670
13.12 S 3.9614 14.4694
13.13 S 3.6743 15.6500
13.14 S 3.5749 14.5023
13.15 S 3.1296 15.3653
13.16 S 3.1784 14.1023
13.17 S 3.2235 13.8737
13.18 S 3.2086 14.0295
13.19 S 3.2925 15.0389
13.2 S 3.2624 13.9367
13.21 S 3.4074 15.5357
13.22 S 3.3743 15.1601
13.23 S 3.2434 16.0561
13.24 S 3.0276 16.8394
13.25 S 3.6286 15.5151
13.26 S 3.1915 15.1283
13.27 S 3.3376 14.8891
13.28 S 3.0897 14.9388
13.29 S 3.5511 15.0665
13.3 S 3.3872 13.4265
13.31 S 3.1190 13.6726
13.32 S 3.2622 12.1194
13.33 S 3.2710 11.2443
13.34 S 3.5919 9.7928
13.35 S 3.9794 11.4750
13.36 S 3.3950 10.0627
13.37 S 3.3543 9.3601
13.38 N 4.0417 8.2377
13.39 S 3.5128 8.2750
13.4 S 3.5776 7.1494
13.41 S 3.6664 7.2554
13.42 S 3.0483 7.5231
13.43 S 3.2088 8.1085
13.44 S 2.9540 8.4870
13.45 S 3.1890 9.1517
13.46 S 3.1205 9.2561
13.47 S 3.1054 9.8398
13.48 S 3.3398 8.7422
13.49 S 3.1602 7.6223
13.5 S 3.3138 6.7879
13.51 S 3.4634 11.6031
13.52 S 3.5649 10.2013
13.53 S 3.2257 8.2398
13.54 S 3.8007 9.6324
13.55 N 4.4055 7.8227
13.56 S 3.4757 8.2287
13.57 S 3.8940 7.9778
13.58 S 3.6710 7.9997
13.59 S 3.1442 10.5717
13.6 S 2.9662 11.5015
13.61 S 3.3235 9.9428
13.62 S 3.2206 9.6468
13.63 S 3.7408 8.6604
13.64 N 4.3486 8.3277
13.65 N 5.1143 9.6094
13.66 N 5.7075 9.4360
13.67 N 5.0383 9.8218
13.68 N 5.2949 8.0339
13.69 N 6.7907 10.4840
13.7 N 6.3995 9.4356
13.71 N 6.5523 9.3622
13.72 N 7.0706 8.8350
13.73 N 7.4089 10.4354
13.74 N 9.7715 9.9097
13.75 N 9.8229 8.4820
13.76 N 8.4509 7.6770
13.77 N 8.7632 7.4345
13.78 N 8.6788 6.7784
13.79 N 9.7107 8.9928
13.8 N 8.5328 7.8544
13.81 N 8.8462 9.9545
13.82 N 7.5431 11.9856
13.83 N 6.5628 11.5932
13.84 N 6.8790 11.5398
13.85 N 7.5855 13.1792
13.86 N 7.7357 12.0870
13.87 N 7.2959 10.6854
13.88 N 6.6999 12.5092
13.89 N 6.8624 13.0817
13.9 N 4.4771 13.1667
13.91 S 3.9731 12.5599
13.92 N 4.2403 12.8278
13.93 S 3.8418 11.4546
13.94 S 3.9752 10.4217
13.95 N 4.4763 11.9979
13.96 S 3.7346 11.8930
13.97 S 3.4496 12.4965
13.98 S 3.8428 12.5793
13.99 S 3.2348 13.1101
14 S 3.3645 13.5475
14.01 S 3.5129 11.7359
14.02 S 3.4365 12.5249
14.03 S 3.9013 12.3620
14.04 N 4.5271 12.4848
14.05 S 3.3751 10.2837
14.06 S 3.8557 10.6561
14.07 S 3.7567 11.1134
14.08 S 3.6779 11.5902
14.09 S 3.5108 10.1991
14.1 S 3.6531 10.2204
14.11 S 3.3707 11.0849
14.12 S 3.4866 10.0031
14.13 S 3.3972 9.1113
14.14 S 3.9247 8.8246
14.15 S 3.9923 9.6325
14.16 S 3.9068 8.7541
14.17 S 3.8644 8.2466
14.18 S 3.9533 7.5081
14.19 S 3.6658 9.7926
14.2 N 4.3434 10.7941
14.21 N 4.1111 9.8586
14.22 S 3.6707 10.7245
14.23 N 4.0686 9.5537
14.24 S 3.4707 10.4529
14.25 S 3.9529 8.0956
14.26 S 3.5981 8.2531
14.27 S 3.2963 6.6735
14.28 S 3.2672 7.3941
14.29 S 3.4080 6.1214
14.3 S 3.4365 6.1455
14.31 S 3.2557 4.3601
14.32 S 2.9566 4.5877
14.33 D 3.1116 3.8867
14.34 S 3.5398 4.3637
14.35 D 3.1967 3.3366
14.36 D 3.3144 3.3339
14.37 S 3.0816 4.2723
14.38 D 3.6461 3.1736
14.39 D 3.1651 3.8986
14.4 S 3.5473 5.5187
14.41 S 3.5503 5.1212
14.42 D 3.2812 3.9949
14.43 S 2.9880 4.3772
14.44 D 3.2876 3.7032
14.45 S 3.3453 4.2237
14.46 S 3.1197 6.5413
14.47 S 2.9789 4.2708
14.48 S 3.0338 4.0816
14.49 S 3.4546 4.4507
14.5 D 3.3265 3.9757
14.51 D 3.2928 3.8834
14.52 S 3.0803 4.0495
14.53 S 3.4827 4.2659
14.54 S 3.4119 4.2529
14.55 D 3.4740 3.9261
14.56 S 3.1543 4.4168
14.57 D 3.1874 3.9619
14.58 S 3.2678 4.0570
14.59 S 3.2224 4.0030
14.6 S 3.2029 5.9883
14.61 D 3.0625 3.7332
14.62 S 3.7360 4.5771
14.63 D 3.0535 3.9900
14.64 S 3.1425 4.9042
14.65 S 3.4557 6.9767
14.66 S 3.0738 6.4770
14.67 S 3.7190 6.4010
14.68 S 3.4864 6.0560
14.69 S 3.4961 7.2787
14.7 S 3.5583 7.3595
14.71 S 3.0367 7.7223
14.72 S 3.2239 7.4550
14.73 S 3.3302 8.8560
14.74 S 3.3126 7.2830
14.75 S 3.8094 7.7558
14.76 S 3.4326 9.4871
14.77 S 3.1424 8.7841
14.78 S 3.0811 9.0937
14.79 S 3.2731 9.8581
14.8 S 3.3959 8.1281
14.81 S 3.1956 9.6393
14.82 S 3.3044 9.2169
14.83 S 3.2768 11.9368
14.84 S 3.0892 11.5749
14.85 S 3.4852 11.5234
14.86 S 3.1916 11.0099
14.87 S 3.3837 10.8338
14.88 S 3.3598 10.0489
14.89 S 3.2445 11.0816
14.9 S 3.3905 12.4242
14.91 S 3.7799 11.6896
14.92 S 3.0867 10.9941
14.93 S 3.4185 11.4512
14.94 S 3.3609 12.7034
14.95 S 3.2675 11.5429
14.96 S 3.3210 11.7306
14.97 S 3.0989 13.0129
14.98 S 3.4534 13.3686
14.99 S 3.2562 13.6652
15 S 3.1895 14.0988
15.01 S 3.5608 15.1418
15.02 S 3.4622 14.3830
15.03 S 3.3211 13.2174
15.04 S 3.2674 12.5946
15.05 S 3.2337 14.3464
15.06 S 3.3228 15.4834
15.07 S 3.3009 15.7373
15.08 S 3.4255 14.9235
15.09 S 3.2311 13.5964
15.1 S 3.2422 15.3496
15.11 S 3.9052 15.1673
15.12 S 3.2345 14.1805
15.13 S 3.3348 14.4244
15.14 S 3.3047 13.1432
15.15 S 3.4074 12.8491
15.16 S 3.6198 12.5564
15.17 S 3.6435 11.8611
15.18 S 3.3803 11.6341
15.19 S 3.4478 11.4047
15.2 S 3.3412 11.9586
15.21 S 3.1381 10.2763
15.22 S 3.3605 11.9717
15.23 S 3.1816 11.9337
15.24 S 3.4775 11.2842
15.25 S 3.4170 10.7231
15.26 S 3.3319 10.9668
15.27 S 3.1012 9.8185
15.28 S 3.2867 9.2502
15.29 S 3.0378 9.5917
15.3 S 2.9950 10.4865
15.31 S 3.2716 11.3895
15.32 S 3.5590 9.7665
15.33 S 3.3831 10.2756
15.34 S 2.8387 10.9375
15.35 S 3.4604 10.4773
15.36 S 3.5732 11.2098
15.37 S 3.2828 10.7082
15.38 S 3.2608 10.2126
15.39 S 2.9387 10.6880
15.4 S 2.8855 10.5645
15.41 S 3.2385 8.0723
15.42 S 3.2738 10.3396
15.43 S 2.9375 10.0034
15.44 S 3.0178 10.3955
15.45 S 3.1274 9.4279
15.46 S 2.8981 10.3379
15.47 S 3.6096 10.8346
15.48 S 2.9849 10.9767
15.49 S 3.4722 11.0622
15.5 S 3.5272 12.6178
15.51 S 3.3064 12.5933
15.52 S 3.4426 11.6849
15.53 S 3.5571 11.4473
15.54 S 3.2317 11.4538
15.55 S 3.1454 12.3652
15.56 S 3.3046 12.8554
15.57 S 3.1097 12.4601
15.58 S 3.0771 12.0086
15.59 S 3.3213 11.0841
15.6 S 3.4416 13.4568
15.61 S 3.3768 12.1779
15.62 S 3.3809 11.6926
15.63 S 3.2537 12.3089
15.64 S 3.2004 11.7706
15.65 S 3.2453 11.4284
15.66 S 3.1768 11.6970
15.67 S 3.4227 13.6687
15.68 S 3.1511 13.0061
15.69 S 3.3350 12.3185
15.7 S 3.3329 12.3404
15.71 S 3.4223 13.3447
15.72 S 3.2845 13.0314
15.73 S 3.2322 13.4943
15.74 S 3.2726 15.0898
15.75 S 3.1784 13.6667
15.76 S 3.2572 13.0671
15.77 S 3.4939 13.5526
15.78 S 3.5146 13.5791
15.79 S 3.3827 12.8446
15.8 S 3.1961 12.9376
15.81 S 3.1680 13.8244
15.82 S 3.1540 14.1983
15.83 S 3.0381 14.3988
15.84 S 3.1088 14.1055
15.85 S 3.3845 13.9105
15.86 S 3.3801 13.9789
15.87 S 3.2372 14.6458
15.88 S 3.2668 15.0765
15.89 S 3.3392 13.3028
15.9 S 3.1644 14.5056
15.91 S 3.1252 14.5651
15.92 S 3.2103 15.0146
15.93 S 3.2580 15.2604
15.94 S 3.3892 12.8621
15.95 S 3.3360 12.4777
15.96 S 3.4347 14.4566
15.97 S 3.6857 14.0355
15.98 S 3.7011 14.2930
15.99 S 3.6108 14.0997
16 S 3.3641 12.7113
16.01 S 3.3061 9.8200
16.02 S 3.3970 10.8666
16.03 S 3.0060 9.4900
16.04 S 3.0490 10.2085
16.05 S 2.9823 10.3349
16.06 S 2.8304 10.3388
16.07 S 2.8022 9.8317
16.08 S 3.0568 10.4882
16.09 S 3.0905 10.4315
16.1 S 3.1017 10.3496
16.11 S 3.0118 11.1250
16.12 S 3.4700 12.4004
16.13 S 3.5171 13.4205
16.14 S 2.7526 14.1322
16.15 S 3.4004 12.9616
16.16 S 3.0548 11.3949
16.17 S 3.5525 11.9740
16.18 S 3.1324 13.7595
16.19 S 2.8601 13.5373
16.2 S 3.0433 11.7962
16.21 S 2.9372 12.8864
16.22 S 2.8008 13.7428
16.23 S 3.0090 13.7337
16.24 S 3.4732 13.9782
16.25 S 3.1581 14.8857
16.26 S 3.4244 14.0815
16.27 S 3.2174 13.5077
16.28 S 3.4579 13.3450
16.29 S 3.0843 12.4841
16.3 S 3.3398 13.5983
16.31 S 3.1507 12.8446
16.32 S 3.3578 13.1106
16.33 S 3.2095 13.6183
16.34 S 3.1821 13.0248
16.35 S 3.5796 13.6141
16.36 S 3.4040 12.9506
16.37 S 3.3896 12.7078
16.38 S 3.1402 13.5826
16.39 S 3.3495 9.6083
16.4 S 3.4719 9.1673
16.41 S 3.5932 8.7304
16.42 S 3.2937 8.9177
16.43 S 3.2417 9.9401
16.44 S 3.8729 11.0830
16.45 S 3.3494 11.3476
16.46 S 3.3642 9.1363
16.47 S 3.3375 9.4000
16.48 S 3.3855 11.7569
16.49 S 3.1226 11.0131
16.5 S 3.4204 10.1712
16.51 S 3.0485 11.1652
16.52 S 3.1441 10.6037
16.53 S 3.4506 11.0231
16.54 S 3.4104 10.1270
16.55 S 3.4814 10.1221
16.56 S 3.4320 11.2530
16.57 S 3.2699 12.0809
16.58 S 3.3580 12.3469
16.59 S 3.2160 11.5661
16.6 S 3.2553 11.0938
16.61 S 3.6680 12.1677
16.62 S 3.3779 11.6760
16.63 S 3.1117 9.5564
16.64 S 3.2155 9.5407
16.65 S 3.3676 13.5786
16.66 S 3.2371 13.8955
16.67 S 3.1569 15.6878
16.68 S 3.0863 16.6788
16.69 S 3.5321 17.9634
16.7 S 3.0223 17.6420
16.71 S 3.4036 15.3718
16.72 S 3.3999 13.8704
16.73 S 3.3052 14.2669
16.74 S 3.1678 15.9355
16.75 S 3.0780 15.0722
16.76 S 3.3723 17.2787
16.77 S 3.3617 16.1956
16.78 S 3.1932 16.4186
16.79 S 3.1565 15.8300
16.8 S 3.2020 14.0324
16.81 S 3.1049 14.4835
16.82 S 3.1348 16.4697
16.83 S 3.0855 15.1227
16.84 S 3.0779 16.0964
16.85 S 3.0075 16.7695
16.86 S 3.1682 15.3218
16.87 S 3.0249 16.4588
16.88 S 3.6395 14.8775
16.89 S 3.1588 14.4384
16.9 S 3.1484 15.2414
16.91 S 3.0232 16.0235
16.92 S 3.1889 16.7922
16.93 S 3.0673 17.3251
16.94 S 2.9334 16.5627
16.95 S 3.2609 18.4444
16.96 S 2.9064 17.5934
16.97 S 3.8377 15.7402
16.98 S 3.2176 16.9761
16.99 S 3.2413 16.2510
17 S 3.3815 16.8163
17.01 S 2.9427 18.7992
17.02 S 3.0272 18.5169
17.03 S 2.7570 16.6832
17.04 S 3.5076 17.6204
17.05 S 3.1068 16.9914
17.06 S 2.9813 17.3719
17.07 S 3.1743 15.3036
17.08 S 3.0130 15.0334
17.09 S 3.4024 14.5038
17.1 S 2.9890 14.8752
17.11 S 3.2173 16.5752
17.12 S 2.9536 17.4761
17.13 S 3.0136 17.3127
17.14 S 2.8839 16.5524
17.15 S 3.2031 14.7058
17.16 S 2.9914 15.0795
17.17 S 3.0556 17.4115
17.18 S 3.0268 17.8983
17.19 S 3.0384 17.9402
17.2 S 3.1762 18.0073
17.21 S 3.0417 16.7954
17.22 S 2.9358 15.9151
17.23 S 3.1662 15.0437
17.24 S 3.0300 13.7500
17.25 S 3.0668 13.5297
17.26 S 3.1206 13.3318
17.27 S 3.2052 13.8455
17.28 S 3.2186 14.0844
17.29 S 3.1058 13.6955
17.3 S 3.2542 14.4667
17.31 S 3.0617 15.5606
17.32 S 3.1909 16.0881
17.33 S 3.2806 14.3324
17.34 S 2.6667 13.1488
17.35 S 2.9760 11.9024
17.36 S 3.0701 12.5284
17.37 S 2.8181 13.0573
17.38 S 2.9567 13.8997
17.39 S 3.0508 14.8810
17.4 S 3.0083 14.7426
17.41 S 3.1026 12.1039
17.42 S 3.2387 13.2612
17.43 S 3.4399 12.8763
17.44 S 3.1350 11.2798
17.45 S 3.0922 12.4605
17.46 S 3.2124 12.0741
17.47 S 3.2234 14.5802
17.48 S 3.1420 11.8415
17.49 S 3.0260 10.6474
17.5 S 3.2027 12.0510
17.51 S 3.2069 13.3838
17.52 S 3.4150 15.2764
17.53 S 3.0387 13.7151
17.54 S 2.7998 13.6891
17.55 S 3.3410 13.0167
17.56 S 3.4466 14.2088
17.57 S 3.0955 14.4921
17.58 S 3.1272 12.7378
17.59 S 3.1204 11.0665
17.6 S 3.2480 12.3825
17.61 S 3.5388 12.0478
17.62 S 3.0406 12.1386
17.63 S 3.1129 12.4782
17.64 S 2.9490 12.5018
17.65 S 3.0964 11.9392
17.66 S 3.1361 12.9284
17.67 S 3.2210 10.7520
17.68 S 3.0007 11.5015
17.69 S 3.3290 11.0484
17.7 S 2.8643 11.8112
17.71 S 3.0266 10.3980
17.72 S 2.9257 10.7682
17.73 S 3.3220 10.7077
17.74 S 3.3000 8.6133
17.75 S 3.1156 10.9151
17.76 S 3.2816 10.7053
17.77 S 3.2543 10.3767
17.78 S 2.9427 9.6288
17.79 S 3.2162 8.4156
17.8 S 2.6973 8.0042
17.81 S 2.9138 8.0773
17.82 S 2.9504 8.2787
17.83 S 2.8676 7.5580
17.84 S 3.3598 7.7072
17.85 S 3.0189 6.7224
17.86 S 2.9528 7.9608
17.87 S 3.0978 7.2872
17.88 S 3.2683 8.1915
17.89 S 2.6828 6.5401
17.9 S 2.9718 8.7302
17.91 S 2.8116 8.3939
17.92 S 2.8195 7.8887
17.93 S 2.8201 8.9824
17.94 S 2.8717 10.0432
17.95 S 2.9005 10.6998
17.96 S 2.9442 10.5132
17.97 S 3.0600 9.0185
17.98 S 3.0658 8.9027
17.99 S 3.0956 8.7311
18 S 3.1836 8.6465
18.01 S 3.1544 8.7355
18.02 S 3.2480 9.9212
18.03 S 3.0489 6.3060
18.04 S 2.8391 5.4720
18.05 S 3.0325 6.9017
18.06 S 3.1913 7.0177
18.07 S 3.2177 5.6540
18.08 D 3.3963 3.6704
18.09 D 3.4506 3.6752
18.1 D 3.8301 3.7134
18.11 S 3.2965 4.3667
18.12 S 3.6265 5.2999
18.13 D 3.1898 3.2720
18.14 S 3.5323 4.9655
18.15 S 3.4546 5.5011
18.16 S 3.1830 4.3635
18.17 D 3.5059 3.9545
18.18 S 3.0680 4.6530
18.19 D 3.4556 3.2959
18.2 S 3.7771 4.1231
18.21 D 3.4733 3.3186
18.22 D 3.8461 3.6441
18.23 D 3.5685 3.5776
18.24 D 3.1780 3.3589
18.25 D 3.7076 3.5400
18.26 L 4.7850 3.9888
18.27 D 3.4849 3.0432
18.28 D 3.8537 3.2789
18.29 D 3.4048 3.5142
18.3 D 3.1208 3.2816
18.31 S 3.3401 4.0783
18.32 D 3.2172 3.4396
18.33 D 3.5446 3.4980
18.34 D 3.3598 3.5344
18.35 S 3.4333 5.1388
18.36 D 3.1317 3.3129
18.37 D 3.5948 3.3581
18.38 S 3.3826 5.0906
18.39 S 3.3606 7.4061
18.4 S 3.2603 5.4990
18.41 S 3.3983 5.6356
18.42 S 3.3508 6.7075
18.43 S 3.3534 5.6617
18.44 S 3.3257 5.8717
18.45 S 3.3085 5.8921
18.46 S 3.6210 5.6307
18.47 S 3.1929 6.3229
18.48 S 3.0815 4.8400
18.49 S 2.9541 4.7479
18.5 S 3.2813 4.1856
18.51 S 3.0939 4.1753
18.52 D 3.2219 3.4533
18.53 S 3.0615 4.5340
18.54 S 3.1699 4.1777
18.55 D 3.5222 3.4886
18.56 D 3.1640 3.6075
18.57 D 3.5025 3.3211
18.58 D 3.2939 3.0973
18.59 S 3.2437 4.0659
18.6 D 3.2873 3.8813
18.61 D 3.7185 3.3948
18.62 D 3.2622 3.3714
18.63 D 2.9757 3.2628
18.64 D 3.1151 3.5272
18.65 D 2.9659 3.0507
18.66 D 3.2541 3.5816
18.67 D 2.9851 3.3256
18.68 D 3.2825 3.3396
18.69 S 3.0523 4.3724
18.7 S 2.8402 5.9330
18.71 S 2.8917 6.0672
18.72 S 3.2650 5.4140
18.73 S 2.9542 7.1202
18.74 S 2.9642 7.6303
18.75 S 3.2481 6.2844
18.76 S 3.2154 6.1932
18.77 S 2.8042 6.1049
18.78 S 2.8504 6.7740
18.79 S 2.6917 6.3787
18.8 S 2.7634 6.1399
18.81 S 3.1636 6.3653
18.82 S 3.1902 6.2453
18.83 S 3.2170 6.9268
18.84 S 3.0332 6.2621
18.85 S 3.1128 6.6327
18.86 S 2.8582 5.5733
18.87 S 2.8276 6.1493
18.88 S 2.9179 5.6002
18.89 S 2.9462 6.3903
18.9 S 3.1366 4.7670
18.91 S 2.8410 4.7511
18.92 D 3.1571 3.5514
18.93 S 3.1212 4.0236
18.94 D 3.0312 3.7539
18.95 D 3.0146 3.9734
18.96 D 3.3246 3.9344
18.97 S 3.1755 4.3173
18.98 S 3.1510 4.7099
18.99 S 3.1043 4.7853
19 D 2.9592 3.3389
19.01 D 3.2231 3.8482
19.02 D 3.3194 3.6523
19.03 D 3.3415 3.2686
19.04 D 2.9095 3.5385
19.05 D 3.0691 3.6264
19.06 D 2.9314 3.2216
19.07 D 3.2673 3.2644
19.08 D 3.2805 3.5261
19.09 D 3.0562 3.0367
19.1 D 3.3774 2.6610
19.11 D 3.3971 3.3020
19.12 D 3.1298 3.2409
19.13 D 3.1294 3.3401
19.14 D 3.4481 3.5521
19.15 D 3.5162 2.9019
19.16 D 3.1252 2.9035
19.17 D 3.1815 3.5193
19.18 D 3.0267 3.2313
19.19 S 2.9459 4.1648
19.2 D 3.2234 2.6194
19.21 D 3.1982 2.7959
19.22 D 3.0352 3.2410
19.23 D 3.2938 3.1649
19.24 D 3.1839 2.8637
19.25 D 3.3128 2.9485
19.26 D 3.1588 3.1886
19.27 D 3.4327 3.1699
19.28 D 3.2694 2.8788
19.29 D 3.1859 2.9587
19.3 D 3.2398 3.0173
19.31 D 3.1311 3.1697
19.32 D 3.4444 3.6776
19.33 D 3.2171 3.0108
19.34 D 3.2097 2.9884
19.35 D 3.4136 2.9098
19.36 D 3.1512 3.2774
19.37 D 3.1951 3.1234
19.38 D 3.1700 3.0466
19.39 D 3.2336 2.7851
19.4 D 3.5444 3.0886
19.41 D 3.2166 3.1764
19.42 D 3.2879 2.9176
19.43 D 3.3272 3.2531
19.44 D 3.2613 2.8981
19.45 D 3.3168 3.4376
19.46 D 3.2107 3.0254
19.47 D 3.3111 3.0699
19.48 D 2.9784 3.0232
19.49 D 3.4111 3.6224
19.5 D 3.3984 3.4358
19.51 D 3.1961 3.4709
19.52 D 3.2388 3.4863
19.53 D 3.5142 3.0672
19.54 D 3.3728 3.3227
19.55 D 3.5868 3.4397
19.56 D 3.5803 3.7397
19.57 D 3.2125 3.4653
19.58 D 3.0505 3.6083
19.59 D 3.1746 3.2251
19.6 D 3.4179 3.4819
19.61 D 3.1462 3.3050
19.62 D 3.0508 3.1329
19.63 D 3.4166 3.4947
19.64 D 3.3936 3.2193
19.65 D 2.9157 3.1116
19.66 D 3.2160 3.6180
19.67 D 3.2253 3.2146
19.68 D 3.2857 3.4571
19.69 D 3.0407 2.9436
19.7 D 3.4462 2.9298
19.71 D 3.3228 3.2873
19.72 D 3.3990 3.6016
19.73 D 3.0563 2.8446
19.74 D 3.1667 3.2300
19.75 D 3.4128 3.1509
19.76 D 3.0880 3.1159
19.77 D 3.2295 3.0603
19.78 D 3.6511 3.1693
19.79 D 3.5316 3.2195
19.8 D 3.3940 3.2090
19.81 D 3.2153 3.0204
19.82 D 3.4132 3.2830
19.83 D 3.0812 3.1624
19.84 D 3.2948 3.0856
19.85 D 3.4171 3.3282
19.86 D 3.2802 2.7826
19.87 D 3.1602 3.1230
19.88 D 3.0456 3.0566
19.89 D 3.3320 2.9306
19.9 D 3.1295 3.1412
19.91 D 3.1995 3.3540
19.92 D 3.6624 2.9266
19.93 D 3.3310 2.9739
19.94 D 3.8367 3.6124
19.95 D 3.1281 3.0471
19.96 D 3.2540 3.2976
19.97 D 3.0598 3.4176
19.98 D 3.2958 2.9837
19.99 D 3.1293 2.9899
20 D 3.6642 3.1779
20.01 D 3.0346 3.3159
20.02 D 3.4406 3.3433
20.03 D 3.4431 3.3048
20.04 D 3.8693 3.3240
20.05 D 3.2872 3.3791
20.06 D 3.1083 3.1168
20.07 D 3.3426 2.8499
20.08 D 3.4560 3.5733
20.09 D 3.3557 3.5093
20.1 D 2.9014 3.0886
20.11 D 3.1485 3.5219
20.12 D 3.5799 3.5586
20.13 D 3.2947 3.1124
20.14 D 3.4193 3.4682
20.15 D 3.2685 3.3350
20.16 D 3.3066 3.2732
20.17 D 3.6128 3.5199
20.18 D 3.0064 3.5463
20.19 D 3.2796 3.6747
20.2 D 3.4064 3.4293
20.21 D 3.2848 3.3778
20.22 D 3.1827 3.2582
20.23 D 3.0386 3.4842
20.24 D 3.2316 3.3555
20.25 D 3.1197 3.6234
20.26 D 3.3283 3.4737
20.27 D 3.1348 2.8216
20.28 D 3.2623 3.3986
20.29 D 3.2663 3.4075
20.3 D 3.4604 3.3833
20.31 D 3.3137 3.4532
20.32 D 3.3065 3.2545
20.33 D 3.1228 3.5850
20.34 D 3.5441 3.3009
20.35 D 3.3334 3.5497
20.36 D 3.2528 3.5536
20.37 D 3.3516 3.5045
20.38 D 3.4116 3.5756
20.39 D 3.1174 3.4135
20.4 D 3.0851 3.3797
20.41 D 3.2507 3.6296
20.42 D 3.5275 3.4574
20.43 D 3.2628 3.3766
20.44 D 3.5637 3.3603
20.45 D 3.6571 3.3901
20.46 D 3.1774 3.0740
20.47 D 3.6844 3.2350
20.48 D 3.6021 3.0701
20.49 D 3.3998 3.4633
20.5 D 3.4802 3.4107
20.51 D 3.2950 3.4159
20.52 D 3.5150 3.2736
20.53 D 3.4093 3.0511
20.54 D 3.1356 3.4715
20.55 D 3.2177 3.4999
20.56 D 3.5395 3.1149
20.57 D 3.3692 3.4380
20.58 D 3.1476 3.3393
20.59 D 3.6376 3.7696
20.6 D 3.5751 3.4586
20.61 D 3.2565 3.2378
20.62 D 3.1773 3.5729
20.63 D 3.2003 3.5862
20.64 D 3.0133 3.3045
20.65 D 3.3201 3.5995
20.66 D 3.4708 3.2842
20.67 D 3.3731 3.4536
20.68 D 3.2398 3.4050
20.69 D 3.3941 3.6139
20.7 D 3.3192 3.3380
20.71 D 3.2881 3.5936
20.72 D 3.3159 3.3512
20.73 D 3.0696 3.4962
20.74 D 3.2456 3.4173
20.75 D 3.1333 3.2517
20.76 D 3.1974 3.5881
20.77 D 3.2448 3.4161
20.78 D 3.2469 3.7602
20.79 D 2.8940 3.9858
20.8 D 3.1815 3.3723
20.81 D 3.3353 3.2473
20.82 D 3.1949 3.0669
20.83 D 3.1872 3.1334
20.84 D 3.3601 3.4335
20.85 D 3.1448 3.4975
20.86 D 2.9329 3.4723
20.87 D 2.9703 3.4141
20.88 D 2.9154 3.1885
20.89 D 2.9687 3.3918
20.9 D 2.8600 3.5364
20.91 D 3.0351 3.4227
20.92 D 3.6122 3.4180
20.93 D 3.2302 3.5862
20.94 D 3.4628 3.2020
20.95 D 3.2777 3.2289
20.96 D 3.3008 3.3158
20.97 D 3.3650 3.3736
20.98 D 3.0009 3.4498
20.99 D 3.1305 3.4478
21 D 3.0858 3.3044
21.01 D 3.3407 3.3019
21.02 D 3.2164 3.2238
21.03 D 2.9394 3.2717
21.04 D 3.0830 3.1706
21.05 D 3.2613 3.2447
21.06 D 3.4785 3.4061
21.07 D 3.5878 3.4166
21.08 D 3.5184 3.5758
21.09 D 3.5899 3.3656
21.1 D 3.5666 3.3888
21.11 D 3.2911 3.2822
21.12 D 3.2398 3.4951
21.13 D 2.7229 3.3312
21.14 D 2.9389 3.2343
21.15 D 3.1014 3.3632
21.16 D 3.0478 3.6152
21.17 D 3.4533 3.3818
21.18 D 3.1873 3.4010
21.19 D 3.3259 3.0677
21.2 D 3.1886 3.2787
21.21 D 3.7311 3.0827
21.22 D 3.2605 3.4402
21.23 D 3.0608 3.5559
21.24 D 3.1633 3.3677
21.25 D 3.5948 3.6441
21.26 D 3.5262 3.2196
21.27 D 3.3385 2.9059
21.28 D 3.2581 3.3532
21.29 D 3.7079 3.1419
21.3 D 3.2782 3.2539
21.31 D 3.1258 3.5343
21.32 D 3.3526 3.7223
21.33 D 3.5265 3.1271
21.34 D 3.5871 3.4482
21.35 D 3.2572 3.0952
21.36 D 3.5968 3.5989
21.37 D 3.3843 3.4627
21.38 D 3.5934 3.3262
21.39 D 3.4722 3.3638
21.4 D 3.2722 3.3519
21.41 D 3.3088 3.3423
21.42 D 2.9446 3.8358
21.43 D 3.4350 3.0399
21.44 D 3.7316 2.7807
21.45 D 3.4539 3.1562
21.46 D 3.3643 3.3631
21.47 D 3.7048 3.0702
21.48 D 2.8758 3.1546
21.49 D 3.2257 3.3610
21.5 D 3.0417 3.4380
21.51 D 3.5199 3.2269
21.52 D 3.0525 3.5051
21.53 D 3.3073 3.6033
21.54 D 3.2932 3.4810
21.55 D 3.2694 3.0641
21.56 D 3.3992 3.3453
21.57 D 3.3811 3.3176
21.58 D 2.8651 3.0591
21.59 D 3.2031 3.1276
21.6 D 3.0423 3.7412
21.61 D 3.5840 3.5584
21.62 D 3.2533 3.3919
21.63 D 3.5923 3.2571
21.64 D 3.2271 3.3326
21.65 D 3.4733 3.3872
21.66 D 3.4676 3.5240
21.67 D 3.1408 3.6015
21.68 D 3.2859 2.9889
21.69 D 3.4082 3.2794
21.7 D 3.7348 3.4074
21.71 D 3.5554 3.2098
21.72 D 3.3629 3.3039
21.73 D 3.3049 3.0877
21.74 D 3.3146 3.0665
21.75 D 3.6209 3.3571
21.76 D 3.3107 3.2556
21.77 D 3.1944 3.1706
21.78 D 3.5233 3.4150
21.79 D 3.0338 3.3237
21.8 D 3.5330 3.5546
21.81 D 3.5631 3.3857
21.82 D 3.1925 3.2123
21.83 D 3.3957 3.4764
21.84 D 3.1826 3.2399
21.85 D 3.4859 3.4693
21.86 D 3.0372 3.1382
21.87 D 3.2465 3.3485
21.88 D 3.1620 3.6837
21.89 D 3.2629 3.1424
21.9 D 2.9139 3.3172
21.91 D 3.0286 3.5351
21.92 D 3.1026 3.1764
21.93 D 3.2804 3.4090
21.94 D 3.3236 3.0772
21.95 D 2.9239 3.5165
21.96 D 2.9475 3.2544
21.97 D 3.1200 2.9480
21.98 D 3.3623 3.1157
21.99 D 3.2233 3.3841
22 D 3.1774 3.2566
22.01 D 3.1618 3.2517
22.02 D 3.1380 3.3932
22.03 D 2.9229 3.6073
22.04 D 3.1977 3.4401
22.05 D 3.2672 3.0773
22.06 D 3.0168 2.9955
22.07 D 3.1969 3.6730
22.08 D 3.1843 3.7293
22.09 D 3.1760 3.6604
22.1 D 3.4046 3.3070
22.11 D 3.0240 3.9338
22.12 D 3.3809 3.1898
22.13 D 3.2126 3.5582
22.14 D 3.0491 3.2638
22.15 D 3.0750 3.3818
22.16 D 3.0846 3.5836
22.17 D 3.0264 3.2475
22.18 D 3.2535 3.2122
22.19 D 3.2041 3.2791
22.2 D 3.3633 3.6229
22.21 D 3.2612 3.0851
22.22 D 3.6109 3.5150
22.23 D 3.5721 3.2241
22.24 D 3.2284 3.4476
22.25 D 2.9942 3.4992
22.26 D 3.0966 3.1278
22.27 D 2.9451 3.2471
22.28 D 3.2048 3.3661
22.29 D 3.1056 3.4296
22.3 D 3.2885 3.3070
22.31 D 3.0784 3.3474
22.32 D 3.0123 3.0316
22.33 D 2.9979 3.1767
22.34 D 3.1901 3.1727
22.35 D 3.5307 3.2901
22.36 D 3.1235 3.1177
22.37 D 3.1126 3.6315
22.38 D 3.1351 3.4389
22.39 D 3.3764 3.2718
22.4 D 3.2294 3.5200
22.41 D 3.0168 3.5189
22.42 D 3.1522 3.2078
22.43 D 3.2023 3.2991
22.44 D 3.0419 3.5227
22.45 D 3.2852 3.1671
22.46 D 3.0651 3.6104
22.47 D 3.5282 3.3227
22.48 D 3.3299 3.1679
22.49 D 3.5244 3.3926
22.5 D 3.1605 3.4744
22.51 D 3.4042 3.5715
22.52 D 3.3113 3.4224
22.53 D 3.2883 3.1638
22.54 D 2.9977 3.7933
22.55 D 3.1763 3.5563
22.56 D 3.2890 3.3849
22.57 D 3.3428 3.4912
22.58 D 3.2502 3.2556
22.59 D 3.2887 3.4975
22.6 D 3.1670 3.2382
22.61 D 3.2774 3.5429
22.62 D 3.4282 3.6636
22.63 D 3.1929 3.3489
22.64 D 3.4487 3.3293
22.65 D 3.3421 3.4023
22.66 D 3.3998 3.3171
22.67 D 3.2545 3.3272
22.68 D 3.3484 3.4618
22.69 D 3.5038 3.6751
22.7 D 3.2991 3.3346
22.71 D 3.3093 3.6089
22.72 D 3.4389 3.6028
22.73 D 3.3948 3.3716
22.74 D 2.9910 3.4811
22.75 D 3.1983 3.5812
22.76 D 3.4464 3.3947
22.77 D 3.3470 3.2941
22.78 D 3.2903 3.3166
22.79 D 3.3278 3.3279
22.8 D 3.2992 3.5406
22.81 D 3.0648 3.9507
22.82 D 3.2357 3.3199
22.83 D 3.4239 3.4757
22.84 D 3.1635 3.5149
22.85 D 3.0599 3.6381
22.86 D 3.1130 3.4428
22.87 D 3.1112 2.9942
22.88 D 3.2500 2.9271
22.89 D 3.1571 2.9086
22.9 D 3.1155 2.9366
22.91 D 3.0440 3.0053
22.92 D 3.0109 2.8296
22.93 D 3.1520 3.1230
22.94 D 3.2062 2.9045
22.95 D 3.3006 3.3653
22.96 D 3.1613 3.0285
22.97 D 3.2064 3.4950
22.98 D 3.2257 2.9469
22.99 D 3.1036 2.8870
23 D 3.1494 2.8561
23.01 D 2.7685 3.0238
23.02 D 3.2392 2.8772
23.03 D 3.0315 2.8810
23.04 D 3.1898 3.0564
23.05 D 2.8665 2.8370
23.06 D 2.9778 3.1469
23.07 D 2.8903 2.8510
23.08 D 3.1062 2.8635
23.09 D 2.8358 2.9086
23.1 D 2.8029 3.1767
23.11 D 2.8690 2.8492
23.12 D 2.8618 3.2738
23.13 D 2.8099 3.1411
23.14 D 2.8222 3.0307
23.15 D 2.8955 3.0678
23.16 D 3.1869 3.1900
23.17 D 2.7860 2.8018
23.18 D 3.1485 2.9299
23.19 D 2.7378 3.0403
23.2 D 2.7690 3.1487
23.21 D 3.2288 3.0056
23.22 D 3.0756 3.6112
23.23 D 3.0564 2.7539
23.24 D 2.7830 3.2145
23.25 D 2.7846 3.0528
23.26 D 3.1471 3.1212
23.27 D 3.0617 3.0300
23.28 D 2.9718 2.8627
23.29 D 2.8465 3.3340
23.3 D 3.2239 3.0700
23.31 D 2.8820 2.9363
23.32 D 2.7362 3.1864
23.33 D 2.9144 3.0977
23.34 D 3.5309 2.8918
23.35 D 3.1533 3.2129
23.36 D 2.8006 3.1006
23.37 D 2.8589 2.8598
23.38 D 2.8776 3.0533
23.39 D 2.8871 2.9812
23.4 D 3.0680 3.4441
23.41 D 2.9237 3.1546
23.42 D 2.9784 2.8771
23.43 D 2.9360 3.2833
23.44 D 2.8657 3.1967
23.45 D 2.7748 2.8273
23.46 D 2.9526 2.7374
23.47 D 2.7401 3.1174
23.48 D 3.0477 3.0561
23.49 D 2.7460 2.7607
23.5 D 2.9311 2.9704
23.51 D 2.9792 2.9661
23.52 D 2.8340 2.8531
23.53 D 3.0547 2.8111
23.54 D 2.7817 2.8213
23.55 D 3.0987 2.8462
23.56 D 3.0315 2.9631
23.57 D 3.2156 2.9789
23.58 D 2.7545 2.9162
23.59 D 3.2218 3.0440
23.6 D 2.9496 2.9523
23.61 D 2.7887 2.9699
23.62 D 3.0054 3.1049
23.63 D 2.7327 3.4685
23.64 D 2.9187 3.2209
23.65 D 2.7370 3.3633
23.66 D 3.0606 3.2197
23.67 D 2.7803 3.3773
23.68 D 2.6128 3.4059
23.69 D 2.8803 3.0755
23.7 D 2.7710 3.1151
23.71 D 2.7595 3.2345
23.72 D 2.7636 3.3379
23.73 D 2.9276 3.3273
23.74 D 3.0010 3.1667
23.75 D 2.9431 3.2557
23.76 D 3.4835 3.0802
23.77 D 3.1941 3.7112
23.78 D 3.2370 3.6276
23.79 D 3.0734 3.1713
23.8 D 3.0556 2.9656
23.81 D 2.9877 3.3214
23.82 D 3.1606 2.8950
23.83 D 3.0202 2.9706
23.84 D 2.9566 3.0154
23.85 D 3.3279 3.1535
23.86 D 3.2534 3.3206
23.87 D 3.0506 2.9492
23.88 D 2.9323 3.4173
23.89 D 2.9200 3.3949
23.9 D 2.9315 3.3784
23.91 D 3.0037 3.0610
23.92 D 3.1566 3.2905
23.93 D 2.8864 3.4267
23.94 D 3.1170 3.5474
23.95 D 2.9552 3.2576
23.96 D 3.0267 2.8023
23.97 D 2.8179 3.1707
23.98 D 2.9712 3.2385
23.99 D 3.2196 3.6166
24 D 3.4157 2.8933
24.01 D 2.7598 3.6234
24.02 D 2.9123 3.5700
24.03 D 3.0135 3.1860
24.04 D 3.1654 3.8061
24.05 D 3.2214 3.6608
24.06 D 3.1304 3.2691
24.07 D 3.2915 3.2460
24.08 D 3.2210 3.1705
24.09 D 3.1041 3.2760
24.1 D 3.0327 3.5164
24.11 D 3.2538 3.3687
24.12 D 3.3261 3.3467
24.13 D 3.2790 3.0053
24.14 D 3.0722 3.0526
24.15 D 3.0197 3.3987
24.16 D 2.9571 3.6473
24.17 D 3.1881 3.4146
24.18 D 2.5609 3.1683
24.19 D 3.3463 3.3681
24.2 D 3.0466 3.1363
24.21 D 3.2543 3.3338
24.22 D 3.0687 3.9236
24.23 D 3.1998 2.9574
24.24 D 3.3277 3.3901
24.25 D 3.0749 3.0920
24.26 D 3.2430 3.0152
24.27 D 3.0506 3.2508
24.28 D 3.1119 3.2860
24.29 D 2.9499 3.1432
24.3 D 2.9778 3.2559
24.31 D 3.1962 3.8546
24.32 D 2.8447 3.2898
24.33 D 2.9644 3.4493
24.34 D 2.8654 3.4758
24.35 D 2.9164 3.2078
24.36 D 2.8119 2.8991
24.37 D 2.9031 3.3742
24.38 D 3.0827 3.1100
24.39 D 2.9299 3.0482
24.4 D 2.8803 3.3224
24.41 D 3.0369 3.2509
24.42 D 3.0040 3.0197
24.43 D 2.7781 3.5596
24.44 D 3.1160 3.2307
24.45 D 2.9276 3.7151
24.46 D 2.9809 3.2987
24.47 D 3.0579 3.0241
24.48 D 3.1164 3.0678
24.49 D 3.1396 3.0992
24.5 D 2.9447 2.8876
24.51 D 2.9667 3.6740
24.52 D 3.2275 3.1376
24.53 D 3.0621 3.6700
24.54 D 3.2639 3.0400
24.55 D 3.0481 2.9467
24.56 D 2.9611 3.2118
24.57 D 3.1380 3.0952
24.58 D 2.8761 3.4751
24.59 D 3.0425 3.7560
24.6 D 3.2338 3.3740
24.61 D 3.0216 3.6160
24.62 D 3.2495 3.2869
24.63 D 3.1452 3.6157
24.64 D 3.2983 3.1395
24.65 D 3.1439 3.0591
24.66 D 3.0938 3.1802
24.67 D 2.8823 3.3599
24.68 D 3.1734 3.2473
24.69 D 3.1341 3.0541
24.7 D 3.2875 3.4199
24.71 D 3.1263 3.3597
24.72 D 3.1710 3.2573
24.73 D 3.2332 3.3506
24.74 D 3.1488 3.4683
24.75 D 3.0588 3.1207
24.76 D 2.9052 2.8988
24.77 D 2.6978 2.9180
24.78 D 2.6305 3.4618
24.79 D 2.7993 3.1175
24.8 D 2.8435 2.8256
24.81 D 2.8062 3.1986
24.82 D 2.8625 3.2966
24.83 D 2.6477 3.4872
24.84 D 2.7212 3.3272
24.85 D 2.6809 3.1824
24.86 D 3.1596 3.0743
24.87 D 2.8650 3.1338
24.88 D 2.8289 3.3829
24.89 D 2.8265 2.8169
24.9 D 3.0580 3.2044
24.91 D 3.0884 3.3082
24.92 D 2.8347 3.0000
24.93 D 2.7039 2.9956
24.94 D 3.1394 2.9912
24.95 D 2.9477 3.1768
24.96 D 3.0203 2.9946
24.97 D 2.6296 3.1668
24.98 D 3.0977 3.3002
24.99 D 2.6531 3.0411
25 D 2.6072 3.1618
25.01 D 2.8801 3.0092
25.02 D 3.0566 3.1983
25.03 D 2.8992 3.1500
25.04 D 2.9212 3.1272
25.05 D 3.1485 2.9888
25.06 D 3.2443 2.8960
25.07 D 3.0666 2.9035
25.08 D 2.9831 3.0230
25.09 D 3.0269 3.3033
25.1 D 2.7591 3.3887
25.11 D 3.0754 2.7918
25.12 D 3.0490 3.1411
25.13 D 3.0242 3.0608
25.14 D 3.2334 2.8006
25.15 D 2.9412 3.2698
25.16 D 2.9653 2.9020
25.17 D 3.0249 3.1760
25.18 D 3.1611 3.3976
25.19 D 3.2953 3.0348
25.2 D 2.9424 2.8849
25.21 D 2.8648 3.1049
25.22 D 2.9312 2.9493
25.23 D 2.9920 3.0232
25.24 D 3.0614 3.0701
25.25 D 3.1153 2.8460
25.26 D 3.0018 3.0218
25.27 D 3.1965 3.2556
25.28 D 3.7341 2.9957
25.29 D 3.0267 2.9884
25.3 D 3.1756 3.2520
25.31 D 2.9805 2.9861
25.32 D 2.9443 3.0582
25.33 D 3.3118 2.9477
25.34 D 3.0950 3.0003
25.35 D 3.2586 3.1061
25.36 D 3.0724 2.8668
25.37 D 2.9653 3.0561
25.38 D 3.1874 3.3867
25.39 D 2.9731 3.0539
25.4 D 3.2984 2.7461
25.41 D 3.1670 3.1012
25.42 D 3.0216 2.9889
25.43 D 2.9311 3.1881
25.44 D 3.0239 3.0656
25.45 D 3.4223 3.2358
25.46 D 3.1505 2.9863
25.47 D 3.1107 2.9653
25.48 D 3.3918 3.9344
25.49 D 3.2134 3.0965
25.5 D 3.2262 3.2420
25.51 D 3.0591 3.1262
25.52 D 3.2327 3.1384
25.53 D 3.0888 3.4249
25.54 D 3.2553 3.0354
25.55 D 3.6846 3.1277
25.56 D 3.2769 3.5615
25.57 D 3.3731 2.9614
25.58 D 3.0628 3.4599
25.59 D 3.0398 2.9488
25.6 D 3.2085 3.0757
25.61 D 3.1822 3.1626
25.62 D 3.0434 3.3863
25.63 D 3.5457 3.3912
25.64 D 3.3091 3.2829
25.65 D 3.1506 3.0840
25.66 D 3.1591 3.3641
25.67 D 2.9637 3.3164
25.68 D 3.1986 2.8514
25.69 D 3.1986 3.4613
25.7 D 2.9442 3.3291
25.71 D 2.8570 3.3845
25.72 D 2.8514 3.3983
25.73 D 2.7866 3.3630
25.74 D 2.9934 3.0429
25.75 D 2.8943 3.0345
25.76 D 2.9294 3.3223
25.77 D 3.1393 2.8872
25.78 D 2.8317 2.8666
25.79 D 3.2701 3.1007
25.8 D 2.8473 3.2875
25.81 D 3.0949 3.0883
25.82 D 3.1152 3.2455
25.83 D 3.1252 3.2712
25.84 D 2.7384 3.1654
25.85 D 2.8326 3.2367
25.86 D 2.8103 3.1839
25.87 D 3.0227 3.3194
25.88 D 2.7517 3.3802
25.89 D 2.9259 3.4924
25.9 D 2.9135 3.2768
25.91 D 2.8729 3.4492
25.92 D 3.0772 3.5097
25.93 D 3.0398 3.5396
25.94 D 3.3974 3.7516
25.95 D 3.1757 3.0813
25.96 D 3.3473 3.2825
25.97 D 2.9354 3.3750
25.98 D 3.0749 3.6777
25.99 D 2.9601 3.5698
26 D 3.1525 3.5754
26.01 D 3.3480 3.1725
26.02 D 3.1643 3.4973
26.03 D 3.2392 3.2398
26.04 D 3.0496 3.3529
26.05 D 2.8283 3.1936
26.06 D 3.1477 3.1380
26.07 D 3.2847 3.4409
26.08 D 3.3306 3.2371
26.09 D 3.0923 2.9630
26.1 D 2.9534 3.3039
26.11 D 3.3384 3.2788
26.12 D 3.3067 2.9390
26.13 D 3.0473 2.9089
26.14 D 3.1339 3.2303
26.15 D 2.9856 3.5015
26.16 D 2.8552 3.0825
26.17 D 3.0438 3.1808
26.18 D 3.1032 3.1776
26.19 D 3.1428 3.0089
26.2 D 3.0060 3.0462
26.21 D 2.8688 2.9136
26.22 D 3.0812 3.3921
26.23 D 2.7629 3.2066
26.24 D 3.0628 3.5409
26.25 D 2.6454 3.1267
26.26 D 2.9667 2.9725
26.27 D 3.4662 3.2363
26.28 D 2.9718 3.0535
26.29 D 3.2546 3.0450
26.3 D 2.8504 3.2026
26.31 D 3.2511 2.8686
26.32 D 3.4754 3.3116
26.33 D 3.0734 3.1897
26.34 D 3.0064 3.0230
26.35 D 3.4303 3.2413
26.36 D 3.3580 3.4308
26.37 D 3.1756 2.9070
26.38 D 3.3593 3.2269
26.39 D 3.4609 3.2252
26.4 D 3.4251 3.3519
26.41 D 3.2522 3.1309
26.42 D 3.2627 3.0813
26.43 D 3.3030 2.8968
26.44 D 3.5825 3.2893
26.45 D 3.6405 3.0404
26.46 D 3.2060 3.4004
26.47 D 2.9826 3.8519
26.48 D 3.1403 3.6881
26.49 D 2.9567 3.4708
26.5 D 3.1319 2.8897
26.51 D 2.6932 3.2237
26.52 D 3.0696 2.9972
26.53 D 3.0846 2.9576
26.54 D 3.0118 3.1505
26.55 D 3.0576 2.9818
26.56 D 3.1542 3.4755
26.57 S 2.8446 4.0109
26.58 D 2.9517 3.3857
26.59 D 2.9330 3.7071
26.6 D 3.0996 3.8435
26.61 D 3.2665 3.5348
26.62 D 3.2510 3.8696
26.63 D 2.8263 3.7168
26.64 D 3.1053 3.1664
26.65 D 3.1171 3.6075
26.66 D 3.0969 3.4981
26.67 D 3.1138 3.9324
26.68 D 3.2325 3.2432
26.69 S 3.4890 4.3926
26.7 D 3.0680 3.6914
26.71 S 3.1982 4.4868
26.72 D 3.1881 3.6020
26.73 D 3.1903 3.7937
26.74 D 3.1446 3.4566
26.75 D 3.1900 3.3696
26.76 D 3.1571 3.2867
26.77 D 3.2765 3.3218
26.78 S 3.1594 4.1019
26.79 S 3.2721 4.0144
26.8 D 3.2424 3.7528
26.81 D 3.2126 3.7925
26.82 D 3.0517 3.6079
26.83 D 3.0775 3.3684
26.84 D 3.1975 3.3754
26.85 D 3.0418 3.3651
26.86 D 2.9267 3.8840
26.87 D 3.3007 3.8067
26.88 D 3.2260 3.7337
26.89 D 3.2178 3.5737
26.9 D 3.2045 3.6573
26.91 D 3.3927 3.2191
26.92 S 3.2482 4.0625
26.93 D 3.1123 3.3463
26.94 D 3.3536 3.4655
26.95 D 3.5060 3.3928
26.96 D 3.4279 3.4348
26.97 D 3.1228 3.6434
26.98 D 3.1085 3.2007
26.99 S 3.4620 4.1595
27 D 3.3469 3.6001
27.01 D 3.1253 3.3008
27.02 D 3.6414 3.5236
27.03 D 3.4677 3.8841
27.04 D 3.3544 3.9357
27.05 D 3.2330 3.6626
27.06 D 3.1021 3.1608
27.07 D 3.3966 3.7117
27.08 D 3.0295 3.3157
27.09 D 3.5000 3.8638
27.1 D 3.4487 3.7387
27.11 D 3.2732 3.5760
27.12 D 3.3371 3.3174
27.13 D 3.5555 3.7434
27.14 D 3.1152 3.7017
27.15 D 3.3717 3.3345
27.16 D 3.4032 3.5270
27.17 D 3.4523 3.5915
27.18 D 3.5062 3.3786
27.19 S 3.3105 4.2219
27.2 D 3.3097 3.5715
27.21 D 3.0130 3.3828
27.22 D 3.0699 3.4808
27.23 D 3.1595 3.7006
27.24 D 2.9895 3.2814
27.25 D 3.0533 3.8877
27.26 D 3.7032 3.8557
27.27 D 3.7432 3.3578
27.28 D 3.3441 3.8348
27.29 D 3.4973 3.4317
27.3 D 3.4814 3.6403
27.31 D 3.3508 3.5137
27.32 D 3.3698 3.5746
27.33 D 3.2793 3.4455
27.34 D 2.9981 3.7092
27.35 D 3.2650 3.4891
27.36 D 3.2575 3.9038
27.37 S 3.0238 4.0103
27.38 D 3.1874 3.8292
27.39 D 3.2234 3.3743
27.4 D 2.8611 3.4257
27.41 D 3.3997 3.8066
27.42 D 2.9935 3.5860
27.43 S 3.5799 4.0104
27.44 D 3.1191 3.6400
27.45 D 3.1959 3.8896
27.46 D 3.3417 3.8422
27.47 D 3.2115 3.7297
27.48 D 3.1706 3.4752
27.49 D 3.2347 3.3433
27.5 D 3.4341 3.7749
27.51 D 3.0800 3.5052
27.52 D 2.9432 3.3983
27.53 D 3.1564 3.5648
27.54 D 3.1761 3.7389
27.55 S 3.2614 4.0258
27.56 D 3.3107 3.8879
27.57 D 3.2797 3.7922
27.58 D 3.2612 3.5434
27.59 D 3.1139 3.7382
27.6 D 3.1392 3.9227
27.61 D 2.9091 3.6282
27.62 D 3.0526 3.6796
27.63 D 3.2113 3.8082
27.64 D 3.4055 3.5820
27.65 D 3.3570 3.9026
27.66 D 3.0026 3.6386
27.67 D 3.2671 3.3805
27.68 D 3.2561 3.6679
27.69 D 3.0643 3.6278
27.7 D 3.0258 3.4961
27.71 D 3.2915 3.3922
27.72 D 3.1499 3.7390
27.73 D 3.2354 3.5326
27.74 D 3.0306 3.5324
27.75 D 3.4929 3.6113
27.76 D 3.2036 3.2820
27.77 D 3.2573 3.7642
27.78 D 3.8447 3.2614
27.79 S 3.6682 4.1070
27.8 D 3.9257 3.9829
27.81 D 2.9524 3.5536
27.82 D 3.5601 3.7147
27.83 D 3.1754 3.6178
27.84 D 3.0827 3.8128
27.85 D 3.2182 3.6666
27.86 D 3.1710 3.5251
27.87 D 3.3497 3.4834
27.88 D 2.9867 3.6131
27.89 D 3.1061 3.7894
27.9 D 3.4847 3.6720
27.91 D 3.1917 3.7766
27.92 D 3.4678 3.6748
27.93 D 3.2602 3.5954
27.94 D 3.4051 3.0311
27.95 D 3.1950 3.3083
27.96 D 3.3980 3.5017
27.97 D 3.4390 3.5059
27.98 D 3.1098 3.2456
27.99 D 3.0741 3.4362
28 D 3.5302 3.7702
28.01 D 3.3043 3.9297
28.02 D 3.0926 3.5536
28.03 D 3.3174 3.3499
28.04 D 3.2149 3.7351
28.05 D 3.3552 3.8849
28.06 D 3.1785 3.5886
28.07 D 3.1623 3.2205
28.08 D 3.3203 3.8691
28.09 D 3.4181 3.5641
28.1 S 3.6487 4.1031
28.11 D 3.1214 3.6152
28.12 D 3.2648 3.7340
28.13 D 3.0377 3.6521
28.14 D 3.5602 3.8608
28.15 S 3.1651 4.7237
28.16 D 2.9043 3.5381
28.17 D 3.2593 3.6526
28.18 D 3.0204 3.4647
28.19 D 3.5258 3.8869
28.2 D 3.9211 3.2823
28.21 D 3.4382 3.6374
28.22 D 3.2751 3.7681
28.23 S 3.4808 4.2598
28.24 D 3.1704 3.7537
28.25 D 3.2143 3.7046
28.26 D 3.3433 3.6722
28.27 S 3.5173 4.0325
28.28 S 3.2698 4.4342
28.29 D 3.1465 3.7595
28.3 S 3.5076 4.4199
28.31 S 3.2259 4.7832
28.32 S 3.4930 4.5297
28.33 D 3.4457 3.9774
28.34 D 3.2845 3.5872
28.35 D 3.3624 3.8178
28.36 D 3.1857 3.3019
28.37 D 3.5192 3.4963
28.38 D 3.3667 3.4077
28.39 D 3.1956 3.3060
28.4 D 3.4334 3.2911
28.41 D 3.4509 3.2649
28.42 D 3.4930 3.4755
28.43 D 3.5137 3.8708
28.44 D 3.4277 3.7482
28.45 D 3.5720 3.9096
28.46 D 3.4121 3.5000
28.47 D 3.5473 3.5449
28.48 D 3.4900 3.3148
28.49 D 3.4485 3.6679
28.5 D 3.4373 3.3711
28.51 D 3.7058 3.8037
28.52 D 3.5728 3.7606
28.53 D 3.6074 3.5239
28.54 D 3.6884 3.6774
28.55 D 3.8157 3.3989
28.56 D 3.2747 3.5568
28.57 D 3.4278 3.6226
28.58 D 3.5326 3.4734
28.59 D 3.5645 3.8834
28.6 D 3.3098 3.6000
28.61 D 3.4477 3.7778
28.62 D 3.5324 3.8342
28.63 D 3.0623 3.6536
28.64 D 3.5451 3.8160
28.65 D 3.3977 3.5639
28.66 D 3.5308 3.4618
28.67 D 3.6313 3.8419
28.68 D 3.6405 3.0928
28.69 D 3.1969 3.7949
28.7 D 2.9230 3.6232
28.71 D 3.5691 3.4333
28.72 D 3.2379 3.4631
28.73 D 2.9580 3.1658
28.74 D 3.1775 3.4952
28.75 D 3.2271 3.4601
28.76 D 3.3064 3.4406
28.77 D 3.4013 3.7463
28.78 S 3.7330 4.0246
28.79 D 3.4895 3.9203
28.8 D 3.1347 3.8368
28.81 D 3.2795 3.6313
28.82 D 3.6729 3.5836
28.83 D 3.6616 3.2867
28.84 D 3.6141 3.6801
28.85 D 3.6495 3.4990
28.86 D 3.3295 3.4742
28.87 D 3.7368 3.4438
28.88 D 2.8803 3.1162
28.89 D 3.7385 3.7887
28.9 D 3.5358 3.4864
28.91 D 3.5342 3.5322
28.92 D 3.4558 3.5336
28.93 D 3.4839 3.5170
28.94 D 3.8064 3.4268
28.95 D 3.4024 3.5731
28.96 D 3.4509 3.3692
28.97 D 3.6843 3.4595
28.98 D 3.7102 3.6636
28.99 D 3.4725 3.4245
29 D 3.2928 3.5764
29.01 D 3.7671 3.7603
29.02 D 3.8255 3.6139
29.03 D 3.6105 3.6154
29.04 D 3.5819 3.4767
29.05 D 3.6222 3.3401
29.06 D 3.2518 3.5247
29.07 D 3.8393 3.3559
29.08 D 3.5495 3.3441
29.09 D 3.8134 3.5671
29.1 D 3.2849 3.7737
29.11 D 3.1746 3.1846
29.12 D 3.6527 3.3506
29.13 D 2.8114 3.6217
29.14 D 3.4657 3.3674
29.15 D 3.3671 3.1902
29.16 D 3.7010 3.6535
29.17 D 3.6290 3.5426
29.18 D 3.7033 3.7363
29.19 D 3.7046 3.3258
29.2 D 3.2803 3.7570
29.21 D 3.2853 3.6576
29.22 D 3.7173 3.4737
29.23 D 3.5846 3.5758
29.24 D 3.5209 3.5982
29.25 D 3.6241 3.4805
29.26 D 3.6760 3.4469
29.27 D 3.4373 3.5054
29.28 D 3.7522 3.5079
29.29 D 3.6590 3.2981
29.3 D 3.6252 3.4341
29.31 D 3.6426 3.5348
29.32 D 3.6783 3.9003
29.33 D 3.5118 3.5810
29.34 D 3.6743 3.5242
29.35 D 3.8145 3.6833
29.36 D 3.4477 3.2659
29.37 D 3.3123 3.4507
29.38 D 3.5432 3.6514
29.39 S 3.7329 4.1524
29.4 D 3.3737 3.6609
29.41 D 3.4306 3.4650
29.42 D 3.4842 3.9353
29.43 D 3.6658 3.5612
29.44 D 3.2816 3.3231
29.45 S 3.4348 4.0035
29.46 D 3.4960 3.5906
29.47 D 3.0802 3.4493
29.48 D 3.7355 3.4767
29.49 D 3.3586 3.5595
29.5 L 4.0190 3.4845
29.51 D 3.3260 3.7944
29.52 D 3.3405 3.5662
29.53 D 3.5717 3.3586
29.54 D 3.5194 3.3562
29.55 D 3.4135 3.9172
29.56 D 3.4881 3.4337
29.57 D 3.0941 3.7032
29.58 D 3.7805 3.8764
29.59 D 3.7144 3.8845
29.6 L 4.1236 3.7404
29.61 D 3.4685 3.3965
29.62 D 3.6278 3.3827
29.63 D 3.4595 3.4006
29.64 D 2.9793 3.6951
29.65 D 3.1625 3.8087
29.66 D 3.3467 3.7495
29.67 D 3.7523 3.6353
29.68 D 3.3107 3.8174
29.69 D 3.1740 3.8840
29.7 D 3.3801 3.5862
29.71 D 3.2214 3.6351
29.72 D 3.4982 3.5117
29.73 D 3.8557 3.5911
29.74 D 3.2803 3.9464
29.75 D 3.1847 3.3809
29.76 D 2.9864 3.3006
29.77 D 3.2957 3.5976
29.78 D 3.3120 3.4221
29.79 D 3.2698 3.8496
29.8 D 3.7478 3.1722
29.81 D 3.3087 3.3412
29.82 D 3.5552 3.9111
29.83 D 3.5089 3.7468
29.84 D 3.3305 3.8610
29.85 D 3.4800 3.4770
29.86 D 3.4354 3.4657
29.87 D 3.1108 3.9008
29.88 D 3.3949 3.9426
29.89 D 3.0219 3.4222
29.9 D 3.1195 3.3516
29.91 D 3.3473 3.7852
29.92 D 3.6101 3.5929
29.93 D 3.3556 3.2682
29.94 D 3.4484 3.6160
29.95 D 3.0437 3.5770
29.96 D 3.6497 3.6882
29.97 D 3.2941 3.2883
29.98 D 3.5643 3.2535
29.99 D 3.6807 3.3907
30 D 3.0240 3.5987
30.01 D 2.9661 3.8883
30.02 D 3.2219 3.2735
30.03 D 3.1915 3.2746
30.04 D 3.1080 3.9155
30.05 D 3.4673 3.8660
30.06 D 2.9095 3.8488
30.07 D 3.3456 3.3764
30.08 D 3.3863 3.6593
30.09 D 3.3197 3.4952
30.1 D 3.2820 3.8585
30.11 D 3.4071 3.5605
30.12 D 3.5686 3.9545
30.13 D 2.9587 3.6103
30.14 S 3.1410 4.1831
30.15 S 3.4051 4.1677
30.16 D 3.4465 3.6205
30.17 D 3.0741 3.7323
30.18 S 3.2370 4.1687
30.19 S 3.6377 4.6581
30.2 D 3.4531 3.6686
30.21 D 3.4625 3.5149
30.22 D 3.5066 3.8675
30.23 D 3.1696 3.9501
30.24 D 3.1327 3.6749
30.25 D 3.5588 3.8966
30.26 S 3.5544 4.7259
30.27 D 3.5956 3.2468
30.28 D 3.4997 3.5492
30.29 D 3.4764 3.8661
30.3 D 3.2634 3.5920
30.31 D 3.5466 3.4827
30.32 D 3.0424 3.6130
30.33 D 3.4870 3.4590
30.34 D 3.3156 3.8360
30.35 D 3.4051 3.3620
30.36 D 3.5623 3.4560
30.37 D 3.1773 3.7459
30.38 D 3.3868 3.5833
30.39 S 3.1304 4.0226
30.4 D 3.1885 3.1399
30.41 D 3.0988 3.0485
30.42 D 3.4674 3.6180
30.43 D 3.1656 3.7405
30.44 D 3.3656 3.1685
30.45 D 3.1739 3.5762
30.46 D 3.5255 3.1082
30.47 S 2.9909 4.1347
30.48 D 3.1123 3.4436
30.49 D 3.5299 3.8107
30.5 D 3.3517 3.4641
30.51 D 3.6987 3.6300
30.52 D 3.4000 3.5341
30.53 D 3.1870 3.5652
30.54 D 3.2675 3.5232
30.55 D 3.2501 3.5591
30.56 D 3.3496 3.4390
30.57 D 3.2977 3.2902
30.58 D 3.7652 3.7996
30.59 D 3.4128 3.6710
30.6 D 3.3083 3.7156
30.61 S 3.3618 4.1836
30.62 D 3.3093 3.7485
30.63 D 3.1348 3.3725
30.64 D 3.5357 3.9774
30.65 S 3.3927 5.0422
30.66 S 3.4857 4.1451
30.67 D 3.0961 3.7928
30.68 S 3.5440 6.0848
30.69 S 3.2022 7.1736
30.7 S 3.5492 5.9439
30.71 S 3.2452 6.2360
30.72 S 3.4175 6.3691
30.73 S 3.1321 6.0178
30.74 S 3.4125 6.4365
30.75 S 3.0742 5.4460
30.76 S 3.1497 6.0273
30.77 S 2.9847 6.1985
30.78 S 2.9996 5.5778
30.79 S 3.1817 5.7794
30.8 S 2.9953 6.0911
30.81 S 3.3409 6.3648
30.82 S 3.3213 5.7837
30.83 S 3.1300 5.4950
30.84 S 3.3677 6.2705
30.85 S 3.2936 5.8778
30.86 S 3.2542 5.3122
30.87 S 3.1906 5.5187
30.88 S 3.5286 5.5804
30.89 S 3.3522 5.5492
30.9 S 3.2544 6.2495
30.91 S 3.1696 6.3161
30.92 S 2.9297 5.8716
30.93 S 3.0581 5.8335
30.94 S 2.9649 5.9118
30.95 S 2.9870 6.0222
30.96 S 3.3109 5.8374
30.97 S 3.2576 6.1712
30.98 S 3.1167 6.1253
30.99 S 3.2030 6.8686
31 S 3.1673 7.1093
31.01 S 3.6498 5.5959
31.02 S 3.3511 6.6703
31.03 S 3.6551 6.2855
31.04 S 3.7358 6.4159
31.05 S 3.3187 6.4468
31.06 S 3.1973 6.8032
31.07 S 3.4423 6.6459
31.08 S 3.3418 7.0489
31.09 S 3.3418 6.5968
31.1 S 3.6085 6.4401
31.11 S 3.4435 6.5782
31.12 S 3.2153 4.2383
31.13 S 3.2042 4.8797
31.14 S 3.1048 4.3479
31.15 S 3.3203 4.0541
31.16 S 3.1619 4.6666
31.17 S 3.2704 6.3004
31.18 S 3.2512 4.9505
31.19 S 3.3739 5.9390
31.2 S 3.0544 4.8810
31.21 S 3.0097 4.4929
31.22 S 2.9883 5.9306
31.23 S 3.4712 5.5224
31.24 S 3.1893 4.8894
31.25 S 3.1398 4.2377
31.26 S 3.0314 4.1540
31.27 D 2.8320 3.4560
31.28 S 2.9465 5.0147
31.29 D 3.0973 3.8201
31.3 S 3.0645 4.6341
31.31 S 3.3046 5.1949
31.32 S 3.0229 4.8427
31.33 S 3.0086 4.9880
31.34 S 3.0819 4.2453
31.35 S 3.0586 4.0254
31.36 D 3.4719 3.9825
31.37 S 2.9829 4.8723
31.38 S 3.2497 5.0489
31.39 S 3.0732 4.4100
31.4 S 2.9221 4.2376
31.41 S 3.2295 4.9883
31.42 S 3.3409 4.5614
31.43 S 3.1143 5.2076
31.44 S 3.2775 5.5821
31.45 S 3.1772 4.5137
31.46 D 3.4693 3.6073
31.47 D 3.4278 3.5785
31.48 D 3.2410 3.2751
31.49 S 3.5088 4.0291
31.5 D 3.1385 3.4007
31.51 D 3.2833 3.2581
31.52 D 3.4110 3.8322
31.53 S 3.2943 4.2297
31.54 S 3.6116 4.7164
31.55 S 3.2101 5.9951
31.56 S 3.0893 5.9883
31.57 S 3.3424 5.0248
31.58 S 3.4876 5.5440
31.59 S 3.2722 5.8587
31.6 S 3.1688 4.5273
31.61 S 3.0647 4.4036
31.62 S 3.2443 4.7065
31.63 S 3.2434 4.3010
31.64 S 2.7792 4.7293
31.65 S 2.9111 5.8726
31.66 S 3.1879 4.3918
31.67 S 2.9140 5.1889
31.68 S 2.8362 5.7018
31.69 S 3.1178 5.7402
31.7 S 3.3667 6.5951
31.71 S 3.2003 5.2370
31.72 S 3.3124 4.1934
31.73 S 3.0564 5.9677
31.74 S 3.2885 5.6612
31.75 S 3.3582 5.3548
31.76 D 3.2959 3.9901
31.77 D 3.3142 3.8527
31.78 D 3.3246 3.9435
31.79 D 3.3835 3.4778
31.8 S 3.3496 4.7376
31.81 D 3.3114 3.9756
31.82 D 3.3142 3.5259
31.83 D 3.3719 3.5040
31.84 D 3.2801 3.6012
31.85 D 3.3828 3.5403
31.86 S 3.4611 4.0203
31.87 D 3.1457 3.6482
31.88 D 3.4627 3.3557
31.89 D 3.6273 3.2591
31.9 S 3.2651 4.4552
31.91 S 3.4571 4.1811
31.92 D 3.5064 3.5040
31.93 D 3.3225 3.4250
31.94 S 3.3275 4.4209
31.95 D 3.4661 3.9634
31.96 D 3.6762 3.5257
31.97 D 3.3072 3.6820
31.98 D 3.3079 3.5086
31.99 S 3.4366 4.0570
32 D 3.1381 3.6790
32.01 D 3.0205 3.2960
32.02 D 2.9562 3.9842
32.03 D 3.3395 3.6075
32.04 D 2.9872 3.6855
32.05 D 3.6587 3.8166
32.06 D 3.3324 3.5022
32.07 D 3.4640 3.5887
32.08 D 3.0182 3.4921
32.09 D 3.3668 3.3895
32.1 D 3.2813 3.8150
32.11 D 3.1979 3.4378
32.12 D 2.8935 3.7584
32.13 D 3.5442 3.8256
32.14 D 3.4364 3.2907
32.15 D 3.2549 3.3589
32.16 S 3.2907 4.0698
32.17 D 3.6049 3.8020
32.18 S 3.1230 4.1206
32.19 D 3.2018 3.6381
32.2 D 3.6070 3.4020
32.21 D 3.2845 3.9013
32.22 D 3.4603 3.5650
32.23 D 3.3895 3.5038
32.24 D 3.1608 3.4963
32.25 D 3.5292 3.5854
32.26 D 3.7384 3.6196
32.27 D 3.4792 3.2778
32.28 D 3.1366 3.7155
32.29 D 3.3410 3.5204
32.3 D 3.5893 3.7085
32.31 D 3.3665 3.7640
32.32 D 3.5075 3.6825
32.33 D 3.4493 3.7665
32.34 S 3.3408 4.2359
32.35 S 3.3118 5.0177
32.36 S 3.3742 4.0291
32.37 D 3.2408 3.5079
32.38 D 3.4906 3.7708
32.39 D 3.3508 3.7424
32.4 S 3.2849 5.6112
32.41 S 3.1812 4.2330
32.42 S 3.1083 4.6315
32.43 S 3.5294 4.2414
32.44 D 3.2990 3.6009
32.45 S 3.6068 4.2079
32.46 D 3.7780 3.3867
32.47 D 2.8290 3.8208
32.48 D 3.5090 3.4736
32.49 D 3.1973 3.5663
32.5 D 3.5906 3.9749
32.51 D 3.4694 3.8487
32.52 D 3.5489 3.6127
32.53 D 3.5832 3.7405
32.54 D 3.4124 3.4919
32.55 D 3.6286 3.3135
32.56 D 3.7005 3.6633
32.57 D 3.5572 3.8323
32.58 D 3.4715 3.8114
32.59 D 3.2440 3.2323
32.6 D 3.3646 3.3872
32.61 D 3.3824 3.5747
32.62 D 3.2163 3.3864
32.63 D 3.3947 3.7977
32.64 D 3.4847 3.8616
32.65 D 3.2067 3.3773
32.66 D 3.4498 3.7073
32.67 D 3.4184 3.5190
32.68 S 3.6033 4.1551
32.69 S 3.3982 5.5619
32.7 S 3.4711 4.7776
32.71 S 3.2692 5.1949
32.72 S 3.2476 4.9347
32.73 S 3.3492 6.1738
32.74 S 3.2308 6.7098
32.75 S 3.2155 7.0810
32.76 S 3.2108 7.2560
32.77 S 3.2366 7.0639
32.78 S 3.7188 6.4133
32.79 S 3.2564 7.6848
32.8 S 3.4414 6.7228
32.81 S 3.1847 6.4824
32.82 S 3.2387 6.0988
32.83 S 3.4540 6.8307
32.84 S 3.6179 5.8289
32.85 S 3.5325 5.6511
32.86 S 3.9034 7.2636
32.87 S 3.7608 5.8274
32.88 S 3.4544 6.3767
32.89 S 3.2609 6.0679
32.9 S 3.6121 5.0987
32.91 S 3.2808 4.8608
32.92 S 3.2555 6.2500
32.93 S 3.4900 6.0254
32.94 S 3.4382 6.4275
32.95 S 3.3860 4.7091
32.96 S 3.5966 5.1206
32.97 S 3.3128 4.0189
32.98 D 2.9874 3.9634
32.99 D 3.6009 3.5341
33 D 3.2189 3.1642
33.01 D 3.2667 3.5080
33.02 D 3.1781 3.6863
33.03 D 3.5355 3.8120
33.04 D 3.5936 3.5727
33.05 D 3.5837 3.5253
33.06 D 3.5362 3.3245
33.07 D 3.2925 3.6382
33.08 D 3.3512 3.8582
33.09 D 3.2413 3.3490
33.1 D 3.4157 3.7646
33.11 D 3.5117 3.7177
33.12 D 3.2928 3.7127
33.13 D 3.5229 3.8533
33.14 D 3.5659 3.3627
33.15 D 3.5134 3.5498
33.16 D 3.6473 3.4033
33.17 D 3.2951 3.7439
33.18 S 3.1789 4.3103
33.19 S 3.5021 4.0821
33.2 D 3.6845 3.4431
33.21 D 3.4770 3.2900
33.22 S 3.4066 4.4782
33.23 D 3.5690 3.5946
33.24 D 3.2949 3.3090
33.25 S 3.3205 4.9585
33.26 S 3.1562 6.3765
33.27 S 3.2328 5.5919
33.28 S 3.3700 7.0186
33.29 S 2.9027 6.0776
33.3 S 2.9576 6.9444
33.31 S 3.3254 6.3963
33.32 S 3.5313 6.4212
33.33 S 3.3765 7.3220
33.34 S 2.8169 6.0366
33.35 S 3.0253 6.1616
33.36 S 3.1671 6.5782
33.37 S 3.2845 6.6760
33.38 S 3.2253 6.8716
33.39 S 3.1489 6.9988
33.4 S 3.2478 6.8566
33.41 S 3.3044 6.1882
33.42 S 3.5314 6.9652
33.43 S 3.3663 6.7726
33.44 S 3.1186 6.8832
33.45 S 3.6089 6.2517
33.46 S 3.3274 9.0229
33.47 S 3.5578 7.2686
33.48 S 3.8057 8.3906
33.49 S 3.3426 7.8917
33.5 S 3.5352 7.8804
33.51 S 3.3270 7.8460
33.52 S 3.2791 8.1873
33.53 S 3.1152 8.7055
33.54 S 3.4830 7.4344
33.55 S 3.4613 8.0142
33.56 S 3.6236 8.0251
33.57 S 3.6624 6.8997
33.58 S 3.5058 7.0969
33.59 S 3.4582 7.1927
33.6 S 3.4434 6.6818
33.61 S 3.2301 6.2542
33.62 S 3.3678 5.8971
33.63 S 3.2428 7.5189
33.64 S 3.4396 6.9477
33.65 S 3.2749 6.7164
33.66 S 3.4269 7.3033
33.67 S 3.4283 6.4151
33.68 S 3.1891 6.9606
33.69 S 3.4097 7.8637
33.7 S 3.5608 7.2480
33.71 S 3.0592 6.1644
33.72 S 3.5070 7.0626
33.73 S 3.6565 7.6950
33.74 S 3.3729 7.8147
33.75 S 3.3707 7.6179
33.76 S 3.2170 7.4954
33.77 S 3.5618 8.2819
33.78 S 3.5519 7.2797
33.79 S 3.2196 6.9168
33.8 S 3.9544 6.9708
33.81 S 3.5504 8.8934
33.82 S 3.6943 7.0878
33.83 S 3.5140 6.8060
33.84 S 3.5217 8.2409
33.85 S 3.6538 7.5312
33.86 S 3.2539 7.1418
33.87 S 3.7607 7.5679
33.88 S 3.6625 7.5436
33.89 S 3.5906 7.7121
33.9 S 3.4601 6.4223
33.91 S 3.3388 6.9327
33.92 S 3.2794 7.7868
33.93 S 3.5061 6.4313
33.94 S 3.4495 6.0909
33.95 S 3.2599 6.9510
33.96 S 3.3740 7.1226
33.97 S 3.3871 7.1890
33.98 S 3.4146 7.7055
33.99 S 2.9678 6.8727
34 S 3.3078 7.3307
34.01 S 3.1210 5.5013
34.02 S 3.4090 5.5711
34.03 S 3.7000 4.9256
34.04 S 3.3018 4.7754
34.05 S 3.4818 5.6778
34.06 S 3.2562 4.9395
34.07 S 3.0099 7.7066
34.08 S 3.0405 6.4715
34.09 S 3.3128 7.5921
34.1 S 3.4615 6.6460
34.11 S 3.5043 5.3442
34.12 D 3.2046 3.7493
34.13 S 3.3530 4.6956
34.14 S 3.2560 6.5553
34.15 S 3.2758 4.9956
34.16 S 3.1435 5.5255
34.17 D 3.0721 3.8987
34.18 D 3.3174 3.5174
34.19 D 3.1457 3.6442
34.2 S 2.8849 4.2832
34.21 S 3.2218 4.3047
34.22 S 3.2031 4.4973
34.23 D 3.1535 3.8063
34.24 D 3.3776 3.3857
34.25 D 3.6579 3.4441
34.26 D 2.9830 3.5699
34.27 D 3.2708 3.2417
34.28 D 3.0489 3.3372
34.29 D 3.1450 3.6671
34.3 D 3.1695 3.6504
34.31 D 3.2152 3.8732
34.32 D 2.9463 3.7050
34.33 D 2.8384 3.8128
34.34 D 2.8101 3.5675
34.35 D 3.2433 3.8522
34.36 D 3.2579 3.8883
34.37 D 3.1764 3.9128
34.38 D 3.0807 3.4609
34.39 S 3.3965 4.3988
34.4 D 3.1221 3.6947
34.41 D 3.4856 3.7205
34.42 S 3.2623 4.4078
34.43 D 3.4675 3.9804
34.44 S 3.1494 4.3345
34.45 S 3.4250 5.3169
34.46 S 3.3795 4.0796
34.47 D 3.0114 3.6629
34.48 S 3.2240 4.4064
34.49 S 3.1893 4.0493
34.5 D 3.2959 3.2912
34.51 S 3.2051 4.7313
34.52 D 3.2296 3.9630
34.53 S 3.0512 5.2228
34.54 S 3.0149 6.1717
34.55 S 3.3093 5.5935
34.56 S 3.1551 5.4668
34.57 S 3.2605 4.7848
34.58 S 3.0553 6.9687
34.59 S 3.1230 5.1335
34.6 S 3.6366 4.2349
34.61 S 3.5272 4.1651
34.62 D 3.2564 3.9310
34.63 S 3.2249 4.0582
34.64 D 3.6455 3.6294
34.65 S 3.3959 4.3492
34.66 D 3.2518 3.9423
34.67 D 3.1642 3.6309
34.68 S 3.4940 5.0501
34.69 S 3.3639 4.7730
34.7 D 3.0229 3.8663
34.71 S 3.4049 4.0422
34.72 D 3.3025 3.5496
34.73 D 3.3007 3.7935
34.74 D 3.2273 3.5782
34.75 S 3.4553 4.0531
34.76 S 3.3266 4.5467
34.77 S 3.5417 4.1760
34.78 D 3.4380 3.7138
34.79 S 3.3624 4.0806
34.8 D 3.2580 3.6832
34.81 D 3.3228 3.2266
34.82 D 3.0992 3.6242
34.83 D 3.1701 3.5532
34.84 S 3.3480 4.0761
34.85 S 3.2833 4.7834
34.86 S 3.0573 5.1871
34.87 S 3.2176 4.7149
34.88 D 3.1546 3.9853
34.89 S 3.0271 4.4127
34.9 S 3.2789 4.2509
34.91 D 3.0988 3.8111
34.92 D 3.0836 3.5848
34.93 D 3.5291 3.4374
34.94 S 3.2582 4.0994
34.95 S 3.3204 4.3416
34.96 S 3.3383 4.8025
34.97 S 3.1855 5.2122
34.98 S 3.4319 6.8118
34.99 S 3.1082 7.1657
35 S 3.4904 6.1051
35.01 S 3.4746 6.0996
35.02 S 3.2229 5.9802
35.03 S 3.6613 6.1941
35.04 S 3.3107 6.4998
35.05 S 3.3762 6.2714
35.06 S 3.1822 7.3392
35.07 S 3.2355 5.7086
35.08 S 3.3399 5.8241
35.09 S 3.3807 5.4001
35.1 S 3.0704 4.7994
35.11 S 3.2948 4.7453
35.12 S 2.8916 5.3240
35.13 S 3.4004 4.6800
35.14 S 3.3058 4.8884
35.15 S 3.3782 4.3391
35.16 D 3.6630 3.1168
35.17 D 3.5943 3.3965
35.18 D 3.6318 3.2780
35.19 D 3.2927 3.0758
35.2 D 3.7197 2.9417
35.21 D 3.3593 2.7172
35.22 D 3.1289 2.9604
35.23 D 3.2621 3.0476
35.24 D 3.5549 3.0414
35.25 D 3.4592 2.8328
35.26 D 3.2468 2.9627
35.27 D 3.2828 2.6951
35.28 D 3.5442 2.8526
35.29 D 3.7323 3.0110
35.3 D 3.1295 2.9535
35.31 D 3.3811 3.2374
35.32 D 3.2035 3.7781
35.33 D 3.0383 3.6057
35.34 D 3.0878 3.6018
35.35 D 3.2182 3.4675
35.36 D 3.2164 3.7833
35.37 D 3.4074 3.5836
35.38 D 3.4005 3.7710
35.39 D 3.1892 3.4300
35.4 D 3.3377 3.6849
35.41 D 3.6970 3.5655
35.42 D 3.3740 3.5063
35.43 D 3.3217 3.5841
35.44 D 3.1736 3.4080
35.45 D 3.4230 3.6204
35.46 S 3.1435 4.0808
35.47 D 3.3361 3.9406
35.48 D 3.1908 3.9193
35.49 S 3.3054 4.8176
35.5 D 3.0942 3.5554
35.51 D 3.0956 3.6657
35.52 S 3.2311 4.0066
35.53 S 3.2209 4.0875
35.54 D 3.2996 3.9597
35.55 D 3.1868 3.6613
35.56 D 3.4776 3.4626
35.57 D 3.1388 3.4279
35.58 D 3.0673 3.5405
35.59 D 3.2634 3.2506
35.6 D 3.3444 3.9947
35.61 D 3.1938 3.4723
35.62 S 3.2116 4.4844
35.63 S 3.3142 4.5790
35.64 S 3.5818 5.5198
35.65 D 3.1834 3.2781
35.66 D 3.5472 3.5397
35.67 D 2.8855 3.8109
35.68 D 3.1705 3.2472
35.69 S 3.0013 4.2874
35.7 D 3.3097 3.3922
35.71 S 2.9517 4.1690
35.72 S 3.1008 4.0597
35.73 S 3.2640 5.1299
35.74 S 3.4511 6.3596
35.75 S 3.4244 5.9965
35.76 S 2.9924 7.0270
35.77 S 3.2188 7.8065
35.78 S 3.0660 5.7798
35.79 S 3.4118 7.1968
35.8 S 3.4655 8.9214
35.81 S 3.3879 7.4156
35.82 S 3.3273 8.5724
35.83 S 2.9196 8.3260
35.84 S 3.1535 7.5128
35.85 S 3.2428 7.2928
35.86 S 3.2136 6.8672
35.87 S 3.2132 6.0846
35.88 S 3.1152 6.2876
35.89 S 3.4784 5.9963
35.9 S 3.3451 6.5405
35.91 S 3.0078 7.0080
35.92 S 2.9551 7.3509
35.93 S 3.1074 8.6946
35.94 S 2.9351 8.6411
35.95 S 3.3013 8.4542
35.96 S 2.8337 8.4871
35.97 S 3.2783 9.3006
35.98 S 3.3966 8.0287
35.99 S 3.4046 7.7921
36 S 2.9191 8.5636
36.01 S 3.2241 8.4843
36.02 S 3.3658 8.6900
36.03 S 3.2238 9.7735
36.04 S 3.3746 9.1940
36.05 S 3.1392 10.6270
36.06 S 3.6297 9.5511
36.07 S 3.1079 9.7485
36.08 S 3.2428 7.8092
36.09 S 3.2277 8.2330
36.1 S 2.9795 6.9353
36.11 S 3.2063 7.8327
36.12 S 3.0397 9.1320
36.13 S 3.1510 10.1525
36.14 S 3.1217 10.8894
36.15 S 3.0578 11.3797
36.16 S 3.1200 11.1175
36.17 S 3.1016 8.3234
36.18 S 3.5629 8.8276
36.19 S 2.9770 8.1208
36.2 S 3.0758 9.3798
36.21 S 3.1940 9.9992
36.22 S 3.0647 11.1810
36.23 S 3.2205 12.3868
36.24 S 3.0494 12.4436
36.25 S 3.0832 13.6405
36.26 S 2.8655 13.3306
36.27 S 3.2302 12.0388
36.28 S 3.2796 10.9590
36.29 S 3.1324 11.8368
36.3 S 3.2380 11.4718
36.31 S 3.5443 11.3786
36.32 S 3.5286 11.3895
36.33 S 3.2523 11.7329
36.34 S 3.2026 12.4006
36.35 S 3.3263 11.9009
36.36 S 2.9897 10.8767
36.37 S 3.2923 10.2519
36.38 S 3.5349 11.1179
36.39 S 3.1803 9.9010
36.4 S 3.4582 10.1564
36.41 S 3.1685 9.1646
36.42 S 3.4576 9.2773
36.43 S 3.0742 9.4840
36.44 S 3.5528 10.7809
36.45 S 3.4137 10.8409
36.46 S 3.3341 10.8734
36.47 S 3.1680 11.1237
36.48 S 3.5575 11.0630
36.49 S 3.3693 10.4163
36.5 S 2.9910 10.3796
36.51 S 3.0683 12.2668
36.52 S 3.2933 12.3657
36.53 S 3.2960 13.7411
36.54 S 3.3422 12.3814
36.55 S 3.1396 13.0504
36.56 S 3.3846 13.9616
36.57 S 3.3835 13.5994
36.58 S 3.0726 12.6039
36.59 S 3.3823 13.7833
36.6 S 3.3824 13.6740
36.61 S 3.6479 13.0393
36.62 S 2.9255 13.3455
36.63 S 2.8825 13.5406
36.64 S 3.0254 13.8577
36.65 S 3.2532 13.5046
36.66 S 3.3879 13.3265
36.67 S 3.2967 11.1280
36.68 S 3.2512 13.8645
36.69 S 3.3205 11.5383
36.7 S 3.1858 12.1751
36.71 S 3.0972 12.1858
36.72 S 3.2482 10.0354
36.73 S 3.3575 12.0979
36.74 S 3.6847 11.2509
36.75 S 3.2885 11.7974
36.76 S 3.3927 11.5255
36.77 S 3.2635 10.7784
36.78 S 3.2454 12.8559
36.79 S 2.9808 11.5059
36.8 S 3.3606 10.2558
36.81 S 3.1669 10.8774
36.82 S 3.1509 9.5289
36.83 S 3.2099 9.0616
36.84 S 3.4469 10.8977
36.85 S 3.1521 10.4607
36.86 S 2.9843 10.6400
36.87 S 3.3374 11.7715
36.88 S 3.1868 11.5688
36.89 S 3.0961 10.6792
36.9 S 3.1494 10.4368
36.91 S 3.4192 10.3099
36.92 S 3.2336 10.3730
36.93 S 3.2557 10.0866
36.94 S 3.2927 10.3307
36.95 S 2.9273 10.4328
36.96 S 3.4683 10.7116
36.97 S 3.3341 10.8465
36.98 S 3.0668 11.5675
36.99 S 3.2183 10.7924
37 S 3.2233 11.0574
37.01 S 3.2709 11.1487
37.02 S 3.3314 10.5665
37.03 S 3.4568 8.6692
37.04 S 2.8598 7.7946
37.05 S 2.8517 8.2441
37.06 S 3.2539 7.7180
37.07 S 3.4601 9.3857
37.08 S 3.1793 9.9205
37.09 S 3.4080 8.0686
37.1 S 3.1347 8.4909
37.11 S 3.4691 8.1134
37.12 S 3.4485 7.8860
37.13 S 3.6382 7.8152
37.14 S 3.3224 7.8705
37.15 S 3.4890 8.6746
37.16 S 3.1201 7.2987
37.17 S 3.3986 8.5739
37.18 S 3.3625 8.1802
37.19 S 3.4689 7.8151
37.2 S 3.4779 8.3330
37.21 S 3.0265 8.0508
37.22 S 3.2537 8.8417
37.23 S 3.2215 9.0627
37.24 S 3.3886 8.1034
37.25 S 3.1185 8.4128
37.26 S 2.9701 8.6062
37.27 S 2.9829 8.7253
37.28 S 3.4206 8.5707
37.29 S 3.4328 7.7560
37.3 S 3.3579 7.7455
37.31 S 3.2550 7.5161
37.32 S 3.2633 7.4588
37.33 S 3.2523 6.9474
37.34 S 3.3948 6.4849
37.35 S 3.3241 7.2833
37.36 S 3.1839 6.7857
37.37 S 3.1597 7.5752
37.38 S 3.1672 7.1169
37.39 S 3.1121 5.9465
37.4 S 3.1605 6.0618
37.41 S 3.2266 6.0953
37.42 S 3.3042 6.2091
37.43 S 3.8425 5.6232
37.44 S 3.2888 5.4925
37.45 S 3.3817 5.5174
37.46 S 3.6895 6.2962
37.47 S 3.0822 6.7690
37.48 S 3.5972 6.3081
37.49 S 3.1983 8.8540
37.5 S 3.4455 6.4921
37.51 S 3.4658 8.3107
37.52 S 3.2611 9.4252
37.53 S 3.2198 9.4776
37.54 S 3.4804 10.1465
37.55 S 3.4429 10.1869
37.56 S 3.2719 9.9182
37.57 S 3.5422 9.7732
37.58 S 3.4748 11.4625
37.59 S 3.6935 12.5058
37.6 S 3.6473 11.7815
37.61 S 3.4505 10.9227
37.62 S 3.8002 11.5457
37.63 S 3.0904 11.3742
37.64 S 3.6776 12.0731
37.65 S 3.4954 12.8085
37.66 S 3.6632 12.1591
37.67 S 3.2032 10.6728
37.68 S 3.4193 10.9654
37.69 S 3.3266 10.3826
37.7 S 3.3666 10.5750
37.71 S 3.3554 10.2702
37.72 S 3.3152 12.2094
37.73 S 3.5393 12.6218
37.74 S 3.5145 12.5861
37.75 S 3.6541 12.7528
37.76 S 3.3119 13.0242
37.77 S 3.2744 13.9804
37.78 S 3.3837 12.2115
37.79 S 3.0752 13.0243
37.8 S 3.2409 11.9201
37.81 S 3.3241 14.2632
37.82 S 3.4532 13.6373
37.83 S 3.2555 13.6848
37.84 S 3.1339 12.3960
37.85 S 3.5763 12.7169
37.86 S 3.2956 12.6360
37.87 S 3.4835 11.2444
37.88 S 3.3859 13.2876
37.89 S 3.3770 12.1646
37.9 S 3.2008 12.3451
37.91 S 3.0961 12.9331
37.92 S 3.0961 12.7870
37.93 S 3.3609 13.4055
37.94 S 3.4136 12.9830
37.95 S 3.2220 13.7071
37.96 S 3.2882 13.3818
37.97 S 3.4163 14.5182
37.98 S 3.3037 12.4914
37.99 S 3.6353 12.8959
38 S 3.3926 12.9771
38.01 S 3.4559 12.1220
38.02 S 3.6916 12.1481
38.03 S 3.3526 12.0293
38.04 S 3.1099 12.4814
38.05 S 3.3626 11.6457
38.06 S 3.1312 11.1765
38.07 S 3.2686 11.5426
38.08 S 3.4875 12.2352
38.09 S 3.2262 12.2665
38.1 S 3.7860 12.9299
38.11 S 3.5540 11.3003
38.12 S 3.1943 11.4466
38.13 S 3.1285 10.6080
38.14 S 3.3743 10.8249
38.15 S 3.0821 10.9825
38.16 S 3.4109 12.2869
38.17 S 3.4609 11.7648
38.18 S 3.4038 12.6925
38.19 N 4.1633 12.0473
38.2 N 4.2912 12.0001
38.21 S 3.7401 11.4029
38.22 S 3.5556 10.2758
38.23 S 3.6965 11.2739
38.24 S 3.8294 11.5357
38.25 S 3.5226 11.3514
38.26 S 3.9791 12.9483
38.27 S 3.8095 13.3212
38.28 N 4.3289 13.5916
38.29 S 3.4224 13.5633
38.3 N 4.0200 14.4774
38.31 N 4.4179 15.0674
38.32 S 3.7048 13.6644
38.33 S 3.8409 12.5089
38.34 S 3.8573 13.8212
38.35 S 3.5299 14.0970
38.36 N 6.4878 14.7049
38.37 N 6.5424 11.0647
38.38 N 7.1702 12.0572
38.39 S 3.7727 11.0777
38.4 S 3.9210 10.3943
38.41 N 4.1161 9.0541
38.42 S 3.9957 8.4379
38.43 N 4.5103 8.2772
38.44 N 5.3879 10.8956
38.45 N 5.5406 10.5148
38.46 N 6.0664 11.1115
38.47 N 6.2239 10.2870
38.48 N 5.9579 11.7293
38.49 N 6.3966 11.3911
38.5 N 5.8252 12.8641
38.51 N 6.3005 12.9361
38.52 N 7.2591 12.9963
38.53 N 7.7696 15.0871
38.54 N 8.6222 14.4927
38.55 N 8.8774 16.6325
38.56 N 7.8212 16.3434
38.57 N 8.9830 15.2166
38.58 N 8.9416 13.8737
38.59 N 9.3777 13.0745
38.6 N 7.1085 12.8241
38.61 N 8.1104 10.3917
38.62 N 7.9559 10.5718
38.63 N 5.8032 10.9607
38.64 N 6.5217 11.5935
38.65 N 6.3133 10.4389
38.66 S 3.4983 10.4787
38.67 N 4.4987 9.7504
38.68 N 4.0479 10.6199
38.69 S 3.9654 9.0304
38.7 N 5.9464 7.2315
38.71 N 6.6514 7.5674
38.72 N 7.1036 8.1259
38.73 N 9.6180 6.2571
38.74 N 9.2773 7.3193
38.75 N 9.1767 6.6308
38.76 N 9.3637 7.7316
38.77 N 10.5083 7.8225
38.78 N 10.5389 6.4037
38.79 N 10.9299 6.3502
38.8 N 11.5121 5.9009
38.81 N 9.4763 6.4714
38.82 N 10.6963 6.5234
38.83 N 8.4115 7.2077
38.84 N 8.3768 6.9296
38.85 N 8.7205 5.9472
38.86 N 9.2404 4.4028
38.87 N 9.5314 4.0196
38.88 N 8.7661 4.4860
38.89 L 9.4369 3.6701
38.9 L 7.3562 3.6840
38.91 L 10.3135 3.3988
38.92 L 10.9027 3.8569
38.93 N 11.5466 4.3899
38.94 N 12.1562 4.2491
38.95 N 10.1972 4.3373
38.96 L 9.5950 3.3938
38.97 N 10.6941 4.0042
38.98 L 10.7537 3.2377
38.99 L 9.0003 3.2985
39 L 9.6886 3.3964
39.01 L 9.7452 3.8193
39.02 L 9.2648 3.2466
39.03 L 10.0460 2.7002
39.04 L 10.0377 3.1668
39.05 L 10.2384 3.9458
39.06 L 10.4181 3.0806
39.07 L 10.9235 3.5216
39.08 L 10.1546 3.1541
39.09 L 8.9271 3.4332
39.1 N 7.4027 4.5823
39.11 N 6.9107 4.8345
39.12 N 6.7495 6.3362
39.13 N 6.9813 8.1091
39.14 N 10.0027 6.0606
39.15 N 9.5117 4.2174
39.16 N 10.0962 4.2212
39.17 N 10.1242 4.7685
39.18 N 9.4982 5.6451
39.19 L 10.0761 3.9543
39.2 L 10.3153 3.5586
39.21 L 9.6524 3.4530
39.22 L 9.3054 3.0282
39.23 L 10.4885 3.2201
39.24 N 10.9109 4.1524
39.25 L 9.1423 3.8298
39.26 L 9.7397 3.2318
39.27 L 10.8968 3.5538
39.28 L 10.4058 3.5016
39.29 L 10.7769 3.2707
39.3 L 10.3841 3.3728
39.31 N 9.3615 4.0978
39.32 N 9.4359 5.3640
39.33 L 9.6719 3.5292
39.34 N 8.7346 4.8369
39.35 N 8.2624 5.0011
39.36 L 6.3215 3.7709
39.37 L 6.8909 3.6629
39.38 L 5.9543 3.3600
39.39 L 5.6761 3.2734
39.4 L 6.4634 3.2908
39.41 L 6.0303 3.2781
39.42 L 6.0663 3.6255
39.43 L 7.0644 3.4865
39.44 L 4.2946 3.3795
39.45 L 4.3505 3.6380
39.46 L 6.1726 2.9673
39.47 L 5.6460 3.3740
39.48 L 6.0857 3.3605
39.49 L 4.1091 3.9480
39.5 L 4.4631 3.3147
39.51 L 4.1394 3.4430
39.52 L 4.1277 3.4547
39.53 D 3.7339 2.7695
39.54 L 4.1776 2.5908
39.55 D 3.6458 3.5934
39.56 L 4.3026 2.6653
39.57 L 5.9341 3.4161
39.58 L 5.8376 3.4575
39.59 L 8.0715 3.5569
39.6 L 8.0077 3.5605
39.61 L 6.6328 3.7026
39.62 L 6.4467 3.4792
39.63 L 7.2537 3.3163
39.64 L 8.1189 3.8169
39.65 L 7.9481 3.6559
39.66 L 6.5200 3.7188
39.67 L 5.4256 3.7666
39.68 L 7.7430 3.2975
39.69 L 8.4112 3.5993
39.7 L 6.8741 3.9820
39.71 L 7.3347 3.2052
39.72 L 5.5095 3.8105
39.73 L 5.5327 3.2825
39.74 L 5.5288 3.9823
39.75 L 5.8144 3.9073
39.76 L 5.9047 3.6629
39.77 L 6.0466 3.5013
39.78 N 5.6338 4.1481
39.79 L 5.4327 3.7779
39.8 L 5.2810 3.6665
39.81 L 5.3613 3.4026
39.82 N 4.0903 5.7201
39.83 N 4.0015 4.4372
39.84 N 5.8555 6.5574
39.85 N 7.1776 5.3743
39.86 N 7.8312 4.2398
39.87 N 7.0198 4.3419
39.88 N 6.0862 4.6349
39.89 N 6.1077 5.8956
39.9 N 6.7834 6.2591
39.91 N 7.5607 4.9957
39.92 N 6.6182 6.5144
39.93 N 7.3123 7.3390
39.94 N 5.9790 5.3709
39.95 N 4.5770 6.7795
39.96 S 3.7344 7.1991
39.97 N 6.2095 6.7929
39.98 S 3.5948 6.8208
39.99 S 3.5030 5.8511
40 S 3.8780 5.1961
40.01 S 3.6338 5.5244
40.02 S 3.7228 7.4834
40.03 S 3.4662 7.0909
40.04 S 3.5548 5.7443
40.05 D 3.6605 3.7158
40.06 D 3.8091 3.5805
40.07 D 3.7122 3.5255
40.08 D 3.6856 3.8351
40.09 S 3.6488 5.3702
40.1 S 3.9192 6.1035
40.11 S 3.3036 6.9995
40.12 S 3.3223 7.5787
40.13 S 3.4883 6.9355
40.14 S 3.0628 6.8864
40.15 S 3.4557 7.4910
40.16 S 3.3190 8.0887
40.17 S 3.2847 6.5633
40.18 S 3.1902 7.0266
40.19 S 3.4944 6.3868
40.2 S 3.4986 6.4200
40.21 S 3.3028 6.2435
40.22 S 3.6487 7.3037
40.23 S 3.1593 8.3400
40.24 S 3.1036 6.8628
40.25 S 3.5644 6.3992
40.26 S 3.4272 6.2963
40.27 S 3.5212 7.4448
40.28 S 3.1709 7.2468
40.29 S 3.3804 7.4438
40.3 S 3.2045 6.1018
40.31 S 3.3146 7.3656
40.32 S 3.1756 7.6580
40.33 S 3.6968 5.8311
40.34 S 3.2027 6.0818
40.35 S 3.3626 6.6191
40.36 S 3.3085 7.0223
40.37 S 3.2941 7.4941
40.38 S 3.6183 7.1524
40.39 S 3.3536 7.3651
40.4 S 3.3128 9.0593
40.41 S 3.2366 8.0831
40.42 S 3.5292 8.8861
40.43 S 3.1703 8.6184
40.44 S 3.5482 9.3150
40.45 S 3.0627 8.3158
40.46 S 3.1557 9.9852
40.47 S 3.2735 9.1823
40.48 S 3.1365 8.8258
40.49 S 2.9897 9.2142
40.5 S 3.4922 9.0064
40.51 S 3.5287 7.9531
40.52 S 3.2754 7.0591
40.53 S 3.9974 9.2568
40.54 S 3.7684 8.9336
40.55 S 3.2432 7.9921
40.56 S 3.3089 9.2808
40.57 S 3.3909 9.8778
40.58 S 3.6082 10.5275
40.59 S 3.8262 8.7695
40.6 S 3.0702 10.8809
40.61 S 3.1320 12.7038
40.62 S 3.7503 12.3826
40.63 N 4.5478 12.6324
40.64 S 3.7376 14.2181
40.65 N 5.8861 11.9249
40.66 N 7.4607 9.3110
40.67 N 7.0335 9.9424
40.68 N 6.4670 9.8585
40.69 N 8.0479 10.3377
40.7 N 8.8757 10.7428
40.71 N 9.7400 10.4863
40.72 N 11.2528 13.0954
40.73 N 10.8194 12.2585
40.74 N 10.9216 10.7630
40.75 N 10.5414 11.4298
40.76 N 8.8579 11.3026
40.77 N 10.5035 12.2671
40.78 N 10.0168 12.2923
40.79 N 10.4311 12.8402
40.8 N 9.2907 11.2313
40.81 N 10.1645 10.8107
40.82 N 10.1050 9.3466
40.83 N 10.6570 9.7974
40.84 N 9.6165 10.3429
40.85 N 10.4851 8.9776
40.86 N 9.2763 10.1073
40.87 N 10.1475 10.0047
40.88 N 11.8166 9.4064
40.89 N 13.4030 9.3001
40.9 N 12.0595 9.6423
40.91 N 11.8599 9.0635
40.92 N 12.6809 9.9524
40.93 N 10.7705 10.0275
40.94 N 9.1933 10.4394
40.95 N 10.2790 9.7638
40.96 N 8.2423 8.7879
40.97 N 10.3064 7.6454
40.98 N 7.1952 7.1553
40.99 N 7.8857 7.3578
41 N 7.5212 7.7187
41.01 N 8.8146 7.3234
41.02 N 6.8543 6.9133
41.03 N 8.8400 7.8059
41.04 N 10.8327 7.4148
41.05 N 11.1337 8.2593
41.06 N 11.7116 8.4139
41.07 N 12.4461 7.7768
41.08 N 12.4792 7.6417
41.09 N 14.5092 8.4159
41.1 N 13.7979 7.7953
41.11 N 13.1692 9.8599
41.12 N 14.0425 9.2853
41.13 N 16.3431 8.7313
41.14 N 16.3088 8.0320
41.15 N 16.3456 10.9294
41.16 N 16.2768 10.1102
41.17 N 14.9943 10.5015
41.18 N 15.0571 10.0606
41.19 N 15.3378 9.4137
41.2 N 14.2235 9.3808
41.21 N 14.7948 9.6375
41.22 N 16.7309 11.4620
41.23 N 17.3642 9.7110
41.24 N 17.0503 11.4072
41.25 N 18.5335 12.5015
41.26 N 18.1752 12.7655
41.27 N 15.5167 14.0394
41.28 N 15.9108 14.4839
41.29 N 14.2655 12.2431
41.3 N 16.4894 13.6005
41.31 N 16.9324 13.9526
41.32 N 18.4128 13.6377
41.33 N 18.3917 14.8776
41.34 N 17.5687 16.2802
41.35 N 17.8857 13.0374
41.36 N 18.2096 12.8607
41.37 N 15.7192 12.8467
41.38 N 18.5659 12.1672
41.39 N 18.7754 13.0134
41.4 N 17.2801 13.9141
41.41 N 19.2304 11.7634
41.42 N 18.9067 13.6564
41.43 N 18.6122 12.8662
41.44 N 17.8929 13.4562
41.45 N 17.8411 13.2995
41.46 N 17.8269 12.8040
41.47 N 16.7165 14.4308
41.48 N 16.7954 15.7696
41.49 N 16.0044 12.9884
41.5 N 15.2106 12.2285
41.51 N 17.7132 13.7075
41.52 N 18.2329 10.2081
41.53 N 17.2451 10.8075
41.54 N 17.6216 10.4364
41.55 N 18.9393 10.2536
41.56 N 17.2974 9.5959
41.57 N 17.5422 9.7032
41.58 N 17.9098 10.1389
41.59 N 17.0671 12.3202
41.6 N 17.6012 11.7952
41.61 N 18.6500 13.0405
41.62 N 19.3562 12.4454
41.63 N 17.8696 13.7672
41.64 N 17.2830 14.0072
41.65 N 17.8988 14.3573
41.66 N 18.4366 12.4655
41.67 N 18.6158 13.0058
41.68 N 18.5360 11.6810
41.69 N 19.0263 12.3464
41.7 N 17.7225 11.4740
41.71 N 17.8499 13.2353
41.72 N 17.5596 13.2939
41.73 N 18.6763 14.3596
41.74 N 18.0707 13.4911
41.75 N 19.1176 13.7038
41.76 N 19.2292 13.6331
41.77 N 19.0765 13.8538
41.78 N 17.4443 12.7774
41.79 N 17.6833 14.1635
41.8 N 16.9163 14.0677
41.81 N 16.8061 13.6730
41.82 N 16.6674 12.4390
41.83 N 16.8135 14.5126
41.84 N 16.9549 18.1769
41.85 N 15.5844 17.5374
41.86 N 14.5042 16.2493
41.87 N 14.9042 14.0909
41.88 N 14.4448 15.4845
41.89 N 17.7298 16.3952
41.9 N 16.2484 14.4047
41.91 N 16.0774 15.0643
41.92 N 15.5121 13.5956
41.93 N 16.2695 11.5197
41.94 N 15.7867 11.8626
41.95 N 16.4030 12.2470
41.96 N 16.5575 13.9188
41.97 N 15.0569 12.9474
41.98 N 16.1378 11.4967
41.99 N 15.1635 11.5648
42 N 15.2745 12.1335
42.01 N 15.2186 10.3476
42.02 N 14.8398 7.8663
42.03 N 13.3051 9.1904
42.04 N 13.4815 8.1639
42.05 N 11.8174 6.7666
42.06 N 14.0666 8.6708
42.07 N 14.4088 9.0218
42.08 N 12.0213 8.7407
42.09 N 11.5093 8.5734
42.1 N 10.9978 10.1200
42.11 N 10.2472 10.6185
42.12 N 9.8040 12.1227
42.13 N 9.9824 12.7253
42.14 N 9.3938 13.3779
42.15 N 8.9130 12.7420
42.16 N 10.1443 12.3117
42.17 N 6.7076 14.1062
42.18 N 6.8645 14.7202
42.19 N 6.3457 13.3766
42.2 N 8.2275 12.1601
42.21 N 5.7741 13.7868
42.22 N 5.4226 14.0265
42.23 N 6.5020 13.3938
42.24 N 6.8063 15.2548
42.25 N 6.0799 14.0338
42.26 N 5.4280 14.2569
42.27 N 7.0776 15.8438
42.28 N 7.1856 13.6198
42.29 N 7.6691 16.0038
42.3 N 9.3776 14.0215
42.31 N 8.5568 14.6632
42.32 N 9.1719 12.7918
42.33 N 8.5443 12.4284
42.34 N 9.8911 13.4787
42.35 N 8.8241 13.9526
42.36 N 8.2833 13.5802
42.37 N 10.9803 15.3566
42.38 N 9.6390 16.7818
42.39 N 11.0554 13.8576
42.4 N 11.9088 15.1963
42.41 N 10.7613 15.3037
42.42 N 12.2810 12.5191
42.43 N 9.7109 13.7748
42.44 N 8.4989 13.0895
42.45 N 10.5349 12.7551
42.46 N 10.8362 13.3548
42.47 N 10.5206 15.2221
42.48 N 12.4182 14.2390
42.49 N 11.1906 13.8716
42.5 N 10.9056 13.6863
42.51 N 10.8294 12.5105
42.52 N 7.9075 11.0760
42.53 N 8.8977 11.2033
42.54 N 6.1939 10.5614
42.55 N 6.2402 11.7636
42.56 N 5.8747 12.0714
42.57 N 6.3245 11.2182
42.58 N 7.0208 13.4689
42.59 N 6.4437 13.4949
42.6 N 6.4853 12.4452
42.61 N 7.6596 12.1420
42.62 N 8.5262 13.7069
42.63 N 6.2038 13.9873
42.64 N 6.0296 13.6497
42.65 N 5.8709 13.7677
42.66 N 6.6047 12.0776
42.67 N 5.2137 12.8475
42.68 N 4.7840 10.5125
42.69 N 5.9083 13.2021
42.7 N 7.6017 13.9392
42.71 N 6.8521 11.8911
42.72 N 6.3780 13.0706
42.73 N 6.9262 15.6525
42.74 N 7.7045 16.9025
42.75 N 6.5018 18.7584
42.76 N 8.6689 16.6739
42.77 N 6.5137 18.0748
42.78 N 7.2432 18.1774
42.79 N 6.9831 19.2396
42.8 N 9.1679 18.3146
42.81 N 7.7030 17.7509
42.82 N 7.4676 18.5365
42.83 N 9.0339 17.9500
42.84 N 8.7347 17.1132
42.85 N 9.4614 17.1220
42.86 N 8.8254 17.9220
42.87 N 8.4735 18.8220
42.88 N 6.8209 19.8079
42.89 N 6.7503 19.5718
42.9 N 6.1307 19.5544
42.91 N 5.6926 18.4042
42.92 N 4.0742 19.3359
42.93 N 4.5764 20.6610
42.94 N 4.3493 19.0739
42.95 N 4.6543 19.1325
42.96 N 4.7502 20.3660
42.97 N 5.0644 19.4304
42.98 N 7.2427 19.6247
42.99 N 7.8225 17.3790
43 N 8.4369 18.9264
43.01 N 10.2557 19.0651
43.02 N 10.7073 19.5338
43.03 N 10.1538 18.0728
43.04 N 8.9772 16.9413
43.05 N 10.7447 15.9601
43.06 N 11.7926 17.0505
43.07 N 14.2014 15.2066
43.08 N 13.5903 16.1939
43.09 N 14.1487 14.4127
43.1 N 14.1621 12.9115
43.11 N 12.9630 13.6815
43.12 N 11.7326 14.3064
43.13 N 11.3558 15.3168
43.14 N 11.5487 16.4967
43.15 N 9.1707 15.3013
43.16 N 11.4667 16.5322
43.17 N 10.1984 16.0463
43.18 N 9.7577 14.2972
43.19 N 11.2515 14.1675
43.2 N 11.3931 15.0363
43.21 N 11.6740 16.9341
43.22 N 11.7002 15.4740
43.23 N 10.7902 15.7831
43.24 N 9.2762 15.5558
43.25 N 9.5845 15.6037
43.26 N 8.3224 18.4656
43.27 N 7.1209 21.0189
43.28 N 10.4023 18.2376
43.29 N 12.2248 18.8871
43.3 N 10.6193 18.9392
43.31 N 12.5412 19.5033
43.32 N 10.9077 19.7406
43.33 N 12.6730 19.9491
43.34 N 10.6989 20.8192
43.35 N 11.7597 21.1218
43.36 N 9.6421 19.6165
43.37 N 9.7990 19.9234
43.38 N 11.4251 21.3441
43.39 N 9.7044 21.6504
43.4 N 12.9531 21.1443
43.41 N 12.5775 21.8007
43.42 N 13.0605 20.4087
43.43 N 12.4687 21.0456
43.44 N 13.8057 22.4031
43.45 N 15.8570 19.8717
43.46 N 16.0085 18.3264
43.47 N 15.3712 19.6933
43.48 N 14.8164 18.2866
43.49 N 16.6230 17.6302
43.5 N 16.1120 18.4107
43.51 N 19.3332 17.2199
43.52 N 19.4488 17.9851
43.53 N 19.0169 18.7387
43.54 N 18.4373 17.6454
43.55 N 17.3444 17.4048
43.56 N 17.7691 18.6098
43.57 N 17.8874 18.3358
43.58 N 17.1709 18.3629
43.59 N 17.4199 16.9905
43.6 N 16.5584 14.0787
43.61 N 17.0362 12.5921
43.62 N 16.2293 13.3033
43.63 N 18.1030 13.7341
43.64 N 17.6075 12.6309
43.65 N 18.3798 11.8038
43.66 N 18.6773 10.4369
43.67 N 18.9522 10.1936
43.68 N 19.9023 8.5548
43.69 N 19.0682 11.6490
43.7 N 17.9145 12.2816
43.71 N 17.9096 11.8211
43.72 N 18.9346 12.0758
43.73 N 17.0736 13.1176
43.74 N 17.1766 14.7428
43.75 N 17.2134 12.0205
43.76 N 18.1093 12.1543
43.77 N 19.7125 14.1658
43.78 N 20.2408 13.0590
43.79 N 19.0934 14.0468
43.8 N 18.7713 14.8956
43.81 N 18.5001 17.7447
43.82 N 18.3405 15.8659
43.83 N 17.8783 14.5776
43.84 N 19.5928 15.8474
43.85 N 20.1695 15.1375
43.86 N 20.3461 14.3394
43.87 N 19.4719 13.4474
43.88 N 19.6107 15.4239
43.89 N 19.4321 13.0568
43.9 N 18.4852 14.5525
43.91 N 17.3800 13.7770
43.92 N 17.9020 11.5089
43.93 N 14.6135 13.2766
43.94 N 14.2079 14.5679
43.95 N 13.1839 15.9749
43.96 N 12.5380 15.2924
43.97 N 11.4893 16.2512
43.98 N 12.4536 17.0423
43.99 N 12.8213 15.9552
44 N 13.7953 18.8055
44.01 N 14.0994 16.5986
44.02 N 13.9873 16.5344
44.03 N 13.3992 15.9295
44.04 N 12.4476 16.1917
44.05 N 14.7384 15.1693
44.06 N 14.1347 15.8836
44.07 N 16.4061 15.6682
44.08 N 16.2623 14.7631
44.09 N 17.2364 14.0170
44.1 N 17.2766 13.5408
44.11 N 16.5916 11.8549
44.12 N 16.2251 11.5339
44.13 N 16.5880 10.8719
44.14 N 15.9784 12.1106
44.15 N 15.9080 12.4816
44.16 N 15.8047 12.8773
44.17 N 17.1619 12.6241
44.18 N 16.2971 12.7501
44.19 N 17.5293 14.2235
44.2 N 16.4943 12.9809
44.21 N 15.0663 14.4696
44.22 N 15.5668 13.3266
44.23 N 12.6225 10.9609
44.24 N 12.4089 10.2511
44.25 N 13.0376 11.5600
44.26 N 13.8422 10.9540
44.27 N 15.0730 10.0881
44.28 N 16.0733 10.1875
44.29 N 14.6594 10.8390
44.3 N 16.4632 10.3169
44.31 N 15.3668 11.0164
44.32 N 15.9566 11.0740
44.33 N 15.4671 10.1806
44.34 N 14.4321 9.7776
44.35 N 12.9706 10.1046
44.36 N 14.9968 11.9683
44.37 N 15.2649 13.1938
44.38 N 15.3100 13.6263
44.39 N 16.2661 15.1415
44.4 N 16.8466 13.0137
44.41 N 17.1643 11.8212
44.42 N 17.0285 14.2448
44.43 N 13.8903 13.9955
44.44 N 15.2998 13.4467
44.45 N 13.2774 14.4014
44.46 N 12.7972 14.6979
44.47 N 14.1268 14.0199
44.48 N 15.0282 13.3403
44.49 N 14.7757 13.8677
44.5 N 14.8588 14.1906
44.51 N 16.0509 12.6406
44.52 N 15.0629 13.9831
44.53 N 13.9801 13.6467
44.54 N 14.8336 13.4478
44.55 N 12.2085 13.0871
44.56 N 13.8773 13.3460
44.57 N 17.1169 13.2961
44.58 N 17.4118 11.3610
44.59 N 18.2398 11.4767
44.6 N 17.9112 9.4275
44.61 N 18.0904 10.5133
44.62 N 19.1927 11.2345
44.63 N 17.5562 9.7944
44.64 N 16.7697 9.4815
44.65 N 14.3687 9.1718
44.66 N 14.4807 8.1280
44.67 N 14.4529 7.2070
44.68 N 15.2274 6.3058
44.69 N 14.5601 8.4435
44.7 N 14.8714 8.4038
44.71 N 15.6874 7.6133
44.72 N 16.0537 8.3032
44.73 N 15.4178 8.2445
44.74 N 16.6196 8.5571
44.75 N 16.1154 9.1260
44.76 N 18.1706 5.6876
44.77 N 17.7301 8.3699
44.78 N 18.4451 8.3707
44.79 N 18.5029 9.7362
44.8 N 17.3168 10.6280
44.81 N 16.1900 10.2424
44.82 N 17.9826 7.8507
44.83 N 16.4598 7.8233
44.84 N 17.0074 7.1424
44.85 N 18.3603 6.5129
44.86 N 18.9613 5.7995
44.87 N 20.6367 4.9002
44.88 L 21.1155 3.3812
44.89 L 21.8758 3.6435
44.9 L 21.4660 3.3203
44.91 L 21.3133 3.0674
44.92 L 20.2469 3.5166
44.93 L 18.9076 3.3607
44.94 N 19.3272 4.1604
44.95 L 18.8726 3.5437
44.96 L 18.9596 3.3911
44.97 L 18.0285 3.8139
44.98 L 19.6077 3.6656
44.99 L 19.9971 3.3291
45 L 17.7394 3.9665
45.01 L 20.4319 3.7246
45.02 L 19.2387 3.7618
45.03 N 19.5647 4.3293
45.04 N 20.5092 4.9584
45.05 N 19.6157 4.9134
45.06 N 19.5871 5.2262
45.07 L 19.6001 3.9980
45.08 N 18.0990 5.2141
45.09 L 18.1431 3.7711
45.1 N 17.0962 5.3257
45.11 L 18.5696 3.4953
45.12 N 20.7391 4.2264
45.13 N 20.9572 4.2111
45.14 L 19.8512 3.5364
45.15 L 18.6846 3.7260
45.16 L 18.9406 3.4217
45.17 L 18.5362 3.1982
45.18 L 18.2602 3.3706
45.19 L 16.4823 3.4280
45.2 L 14.0348 3.3325
45.21 L 13.5520 3.3522
45.22 L 11.9962 3.6652
45.23 L 12.6430 3.6579
45.24 L 11.9354 3.4039
45.25 L 11.0408 3.7568
45.26 L 11.6562 3.3528
45.27 L 11.3752 3.3642
45.28 L 11.7538 3.6038
45.29 L 12.3962 3.8890
45.3 L 12.3849 3.5451
45.31 L 10.5139 3.7731
45.32 L 10.8406 3.4731
45.33 N 10.8030 4.4202
45.34 L 11.0534 3.5200
45.35 L 10.0561 3.3068
45.36 L 11.8658 3.4398
45.37 L 12.6834 3.4366
45.38 L 13.2858 3.2051
45.39 L 13.0994 3.4460
45.4 L 15.3298 3.3813
45.41 L 14.1374 3.4637
45.42 L 14.0247 3.7589
45.43 L 13.6796 3.3684
45.44 L 13.0762 3.4704
45.45 L 13.2211 3.3064
45.46 L 11.4580 3.5541
45.47 L 12.9267 3.3654
45.48 L 13.2518 3.4372
45.49 L 14.4400 3.6628
45.5 L 10.9112 3.5703
45.51 L 9.9643 3.2664
45.52 L 9.8718 3.1798
45.53 L 11.2893 3.4518
45.54 L 8.9456 3.6050
45.55 L 9.9876 3.2626
45.56 L 10.2068 3.1473
45.57 L 11.4907 3.4482
45.58 L 11.0691 3.2955
45.59 L 9.3174 3.6158
45.6 L 8.5467 3.6581
45.61 L 9.2980 3.5281
45.62 L 9.4247 3.5976
45.63 L 8.6293 3.3793
45.64 L 9.8644 3.7409
45.65 L 9.7251 3.3427
45.66 L 9.5973 3.0462
45.67 L 9.2693 3.4759
45.68 L 8.3369 3.3651
45.69 L 9.7047 3.6545
45.7 L 8.1537 3.5817
45.71 L 8.6434 3.8821
45.72 L 8.1345 3.5803
45.73 N 8.2746 4.2281
45.74 L 9.0822 3.2183
45.75 L 8.1317 3.7148
45.76 L 7.7388 3.6556
45.77 L 8.1692 3.2624
45.78 L 7.4489 3.8402
45.79 L 7.3520 3.4955
45.8 L 8.6877 3.4377
45.81 L 8.8281 3.2347
45.82 L 9.2609 3.5397
45.83 L 9.3850 3.2505
45.84 L 9.9978 3.4881
45.85 L 9.7193 3.6655
45.86 L 9.7519 3.8361
45.87 L 9.1076 3.4951
45.88 L 9.8162 3.6004
45.89 L 9.3850 3.5818
45.9 L 9.7419 3.4332
45.91 L 8.8045 3.5090
45.92 L 8.6657 3.4876
45.93 L 8.2814 3.2619
45.94 L 7.9441 3.3597
45.95 L 7.4912 3.5534
45.96 L 7.1107 3.3708
45.97 L 6.9258 3.5952
45.98 L 6.7838 3.4316
45.99 L 6.8870 3.3314
46 L 6.7492 3.8459
46.01 L 6.5658 3.5087
46.02 L 6.5404 3.0696
46.03 L 6.3992 3.7964
46.04 L 6.3383 3.5442
46.05 N 6.8641 4.2309
46.06 L 7.3369 3.5759
46.07 L 9.2496 3.2617
46.08 L 8.2628 3.3602
46.09 L 9.2555 3.4988
46.1 L 9.9254 3.4736
46.11 L 10.9188 3.5077
46.12 L 10.7515 3.4355
46.13 L 10.6764 3.5853
46.14 L 10.5137 3.7260
46.15 L 10.8362 3.2491
46.16 L 11.0145 3.5515
46.17 L 11.6521 3.6729
46.18 L 11.0541 3.7119
46.19 L 9.9598 3.3283
46.2 L 9.0659 3.7226
46.21 L 7.6738 3.6219
46.22 L 6.4344 3.3428
46.23 L 5.8393 3.1519
46.24 L 4.5782 3.4279
46.25 L 4.4509 3.3011
46.26 D 3.8088 3.4305
46.27 L 4.2914 3.6935
46.28 L 4.4029 3.3989
46.29 L 4.0070 3.2126
46.3 D 3.5792 3.2469
46.31 L 4.2832 3.8461
46.32 D 3.6057 3.5135
46.33 D 3.6804 3.4289
46.34 D 3.9758 3.3587
46.35 D 3.8165 3.6091
46.36 D 3.4284 3.3092
46.37 D 3.7956 3.8779
46.38 S 3.5612 4.9082
46.39 S 3.7606 6.1218
46.4 S 3.8113 5.2865
46.41 S 3.9113 6.8093
46.42 S 3.4080 9.1227
46.43 S 3.9283 9.5772
46.44 S 3.6576 9.1299
46.45 S 3.8909 8.9338
46.46 S 3.8162 8.3105
46.47 S 3.5552 7.5272
46.48 S 3.7637 6.9434
46.49 N 4.0095 8.5011
46.5 S 3.6190 8.1409
46.51 S 3.8321 8.5317
46.52 S 3.6634 8.2588
46.53 S 3.8358 9.4983
46.54 N 4.1850 10.6046
46.55 S 3.6392 9.5093
46.56 S 3.3993 10.6757
46.57 S 3.4761 9.4847
46.58 S 3.6543 10.8501
46.59 S 3.6621 10.3601
46.6 S 3.8347 10.6784
46.61 S 3.0857 9.1975
46.62 S 2.9553 8.5039
46.63 S 2.9299 10.7565
46.64 S 2.7652 10.7828
46.65 S 2.9405 12.5151
46.66 S 2.8236 12.4532
46.67 S 2.9874 13.0954
46.68 S 2.8038 12.5029
46.69 S 2.7108 11.5895
46.7 S 2.7187 11.1353
46.71 S 2.8156 11.4831
46.72 S 2.8194 9.3217
46.73 S 2.7453 10.0078
46.74 S 2.9191 9.9284
46.75 S 2.7102 9.8786
46.76 S 2.7474 9.8524
46.77 S 2.6077 10.1590
46.78 S 2.8531 10.1589
46.79 S 2.8328 9.6432
46.8 S 3.3712 9.1748
46.81 S 2.6899 8.9898
46.82 S 2.9328 9.2318
46.83 S 2.7974 10.2069
46.84 S 2.8916 11.5040
46.85 S 2.9044 10.9709
46.86 S 3.2311 12.0582
46.87 S 3.0605 12.4464
46.88 S 3.1141 11.5237
46.89 S 2.7350 12.9963
46.9 S 2.6687 13.8541
46.91 S 2.7968 13.6994
46.92 S 2.6893 13.4857
46.93 S 2.6803 14.4526
46.94 S 2.8068 15.0043
46.95 S 2.9488 13.0373
46.96 S 2.6699 13.5864
46.97 S 3.3976 12.2104
46.98 S 3.3656 12.8924
46.99 S 3.6218 10.5423
47 S 3.3931 11.6948
47.01 S 3.4677 12.1415
47.02 S 3.3791 12.4164
47.03 N 4.3920 11.6481
47.04 S 3.5952 11.3860
47.05 S 3.1785 10.2063
47.06 S 3.4061 10.4767
47.07 S 3.6686 11.6014
47.08 S 3.3978 12.3584
47.09 S 3.4319 12.4624
47.1 S 3.8517 11.6023
47.11 S 3.4391 10.7292
47.12 S 3.4911 10.7764
47.13 S 3.4531 10.1838
47.14 S 3.6126 9.4215
47.15 S 3.7913 7.1687
47.16 S 3.7409 8.0295
47.17 S 3.3672 9.1041
47.18 S 3.5699 8.8180
47.19 S 3.1085 8.9981
47.2 S 3.6639 7.5683
47.21 S 3.2107 8.7742
47.22 S 3.3427 9.2142
47.23 S 3.0874 7.3808
47.24 S 3.3569 6.6857
47.25 S 3.3757 5.9606
47.26 S 3.0565 5.9350
47.27 S 2.9279 6.5931
47.28 S 3.5132 7.4689
47.29 S 3.4117 7.7427
47.3 S 3.1428 6.3826
47.31 S 3.3786 7.0227
47.32 S 3.7692 4.5807
47.33 N 5.4447 4.9961
47.34 N 4.0057 4.3865
47.35 S 3.7114 4.2502
47.36 D 3.6930 3.9431
47.37 N 4.0142 4.1300
47.38 S 3.6417 5.8922
47.39 S 3.7458 4.4232
47.4 D 3.4849 3.9780
47.41 S 3.4017 4.2965
47.42 S 2.9995 6.9697
47.43 S 3.2473 4.7925
47.44 S 3.4208 5.9120
47.45 S 3.1966 6.0906
47.46 S 3.3172 6.8799
47.47 S 3.2484 7.3083
47.48 S 3.4586 8.6630
47.49 S 3.1947 6.9829
47.5 S 3.2937 8.1030
47.51 S 3.1086 8.7797
47.52 S 3.5223 8.9469
47.53 S 3.6909 8.7392
47.54 S 3.1813 9.6284
47.55 S 3.4175 8.3218
47.56 S 3.3277 8.7524
47.57 S 3.4603 8.5408
47.58 S 3.3924 8.6552
47.59 S 3.2590 10.1918
47.6 S 3.6266 11.1254
47.61 S 3.3409 12.7271
47.62 S 3.6973 11.4144
47.63 S 3.2444 11.5246
47.64 S 3.1121 11.6195
47.65 S 3.1945 12.3660
47.66 S 3.1382 10.9121
47.67 S 3.3938 9.6096
47.68 S 3.3918 10.3587
47.69 S 3.3944 9.7212
47.7 S 3.3059 10.2980
47.71 S 3.3646 10.7888
47.72 S 3.6072 10.1001
47.73 S 3.2987 10.3288
47.74 S 3.0909 9.8471
47.75 S 3.3370 8.5456
47.76 S 3.4904 7.8784
47.77 S 3.4787 8.8811
47.78 S 3.1407 10.3715
47.79 S 3.2586 10.2304
47.8 S 3.2018 10.3375
47.81 S 3.3451 10.4154
47.82 S 3.3770 11.0435
47.83 S 3.1939 11.1956
47.84 S 3.3390 10.1735
47.85 S 3.0384 9.6815
47.86 S 3.2017 10.5485
47.87 S 3.2459 9.7397
47.88 S 3.1344 10.0751
47.89 S 3.2421 9.2321
47.9 S 3.1046 9.7600
47.91 S 3.3857 9.7816
47.92 S 3.7008 10.6661
47.93 S 3.3149 10.2635
47.94 S 3.4054 7.8121
47.95 S 3.4521 9.6340
47.96 S 3.1564 9.5305
47.97 S 3.3557 8.8220
47.98 S 3.2151 9.8623
47.99 S 3.1807 8.9880
48 S 2.9495 12.6849
48.01 S 3.1475 11.3728
48.02 S 3.1016 12.2830
48.03 S 3.0981 11.4398
48.04 S 3.1452 12.5510
48.05 S 3.4553 12.1500
48.06 S 3.2805 11.5859
48.07 S 2.8577 10.8561
48.08 S 3.2692 10.2388
48.09 S 3.4395 10.6290
48.1 S 3.2347 12.4480
48.11 S 3.1421 13.3052
48.12 S 3.3560 12.7368
48.13 S 3.4274 12.5079
48.14 S 3.2463 11.3453
48.15 S 3.2748 11.2878
48.16 S 3.2349 12.3553
48.17 S 3.3429 10.8014
48.18 S 3.1355 10.5678
48.19 S 3.6614 12.2558
48.2 S 3.2552 13.3619
48.21 S 3.1926 11.0683
48.22 S 2.9921 11.7776
48.23 S 3.3670 14.4828
48.24 S 2.9817 14.5666
48.25 S 3.4068 13.3878
48.26 S 3.2746 12.8945
48.27 S 2.9740 11.9103
48.28 S 2.9056 11.3014
48.29 S 3.1653 9.0941
48.3 S 3.2286 10.0266
48.31 S 3.1124 8.2330
48.32 S 3.3629 9.1602
48.33 S 3.3079 10.4757
48.34 S 3.2300 11.7458
48.35 S 3.2423 12.6523
48.36 S 3.3262 13.5112
48.37 S 2.9837 13.4314
48.38 S 3.0633 13.6610
48.39 S 3.2748 15.1197
48.4 S 3.2173 14.7170
48.41 S 3.3178 15.0636
48.42 S 3.3298 14.4261
48.43 S 3.3092 13.4338
48.44 S 3.2361 13.8876
48.45 S 2.9815 12.5813
48.46 S 3.3044 10.7944
48.47 S 3.5758 14.0061
48.48 S 3.3047 11.8372
48.49 S 3.3491 13.8814
48.5 S 3.2500 11.8384
48.51 S 3.1083 12.4859
48.52 S 3.6904 13.2445
48.53 S 3.1229 12.2025
48.54 S 3.4138 11.9500
48.55 S 3.2659 12.8469
48.56 S 3.1909 11.8394
48.57 S 3.1122 11.3609
48.58 S 3.3390 12.6273
48.59 S 3.4016 11.3651
48.6 S 3.1845 11.2539
48.61 S 3.1999 12.4370
48.62 S 3.6119 12.9343
48.63 S 3.3471 13.2810
48.64 S 3.4313 12.2274
48.65 S 3.4156 12.6553
48.66 S 3.5602 11.8287
48.67 S 3.2676 11.2162
48.68 S 3.1474 9.7495
48.69 S 3.2589 10.2116
48.7 S 3.3105 10.9845
48.71 S 3.3010 10.4576
48.72 S 3.2493 10.1881
48.73 S 3.2080 9.6741
48.74 S 3.3394 10.4324
48.75 S 3.1329 10.2618
48.76 S 3.4706 10.3601
48.77 S 3.3237 9.8665
48.78 S 3.3807 9.2924
48.79 S 3.2510 9.9673
48.8 S 3.4779 9.7329
48.81 S 3.5304 10.2772
48.82 S 3.1510 8.5252
48.83 S 3.5229 9.2931
48.84 S 3.1844 6.5455
48.85 S 3.3360 7.8171
48.86 S 3.3019 6.6207
48.87 S 3.3031 7.4474
48.88 S 3.3881 8.7351
48.89 S 3.1507 9.3433
48.9 S 3.3296 9.1065
48.91 S 3.2554 9.5081
48.92 S 3.4011 10.0537
48.93 S 3.2238 9.5388
48.94 S 3.1103 8.5149
48.95 S 3.2943 8.9723
48.96 S 3.2693 8.6681
48.97 S 3.1963 9.3342
48.98 S 3.3259 10.1016
48.99 S 3.5069 8.7447
49 S 3.2231 8.6894
49.01 S 3.0434 7.9240
49.02 S 3.3278 10.6724
49.03 S 3.4700 9.0465
49.04 S 3.2830 8.9413
49.05 S 3.2124 9.6031
49.06 S 2.8414 8.9758
49.07 S 3.3118 9.4306
49.08 S 3.1165 9.9512
49.09 S 3.1986 10.2892
49.1 S 3.1281 10.6386
49.11 S 3.0038 9.0586
49.12 S 3.2428 9.5009
49.13 S 3.1527 10.0086
49.14 S 3.4541 9.3501
49.15 S 3.0292 8.7316
49.16 S 3.1062 10.1666
49.17 S 3.1638 9.0410
49.18 S 3.1193 9.3815
49.19 S 3.1858 9.8869
49.2 S 3.0212 8.5967
49.21 S 3.1902 8.5685
49.22 S 3.1130 8.4076
49.23 S 3.1368 8.6476
49.24 S 3.3356 8.1964
49.25 S 3.4776 8.7319
49.26 S 3.1794 7.4837
49.27 S 2.9153 7.8476
49.28 S 3.2484 7.7824
49.29 S 3.2675 7.1344
49.3 S 3.1760 8.4115
49.31 S 3.1890 6.8204
49.32 S 3.1356 6.1531
49.33 S 3.2678 7.8969
49.34 S 3.1004 7.4757
49.35 S 3.1740 7.9335
49.36 S 3.4095 9.2133
49.37 S 3.0175 9.2383
49.38 S 3.2471 7.6573
49.39 S 3.0761 9.6350
49.4 S 3.1038 9.1038
49.41 S 3.0424 9.2786
49.42 S 3.2111 10.5499
49.43 S 3.1192 9.8811
49.44 S 3.1654 11.2664
49.45 S 3.1875 10.1750
49.46 S 3.4563 10.2213
49.47 S 3.3640 9.7493
49.48 S 3.1708 8.4873
49.49 S 3.3902 8.3646
49.5 S 3.2982 9.5576
49.51 S 3.2474 8.4853
49.52 S 3.3996 9.8613
49.53 S 2.9752 9.5333
49.54 S 3.1653 6.5415
49.55 S 3.0589 6.5407
49.56 S 3.2567 7.8167
49.57 S 3.1344 7.7487
49.58 S 3.0036 7.6283
49.59 S 3.1788 8.2271
49.6 S 3.3620 8.0699
49.61 S 3.3024 7.9818
49.62 S 3.1219 7.7897
49.63 S 3.0252 7.1117
49.64 S 3.2400 7.1072
49.65 S 3.3206 7.3059
49.66 S 3.1150 8.1495
49.67 S 3.3407 9.1651
49.68 S 3.0095 8.2249
49.69 S 3.3163 7.3272
49.7 S 3.4450 6.5547
49.71 S 3.4435 5.5336
49.72 S 3.3688 6.5604
49.73 S 3.3557 5.9311
49.74 S 3.3500 6.6710
49.75 S 3.1434 5.8800
49.76 S 3.1282 6.2101
49.77 S 3.0668 5.8669
49.78 S 3.1465 5.2192
49.79 S 3.4057 6.2931
49.8 S 3.2069 6.0889
49.81 S 3.5482 6.6534
49.82 S 3.1284 6.2735
49.83 S 2.8722 6.5772
49.84 S 3.2377 8.0791
49.85 S 3.2457 7.8752
49.86 S 3.0959 7.8260
49.87 S 3.4466 7.1014
49.88 S 3.0759 6.9285
49.89 S 3.6430 8.5984
49.9 S 3.3824 8.7967
49.91 S 3.9012 10.2350
49.92 S 3.1716 7.4434
49.93 S 3.2003 8.2222
49.94 S 3.5264 8.6961
49.95 S 3.4344 7.7807
49.96 S 3.5873 9.3127
49.97 S 3.4372 8.9992
49.98 S 3.1108 9.8287
49.99 S 3.3355 8.1682
