#Frame    LIGAND_RMSD
       1       0.0000
       2       1.4264
       3       2.0365
       4       1.5906
       5       2.7027
       6       3.4603
       7       3.3067
       8       3.1447
       9       2.6338
      10       2.8612
      11       3.4103
      12       3.2004
      13       3.7313
      14       3.1821
      15       2.4356
      16       3.2317
      17       3.2711
      18       3.6162
      19       2.4286
      20       3.5355
      21       4.2426
      22       3.7414
      23       3.7398
      24       4.1702
      25       4.7464
      26       4.8160
      27       4.7639
      28       3.4654
      29       3.6530
      30       3.8753
      31       3.8066
      32       4.6400
      33       4.7400
      34       4.5759
      35       5.1503
      36       5.2291
      37       5.6694
      38       5.3759
      39       5.2908
      40       5.5003
      41       5.2361
      42       5.1017
      43       4.9116
      44       5.3593
      45       4.3701
      46       3.8104
      47       4.0071
      48       4.7712
      49       5.1976
      50       4.8250
      51       4.8252
      52       5.3092
      53       4.8754
      54       5.2501
      55       4.6849
      56       5.1972
      57       4.9886
      58       5.2289
      59       4.9360
      60       5.3923
      61       4.7807
      62       4.6943
      63       4.6104
      64       3.7427
      65       3.7512
      66       4.0891
      67       4.4505
      68       4.1481
      69       3.9740
      70       4.0144
      71       4.6589
      72       5.4273
      73       4.8349
      74       5.1811
      75       4.6761
      76       4.9429
      77       4.7554
      78       5.2541
      79       5.3238
      80       5.1182
      81       6.0611
      82       6.4951
      83       6.5638
      84       6.0335
      85       6.0095
      86       6.1229
      87       5.7191
      88       6.2133
      89       6.0239
      90       6.0460
      91       4.7927
      92       5.2746
      93       5.0121
      94       4.1331
      95       3.9560
      96       4.5413
      97       3.9467
      98       5.0269
      99       6.3300
     100       5.4976
     101       5.3350
     102       5.4566
     103       5.0556
     104       4.6401
     105       4.9672
     106       4.8230
     107       4.5701
     108       4.1896
     109       4.1806
     110       4.5261
     111       5.1311
     112       4.0199
     113       4.6169
     114       4.4340
     115       3.6565
     116       3.0498
     117       2.1394
     118       2.2210
     119       2.7063
     120       2.1183
     121       3.0029
     122       3.4169
     123       3.4181
     124       4.0661
     125       3.9383
     126       4.4069
     127       4.4826
     128       4.8204
     129       4.6723
     130       4.7905
     131       4.6980
     132       4.2012
     133       4.0812
     134       3.9729
     135       4.4299
     136       5.0187
     137       4.9596
     138       5.9106
     139       6.1002
     140       5.6048
     141       6.0475
     142       5.7283
     143       5.1896
     144       5.2958
     145       5.0578
     146       5.1856
     147       5.3979
     148       5.7621
     149       5.7090
     150       4.7305
     151       4.2784
     152       4.6101
     153       5.1324
     154       4.4951
     155       3.4603
     156       2.8902
     157       3.0604
     158       3.4093
     159       4.7582
     160       5.0765
     161       4.5639
     162       4.3962
     163       3.8218
     164       3.6565
     165       3.9647
     166       3.7663
     167       2.8604
     168       2.6679
     169       3.8448
     170       3.4076
     171       4.0036
     172       4.1338
     173       3.3246
     174       3.4123
     175       3.8020
     176       4.6749
     177       4.0067
     178       4.4521
     179       4.5084
     180       3.6234
     181       4.4085
     182       3.8762
     183       3.6231
     184       3.6278
     185       3.5949
     186       3.7363
     187       2.8904
     188       2.6749
     189       2.7280
     190       3.1098
     191       3.6546
     192       3.6173
     193       4.0295
     194       3.8345
     195       3.1692
     196       2.7273
     197       3.3863
     198       3.3578
     199       2.9919
     200       2.6298
     201       3.2069
     202       3.0817
     203       3.0409
     204       3.8066
     205       2.9568
     206       3.9403
     207       4.5456
     208       4.0125
     209       4.1100
     210       4.2066
     211       3.9679
     212       4.1409
     213       3.6622
     214       3.5515
     215       4.0213
     216       4.1236
     217       4.3838
     218       4.1075
     219       2.9658
     220       2.9464
     221       3.9642
     222       4.0587
     223       4.5685
     224       4.8002
     225       5.5163
     226       5.6670
     227       5.0416
     228       5.0095
     229       5.6620
     230       5.1050
     231       5.0518
     232       5.4491
     233       5.1881
     234       6.1332
     235       6.2931
     236       5.6538
     237       5.0591
     238       5.5336
     239       5.8138
     240       6.7392
     241       6.0028
     242       5.6751
     243       6.2781
     244       6.1711
     245       7.6479
     246       8.3653
     247       7.3499
     248       7.9089
     249       7.5829
     250       7.7488
     251       7.2814
     252       7.1766
     253       7.1611
     254       7.1788
     255       7.4527
     256       7.0646
     257       6.4720
     258       6.2861
     259       5.8310
     260       5.5639
     261       5.2997
     262       5.3318
     263       5.8846
     264       6.4151
     265       6.0821
     266       5.7580
     267       5.8183
     268       5.4045
     269       5.0194
     270       5.6454
     271       5.2753
     272       5.0840
     273       4.6414
     274       5.5837
     275       4.7249
     276       5.5744
     277       5.5925
     278       6.4954
     279       6.1929
     280       6.2121
     281       6.2344
     282       5.8511
     283       6.0386
     284       5.3044
     285       5.1765
     286       5.4163
     287       5.4759
     288       5.2572
     289       5.9335
     290       5.4018
     291       5.6011
     292       5.7003
     293       5.2907
     294       5.5976
     295       5.8745
     296       8.0077
     297       7.0670
     298       6.8669
     299       7.1238
     300       8.4447
     301       8.1374
     302       8.5384
     303       9.4435
     304       7.5558
     305       8.3824
     306       8.3455
     307       7.5857
     308       8.0974
     309       8.3529
     310       8.6581
     311       8.4279
     312       8.9699
     313       8.2388
     314       8.8775
     315       9.0807
     316       9.3672
     317       8.6391
     318       8.9902
     319       8.8222
     320       8.5868
     321      10.0387
     322       9.3015
     323       9.2523
     324       8.9938
     325       8.5605
     326       8.3796
     327       8.0321
     328       7.0295
     329       7.5595
     330       7.5686
     331       8.6011
     332       7.1113
     333       7.5884
     334       6.3942
     335       6.9164
     336       7.4211
     337       6.7481
     338       6.9284
     339       7.0620
     340       7.4586
     341       6.9572
     342       7.0730
     343       6.7429
     344       6.4870
     345       6.4255
     346       6.4170
     347       6.3656
     348       6.4480
     349       6.1704
     350       6.1336
     351       6.0876
     352       5.7670
     353       6.1962
     354       7.2400
     355       6.5923
     356       6.2155
     357       6.4376
     358       6.0279
     359       6.6785
     360       5.9939
     361       5.2635
     362       5.8188
     363       5.1378
     364       4.1236
     365       3.7871
     366       3.8336
     367       4.6709
     368       4.5666
     369       4.3478
     370       4.2243
     371       3.4261
     372       3.0844
     373       3.9271
     374       3.5109
     375       2.6408
     376       2.6942
     377       2.6572
     378       3.0822
     379       3.0020
     380       2.7756
     381       2.7496
     382       3.0391
     383       3.6213
     384       3.6368
     385       4.1011
     386       4.5169
     387       4.7839
     388       4.9522
     389       4.3123
     390       3.9840
     391       4.9718
     392       4.8119
     393       4.7602
     394       4.9814
     395       5.0034
     396       5.5653
     397       5.0979
     398       4.9607
     399       4.1285
     400       4.3980
     401       5.5801
     402       5.1906
     403       5.7616
     404       5.2451
     405       3.9106
     406       3.6528
     407       5.4960
     408       4.7132
     409       4.9431
     410       4.7767
     411       4.9945
     412       5.1742
     413       4.4854
     414       4.8940
     415       5.4102
     416       5.1883
     417       7.3469
     418       6.6386
     419       6.3988
     420       6.5418
     421       5.6540
     422       5.9939
     423       6.4602
     424       6.2705
     425       6.0102
     426       5.0842
     427       6.1452
     428       5.9941
     429       5.4888
     430       5.3635
     431       5.0767
     432       5.4229
     433       5.7332
     434       5.8828
     435       6.0960
     436       5.6532
     437       6.0745
     438       6.4228
     439       5.8693
     440       5.8114
     441       5.9735
     442       5.8203
     443       6.7154
     444       7.8832
     445       7.8263
     446       7.1231
     447       7.9975
     448       7.2757
     449       7.0688
     450       7.3023
     451       7.0639
     452       5.9017
     453       4.9137
     454       5.0714
     455       5.2916
     456       4.4866
     457       4.0004
     458       3.0513
     459       3.2116
     460       3.5385
     461       4.2798
     462       5.3555
     463       4.7226
     464       5.6671
     465       6.4741
     466       5.9714
     467      26.1843
     468      26.4398
     469      26.5930
     470       5.6494
     471       5.8420
     472      27.6570
     473       6.5952
     474       6.6759
     475       7.2559
     476      27.7576
     477      25.9477
     478       8.1153
     479       8.2028
     480      25.9149
     481       7.4265
     482       7.4126
     483      25.3329
     484      24.2916
     485      25.0002
     486      25.7218
     487      25.5901
     488      25.6999
     489       7.8969
     490       8.4649
     491      10.0603
     492       9.8647
     493       9.9440
     494       9.8562
     495      10.1599
     496       9.2534
     497       9.4547
     498       8.6482
     499      27.4304
     500      27.1619
     501      26.3810
     502      26.3983
     503      26.8919
     504      26.9042
     505      26.7442
     506      27.4033
     507      26.1828
     508      26.4665
     509      27.5479
     510      25.5652
     511      24.9217
     512      24.9331
     513      24.8035
     514      25.1206
     515      24.9607
     516      24.1579
     517      22.8147
     518      24.1518
     519      23.3833
     520      24.9184
     521      24.1116
     522      25.3675
     523      24.5468
     524      24.0518
     525      22.3963
     526      22.2314
     527      22.1687
     528      21.2146
     529      22.3265
     530      22.9944
     531      22.5795
     532      22.1038
     533      21.4674
     534      20.2338
     535      19.7525
     536      20.3255
     537      20.8351
     538      19.8590
     539      19.1096
     540      20.1817
     541      19.6977
     542      19.5762
     543      21.3383
     544      21.3320
     545      20.7400
     546      20.9148
     547      20.5225
     548      18.9143
     549      18.5888
     550      18.8442
     551      17.6283
     552      18.2995
     553      17.6256
     554      17.9943
     555      17.6282
     556      19.0015
     557      19.7059
     558      18.2481
     559      18.8627
     560      18.0096
     561      18.0315
     562      16.9865
     563      18.8021
     564      17.8303
     565      18.4764
     566      19.7877
     567      22.4786
     568      22.6324
     569      23.6248
     570      23.3667
     571      23.0072
     572      21.4819
     573      19.9462
     574      19.0575
     575      18.5520
     576      20.3681
     577      20.0636
     578      30.4997
     579      18.3206
     580      30.0055
     581      19.0404
     582      19.4756
     583      19.2725
     584      18.7224
     585      19.9271
     586      28.5907
     587      27.6968
     588      26.4837
     589      26.8840
     590      26.1335
     591      17.4726
     592      16.8008
     593      17.0838
     594      17.2269
     595      18.2436
     596      21.7937
     597      21.0586
     598      20.9699
     599      19.8217
     600      20.1854
     601      20.4574
     602      20.1986
     603      20.4224
     604      21.1542
     605      22.0815
     606      22.1391
     607      21.0315
     608      22.1272
     609      22.2277
     610      21.7500
     611      21.1917
     612      21.3116
     613      21.4866
     614      21.8404
     615      23.7460
     616      23.1797
     617      23.1544
     618      22.9149
     619      22.0974
     620      22.4585
     621      21.8797
     622      22.1107
     623      22.1643
     624      21.5163
     625      21.3273
     626      22.5616
     627      22.2693
     628      21.7380
     629      22.8841
     630      21.8602
     631      21.6368
     632      20.5651
     633      19.1988
     634      19.9672
     635      19.6128
     636      22.8522
     637      23.8762
     638      23.4125
     639      23.7986
     640      23.5396
     641      24.0848
     642      20.5358
     643      19.3019
     644      19.5075
     645      19.7822
     646      19.6846
     647      19.9573
     648      19.4265
     649      19.2921
     650      19.8605
     651      19.8764
     652      19.7940
     653      19.3593
     654      24.3217
     655      23.0465
     656      18.3174
     657      17.3346
     658      17.7212
     659      17.2373
     660      18.5694
     661      19.1208
     662      18.7218
     663      18.5911
     664      18.6040
     665      19.3142
     666      19.4895
     667      19.1993
     668      18.8833
     669      19.4114
     670      18.5300
     671      19.0837
     672      19.6859
     673      18.7716
     674      17.5435
     675      19.0517
     676      19.2295
     677      18.8338
     678      19.2873
     679      21.3882
     680      19.7206
     681      20.0502
     682      20.2108
     683      20.4288
     684      20.3859
     685      20.2770
     686      18.2533
     687      18.7508
     688      18.7445
     689      18.8225
     690      17.6116
     691      16.6098
     692      18.3598
     693      18.7352
     694      17.5912
     695      17.6997
     696      18.0452
     697      17.0834
     698      16.0490
     699      15.0867
     700      16.2866
     701      18.2924
     702      16.6803
     703      16.5988
     704      17.2254
     705      17.0424
     706      16.5986
     707      19.6659
     708      19.0415
     709      19.1762
     710      19.6437
     711      19.9003
     712      19.4518
     713      20.2540
     714      19.9343
     715      19.6528
     716      20.0835
     717      21.3751
     718      20.9429
     719      20.7631
     720      17.7109
     721      21.3368
     722      16.6812
     723      17.6120
     724      21.4079
     725      17.4379
     726      16.9133
     727      21.2935
     728      21.4405
     729      20.9557
     730      20.5951
     731      19.5061
     732      19.9179
     733      19.7237
     734      19.5250
     735      20.7685
     736      20.6573
     737      20.9132
     738      21.9230
     739      22.0991
     740      21.9951
     741      21.3346
     742      21.0967
     743      21.4044
     744      14.9371
     745      21.6534
     746      16.1963
     747      15.5417
     748      14.4836
     749      21.0683
     750      14.8400
     751      14.6814
     752      15.4128
     753      20.3400
     754      15.8268
     755      19.9157
     756      14.7862
     757      14.6432
     758      20.3156
     759      19.5231
     760      19.7387
     761      19.0430
     762      19.0898
     763      18.8979
     764      18.1663
     765      17.8535
     766      18.4398
     767      18.6350
     768      19.4987
     769      19.6850
     770      20.1177
     771      20.6136
     772      20.9069
     773      20.3780
     774      20.1777
     775      20.3301
     776      20.0072
     777      20.4397
     778      20.8332
     779      19.9351
     780      19.4941
     781      19.6578
     782      19.1328
     783      19.4431
     784      19.8573
     785      20.4320
     786      20.4090
     787      21.0820
     788      20.8059
     789      21.1955
     790      21.5323
     791      14.4387
     792      15.0959
     793      15.8080
     794      17.4213
     795      14.5786
     796      15.9676
     797      16.1291
     798      16.9121
     799      16.4880
     800      17.3804
     801      17.3973
     802      16.9711
     803      16.9929
     804      16.7621
     805      16.8328
     806      16.5738
     807      16.2372
     808      16.1290
     809      15.0876
     810      15.6866
     811      15.8671
     812      17.1657
     813      17.1944
     814      16.6555
     815      17.5572
     816      17.7549
     817      17.4996
     818      17.9896
     819      18.3217
     820      18.1766
     821      17.4744
     822      17.8989
     823      18.4098
     824      18.0528
     825      18.2074
     826      18.7721
     827      18.0674
     828      18.4885
     829      17.7009
     830      17.5548
     831      18.9093
     832      19.5011
     833      18.1195
     834      19.0993
     835      20.7739
     836      20.8069
     837      20.3530
     838      20.9457
     839      21.0738
     840      22.3859
     841      23.2491
     842      22.5573
     843      22.5844
     844      23.3339
     845      22.4623
     846      22.5117
     847      23.2370
     848      23.6788
     849      24.7352
     850      24.2183
     851      24.9583
     852      24.1122
     853      24.8584
     854      24.4963
     855      24.7095
     856      24.9229
     857      24.4250
     858      24.7445
     859      24.8615
     860      25.8873
     861      27.2354
     862      27.6539
     863      26.7791
     864      27.4280
     865      26.6242
     866      27.7678
     867      27.2316
     868      26.7516
     869      27.3131
     870      27.4785
     871      26.4389
     872      27.0189
     873      25.5729
     874      25.6839
     875      24.2599
     876      25.3509
     877      25.5054
     878      24.9334
     879      25.2496
     880      25.1115
     881      24.7916
     882      25.1397
     883      24.2832
     884      24.1699
     885      23.6996
     886      22.7589
     887      22.8921
     888      23.2690
     889      23.9070
     890      23.5367
     891      24.3257
     892      23.3136
     893      22.7303
     894      24.2443
     895      24.3201
     896      24.3230
     897      23.4485
     898      22.8771
     899      23.1358
     900      23.1916
     901      22.8300
     902      22.7155
     903      22.6910
     904      23.3535
     905      17.8769
     906      18.0911
     907      18.6771
     908      19.0664
     909      23.1197
     910      18.8754
     911      19.1140
     912      18.5523
     913      17.8247
     914      17.9516
     915      17.8851
     916      17.8032
     917      18.2002
     918      18.3377
     919      18.7424
     920      19.0722
     921      19.1546
     922      19.7570
     923      19.7515
     924      20.2377
     925      18.8815
     926      19.2500
     927      19.4287
     928      19.7410
     929      19.4035
     930      19.2132
     931      19.2701
     932      18.5784
     933      18.3489
     934      18.9441
     935      19.5690
     936      19.5312
     937      18.9295
     938      18.3750
     939      18.7454
     940      17.6261
     941      18.4058
     942      18.3283
     943      17.5871
     944      17.7385
     945      17.6010
     946      17.9214
     947      18.1046
     948      18.3514
     949      18.5823
     950      18.1417
     951      18.2233
     952      19.0730
     953      19.0048
     954      18.6554
     955      18.7343
     956      18.1167
     957      18.4817
     958      18.0068
     959      18.3132
     960      18.0357
     961      17.5390
     962      16.9717
     963      16.8071
     964      16.4673
     965      15.7704
     966      16.0254
     967      16.7873
     968      17.0167
     969      16.9666
     970      17.2908
     971      16.7948
     972      16.1701
     973      15.9802
     974      16.3140
     975      16.8831
     976      16.8034
     977      16.6885
     978      17.0031
     979      16.8641
     980      15.7549
     981      16.3845
     982      16.7822
     983      16.8251
     984      16.4733
     985      16.1664
     986      15.4607
     987      15.6934
     988      15.4573
     989      15.2208
     990      16.0921
     991      16.9659
     992      17.2870
     993      17.7381
     994      17.4225
     995      16.9723
     996      18.0566
     997      17.2584
     998      16.5304
     999      17.0432
    1000      18.1154
    1001      18.9303
    1002      19.2253
    1003      19.1551
    1004      17.5580
    1005      17.0033
    1006      17.0880
    1007      17.0133
    1008      17.0395
    1009      15.7392
    1010      17.9613
    1011      16.2097
    1012      16.4583
    1013      16.8573
    1014      15.6969
    1015      17.2166
    1016      16.7330
    1017      16.2935
    1018      14.3824
    1019      15.6824
    1020      15.5886
    1021      15.5302
    1022      16.9298
    1023      14.4649
    1024      14.0673
    1025      14.1404
    1026      17.2546
    1027      17.7814
    1028      18.0326
    1029      17.7667
    1030      17.4956
    1031      17.2943
    1032      18.8796
    1033      18.9587
    1034      19.4078
    1035      20.2179
    1036      19.4583
    1037      18.9197
    1038      19.1557
    1039      20.4997
    1040      18.7402
    1041      18.2242
    1042      17.4655
    1043      17.7732
    1044      18.1474
    1045      17.9175
    1046      17.0061
    1047      16.6720
    1048      16.7294
    1049      16.7942
    1050      16.3667
    1051      15.3824
    1052      15.6369
    1053      15.1028
    1054      15.7926
    1055      15.6183
    1056      16.7775
    1057      16.7058
    1058      17.9459
    1059      18.6574
    1060      17.7409
    1061      17.5136
    1062      18.1558
    1063      18.2846
    1064      19.0103
    1065      19.0118
    1066      18.4564
    1067      18.8930
    1068      18.5924
    1069      19.4710
    1070      19.1278
    1071      19.0935
    1072      18.8161
    1073      18.7969
    1074      18.9086
    1075      19.1494
    1076      19.0734
    1077      20.2674
    1078      20.3553
    1079      21.2559
    1080      20.7030
    1081      21.4540
    1082      21.3700
    1083      21.6606
    1084      21.1727
    1085      21.9802
    1086      12.3359
    1087      23.1715
    1088      22.4027
    1089      23.2107
    1090      22.7138
    1091      22.5460
    1092      21.9512
    1093      20.7986
    1094      20.6133
    1095      20.5463
    1096      20.8999
    1097      21.6140
    1098      22.3123
    1099      21.9962
    1100      21.0295
    1101      20.3785
    1102      20.3685
    1103      21.2212
    1104      21.1107
    1105      21.8783
    1106      23.7469
    1107      24.0667
    1108      23.6383
    1109      22.3575
    1110      22.6408
    1111      21.9067
    1112      21.2548
    1113      22.2137
    1114      21.6841
    1115      21.2649
    1116      21.5877
    1117      21.5512
    1118      21.5069
    1119      20.4999
    1120      20.6266
    1121      20.3635
    1122      20.5983
    1123      19.3338
    1124      18.7530
    1125      18.7163
    1126      17.7511
    1127      17.3878
    1128      17.5655
    1129      16.6645
    1130      17.1986
    1131      17.1961
    1132      16.2808
    1133      15.6686
    1134      14.6965
    1135      13.8994
    1136      14.2345
    1137      14.0802
    1138      14.2560
    1139      14.5484
    1140      14.2867
    1141      15.0950
    1142      14.3979
    1143      14.8165
    1144      14.5759
    1145      14.7166
    1146      13.6069
    1147      13.4522
    1148      14.6234
    1149      14.1497
    1150      14.5381
    1151      14.0346
    1152      14.1457
    1153      15.5734
    1154      16.1643
    1155      16.5824
    1156      16.2815
    1157      16.9391
    1158      16.8356
    1159      15.3935
    1160      15.1479
    1161      15.6200
    1162      15.7340
    1163      16.5603
    1164      17.1776
    1165      16.5188
    1166      16.0825
    1167      16.1257
    1168      17.1210
    1169      16.7247
    1170      17.1521
    1171      17.3337
    1172      17.5745
    1173      17.9634
    1174      17.3031
    1175      17.7754
    1176      16.7351
    1177      16.7997
    1178      16.7629
    1179      16.3464
    1180      15.9393
    1181      16.6311
    1182      16.6240
    1183      17.7252
    1184      17.7772
    1185      18.6886
    1186      19.2256
    1187      18.3206
    1188      19.0771
    1189      18.9262
    1190      19.2809
    1191      18.2113
    1192      19.3341
    1193      19.4371
    1194      19.5701
    1195      20.1082
    1196      18.9737
    1197      20.0122
    1198      19.7120
    1199      19.4185
    1200      19.6392
    1201      19.5569
    1202      19.8371
    1203      19.1179
    1204      19.9530
    1205      18.8378
    1206      19.6919
    1207      19.1842
    1208      19.0029
    1209      19.3365
    1210      20.1093
    1211      20.5375
    1212      20.7701
    1213      19.8722
    1214      21.0473
    1215      20.2149
    1216      20.0774
    1217      19.4224
    1218      19.7060
    1219      20.0450
    1220      19.6656
    1221      20.2209
    1222      20.2128
    1223      21.1948
    1224      20.6860
    1225      20.6563
    1226      19.8075
    1227      20.6322
    1228      19.3102
    1229      19.3231
    1230      19.9777
    1231      19.2286
    1232      19.5897
    1233      19.4413
    1234      18.7296
    1235      18.7943
    1236      18.2827
    1237      18.4893
    1238      18.8635
    1239      18.5471
    1240      19.4035
    1241      18.7147
    1242      18.8173
    1243      18.7062
    1244      18.2428
    1245      18.0512
    1246      18.2445
    1247      17.6825
    1248      18.7558
    1249      18.7177
    1250      20.1240
    1251      19.3107
    1252      19.9974
    1253      20.9247
    1254      20.3555
    1255      19.5999
    1256      20.2238
    1257      20.5293
    1258      20.0269
    1259      19.1739
    1260      17.4648
    1261      18.6186
    1262      20.5581
    1263      21.2697
    1264      21.2751
    1265      21.1465
    1266      21.0788
    1267      22.2448
    1268      22.5044
    1269      22.1955
    1270      21.3153
    1271      21.2335
    1272      21.8094
    1273      21.0176
    1274      21.1616
    1275      22.1468
    1276      21.9014
    1277      22.4789
    1278      22.8787
    1279      20.6131
    1280      21.0091
    1281      20.1129
    1282      21.1668
    1283      22.4093
    1284      22.3858
    1285      21.1583
    1286      21.3288
    1287      22.3633
    1288      19.5096
    1289      17.7027
    1290      16.8802
    1291      18.2147
    1292      19.4985
    1293      18.0084
    1294      20.0022
    1295      18.8827
    1296      18.2115
    1297      18.3295
    1298      22.3259
    1299      21.3462
    1300      21.7509
    1301      21.0516
    1302      21.0331
    1303      21.6901
    1304      19.5768
    1305      19.8119
    1306      18.9399
    1307      18.7732
    1308      18.4826
    1309      17.5582
    1310      18.3013
    1311      17.7834
    1312      18.3450
    1313      18.5980
    1314      18.4721
    1315      18.3717
    1316      17.7085
    1317      17.9533
    1318      18.0045
    1319      17.9281
    1320      16.9736
    1321      17.6649
    1322      17.3809
    1323      17.8580
    1324      18.0142
    1325      18.3475
    1326      18.7731
    1327      18.6163
    1328      17.4908
    1329      17.2646
    1330      17.0827
    1331      16.6126
    1332      16.6760
    1333      16.5746
    1334      16.7120
    1335      17.0631
    1336      18.5604
    1337      17.7264
    1338      16.6201
    1339      16.6741
    1340      16.4201
    1341      16.0938
    1342      15.4801
    1343      16.5769
    1344      16.6503
    1345      16.6218
    1346      16.7523
    1347      17.5495
    1348      16.8549
    1349      16.6796
    1350      16.1190
    1351      16.5625
    1352      16.6880
    1353      16.2829
    1354      16.5163
    1355      16.5548
    1356      16.2693
    1357      15.1842
    1358      15.8379
    1359      16.0682
    1360      16.0932
    1361      16.2190
    1362      16.7874
    1363      16.9457
    1364      17.4367
    1365      18.9591
    1366      18.8047
    1367      19.9915
    1368      19.4875
    1369      20.4564
    1370      19.5795
    1371      18.7726
    1372      19.1712
    1373      20.3077
    1374      19.8497
    1375      20.9387
    1376      21.1120
    1377      21.2987
    1378      20.8138
    1379      20.2183
    1380      20.2928
    1381      20.0518
    1382      19.7555
    1383      19.3662
    1384      18.4649
    1385      18.3117
    1386      18.7053
    1387      18.9175
    1388      19.2829
    1389      18.3097
    1390      17.8877
    1391      17.1201
    1392      16.6219
    1393      16.6333
    1394      16.5479
    1395      17.0764
    1396      17.8055
    1397      16.9374
    1398      17.3718
    1399      17.8311
    1400      17.8257
    1401      17.7114
    1402      17.3000
    1403      17.7588
    1404      17.1303
    1405      17.1927
    1406      15.7612
    1407      16.3216
    1408      16.1505
    1409      15.6604
    1410      14.9202
    1411      14.6188
    1412      24.5401
    1413      23.9795
    1414      24.9214
    1415      25.1954
    1416      14.3152
    1417      24.6918
    1418      14.0474
    1419      14.5353
    1420      14.3459
    1421      14.6360
    1422      13.4674
    1423      13.3511
    1424      13.3484
    1425      12.9047
    1426      12.3730
    1427      11.4377
    1428      12.1070
    1429      11.8396
    1430      11.3336
    1431      11.9263
    1432      12.5398
    1433      12.4088
    1434      12.3746
    1435      11.5525
    1436      11.4957
    1437      10.7744
    1438      10.0023
    1439       9.8238
    1440      11.1203
    1441      11.2515
    1442      12.2358
    1443      13.7823
    1444      12.8188
    1445      13.5666
    1446      13.5048
    1447      15.0771
    1448      15.1593
    1449      14.7516
    1450      15.1190
    1451      15.1750
    1452      12.6209
    1453      13.7025
    1454      12.3606
    1455      13.0117
    1456      12.9320
    1457      13.7374
    1458      12.1023
    1459      13.3512
    1460      14.3763
    1461      10.8142
    1462       8.9951
    1463       8.2153
    1464       8.4168
    1465       8.2465
    1466      10.6603
    1467      13.0365
    1468      11.0668
    1469      14.2230
    1470       8.7376
    1471      14.2185
    1472       9.1775
    1473      10.7955
    1474      10.7067
    1475      15.5375
    1476      14.3861
    1477      14.2109
    1478      12.9187
    1479      11.0898
    1480      11.8785
    1481      11.8755
    1482      12.2022
    1483      12.4628
    1484      12.9173
    1485      13.6134
    1486      13.4752
    1487      13.5009
    1488      13.4456
    1489      12.9262
    1490      13.3181
    1491      12.7101
    1492      13.2251
    1493      15.3893
    1494      15.2548
    1495      12.6700
    1496      16.1023
    1497      11.5271
    1498      15.8855
    1499      23.7372
    1500      22.2885
    1501      23.5969
    1502      23.5367
    1503      22.6261
    1504      21.7495
    1505      21.7923
    1506      22.0681
    1507      20.5405
    1508      19.5842
    1509      19.0785
    1510      19.6239
    1511      20.0475
    1512      20.2977
    1513      21.8041
    1514      23.2578
    1515      22.6521
    1516      21.4277
    1517      21.0130
    1518      20.3480
    1519      20.4717
    1520      20.7762
    1521      21.6520
    1522      20.7573
    1523      12.8888
    1524      21.9551
    1525      14.2944
    1526      23.5879
    1527      23.5327
    1528      24.7059
    1529      19.0087
    1530      18.5488
    1531      19.2397
    1532      19.2481
    1533      24.7544
    1534      17.9810
    1535      23.3935
    1536      20.3568
    1537      24.2294
    1538      24.0339
    1539      23.6667
    1540      24.2000
    1541      20.3868
    1542      19.8913
    1543      18.4048
    1544      18.7935
    1545      18.4021
    1546      19.5141
    1547      19.0514
    1548      19.1510
    1549      19.3969
    1550      19.3146
    1551      19.0855
    1552      18.9185
    1553      18.9602
    1554      17.5982
    1555      17.1580
    1556      16.2991
    1557      16.2587
    1558      16.6398
    1559      17.6190
    1560      17.1264
    1561      17.9722
    1562      18.8405
    1563      18.9998
    1564      18.8023
    1565      19.1625
    1566      17.2256
    1567      17.4679
    1568      17.3358
    1569      16.8436
    1570      17.1491
    1571      17.4921
    1572      17.2155
    1573      16.9681
    1574      17.2712
    1575      17.0841
    1576      16.8503
    1577      16.6855
    1578      16.4410
    1579      17.1317
    1580      17.0470
    1581      16.3312
    1582      14.6906
    1583      15.4747
    1584      17.6033
    1585      15.9297
    1586      15.7809
    1587      15.5064
    1588      16.3753
    1589      16.3873
    1590      16.7392
    1591      17.7124
    1592      18.2310
    1593      18.4063
    1594      18.5958
    1595      17.7365
    1596      17.5202
    1597      19.0151
    1598      19.1041
    1599      19.9504
    1600      19.7380
    1601      19.2695
    1602      17.6808
    1603      18.0620
    1604      17.8364
    1605      17.9728
    1606      17.6081
    1607      17.1297
    1608      17.7554
    1609      17.5616
    1610      18.1626
    1611      17.4196
    1612      18.4571
    1613      18.9897
    1614      19.3315
    1615      18.9182
    1616      18.7671
    1617      17.6614
    1618      18.0836
    1619      18.8994
    1620      17.8710
    1621      17.3718
    1622      18.4935
    1623      23.0456
    1624      22.1118
    1625      22.2901
    1626      21.0714
    1627      21.6959
    1628      21.9897
    1629      18.0311
    1630      15.8159
    1631      16.2188
    1632      14.2112
    1633      14.5337
    1634      15.3239
    1635      15.7001
    1636      15.9538
    1637      15.8711
    1638      15.6745
    1639      15.9634
    1640      14.9679
    1641      20.4445
    1642      13.8570
    1643      13.7730
    1644      19.9828
    1645      20.6946
    1646      18.9555
    1647      20.0984
    1648      20.0730
    1649      20.2058
    1650      19.4443
    1651      19.6653
    1652      18.4126
    1653      17.7326
    1654      17.2950
    1655      17.6990
    1656      18.2412
    1657      16.9724
    1658      16.4852
    1659      16.7996
    1660      16.9237
    1661      17.3647
    1662      17.3784
    1663      17.5843
    1664      17.5551
    1665      17.5907
    1666      17.0671
    1667      17.7281
    1668      16.6240
    1669      17.0798
    1670      16.9996
    1671      15.9577
    1672      15.3963
    1673      14.4809
    1674      15.2203
    1675      15.7718
    1676      16.0440
    1677      15.9947
    1678      16.2568
    1679      16.5633
    1680      16.9703
    1681      17.0933
    1682      17.1982
    1683      16.7281
    1684      16.6622
    1685      16.7815
    1686      16.8966
    1687      17.2800
    1688      17.1593
    1689      16.4762
    1690      16.4022
    1691      16.5363
    1692      17.1535
    1693      17.6457
    1694      18.3773
    1695      18.8830
    1696      18.6764
    1697      18.2194
    1698      17.7080
    1699      18.1813
    1700      17.7045
    1701      17.7837
    1702      17.5025
    1703      17.2681
    1704      17.1504
    1705      17.2115
    1706      16.6977
    1707      16.7176
    1708      16.8918
    1709      17.3507
    1710      17.7054
    1711      17.2597
    1712      18.3470
    1713      18.7045
    1714      18.4969
    1715      19.3801
    1716      18.5189
    1717      18.3667
    1718      17.9743
    1719      17.9719
    1720      18.2392
    1721      18.2341
    1722      18.1961
    1723      17.2200
    1724      16.4913
    1725      15.9279
    1726      16.4759
    1727      17.0766
    1728      17.1758
    1729      17.0166
    1730      16.7076
    1731      16.5070
    1732      19.8450
    1733      17.4524
    1734      16.6061
    1735      16.1819
    1736      15.8151
    1737      15.9763
    1738      16.5841
    1739      17.2195
    1740      17.3311
    1741      17.2992
    1742      16.8574
    1743      17.5821
    1744      16.4521
    1745      16.5007
    1746      16.8583
    1747      17.0445
    1748      17.4084
    1749      17.7193
    1750      16.5176
    1751      16.6674
    1752      16.5922
    1753      16.9422
    1754      16.2057
    1755      16.7404
    1756      17.2894
    1757      17.4447
    1758      17.5504
    1759      16.5505
    1760      15.2272
    1761      15.1282
    1762      15.5733
    1763      15.1855
    1764      15.3883
    1765      15.0829
    1766      15.4276
    1767      16.3578
    1768      15.4166
    1769      15.0640
    1770      15.5132
    1771      15.7363
    1772      16.1228
    1773      15.5927
    1774      15.8674
    1775      15.1742
    1776      15.5611
    1777      15.6407
    1778      15.5609
    1779      15.4071
    1780      14.9963
    1781      13.8524
    1782      13.0869
    1783      13.3480
    1784      13.2305
    1785      13.4095
    1786      13.3208
    1787      13.4775
    1788      13.6955
    1789      14.0935
    1790      13.7021
    1791      14.4479
    1792      14.0346
    1793      13.8290
    1794      13.3460
    1795      13.7638
    1796      13.9210
    1797      14.3666
    1798      14.2249
    1799      13.7619
    1800      13.6165
    1801      14.3231
    1802      14.3241
    1803      14.2918
    1804      13.7096
    1805      13.6525
    1806      12.9751
    1807      13.7681
    1808      13.7244
    1809      13.5528
    1810      13.3569
    1811      12.3923
    1812      12.5633
    1813      12.3622
    1814      12.0279
    1815      13.0574
    1816      13.7605
    1817      12.7746
    1818      11.7487
    1819      12.1684
    1820      11.5644
    1821      12.6562
    1822      11.6412
    1823      11.7350
    1824      11.3060
    1825      11.5128
    1826      10.2252
    1827       9.9380
    1828      10.1640
    1829      10.7893
    1830      11.5260
    1831      12.1631
    1832      11.3732
    1833      11.7645
    1834      11.5874
    1835      11.7486
    1836      11.9930
    1837      12.1374
    1838      11.3359
    1839       9.7849
    1840      10.6162
    1841      10.6556
    1842      11.4061
    1843      11.9180
    1844      11.0837
    1845      11.2708
    1846      11.4148
    1847      11.2678
    1848      10.9724
    1849      10.3988
    1850       9.5134
    1851      10.6852
    1852      10.9808
    1853      10.2285
    1854      10.0339
    1855      10.6720
    1856      11.0660
    1857      10.8103
    1858      11.4346
    1859      10.6311
    1860      10.1526
    1861      10.1646
    1862      10.5952
    1863      10.7729
    1864      10.3317
    1865      10.5279
    1866      10.5335
    1867      10.5410
    1868      11.3841
    1869      11.3919
    1870      10.9692
    1871      10.6354
    1872      10.8698
    1873      11.2727
    1874      11.6476
    1875      12.1801
    1876      10.6559
    1877      10.1088
    1878      10.2424
    1879      10.2434
    1880       9.6168
    1881       9.3479
    1882      11.0518
    1883      11.0365
    1884      10.5520
    1885      10.1796
    1886      11.2908
    1887      11.2536
    1888      11.1481
    1889      11.3043
    1890      11.3579
    1891      10.3373
    1892       9.5637
    1893       9.3670
    1894       9.9051
    1895      10.2642
    1896      11.6679
    1897      12.5099
    1898      12.3750
    1899      13.3784
    1900      13.8778
    1901      13.2166
    1902      12.9768
    1903      12.8541
    1904      13.3685
    1905      13.8732
    1906      13.9023
    1907      13.6256
    1908      13.4955
    1909      14.0003
    1910      14.2178
    1911      14.0097
    1912      13.9369
    1913      13.6212
    1914      14.0322
    1915      13.6747
    1916      13.6559
    1917      13.2462
    1918      14.4251
    1919      14.6368
    1920      15.0045
    1921      14.6636
    1922      14.3890
    1923      14.2734
    1924      14.0375
    1925      14.4759
    1926      14.6922
    1927      14.7761
    1928      14.0818
    1929      14.6716
    1930      14.4379
    1931      14.2749
    1932      14.8028
    1933      15.3122
    1934      14.7853
    1935      15.1460
    1936      15.0287
    1937      14.2259
    1938      14.3699
    1939      14.8791
    1940      14.4914
    1941      13.0466
    1942      13.6366
    1943      13.1073
    1944      14.1455
    1945      13.6432
    1946      13.8473
    1947      13.0878
    1948      13.3739
    1949      14.1993
    1950      14.3790
    1951      13.7149
    1952      13.3806
    1953      12.5523
    1954      12.7933
    1955      13.3500
    1956      12.7079
    1957      12.6936
    1958      11.8625
    1959      11.9439
    1960      12.6226
    1961      12.6305
    1962      14.1405
    1963      13.5573
    1964      12.9484
    1965      12.9028
    1966      12.9767
    1967      12.7998
    1968      12.6474
    1969      12.2735
    1970      12.6520
    1971      13.3101
    1972      13.3924
    1973      14.0720
    1974      13.6787
    1975      13.5687
    1976      12.3818
    1977      12.6257
    1978      12.5789
    1979      12.6637
    1980      12.7640
    1981      12.9875
    1982      13.2815
    1983      14.0422
    1984      13.9308
    1985      13.6822
    1986      14.4472
    1987      14.4522
    1988      14.2808
    1989      13.3276
    1990      13.6783
    1991      14.0307
    1992      13.6719
    1993      13.3478
    1994      13.4216
    1995      13.2620
    1996      12.3778
    1997      11.9584
    1998      11.9885
    1999      12.8922
    2000      12.9388
    2001      13.5409
    2002      12.7373
    2003      12.3180
    2004      12.4422
    2005      12.5556
    2006      12.4923
    2007      12.9055
    2008      13.2834
    2009      13.9050
    2010      13.3857
    2011      12.8654
    2012      12.8921
    2013      13.0341
    2014      13.2199
    2015      13.0915
    2016      13.2137
    2017      13.4019
    2018      13.3980
    2019      13.1369
    2020      13.8371
    2021      13.4685
    2022      13.5505
    2023      13.3560
    2024      13.4197
    2025      13.1912
    2026      12.8808
    2027      13.6695
    2028      12.9213
    2029      13.2191
    2030      13.4016
    2031      13.3991
    2032      13.1056
    2033      12.9358
    2034      13.2767
    2035      13.5102
    2036      13.4779
    2037      13.5331
    2038      13.0608
    2039      12.4650
    2040      12.8453
    2041      12.8365
    2042      12.7027
    2043      13.0329
    2044      12.8319
    2045      13.2172
    2046      13.1591
    2047      13.0639
    2048      13.3893
    2049      12.5658
    2050      13.1785
    2051      12.7119
    2052      12.6367
    2053      12.4523
    2054      12.8096
    2055      12.7332
    2056      12.0319
    2057      12.0489
    2058      11.1047
    2059      11.0334
    2060      11.9727
    2061      11.6854
    2062      11.5522
    2063      12.1119
    2064      11.5739
    2065      10.7981
    2066       9.5379
    2067       9.6854
    2068      10.4179
    2069      11.3109
    2070      12.4470
    2071      12.0857
    2072      12.8360
    2073      12.2075
    2074      12.9042
    2075      13.3715
    2076      12.8577
    2077      13.4338
    2078      14.0064
    2079      13.5041
    2080      14.0095
    2081      13.9496
    2082      13.8869
    2083      13.2342
    2084      14.0637
    2085      14.5029
    2086      14.0433
    2087      14.4911
    2088      14.0171
    2089      13.6109
    2090      13.4177
    2091      13.5326
    2092      13.6494
    2093      13.7605
    2094      13.7861
    2095      13.8406
    2096      13.1339
    2097      12.9733
    2098      12.7200
    2099      12.7388
    2100      12.8290
    2101      13.1788
    2102      13.1621
    2103      13.6456
    2104      13.7967
    2105      13.5863
    2106      13.9042
    2107      13.8616
    2108      13.7379
    2109      13.4971
    2110      13.6919
    2111      13.8310
    2112      13.5419
    2113      13.5867
    2114      13.3017
    2115      13.6555
    2116      13.6533
    2117      13.2221
    2118      13.3384
    2119      13.4193
    2120      13.3234
    2121      13.5679
    2122      13.9972
    2123      13.5024
    2124      13.0152
    2125      13.0788
    2126      12.8740
    2127      12.6371
    2128      12.9540
    2129      13.0966
    2130      13.9009
    2131      13.8574
    2132      13.5695
    2133      13.1613
    2134      13.0608
    2135      13.2824
    2136      13.4708
    2137      13.5691
    2138      13.5808
    2139      13.1216
    2140      12.5483
    2141      13.4237
    2142      11.8494
    2143      12.7348
    2144      12.7913
    2145      13.1058
    2146      13.1022
    2147      12.8673
    2148      12.7630
    2149      13.0357
    2150      12.2820
    2151      13.0047
    2152      13.0027
    2153      12.5733
    2154      12.3144
    2155      11.8409
    2156      11.8185
    2157      11.3250
    2158      12.1236
    2159      12.5518
    2160      11.8281
    2161      11.4616
    2162      11.0778
    2163      11.6547
    2164      11.3377
    2165      11.4399
    2166      11.2918
    2167      11.6126
    2168      10.8090
    2169      11.0585
    2170      10.8502
    2171      10.4576
    2172      10.0769
    2173      10.9668
    2174      10.9766
    2175      10.4003
    2176      10.9014
    2177      11.3729
    2178      11.4863
    2179      10.7027
    2180      11.6800
    2181      11.3956
    2182      11.0869
    2183      10.6409
    2184      10.2154
    2185      10.3059
    2186      10.2478
    2187      10.3665
    2188      10.4638
    2189      10.5105
    2190      10.9804
    2191      10.8881
    2192      11.0678
    2193      10.7699
    2194      11.1616
    2195      10.8498
    2196      10.6482
    2197      10.5002
    2198      10.1745
    2199      10.2600
    2200      10.0668
    2201       9.8248
    2202       9.8400
    2203       9.7798
    2204       9.5624
    2205       9.7104
    2206       9.8609
    2207       9.7184
    2208       9.3947
    2209       9.5057
    2210       9.3007
    2211       9.3543
    2212       9.7392
    2213      10.0888
    2214      10.2644
    2215      10.4974
    2216      10.2700
    2217      10.4932
    2218      10.4196
    2219      10.9065
    2220      10.7533
    2221      10.5366
    2222      10.6682
    2223      10.8697
    2224      10.8899
    2225      10.6533
    2226      10.4798
    2227      10.6926
    2228      10.8922
    2229      10.5764
    2230      10.9336
    2231      10.4917
    2232      10.4197
    2233      10.3972
    2234      10.2566
    2235      10.4926
    2236      10.7120
    2237      10.7600
    2238      10.3135
    2239      10.7310
    2240      10.8272
    2241      10.4868
    2242      10.3050
    2243      10.3847
    2244      10.0769
    2245      10.0937
    2246      10.5078
    2247      10.4789
    2248      10.4221
    2249      10.1650
    2250      10.2870
    2251      10.1898
    2252      10.3905
    2253      10.0195
    2254      10.1290
    2255      10.3374
    2256      10.9827
    2257      10.7803
    2258      10.7596
    2259      10.5374
    2260      11.0277
    2261      11.2658
    2262      11.1218
    2263      11.2408
    2264      11.6748
    2265      11.6594
    2266      12.1531
    2267      12.1753
    2268      12.4276
    2269      12.9869
    2270      12.8032
    2271      12.5265
    2272      12.8584
    2273      13.0343
    2274      13.1920
    2275      12.8826
    2276      12.9353
    2277      12.8316
    2278      12.1298
    2279      11.9234
    2280      11.6782
    2281      12.3821
    2282      12.5322
    2283      12.2147
    2284      12.0490
    2285      12.6946
    2286      12.7341
    2287      13.0865
    2288      13.2469
    2289      13.0888
    2290      13.6599
    2291      13.2715
    2292      13.4463
    2293      13.0227
    2294      13.0333
    2295      12.2167
    2296      12.1428
    2297      12.3357
    2298      12.6044
    2299      11.2089
    2300      12.1422
    2301      12.5428
    2302      12.3536
    2303      12.9062
    2304      12.6379
    2305      13.0562
    2306      13.1036
    2307      13.1840
    2308      13.2149
    2309      12.8532
    2310      12.8784
    2311      12.6640
    2312      12.2936
    2313      12.8188
    2314      13.3211
    2315      13.4226
    2316      13.0649
    2317      13.6952
    2318      13.2366
    2319      13.1865
    2320      13.3820
    2321      13.1006
    2322      12.5778
    2323      12.9890
    2324      12.5461
    2325      13.0318
    2326      12.4536
    2327      12.6464
    2328      12.6242
    2329      12.2686
    2330      11.8003
    2331      12.2123
    2332      11.8273
    2333      11.2941
    2334      12.0013
    2335      11.7867
    2336      12.0255
    2337      12.0690
    2338      11.9749
    2339      12.3083
    2340      12.1997
    2341      11.5857
    2342      11.7120
    2343      11.8890
    2344      12.0697
    2345      11.5580
    2346      11.6068
    2347      11.8078
    2348      11.9271
    2349      12.0578
    2350      11.9566
    2351      11.9806
    2352      11.7142
    2353      11.8654
    2354      11.7674
    2355      11.5478
    2356      11.2710
    2357      11.5488
    2358      11.5241
    2359      11.7100
    2360      11.6040
    2361      10.9977
    2362      11.2625
    2363      11.3400
    2364      11.5896
    2365      11.5279
    2366      11.6292
    2367      11.6790
    2368      11.7001
    2369      11.6322
    2370      11.6326
    2371      11.3316
    2372      11.2482
    2373      10.8690
    2374      10.8452
    2375      10.9436
    2376      11.2265
    2377      11.1417
    2378      11.5796
    2379      11.0060
    2380      10.7046
    2381      10.4570
    2382      10.7614
    2383      10.9226
    2384      10.9474
    2385      10.7173
    2386      11.0229
    2387      10.7869
    2388      11.0874
    2389      10.9616
    2390      11.0570
    2391      10.3245
    2392      10.8413
    2393      10.8071
    2394      11.0137
    2395      10.6498
    2396      11.0516
    2397      10.8252
    2398      11.1474
    2399      10.7642
    2400      10.9473
    2401      10.7948
    2402      10.6694
    2403      10.6266
    2404      10.5116
    2405      10.2433
    2406      10.5288
    2407      10.2377
    2408      10.4645
    2409      10.3447
    2410       9.9794
    2411      10.1539
    2412      10.7291
    2413      10.5166
    2414      10.2380
    2415      10.4220
    2416      10.3932
    2417      10.6796
    2418      10.6200
    2419      10.4924
    2420      10.4442
    2421      10.7695
    2422      10.0222
    2423      10.1688
    2424      10.4285
    2425      10.8169
    2426      10.4133
    2427      10.4592
    2428      10.4871
    2429      10.5197
    2430      10.1661
    2431      10.3209
    2432      10.3613
    2433      10.9437
    2434      10.7061
    2435      11.3796
    2436      11.7250
    2437      11.1163
    2438      11.0731
    2439      11.2692
    2440      10.9901
    2441      10.9837
    2442      11.0074
    2443      11.0257
    2444      10.7394
    2445      10.4809
    2446      10.6613
    2447      10.6295
    2448      10.3388
    2449      10.7791
    2450      10.8099
    2451      11.0073
    2452      11.4417
    2453      11.2869
    2454      10.9598
    2455      11.4239
    2456      11.2866
    2457      11.4576
    2458      11.5661
    2459      11.4829
    2460      11.8892
    2461      11.9543
    2462      11.7969
    2463      11.8464
    2464      11.9867
    2465      11.9092
    2466      11.1952
    2467      11.5247
    2468      11.3080
    2469      11.2441
    2470      11.2698
    2471      11.6832
    2472      11.1602
    2473      11.1278
    2474      10.8775
    2475      10.9910
    2476      10.7134
    2477      10.5109
    2478      11.1196
    2479      10.9918
    2480      10.9570
    2481      10.9237
    2482      11.2783
    2483      11.1194
    2484      11.0202
    2485      11.1772
    2486      10.9039
    2487      11.3441
    2488      11.3061
    2489      11.0085
    2490      10.7394
    2491      10.8912
    2492      11.1974
    2493      10.5105
    2494      10.8288
    2495      10.8513
    2496      10.8810
    2497      11.2802
    2498      10.8641
    2499      11.2860
    2500      11.0073
    2501      11.3358
    2502      11.7470
    2503      12.0029
    2504      11.8374
    2505      11.7878
    2506      12.3968
    2507      11.9183
    2508      11.0073
    2509      12.0476
    2510      11.4930
    2511      12.2712
    2512      11.4466
    2513      11.5424
    2514      11.7882
    2515      11.4037
    2516      12.0770
    2517      11.9338
    2518      11.1029
    2519      10.7813
    2520      11.1354
    2521      11.7915
    2522      11.4543
    2523      11.4913
    2524      12.0311
    2525      11.7582
    2526      11.9828
    2527      11.5652
    2528      11.3188
    2529      11.1241
    2530      11.0043
    2531      10.7686
    2532      12.0916
    2533      11.2612
    2534      11.4018
    2535      11.0655
    2536      11.1288
    2537      10.3994
    2538      11.6510
    2539      11.0913
    2540      11.3984
    2541      11.3172
    2542      10.9842
    2543      10.9113
    2544      11.5082
    2545      10.9374
    2546      10.9646
    2547      11.3149
    2548      11.0021
    2549      11.7069
    2550      11.4843
    2551      11.3691
    2552      10.8067
    2553      10.2602
    2554      10.3359
    2555      10.4706
    2556      10.3750
    2557      10.4484
    2558      10.8382
    2559       9.6914
    2560       9.8881
    2561      10.8196
    2562      10.4352
    2563      10.7464
    2564      10.3248
    2565      10.4051
    2566      10.2228
    2567      10.1243
    2568      10.4364
    2569      10.7134
    2570      10.2580
    2571      11.4629
    2572      11.3717
    2573      10.5865
    2574       9.1688
    2575       8.4236
    2576       8.2097
    2577       8.3937
    2578       8.4437
    2579       8.8788
    2580       7.9848
    2581       9.0813
    2582       9.6439
    2583       9.8671
    2584       9.5014
    2585       9.1319
    2586       9.7679
    2587      10.5427
    2588      10.0605
    2589       9.2373
    2590       9.1474
    2591      10.2878
    2592      11.1246
    2593      10.0806
    2594      10.0879
    2595      10.9222
    2596      10.9033
    2597      10.2617
    2598       9.8364
    2599       9.7908
    2600       9.9919
    2601       9.7010
    2602      11.1046
    2603      10.9409
    2604      10.7344
    2605      10.7728
    2606      10.4040
    2607      10.5213
    2608       9.7309
    2609       9.6600
    2610      10.4015
    2611      10.0690
    2612      10.5339
    2613      10.7386
    2614      11.2074
    2615      11.4686
    2616      11.1955
    2617      10.6916
    2618      10.1844
    2619      10.1738
    2620       9.7853
    2621      10.5190
    2622       9.5654
    2623       9.3013
    2624       8.6787
    2625       9.4373
    2626       9.3239
    2627       7.8004
    2628       8.6753
    2629       9.4494
    2630       8.9369
    2631       7.6666
    2632       8.5551
    2633       9.0382
    2634       9.0881
    2635       9.4902
    2636       9.3604
    2637      10.9284
    2638      10.2526
    2639       9.3120
    2640       9.6496
    2641      10.3398
    2642      11.7976
    2643      12.1959
    2644      12.1835
    2645      12.6035
    2646      12.1700
    2647      12.7869
    2648      12.5400
    2649      12.2437
    2650      12.2092
    2651      12.7233
    2652      12.6456
    2653      12.4990
    2654      12.4255
    2655      12.4551
    2656      12.2277
    2657      12.3720
    2658      12.2795
    2659      12.2733
    2660      12.6790
    2661      12.4896
    2662      12.6054
    2663      12.7742
    2664      12.4512
    2665      13.1355
    2666      12.5336
    2667      12.5785
    2668      12.7514
    2669      12.9782
    2670      13.8338
    2671      13.5680
    2672      12.6535
    2673      12.6799
    2674      12.7987
    2675      12.4279
    2676      12.9335
    2677      12.3620
    2678      12.9378
    2679      12.4323
    2680      13.2595
    2681      12.6459
    2682      12.6908
    2683      13.1656
    2684      12.6690
    2685      13.0747
    2686      12.6159
    2687      12.3290
    2688      12.6155
    2689      12.7916
    2690      13.2743
    2691      12.5399
    2692      12.9610
    2693      12.3092
    2694      12.9164
    2695      12.5523
    2696      11.5948
    2697      11.3916
    2698      12.4722
    2699      11.8280
    2700      11.9615
    2701      11.8507
    2702      11.9711
    2703      11.8741
    2704      11.0968
    2705      11.9278
    2706      11.6519
    2707      12.3656
    2708      12.8457
    2709      12.1072
    2710      12.2615
    2711      12.1702
    2712      11.4241
    2713      11.8901
    2714      11.4470
    2715      11.5385
    2716      11.7111
    2717      12.4994
    2718      13.1892
    2719      13.3200
    2720      13.3237
    2721      12.4314
    2722      12.7341
    2723      12.3587
    2724      12.6865
    2725      11.9542
    2726      12.0160
    2727      12.8860
    2728      12.5932
    2729      12.4866
    2730      12.6817
    2731      12.4820
    2732      11.7246
    2733      12.0193
    2734      12.4539
    2735      12.4210
    2736      13.2337
    2737      12.3448
    2738      12.8663
    2739      12.6899
    2740      12.4920
    2741      12.2173
    2742      13.2171
    2743      13.4989
    2744      12.4780
    2745      12.4184
    2746      12.3027
    2747      12.2285
    2748      11.9763
    2749      12.2985
    2750      12.5081
    2751      12.6855
    2752      12.4037
    2753      13.0344
    2754      12.6475
    2755      12.1430
    2756      12.7171
    2757      12.6173
    2758      12.4019
    2759      13.0811
    2760      12.3527
    2761      12.4198
    2762      12.5252
    2763      12.3851
    2764      12.7598
    2765      12.6822
    2766      13.0379
    2767      12.7008
    2768      12.8723
    2769      13.3050
    2770      12.6787
    2771      12.6410
    2772      12.1949
    2773      13.1027
    2774      12.0826
    2775      11.9983
    2776      11.6915
    2777      11.7940
    2778      11.8501
    2779      12.3759
    2780      12.3327
    2781      12.5432
    2782      11.6480
    2783      11.5917
    2784      11.8466
    2785      11.9642
    2786      11.9465
    2787      12.1180
    2788      12.3543
    2789      12.7556
    2790      12.2074
    2791      11.6439
    2792      11.8439
    2793      11.7922
    2794      12.5224
    2795      12.4786
    2796      12.8030
    2797      12.4563
    2798      12.0887
    2799      12.1362
    2800      13.2341
    2801      13.0217
    2802      13.4280
    2803      12.7430
    2804      12.3856
    2805      12.6681
    2806      12.2879
    2807      12.8329
    2808      13.1237
    2809      13.0424
    2810      12.7661
    2811      12.2361
    2812      13.2413
    2813      12.2929
    2814      11.5434
    2815      11.7097
    2816      12.2634
    2817      12.1218
    2818      12.4909
    2819      12.5626
    2820      12.7197
    2821      12.8654
    2822      12.1339
    2823      11.9803
    2824      12.4152
    2825      12.1677
    2826      10.9524
    2827      11.7692
    2828      12.4769
    2829      11.8039
    2830      11.4125
    2831      11.2433
    2832      10.5238
    2833      11.2418
    2834      11.0049
    2835      10.4618
    2836      11.0044
    2837      11.0622
    2838      10.8400
    2839      10.5876
    2840      11.0479
    2841      11.7288
    2842      10.8464
    2843      11.0025
    2844      12.3812
    2845      12.4423
    2846      13.1913
    2847      12.0703
    2848      10.9775
    2849      11.8822
    2850      13.6421
    2851      12.6850
    2852      12.9706
    2853      12.0125
    2854      12.2970
    2855      11.9836
    2856      12.5117
    2857      12.0744
    2858      12.6621
    2859      12.5200
    2860      11.8301
    2861      11.4304
    2862      10.9894
    2863      11.0195
    2864      11.5042
    2865      10.8032
    2866      10.8442
    2867      11.5618
    2868      11.7797
    2869      11.4293
    2870      11.5826
    2871      10.7902
    2872      11.6472
    2873      11.2455
    2874      11.0238
    2875      10.7337
    2876      11.9908
    2877      10.6194
    2878       9.7477
    2879      10.4863
    2880      11.3371
    2881      10.7686
    2882      10.3198
    2883       9.8758
    2884       9.2726
    2885       9.0762
    2886       8.2773
    2887       8.8896
    2888       9.8566
    2889       9.4930
    2890      10.8246
    2891      10.5728
    2892      10.9715
    2893      11.1300
    2894      10.4598
    2895      11.4357
    2896      10.7477
    2897      10.2790
    2898      10.6181
    2899      11.6817
    2900      11.7386
    2901      10.4583
    2902      10.1628
    2903       9.5233
    2904      10.3011
    2905       9.9997
    2906      10.3029
    2907      10.4652
    2908      10.5641
    2909       9.7695
    2910       9.3419
    2911       9.6456
    2912       9.9728
    2913       9.9971
    2914      10.2538
    2915      10.1675
    2916       8.0711
    2917       8.8785
    2918       8.7921
    2919       8.8214
    2920      10.3069
    2921      10.4901
    2922       9.2264
    2923       9.1483
    2924       9.5010
    2925       9.3137
    2926       8.1930
    2927       7.4182
    2928       8.5868
    2929       7.3188
    2930       8.8103
    2931      10.1177
    2932      10.2104
    2933      10.3658
    2934       9.4363
    2935      10.0484
    2936      11.0104
    2937      10.2512
    2938      10.3423
    2939      11.1551
    2940      10.9053
    2941      10.9232
    2942      10.3660
    2943       9.5493
    2944       9.4784
    2945      10.1354
    2946       9.9809
    2947      10.9713
    2948      10.2027
    2949      11.3378
    2950      11.2035
    2951      11.2990
    2952      12.0230
    2953      11.0447
    2954      10.4440
    2955      10.7326
    2956      10.3457
    2957      11.8426
    2958      12.2494
    2959      11.4573
    2960      10.1899
    2961      10.2801
    2962      10.1721
    2963       9.9534
    2964      10.6895
    2965      10.1052
    2966      10.1212
    2967      11.2229
    2968      10.8141
    2969      10.8661
    2970      11.5312
    2971      10.2989
    2972      10.8790
    2973      10.5155
    2974      11.6936
    2975      10.7289
    2976      10.1770
    2977      10.5160
    2978      11.0170
    2979      11.0529
    2980      11.1009
    2981      10.8470
    2982      10.3721
    2983      11.1991
    2984      11.4468
    2985      10.5559
    2986      10.7884
    2987      10.7794
    2988      10.6221
    2989      10.4828
    2990       9.9182
    2991       9.0818
    2992       9.7743
    2993       9.9615
    2994      10.1945
    2995      10.2276
    2996      10.3526
    2997      10.4981
    2998       9.9215
    2999       9.9987
    3000       9.6244
    3001       9.5645
    3002       9.7949
    3003       9.5852
    3004       9.3083
    3005       9.3106
    3006       9.4248
    3007      10.1615
    3008      10.4398
    3009       9.8741
    3010      10.5152
    3011      10.3749
    3012       9.8820
    3013      10.1346
    3014      10.4583
    3015      10.2435
    3016      10.1336
    3017      11.0045
    3018      10.3360
    3019      10.1011
    3020       9.5145
    3021       9.7108
    3022      10.0159
    3023      10.2213
    3024      10.4709
    3025       9.9271
    3026      10.5916
    3027      10.7454
    3028      10.5918
    3029      10.7537
    3030      10.7480
    3031      11.2546
    3032      11.4911
    3033      11.7104
    3034      11.5378
    3035      11.4644
    3036      10.9849
    3037      10.7109
    3038      10.1112
    3039      10.5220
    3040      10.4612
    3041      10.3388
    3042       9.9771
    3043      10.1187
    3044      10.4379
    3045      10.5741
    3046      10.7318
    3047      10.6116
    3048      10.7461
    3049      11.4335
    3050      11.3037
    3051      12.1089
    3052      12.3123
    3053      11.8926
    3054      11.5918
    3055      11.9894
    3056      11.8917
    3057      11.4548
    3058      11.5534
    3059      11.3079
    3060      11.1012
    3061      11.3353
    3062      11.3261
    3063      12.0008
    3064      11.0989
    3065      11.2469
    3066      11.6595
    3067      11.7843
    3068      11.2254
    3069      11.3009
    3070      12.4195
    3071      12.3272
    3072      12.1702
    3073      12.1885
    3074      12.4219
    3075      12.2097
    3076      11.6571
    3077      11.4945
    3078      12.0710
    3079      12.1490
    3080      11.9479
    3081      11.4253
    3082      11.6303
    3083      12.1107
    3084      11.5560
    3085      11.7993
    3086      12.8444
    3087      12.6131
    3088      13.1080
    3089      13.1340
    3090      13.1756
    3091      13.7770
    3092      13.6603
    3093      13.0213
    3094      12.6552
    3095      13.0209
    3096      12.3306
    3097      12.4149
    3098      12.5070
    3099      11.8507
    3100      12.7607
    3101      12.7868
    3102      12.8629
    3103      13.0500
    3104      13.5517
    3105      13.6632
    3106      13.4659
    3107      13.6236
    3108      13.6612
    3109      14.1321
    3110      13.3709
    3111      13.5259
    3112      12.9720
    3113      12.5130
    3114      12.4450
    3115      12.3646
    3116      12.4094
    3117      12.8226
    3118      12.2729
    3119      12.3456
    3120      12.3673
    3121      12.3349
    3122      12.0136
    3123      12.6164
    3124      13.2699
    3125      12.2964
    3126      12.6086
    3127      12.2488
    3128      12.4568
    3129      12.4551
    3130      12.0821
    3131      12.7159
    3132      12.9310
    3133      13.2561
    3134      13.3899
    3135      13.1039
    3136      12.9230
    3137      12.3143
    3138      12.7008
    3139      12.9151
    3140      12.8970
    3141      12.6474
    3142      12.7799
    3143      12.3387
    3144      13.0671
    3145      12.9712
    3146      13.4904
    3147      13.1922
    3148      12.6639
    3149      12.2461
    3150      12.7766
    3151      12.5652
    3152      11.5476
    3153      11.5027
    3154      12.9202
    3155      13.1499
    3156      13.2732
    3157      12.9622
    3158      13.4914
    3159      13.2967
    3160      13.2910
    3161      13.0985
    3162      12.9479
    3163      13.4248
    3164      13.3952
    3165      13.1237
    3166      13.3002
    3167      13.7207
    3168      13.7894
    3169      12.8300
    3170      13.0849
    3171      13.1037
    3172      12.2598
    3173      12.2906
    3174      12.8433
    3175      12.4029
    3176      12.4144
    3177      12.3894
    3178      11.0944
    3179      11.9258
    3180      11.5110
    3181      11.9118
    3182      11.8901
    3183      11.8915
    3184      12.3250
    3185      12.1183
    3186      11.1191
    3187      11.7058
    3188      10.8768
    3189      10.6270
    3190      10.7498
    3191      10.9291
    3192      10.8407
    3193      10.8706
    3194      10.6275
    3195      10.8556
    3196      10.8425
    3197      10.5878
    3198      10.6080
    3199      10.2684
    3200      10.4384
    3201      10.6408
    3202      10.1558
    3203      10.0817
    3204      10.3949
    3205      10.5618
    3206      10.4669
    3207      10.6190
    3208      10.6882
    3209      10.4877
    3210      10.4772
    3211      10.6350
    3212      10.3446
    3213      10.4663
    3214      10.5084
    3215      10.4323
    3216      10.6379
    3217      11.2234
    3218      10.7012
    3219      10.2287
    3220      10.5863
    3221      10.5539
    3222      10.9261
    3223      10.3875
    3224      10.4997
    3225      10.5019
    3226      10.3162
    3227       9.9926
    3228       9.9855
    3229      10.6992
    3230      10.1958
    3231      10.2430
    3232      10.3943
    3233       9.7400
    3234       9.8662
    3235      10.2853
    3236      10.8367
    3237      10.4585
    3238      10.3216
    3239      10.3887
    3240      10.8818
    3241      10.6081
    3242      10.6531
    3243      11.4685
    3244      11.7543
    3245      10.9765
    3246      11.3106
    3247      11.2219
    3248      11.0710
    3249      11.3461
    3250      10.4806
    3251      10.3026
    3252      10.3452
    3253      10.7011
    3254      10.5749
    3255      12.0004
    3256      11.7288
    3257      12.0744
    3258      12.5911
    3259      12.5190
    3260      11.6773
    3261      11.7863
    3262      11.8434
    3263      12.0317
    3264      11.8673
    3265      12.2091
    3266      12.5347
    3267      12.7918
    3268      12.0050
    3269      12.2535
    3270      12.3437
    3271      12.6188
    3272      12.9798
    3273      13.2255
    3274      13.0734
    3275      14.4254
    3276      14.3182
    3277      13.3602
    3278      12.9898
    3279      12.9854
    3280      13.1963
    3281      13.1483
    3282      13.0516
    3283      13.4873
    3284      13.4398
    3285      14.2876
    3286      14.5193
    3287      15.5876
    3288      15.4898
    3289      14.9541
    3290      14.3677
    3291      13.9551
    3292      13.8097
    3293      14.4182
    3294      14.3594
    3295      13.6910
    3296      13.8630
    3297      13.4821
    3298      13.3382
    3299      12.7480
    3300      13.4503
    3301      12.2110
    3302      12.7333
    3303      11.8672
    3304      12.0824
    3305      12.4221
    3306      11.9722
    3307      12.5027
    3308      11.8540
    3309      12.2809
    3310      12.2123
    3311      11.6420
    3312      11.8253
    3313      12.0593
    3314      12.0128
    3315      12.4025
    3316      12.2384
    3317      12.5404
    3318      12.6026
    3319      12.9773
    3320      12.4341
    3321      12.2285
    3322      12.9376
    3323      12.7767
    3324      11.6866
    3325      11.9878
    3326      13.0002
    3327      13.1900
    3328      12.6843
    3329      13.0811
    3330      12.3695
    3331      11.8822
    3332      11.9131
    3333      12.6004
    3334      12.9858
    3335      12.6106
    3336      12.6026
    3337      12.1718
    3338      12.7076
    3339      12.5166
    3340      12.3162
    3341      12.5240
    3342      12.4143
    3343      12.4238
    3344      12.1707
    3345      12.8201
    3346      12.8764
    3347      13.8204
    3348      13.8815
    3349      13.1369
    3350      13.1030
    3351      13.0509
    3352      13.7852
    3353      13.7393
    3354      13.7960
    3355      12.4274
    3356      13.1107
    3357      13.0247
    3358      12.2146
    3359      12.7137
    3360      12.9806
    3361      13.1090
    3362      12.5885
    3363      12.6831
    3364      13.0622
    3365      13.1618
    3366      12.8597
    3367      12.9594
    3368      12.1988
    3369      12.6590
    3370      13.0967
    3371      12.2991
    3372      12.4853
    3373      12.9931
    3374      13.3925
    3375      12.9491
    3376      12.6656
    3377      12.4664
    3378      12.9280
    3379      12.2771
    3380      12.6994
    3381      13.5546
    3382      13.8033
    3383      13.6931
    3384      13.7743
    3385      14.2141
    3386      13.9603
    3387      13.4326
    3388      13.9682
    3389      13.7113
    3390      12.7066
    3391      12.5596
    3392      12.9740
    3393      13.9573
    3394      13.9069
    3395      14.0356
    3396      13.9377
    3397      14.5094
    3398      13.6904
    3399      14.2634
    3400      14.0573
    3401      14.5311
    3402      14.6574
    3403      15.7997
    3404      15.1418
    3405      15.3209
    3406      14.8879
    3407      14.1412
    3408      14.7723
    3409      14.1003
    3410      13.8154
    3411      13.3796
    3412      13.7216
    3413      13.9323
    3414      14.0060
    3415      14.0312
    3416      13.9851
    3417      13.5170
    3418      13.5988
    3419      13.6090
    3420      13.7799
    3421      13.9154
    3422      14.3531
    3423      14.4076
    3424      14.2614
    3425      14.8770
    3426      14.1623
    3427      13.9398
    3428      13.9852
    3429      14.2907
    3430      14.7009
    3431      14.1003
    3432      13.8266
    3433      14.3159
    3434      14.1210
    3435      14.6964
    3436      13.9827
    3437      14.3853
    3438      15.1817
    3439      15.1552
    3440      15.0179
    3441      14.9451
    3442      15.5517
    3443      15.6361
    3444      15.6306
    3445      14.6030
    3446      14.6046
    3447      13.7105
    3448      13.5865
    3449      13.7247
    3450      13.5082
    3451      12.9200
    3452      14.6212
    3453      14.0601
    3454      14.5663
    3455      13.8985
    3456      14.2303
    3457      15.7441
    3458      15.4683
    3459      15.5356
    3460      15.5044
    3461      15.3295
    3462      14.3624
    3463      14.3041
    3464      14.9984
    3465      14.9885
    3466      15.4800
    3467      16.0183
    3468      15.0604
    3469      14.4948
    3470      13.8886
    3471      14.3290
    3472      14.4038
    3473      14.4878
    3474      14.7220
    3475      13.9638
    3476      14.9059
    3477      14.9204
    3478      14.5036
    3479      14.3855
    3480      14.6750
    3481      14.2066
    3482      13.8538
    3483      13.9125
    3484      13.7647
    3485      13.9037
    3486      14.0314
    3487      14.1602
    3488      13.9190
    3489      13.5474
    3490      13.2205
    3491      12.8923
    3492      13.5307
    3493      14.6361
    3494      14.8385
    3495      15.6471
    3496      15.7421
    3497      14.9963
    3498      15.5030
    3499      15.5918
    3500      16.2714
    3501      15.3045
    3502      15.8040
    3503      14.5391
    3504      15.1100
    3505      13.6672
    3506      14.2009
    3507      14.3484
    3508      14.7132
    3509      15.3774
    3510      14.7447
    3511      15.5343
    3512      15.9833
    3513      15.1478
    3514      14.5778
    3515      14.5623
    3516      15.2507
    3517      14.7484
    3518      14.1421
    3519      13.3501
    3520      13.5935
    3521      14.2190
    3522      13.8541
    3523      13.9062
    3524      13.7348
    3525      13.7141
    3526      13.3574
    3527      12.9357
    3528      13.5790
    3529      14.1078
    3530      13.4327
    3531      12.5128
    3532      13.2720
    3533      12.1537
    3534      12.5520
    3535      12.2835
    3536      11.6993
    3537      11.9022
    3538      12.9444
    3539      12.3575
    3540      12.7185
    3541      12.6500
    3542      12.9940
    3543      12.6819
    3544      12.3621
    3545      12.0155
    3546      12.3658
    3547      12.0121
    3548      11.6485
    3549      11.5679
    3550      11.4135
    3551      11.9334
    3552      10.4098
    3553      11.4577
    3554      11.5399
    3555      11.6124
    3556      12.0395
    3557      12.4883
    3558      12.1214
    3559      12.4241
    3560      11.9733
    3561      11.8589
    3562      11.6690
    3563      11.4296
    3564      11.5135
    3565      11.9708
    3566      12.8731
    3567      13.4841
    3568      12.3972
    3569      12.3627
    3570      13.0984
    3571      13.0087
    3572      13.2851
    3573      13.6546
    3574      14.2392
    3575      14.9381
    3576      14.4298
    3577      14.0888
    3578      13.6600
    3579      14.6098
    3580      15.1811
    3581      14.9429
    3582      14.7476
    3583      14.8940
    3584      14.8014
    3585      14.0145
    3586      14.1974
    3587      16.0349
    3588      15.0968
    3589      13.6056
    3590      13.2117
    3591      13.1665
    3592      12.0604
    3593      12.6209
    3594      12.0320
    3595      12.2978
    3596      12.0454
    3597      11.2886
    3598      12.3050
    3599      12.2303
    3600      12.2264
    3601      12.8328
    3602      12.7480
    3603      12.7872
    3604      13.9238
    3605      14.2532
    3606      14.0300
    3607      13.9430
    3608      14.4574
    3609      14.5449
    3610      14.7563
    3611      14.7867
    3612      15.2310
    3613      15.7751
    3614      16.5250
    3615      15.2392
    3616      15.6066
    3617      14.9008
    3618      14.3494
    3619      15.3289
    3620      14.2827
    3621      14.4754
    3622      13.9713
    3623      14.4355
    3624      13.9088
    3625      14.6899
    3626      14.1667
    3627      14.0971
    3628      14.2461
    3629      14.5804
    3630      14.9486
    3631      14.3803
    3632      15.6393
    3633      16.4790
    3634      16.2563
    3635      16.8123
    3636      15.9426
    3637      15.5285
    3638      16.0404
    3639      16.9738
    3640      16.4762
    3641      16.5911
    3642      15.4894
    3643      15.0821
    3644      15.5117
    3645      16.6986
    3646      16.2738
    3647      15.9178
    3648      15.5030
    3649      14.4674
    3650      14.1682
    3651      14.5025
    3652      15.3388
    3653      15.2533
    3654      15.8767
    3655      16.1988
    3656      16.2055
    3657      15.4778
    3658      14.9395
    3659      15.2219
    3660      15.5670
    3661      15.5754
    3662      15.6909
    3663      15.1904
    3664      16.0049
    3665      15.8618
    3666      15.4594
    3667      14.8932
    3668      14.5019
    3669      14.7086
    3670      14.4662
    3671      14.2794
    3672      13.8046
    3673      12.8091
    3674      13.6201
    3675      13.8415
    3676      13.0313
    3677      13.7238
    3678      13.1315
    3679      13.6758
    3680      14.0629
    3681      13.7571
    3682      13.4946
    3683      13.4569
    3684      14.1433
    3685      14.2083
    3686      13.9607
    3687      14.4624
    3688      14.9557
    3689      15.4691
    3690      15.1301
    3691      14.6167
    3692      14.6864
    3693      14.9248
    3694      14.5679
    3695      13.9350
    3696      14.3819
    3697      14.7509
    3698      15.1501
    3699      14.7746
    3700      14.0082
    3701      13.3725
    3702      13.6380
    3703      13.2733
    3704      12.7211
    3705      12.6142
    3706      12.6885
    3707      12.3436
    3708      13.5108
    3709      13.6734
    3710      13.3676
    3711      13.7773
    3712      12.9107
    3713      13.3145
    3714      13.8773
    3715      12.8000
    3716      14.1373
    3717      11.7935
    3718      12.5520
    3719      13.3067
    3720      12.7429
    3721      13.4106
    3722      13.6025
    3723      13.6004
    3724      14.0858
    3725      13.5025
    3726      13.1346
    3727      14.2610
    3728      14.0907
    3729      14.1975
    3730      13.0623
    3731      12.8020
    3732      12.7810
    3733      12.6131
    3734      13.1957
    3735      13.4769
    3736      13.9572
    3737      13.4210
    3738      13.5318
    3739      13.1032
    3740      12.3170
    3741      12.9592
    3742      12.9667
    3743      12.7754
    3744      13.1126
    3745      13.1863
    3746      13.0497
    3747      13.3133
    3748      14.3858
    3749      14.5098
    3750      15.5905
    3751      14.9297
    3752      15.3625
    3753      16.1178
    3754      15.9403
    3755      15.6435
    3756      15.6240
    3757      15.1889
    3758      14.6734
    3759      15.8680
    3760      16.4448
    3761      16.2429
    3762      15.6173
    3763      16.2050
    3764      15.7083
    3765      15.9840
    3766      16.7498
    3767      16.1718
    3768      15.9002
    3769      15.8564
    3770      15.4537
    3771      16.1112
    3772      16.3771
    3773      17.5567
    3774      16.8310
    3775      16.8696
    3776      15.8419
    3777      15.4883
    3778      15.5001
    3779      15.6564
    3780      15.4410
    3781      15.2717
    3782      16.4399
    3783      16.2157
    3784      16.0586
    3785      14.6238
    3786      15.8329
    3787      15.3429
    3788      15.3468
    3789      15.6705
    3790      14.9504
    3791      15.1083
    3792      15.5632
    3793      16.0181
    3794      16.4259
    3795      16.0981
    3796      16.4976
    3797      16.9751
    3798      18.0404
    3799      16.6485
    3800      16.8975
    3801      16.6280
    3802      16.3728
    3803      17.0800
    3804      17.6178
    3805      18.2856
    3806      16.8074
    3807      16.7826
    3808      16.6192
    3809      17.6141
    3810      17.9409
    3811      19.3077
    3812      18.6167
    3813      18.5349
    3814      18.6456
    3815      18.3625
    3816      18.0432
    3817      17.9853
    3818      18.2913
    3819      18.5026
    3820      18.3454
    3821      18.2412
    3822      17.9791
    3823      17.3924
    3824      18.5409
    3825      18.5747
    3826      18.2868
    3827      18.6181
    3828      17.9370
    3829      17.9715
    3830      18.5142
    3831      18.3388
    3832      18.4933
    3833      16.5866
    3834      16.0886
    3835      15.9993
    3836      16.1634
    3837      16.6577
    3838      15.7748
    3839      15.6798
    3840      13.9538
    3841      14.1292
    3842      13.4618
    3843      12.9748
    3844      12.7586
    3845      13.7506
    3846      14.0546
    3847      15.1924
    3848      15.2735
    3849      15.3331
    3850      15.3846
    3851      15.7097
    3852      15.4221
    3853      16.3443
    3854      16.5198
    3855      17.5966
    3856      18.5218
    3857      18.7448
    3858      18.8408
    3859      20.3055
    3860      20.9765
    3861      21.2421
    3862      23.1450
    3863      23.7015
    3864      22.7728
    3865      22.9843
    3866      22.9880
    3867      22.3294
    3868      22.9593
    3869      21.1839
    3870      22.4711
    3871      23.8651
    3872      24.2933
    3873      23.9936
    3874      25.5224
    3875      25.8836
    3876      24.4204
    3877      24.8960
    3878      25.4581
    3879      25.7146
    3880      25.8859
    3881      24.1154
    3882      23.9528
    3883      24.0222
    3884      24.0298
    3885      24.3580
    3886      24.6954
    3887      25.7784
    3888      25.1405
    3889      25.7215
    3890      25.3201
    3891      25.4108
    3892      26.5124
    3893      25.7108
    3894      25.1811
    3895      26.4459
    3896      26.2419
    3897      25.7904
    3898      25.1802
    3899      25.6176
    3900      24.9525
    3901      24.9748
    3902      25.5614
    3903      25.3689
    3904      25.5701
    3905      24.4554
    3906      24.4056
    3907      24.1886
    3908      23.8594
    3909      23.7943
    3910      22.9313
    3911      23.1724
    3912      22.8717
    3913      23.1633
    3914      22.4423
    3915      23.3987
    3916      23.9453
    3917      23.2908
    3918      22.5939
    3919       7.6224
    3920       6.4378
    3921       7.2088
    3922       6.7341
    3923       6.5303
    3924      22.1453
    3925       7.2577
    3926       7.8546
    3927       7.2468
    3928       7.1056
    3929       6.5089
    3930       6.8569
    3931       6.8526
    3932      20.2025
    3933      21.0130
    3934      22.1542
    3935      21.3663
    3936      20.8790
    3937      20.9872
    3938      21.4537
    3939      21.2369
    3940      21.0276
    3941       7.5599
    3942       7.9049
    3943       7.9673
    3944       7.8588
    3945       8.6396
    3946       8.7618
    3947       8.8895
    3948       9.1425
    3949       9.1082
    3950       9.0653
    3951       9.0673
    3952       9.1378
    3953       9.3679
    3954       9.0876
    3955       8.7389
    3956       9.0828
    3957       9.0845
    3958       9.3054
    3959       9.4279
    3960       9.5993
    3961       9.8315
    3962       9.7114
    3963       9.4188
    3964       9.2678
    3965       9.6030
    3966       9.8211
    3967       9.1223
    3968       9.7583
    3969       9.5537
    3970       9.8361
    3971      10.4662
    3972      10.1689
    3973       9.7908
    3974       9.3948
    3975       8.7096
    3976       9.2502
    3977       9.4525
    3978       9.5826
    3979       9.6730
    3980       9.5452
    3981       9.8928
    3982      10.2044
    3983      10.1344
    3984      10.3585
    3985      10.6667
    3986      10.9432
    3987      10.9259
    3988      10.2344
    3989       9.9769
    3990       9.8992
    3991      10.1221
    3992      10.6843
    3993      10.2245
    3994      10.5450
    3995      10.5226
    3996      10.4234
    3997      10.4858
    3998      10.3596
    3999      10.3575
    4000       9.9491
    4001       9.7085
    4002       9.8579
    4003       9.7227
    4004      10.0208
    4005       9.5997
    4006      10.1002
    4007       9.6990
    4008       9.7035
    4009       9.5370
    4010       9.4633
    4011       9.9366
    4012      10.8182
    4013      10.5304
    4014      11.3809
    4015      10.7436
    4016      11.0268
    4017      11.9518
    4018      11.0289
    4019      10.7621
    4020      10.9444
    4021      10.7698
    4022      10.3469
    4023      11.5254
    4024      11.9744
    4025      11.4471
    4026      10.4061
    4027      10.1075
    4028      19.5042
    4029      19.5146
    4030      18.8952
    4031      19.6298
    4032      19.8333
    4033      12.3008
    4034      12.3230
    4035      12.0510
    4036      12.3429
    4037      12.2853
    4038      11.0176
    4039      11.5886
    4040      22.6577
    4041      22.4742
    4042      23.0335
    4043      23.0849
    4044      11.0691
    4045      12.7400
    4046      11.3383
    4047      12.0881
    4048      11.6460
    4049      12.5904
    4050      12.4807
    4051      12.7052
    4052      12.6667
    4053      12.8447
    4054      13.1798
    4055      13.1582
    4056      12.7210
    4057      12.7075
    4058      13.6408
    4059      13.6111
    4060      12.3115
    4061      12.0189
    4062      12.9629
    4063      12.2858
    4064      12.7829
    4065      13.8601
    4066      12.9497
    4067      12.7428
    4068      13.4576
    4069      13.7219
    4070      14.9493
    4071      20.3278
    4072      32.7252
    4073      21.0419
    4074      20.7945
    4075      20.4738
    4076      18.5100
    4077      19.7135
    4078      21.4577
    4079      33.1537
    4080      32.2913
    4081      32.2186
    4082      31.3563
    4083      31.5284
    4084      20.8519
    4085      31.5820
    4086      20.6222
    4087      20.6699
    4088      20.6478
    4089      30.4336
    4090      31.1581
    4091      20.8379
    4092      21.8595
    4093      21.3852
    4094      23.6103
    4095      20.5136
    4096      21.4353
    4097      20.8820
    4098      22.2121
    4099      30.6740
    4100      28.2318
    4101      31.5921
    4102      31.3137
    4103      30.3582
    4104      29.9070
    4105      29.4557
    4106      32.8731
    4107      16.4409
    4108      11.8377
    4109      34.5645
    4110      33.9120
    4111      11.3868
    4112      34.7415
    4113      20.6961
    4114      10.9226
    4115      11.6815
    4116      12.7405
    4117      13.1904
    4118      12.8783
    4119      33.7317
    4120      33.9281
    4121      34.7321
    4122      35.7342
    4123      14.4517
    4124      36.2826
    4125      15.7403
    4126      16.4705
    4127      36.2282
    4128      17.6329
    4129      17.2317
    4130      16.8973
    4131      16.7693
    4132      16.5558
    4133      22.4078
    4134      27.0859
    4135      41.2778
    4136      34.2973
    4137      34.4213
    4138      34.3708
    4139      35.2730
    4140      35.1357
    4141      34.1282
    4142      36.8110
    4143      39.0882
    4144      38.8537
    4145      22.3668
    4146      22.3674
    4147      21.2749
    4148      19.7485
    4149      18.8439
    4150      19.1376
    4151      18.9606
    4152      21.3970
    4153      22.3652
    4154      22.8857
    4155      21.9943
    4156      19.0153
    4157      18.5664
    4158      18.2554
    4159      16.8172
    4160      17.6387
    4161      17.9444
    4162      19.9394
    4163      20.6794
    4164      19.7471
    4165      20.1302
    4166      19.4829
    4167      19.8027
    4168      19.2569
    4169      19.5530
    4170      18.9132
    4171      24.9953
    4172      35.0091
    4173      35.3316
    4174      19.6135
    4175      23.3013
    4176      25.2573
    4177      35.9481
    4178      39.2119
    4179      39.5044
    4180      37.9424
    4181      37.7965
    4182      38.6362
    4183      39.1131
    4184      39.1141
    4185      38.1541
    4186      24.2302
    4187      25.3928
    4188      27.1881
    4189      38.1367
    4190      34.3425
    4191      21.4639
    4192      33.1718
    4193      39.3030
    4194      34.6363
    4195      36.1793
    4196      20.5774
    4197      19.5656
    4198      20.1895
    4199      20.1294
    4200      20.1593
    4201      21.2768
    4202      20.2278
    4203      19.8737
    4204      19.1446
    4205      32.0450
    4206      32.4813
    4207      18.7939
    4208      19.1561
    4209      33.0228
    4210      32.5073
    4211      31.9387
    4212      28.2219
    4213      29.8501
    4214      25.6890
    4215      29.0948
    4216      27.2604
    4217      29.1868
    4218      28.0594
    4219      29.4033
    4220      27.7509
    4221      27.8515
    4222      26.3025
    4223      26.4763
    4224      26.7891
    4225      27.5197
    4226      28.8684
    4227      27.0940
    4228      28.6549
    4229      28.5442
    4230      29.7755
    4231      30.7781
    4232      27.6827
    4233      28.2956
    4234      28.1325
    4235      31.0505
    4236      31.0368
    4237      30.3863
    4238      29.2947
    4239      28.3176
    4240      30.0397
    4241      29.5836
    4242      29.4742
    4243      30.5520
    4244      31.4103
    4245      31.0185
    4246      32.2277
    4247      31.3042
    4248      30.3216
    4249      30.2437
    4250      28.4607
    4251      24.7633
    4252      25.0145
    4253      23.3026
    4254      22.9421
    4255      23.5562
    4256      23.4711
    4257      23.3952
    4258      22.7382
    4259      28.2435
    4260      21.8985
    4261      22.8722
    4262      23.4877
    4263      24.0444
    4264      23.8369
    4265      23.5455
    4266      22.1702
    4267      22.8782
    4268      23.7098
    4269      23.4961
    4270      16.9617
    4271      18.0162
    4272      17.2502
    4273      17.9536
    4274      23.1754
    4275      23.8153
    4276      24.4768
    4277      27.5281
    4278      24.1098
    4279      24.6508
    4280      24.5525
    4281      25.7642
    4282      24.4436
    4283      23.0964
    4284      23.5023
    4285      24.0278
    4286      23.0001
    4287      23.4938
    4288      22.5763
    4289      23.1445
    4290      21.9662
    4291      22.4740
    4292      22.6076
    4293      22.7086
    4294      23.4375
    4295      22.9537
    4296      22.6585
    4297      23.0470
    4298      23.6561
    4299      22.8413
    4300      23.6928
    4301      23.2416
    4302      25.0752
    4303      26.1005
    4304      28.2785
    4305      27.5775
    4306      28.0876
    4307      29.1836
    4308      30.0124
    4309      30.1820
    4310      29.7406
    4311      30.5715
    4312      31.6754
    4313      31.2116
    4314      30.7181
    4315      32.0711
    4316      30.3828
    4317      32.1086
    4318      31.3373
    4319      31.2986
    4320      32.6439
    4321      31.7840
    4322      31.0244
    4323      31.2647
    4324      31.7900
    4325      30.8763
    4326      30.8210
    4327      29.5758
    4328      30.6100
    4329      33.0316
    4330      33.5398
    4331      32.8639
    4332      33.1314
    4333      32.5270
    4334      32.7786
    4335      30.6092
    4336      31.4723
    4337      30.4128
    4338      29.8074
    4339      31.0255
    4340      29.2184
    4341      32.2471
    4342      30.9055
    4343      31.6469
    4344      30.7305
    4345      29.8293
    4346      32.8193
    4347      33.0885
    4348      31.0473
    4349      30.7684
    4350      32.7476
    4351      31.8767
    4352      34.7042
    4353      36.5897
    4354      32.9354
    4355      36.1591
    4356      32.1002
    4357      37.3849
    4358      37.6693
    4359      38.5012
    4360      33.4009
    4361      32.5708
    4362      38.9888
    4363      37.1940
    4364      36.5042
    4365      35.6218
    4366      36.6146
    4367      35.7595
    4368      35.4424
    4369      36.2200
    4370      35.5463
    4371      36.1410
    4372      35.9741
    4373      36.7578
    4374      36.2095
    4375      35.7176
    4376      35.4761
    4377      36.9284
    4378      37.5274
    4379      37.2237
    4380      37.5299
    4381      37.3199
    4382      36.3793
    4383      36.6639
    4384      35.8340
    4385      35.4974
    4386      36.6242
    4387      36.6762
    4388      36.8113
    4389      37.4601
    4390      41.4419
    4391      39.5520
    4392      39.0512
    4393      39.6695
    4394      37.2712
    4395      36.3092
    4396      35.3104
    4397      35.8415
    4398      34.7177
    4399      34.9450
    4400      35.6915
    4401      35.4880
    4402      36.9786
    4403      36.1619
    4404      36.4428
    4405      36.8478
    4406      38.3368
    4407      38.6385
    4408      38.0438
    4409      33.7480
    4410      34.4374
    4411      34.2330
    4412      40.9299
    4413      42.7703
    4414      30.2000
    4415      20.8675
    4416      29.6566
    4417      29.9340
    4418      28.8966
    4419      28.9968
    4420      28.3249
    4421      28.1401
    4422      27.5482
    4423      28.3841
    4424      27.8170
    4425      27.7011
    4426      27.6868
    4427      29.1370
    4428      30.4527
    4429      20.3880
    4430      20.2147
    4431      21.3745
    4432      21.1499
    4433      20.3779
    4434      20.1577
    4435      20.1561
    4436      19.0354
    4437      30.4094
    4438      29.6719
    4439      29.6617
    4440      28.4205
    4441      29.4085
    4442      30.3992
    4443      28.8577
    4444      26.4768
    4445      26.1554
    4446      25.5115
    4447      25.0504
    4448      24.9136
    4449      26.1341
    4450      26.1101
    4451      24.0309
    4452      25.1921
    4453      24.1025
    4454      22.0231
    4455      23.2700
    4456      22.7089
    4457      23.0407
    4458      25.0886
    4459      26.9242
    4460      29.4460
    4461      29.9656
    4462      29.4305
    4463      31.8816
    4464      40.7669
    4465      40.7686
    4466      40.0815
    4467      32.6666
    4468      33.2081
    4469      33.5616
    4470      30.6118
    4471      31.6815
    4472      32.8969
    4473      31.6184
    4474      32.7495
    4475      31.4791
    4476      33.6181
    4477      35.5518
    4478      21.0048
    4479      34.1752
    4480      31.9536
    4481      30.2885
    4482      27.9851
    4483      29.0931
    4484      32.0886
    4485      34.3752
    4486      34.7034
    4487      35.5146
    4488      35.3540
    4489      25.6512
    4490      22.8112
    4491      38.5937
    4492      27.0442
    4493      28.1664
    4494      27.0243
    4495      27.5890
    4496      27.0562
    4497      27.6730
    4498      39.7078
    4499      38.9676
    4500      38.8019
    4501      37.3459
    4502      39.4453
    4503      38.8656
    4504      39.0392
    4505      29.8344
    4506      29.9769
    4507      20.9278
    4508      20.4399
    4509      33.0208
    4510      19.1308
    4511      31.5162
    4512      18.2999
    4513      19.2611
    4514      31.2704
    4515      17.4638
    4516      16.4033
    4517      17.2564
    4518      32.7640
    4519      31.8528
    4520      15.3083
    4521      15.1965
    4522      15.3373
    4523      14.5563
    4524      15.5199
    4525      15.1311
    4526      14.6653
    4527      15.0782
    4528      15.4548
    4529      15.2306
    4530      15.1517
    4531      15.9197
    4532      15.5270
    4533      16.1842
    4534      15.2293
    4535      14.6978
    4536      16.5953
    4537      16.9678
    4538      15.7095
    4539      16.4405
    4540      16.8497
    4541      16.4652
    4542      15.5945
    4543      15.7465
    4544      14.4124
    4545      14.7206
    4546      14.4912
    4547      15.8978
    4548      15.0293
    4549      15.5181
    4550      15.9201
    4551      16.3439
    4552      15.3418
    4553      15.1551
    4554      15.2205
    4555      14.9548
    4556      14.9766
    4557      13.5982
    4558      13.0773
    4559      12.9960
    4560      13.7757
    4561      14.1427
    4562      14.5186
    4563      14.0171
    4564      14.4811
    4565      13.8402
    4566      13.2469
    4567      13.0250
    4568      13.1841
    4569      13.6429
    4570      13.9208
    4571      13.7818
    4572      13.0169
    4573      13.2584
    4574      14.6364
    4575      14.1414
    4576      14.8540
    4577      14.3307
    4578      14.0374
    4579      14.1259
    4580      13.8732
    4581      12.9839
    4582      13.4688
    4583      13.3378
    4584      13.1528
    4585      13.4212
    4586      12.9411
    4587      12.0783
    4588      11.9761
    4589      12.9316
    4590      12.8406
    4591      13.0714
    4592      12.2682
    4593      13.0390
    4594      12.5210
    4595      12.0471
    4596      12.3524
    4597      12.0961
    4598      11.1447
    4599      10.9612
    4600      11.2606
    4601      11.3828
    4602      11.5893
    4603      12.0662
    4604      11.9278
    4605      12.1423
    4606      12.1426
    4607      11.9469
    4608      11.7066
    4609      11.6401
    4610      11.4616
    4611      11.2312
    4612      11.7954
    4613      11.3232
    4614      11.6884
    4615      10.7076
    4616      11.1124
    4617      11.3964
    4618      10.2953
    4619       9.8040
    4620       9.5475
    4621       9.2094
    4622       9.0499
    4623       8.5495
    4624       8.9852
    4625       9.3547
    4626      10.0079
    4627       9.7654
    4628      11.0471
    4629      10.5152
    4630      10.3940
    4631       9.3497
    4632      10.1184
    4633       9.2578
    4634      10.4276
    4635      10.2930
    4636      10.2286
    4637      12.3248
    4638      12.0544
    4639      11.1257
    4640      12.2044
    4641      11.9301
    4642      11.8951
    4643      12.6678
    4644      14.2333
    4645      14.2708
    4646      12.9122
    4647      12.4908
    4648      12.7954
    4649      12.8711
    4650      13.9262
    4651      13.5131
    4652      14.1606
    4653      14.1197
    4654      15.4336
    4655      16.1129
    4656      15.1978
    4657      15.2187
    4658      15.1940
    4659      16.5727
    4660      16.7468
    4661      16.4975
    4662      15.6644
    4663      14.4965
    4664      15.7116
    4665      17.0038
    4666      18.3164
    4667      17.9135
    4668      17.5899
    4669      17.6580
    4670      16.7487
    4671      16.4408
    4672      16.3828
    4673      14.7623
    4674      14.8549
    4675      13.9038
    4676      13.0718
    4677      14.2470
    4678      13.8868
    4679      13.8789
    4680      14.4961
    4681      13.5330
    4682      12.2482
    4683      12.2364
    4684      12.3512
    4685      14.2660
    4686      13.2824
    4687      14.1942
    4688      15.1114
    4689      14.9506
    4690      15.4427
    4691      16.2739
    4692      17.0603
    4693      18.0115
    4694      17.3881
    4695      18.1738
    4696      17.2717
    4697      17.4696
    4698      17.4476
    4699      17.3562
    4700      17.4310
    4701      16.5695
    4702      17.2287
    4703      17.3635
    4704      17.6996
    4705      16.5896
    4706      16.9112
    4707      17.6015
    4708      18.6734
    4709      18.3169
    4710      18.1229
    4711      17.9382
    4712      17.0634
    4713      17.0514
    4714      17.5490
    4715      16.8403
    4716      16.6524
    4717      16.9557
    4718      17.3924
    4719      16.8371
    4720      17.3794
    4721      16.4584
    4722      16.9768
    4723      16.8074
    4724      16.4043
    4725      16.0028
    4726      15.5079
    4727      15.0662
    4728      15.5357
    4729      16.0605
    4730      15.4022
    4731      14.9211
    4732      15.3845
    4733      14.2160
    4734      13.7701
    4735      14.4382
    4736      15.2721
    4737      15.5488
    4738      15.7990
    4739      17.1957
    4740      16.8164
    4741      16.2260
    4742      15.6641
    4743      16.0091
    4744      14.6160
    4745      14.5067
    4746      14.8774
    4747      16.0202
    4748      15.7150
    4749      16.3307
    4750      14.9718
    4751      15.6099
    4752      16.1062
    4753      15.8487
    4754      16.6744
    4755      15.8896
    4756      15.3659
    4757      15.3088
    4758      15.2693
    4759      15.2389
    4760      15.6938
    4761      16.1557
    4762      15.3995
    4763      15.4966
    4764      15.0413
    4765      14.7048
    4766      15.3468
    4767      16.0881
    4768      15.6044
    4769      15.4850
    4770      15.1144
    4771      16.1949
    4772      15.9417
    4773      14.8865
    4774      14.8861
    4775      13.9840
    4776      13.9924
    4777      14.3596
    4778      14.1470
    4779      14.5937
    4780      14.8180
    4781      14.6834
    4782      14.1814
    4783      14.9316
    4784      14.6036
    4785      15.0703
    4786      14.7685
    4787      14.2515
    4788      13.9128
    4789      13.6881
    4790      13.2218
    4791      13.2439
    4792      14.6899
    4793      13.9051
    4794      14.0491
    4795      13.4652
    4796      13.7562
    4797      13.5000
    4798      14.0679
    4799      14.0103
    4800      13.6247
    4801      15.2378
    4802      14.4214
    4803      14.8629
    4804      14.5739
    4805      15.1305
    4806      14.7371
    4807      14.7075
    4808      15.0459
    4809      15.5589
    4810      15.4979
    4811      15.3521
    4812      16.2229
    4813      15.9419
    4814      14.8059
    4815      14.7525
    4816      14.5489
    4817      14.8589
    4818      15.4908
    4819      15.6519
    4820      15.8765
    4821      16.5567
    4822      15.6142
    4823      15.0488
    4824      16.3319
    4825      16.3684
    4826      16.0474
    4827      15.9194
    4828      15.9511
    4829      15.4646
    4830      15.5493
    4831      15.9967
    4832      15.7432
    4833      15.8187
    4834      15.3702
    4835      15.4505
    4836      14.7516
    4837      14.5780
    4838      15.3253
    4839      15.1708
    4840      16.0017
    4841      16.4117
    4842      16.0645
    4843      15.4613
    4844      15.6357
    4845      15.3300
    4846      14.1990
    4847      14.0516
    4848      14.9265
    4849      14.3626
    4850      14.7773
    4851      13.9757
    4852      14.1824
    4853      14.9864
    4854      14.2039
    4855      14.5393
    4856      15.0879
    4857      15.7235
    4858      16.2285
    4859      16.1159
    4860      15.7853
    4861      15.7406
    4862      16.8882
    4863      17.1816
    4864      16.3791
    4865      15.9620
    4866      15.9055
    4867      15.5254
    4868      15.1133
    4869      14.6681
    4870      14.6802
    4871      14.5099
    4872      14.0251
    4873      14.2412
    4874      14.3015
    4875      14.8172
    4876      14.3421
    4877      14.6866
    4878      15.0437
    4879      14.8074
    4880      13.9885
    4881      13.8751
    4882      14.5915
    4883      14.6811
    4884      14.3673
    4885      14.1968
    4886      14.3370
    4887      14.2239
    4888      13.8685
    4889      14.0410
    4890      14.2449
    4891      14.0221
    4892      14.7924
    4893      14.4057
    4894      14.8459
    4895      14.1706
    4896      15.2511
    4897      15.3745
    4898      15.5180
    4899      15.1422
    4900      14.8739
    4901      14.6583
    4902      14.2672
    4903      14.8453
    4904      14.3806
    4905      14.4331
    4906      14.5195
    4907      14.9081
    4908      15.4695
    4909      15.6316
    4910      15.5023
    4911      14.5710
    4912      13.9009
    4913      13.9269
    4914      14.3973
    4915      14.0589
    4916      14.2620
    4917      14.3635
    4918      13.9477
    4919      14.1747
    4920      13.6792
    4921      12.9175
    4922      13.7913
    4923      12.9205
    4924      12.9398
    4925      12.9596
    4926      13.5351
    4927      13.6298
    4928      12.9431
    4929      13.2852
    4930      13.5259
    4931      14.1271
    4932      13.3842
    4933      13.1328
    4934      14.1525
    4935      13.6268
    4936      14.1175
    4937      14.6892
    4938      13.8556
    4939      13.4815
    4940      13.7172
    4941      13.6397
    4942      13.4862
    4943      13.2498
    4944      13.4700
    4945      13.9052
    4946      14.6405
    4947      14.7662
    4948      15.0778
    4949      15.7913
    4950      16.1178
    4951      16.2356
    4952      16.0389
    4953      15.8051
    4954      15.6896
    4955      15.2429
    4956      15.5116
    4957      14.8818
    4958      14.6873
    4959      14.8624
    4960      15.4976
    4961      16.2178
    4962      14.9997
    4963      14.4659
    4964      14.6342
    4965      14.4838
    4966      13.6119
    4967      14.0714
    4968      14.5556
    4969      14.0748
    4970      13.8360
    4971      12.9057
    4972      14.0292
    4973      14.2949
    4974      13.9904
    4975      14.0078
    4976      14.2046
    4977      14.6698
    4978      14.5811
    4979      15.2045
    4980      16.0155
    4981      15.7276
    4982      14.8685
    4983      13.7203
    4984      12.6843
    4985      13.6871
    4986      14.5886
    4987      15.0304
    4988      15.0775
    4989      15.5864
    4990      16.2597
    4991      16.2428
    4992      16.8527
    4993      17.1661
    4994      16.2017
    4995      16.4550
    4996      15.8972
    4997      15.3152
    4998      15.5834
    4999      16.3881
    5000      16.4944
