#Frame    LIGAND_RMSD
       1       0.0000
       2       0.6301
       3       2.3211
       4       1.4187
       5       1.7098
       6       3.1072
       7       2.6896
       8       2.2833
       9       2.2301
      10       3.0829
      11       2.0172
      12       1.2017
      13       1.6256
      14       2.4874
      15       4.0426
      16       3.7014
      17       3.5659
      18       4.2699
      19       4.4964
      20       4.0827
      21       3.5220
      22       4.1003
      23       4.9872
      24       4.7751
      25       4.1309
      26       3.0666
      27       3.7831
      28       4.1944
      29       4.4670
      30       4.7657
      31       4.4777
      32       4.5705
      33       4.3161
      34       4.9809
      35       5.6367
      36       5.1468
      37       5.0908
      38       5.7046
      39       5.6365
      40       5.6636
      41       5.6146
      42       5.2703
      43       5.2373
      44       4.4595
      45       4.3888
      46       4.4891
      47       5.0236
      48       4.6709
      49       4.9619
      50       5.0081
      51       5.2642
      52       5.5743
      53       4.8584
      54       5.0942
      55       4.9659
      56       3.7171
      57       4.1701
      58       5.1551
      59       5.6528
      60       5.4080
      61       6.4368
      62       6.2459
      63       5.9867
      64       6.4814
      65       6.4284
      66       5.6634
      67       5.0761
      68       5.1218
      69       5.1480
      70       5.5745
      71       5.6930
      72       5.3248
      73       5.3428
      74       5.2449
      75       5.3068
      76       5.4244
      77       6.4193
      78       5.9773
      79       6.3682
      80       6.3150
      81       6.1681
      82       6.5895
      83       6.3105
      84       6.5597
      85       6.6415
      86       6.4358
      87       6.3421
      88       6.3037
      89       6.8098
      90       6.3314
      91       5.9860
      92       5.9776
      93       5.2697
      94       5.3777
      95       5.4512
      96       5.7490
      97       4.9147
      98       5.1157
      99       5.2652
     100       5.3851
     101       5.6749
     102       5.3788
     103       5.5342
     104       5.6130
     105       5.2346
     106       4.9721
     107       4.6810
     108       5.5003
     109       5.2750
     110       5.9736
     111       5.8745
     112       6.7496
     113       6.2007
     114       6.2739
     115       6.4955
     116       5.0852
     117       4.9010
     118       4.6493
     119       4.6955
     120       4.4080
     121       4.7682
     122       4.9526
     123       4.9830
     124       5.9589
     125       5.5690
     126       5.3368
     127       5.1018
     128       5.0079
     129       6.1414
     130       6.3335
     131       5.4587
     132       5.3186
     133       6.6642
     134       6.1806
     135       5.9734
     136       6.1983
     137       5.4051
     138       5.0919
     139       6.1495
     140       5.7870
     141       6.1443
     142       5.2903
     143       4.1908
     144       5.0478
     145       5.7195
     146       5.6332
     147       5.3549
     148       5.7477
     149       5.1092
     150       4.2881
     151       4.9724
     152       5.5438
     153       4.5854
     154       5.1027
     155       5.0166
     156       4.7377
     157       5.1830
     158       5.3127
     159       4.7980
     160       4.3959
     161       5.2443
     162       5.3384
     163       4.7907
     164       5.2081
     165       4.9982
     166       4.7809
     167       4.6236
     168       4.8271
     169       5.4629
     170       5.5985
     171       5.0082
     172       4.2171
     173       5.1094
     174       4.2846
     175       4.4694
     176       4.9300
     177       4.6151
     178       5.5252
     179       4.8207
     180       5.2417
     181       5.2014
     182       4.6909
     183       5.6578
     184       4.9286
     185       5.4180
     186       6.2826
     187       5.4291
     188       6.1049
     189       6.1388
     190       6.0944
     191       6.5788
     192       5.9583
     193       5.8799
     194       5.9768
     195       6.2580
     196       5.7588
     197       5.8973
     198       5.6198
     199       5.7653
     200       5.0139
     201       5.6860
     202       4.9264
     203       4.7143
     204       5.6296
     205       5.8185
     206       5.2490
     207       5.1050
     208       4.9799
     209       4.5298
     210       4.9543
     211       4.6429
     212       4.7804
     213       4.9470
     214       5.0832
     215       6.0049
     216       5.3345
     217       5.0121
     218       4.9658
     219       5.3867
     220       4.9345
     221       5.0591
     222       4.9377
     223       5.1627
     224       5.5534
     225       4.6260
     226       4.8227
     227       5.0251
     228       5.1554
     229       6.1718
     230       5.6235
     231       5.3442
     232       5.6866
     233       4.8921
     234       5.3465
     235       5.7637
     236       5.4216
     237       5.3688
     238       5.1980
     239       5.2254
     240       5.3484
     241       4.7428
     242       4.8654
     243       4.9125
     244       4.4916
     245       4.1277
     246       4.1982
     247       4.1456
     248       4.2671
     249       4.7427
     250       4.8029
     251       4.8309
     252       4.6673
     253       5.0882
     254       5.6933
     255       5.1606
     256       5.2657
     257       5.2087
     258       4.6157
     259       4.5658
     260       4.3529
     261       4.4681
     262       4.5438
     263       4.8056
     264       4.4668
     265       3.9689
     266       4.2793
     267       4.2164
     268       4.0205
     269       3.9551
     270       4.2145
     271       4.2432
     272       4.3426
     273       4.1330
     274       4.5584
     275       4.1648
     276       4.0568
     277       4.3925
     278       3.9009
     279       4.1184
     280       4.4564
     281       4.2452
     282       4.6513
     283       3.7889
     284       4.1870
     285       4.3073
     286       4.1440
     287       4.7060
     288       4.7426
     289       4.4666
     290       4.6760
     291       4.3527
     292       4.6964
     293       4.7816
     294       5.4905
     295       5.3566
     296       5.2329
     297       5.2043
     298       5.2016
     299       4.5756
     300       4.7960
     301       4.9941
     302       5.5695
     303       5.5782
     304       5.4677
     305       4.6674
     306       4.7024
     307       5.2409
     308       5.5361
     309       6.0297
     310       5.3973
     311       5.4913
     312       5.2102
     313       5.1157
     314       5.1228
     315       4.7081
     316       4.8985
     317       4.9216
     318       4.3487
     319       4.7239
     320       4.2595
     321       4.0030
     322       3.7249
     323       4.0495
     324       4.2601
     325       4.1638
     326       4.7154
     327       4.0006
     328       4.5181
     329       4.4844
     330       5.1853
     331       5.2567
     332       5.0610
     333       4.7378
     334       5.4764
     335       5.1765
     336       5.6294
     337       4.8440
     338       5.3226
     339       5.3662
     340       4.9146
     341       4.9986
     342       6.2618
     343       6.2619
     344       6.3380
     345       6.8221
     346       6.5977
     347       7.1198
     348       6.6696
     349       7.1663
     350       6.7999
     351       6.6295
     352       6.6357
     353       6.8687
     354       5.0284
     355       5.4487
     356       4.9081
     357       5.6296
     358       5.4551
     359       4.2427
     360       4.7102
     361       5.0126
     362       4.7769
     363       5.2334
     364       4.4903
     365       4.7761
     366       5.1805
     367       5.0213
     368       4.9934
     369       5.0762
     370       5.2806
     371       5.0685
     372       4.2898
     373       4.8152
     374       5.8681
     375       6.5987
     376       6.5801
     377       6.5404
     378       6.3124
     379       5.7674
     380       6.5823
     381       6.5578
     382       6.2093
     383       6.1924
     384       5.8679
     385       5.4392
     386       6.2086
     387       6.6804
     388       6.7447
     389       6.5189
     390       6.5213
     391       6.9866
     392       6.6627
     393       6.2675
     394       6.2541
     395       5.8888
     396       6.2680
     397       5.6940
     398       5.4559
     399       4.6464
     400       5.3902
     401       4.9058
     402       5.2872
     403       5.5628
     404       5.0666
     405       4.8452
     406       5.0783
     407       5.1835
     408       5.2492
     409       5.4884
     410       5.3605
     411       6.0557
     412       6.3404
     413       5.7843
     414       5.9975
     415       6.4113
     416       6.7626
     417       7.1188
     418       6.9386
     419       7.2006
     420       7.2457
     421       6.6975
     422       6.2501
     423       6.2073
     424       6.3553
     425       5.7692
     426       5.0332
     427       5.1495
     428       5.5042
     429       4.9910
     430       4.7147
     431       4.8676
     432       4.4030
     433       5.3451
     434       4.6637
     435       3.9986
     436       4.4048
     437       4.6763
     438       4.8102
     439       5.0612
     440       5.1012
     441       5.0580
     442       5.3696
     443       6.2651
     444       6.5137
     445       6.0695
     446       5.8551
     447       6.8332
     448       6.0183
     449       4.8712
     450       4.1365
     451       4.2384
     452       5.0791
     453       4.7643
     454       5.5872
     455       6.0597
     456       7.5674
     457       8.3230
     458       8.7604
     459       7.8762
     460       7.7987
     461       7.2159
     462       6.5367
     463       7.2297
     464       7.4860
     465       7.7110
     466       7.9072
     467       7.8993
     468       8.3012
     469       8.1374
     470       7.7465
     471       7.0445
     472       8.0191
     473       7.9134
     474       7.7693
     475       7.7680
     476       7.6765
     477       7.2709
     478       6.3793
     479       6.8722
     480       6.6704
     481       6.7253
     482       6.7863
     483       6.0571
     484       6.0348
     485       6.7799
     486       6.6318
     487       6.4023
     488       6.9275
     489       5.8108
     490       5.6991
     491       6.7526
     492       6.5105
     493       6.4317
     494       6.9789
     495       7.3150
     496       7.7845
     497       8.0609
     498       7.7537
     499       8.1102
     500       7.1407
     501       8.1701
     502       9.0519
     503       8.7082
     504       9.1388
     505       9.2526
     506       9.2870
     507      10.0015
     508       9.8188
     509       9.9554
     510      10.6108
     511      11.6578
     512      10.9056
     513      11.0137
     514      11.7286
     515      10.5273
     516      11.1036
     517      10.9466
     518      10.4416
     519      10.6106
     520      10.0565
     521       9.6162
     522       9.4880
     523       9.6405
     524       9.3938
     525       9.9951
     526       8.8048
     527       8.5578
     528       8.6664
     529       8.4060
     530       8.5118
     531       8.4564
     532       7.7889
     533       7.4756
     534       9.4810
     535       8.6057
     536       8.4672
     537       7.6978
     538       8.0112
     539       8.7559
     540       9.1121
     541       9.2573
     542       8.5067
     543       8.9690
     544       8.2206
     545       8.2868
     546       8.6318
     547       9.0663
     548       9.2019
     549       9.2925
     550       8.7413
     551       9.1988
     552      10.0654
     553      10.2915
     554      10.2210
     555      10.1982
     556      10.9443
     557      11.3807
     558      10.2895
     559      11.0044
     560       9.9318
     561      10.0493
     562      10.9135
     563      10.4414
     564      10.6445
     565      11.1045
     566      11.2195
     567      11.1792
     568      11.6249
     569      11.0455
     570      11.0111
     571      11.6541
     572      10.9536
     573      10.5636
     574      11.4465
     575      10.6205
     576      11.7312
     577      11.2198
     578      11.5812
     579      10.7308
     580      10.6119
     581      11.0938
     582      10.8494
     583      10.8628
     584       9.9935
     585      10.3996
     586      10.6575
     587      10.4336
     588      10.2590
     589       9.6101
     590      11.1521
     591      12.1799
     592      12.0122
     593      11.9338
     594      12.1804
     595      28.1622
     596      28.4466
     597      28.5691
     598      28.4439
     599      28.1665
     600      28.4612
     601      27.9840
     602      27.9676
     603      28.0317
     604      28.5249
     605      12.7921
     606      12.3538
     607      11.9077
     608      27.9439
     609      28.5403
     610      28.8672
     611      27.2791
     612      28.1732
     613      27.6661
     614      27.9047
     615      28.2745
     616      28.4043
     617      12.3958
     618      12.2926
     619      12.3825
     620      12.7339
     621      27.2667
     622      13.4645
     623      27.5784
     624      27.3973
     625      27.1307
     626      28.5076
     627      14.5668
     628      14.4575
     629      13.0232
     630      13.0160
     631      12.2126
     632      11.4169
     633      12.7771
     634      13.1951
     635      13.3433
     636      12.5467
     637      12.7027
     638      13.1670
     639      13.3382
     640      13.1377
     641      13.1086
     642      12.1391
     643      12.2050
     644      13.2164
     645      12.4651
     646      12.4183
     647      12.8506
     648      13.1613
     649      13.7647
     650      13.3432
     651      13.4494
     652      13.0325
     653      14.2276
     654      13.5750
     655      13.1435
     656      13.0627
     657      12.7933
     658      12.5783
     659      12.8518
     660      12.0531
     661      11.9344
     662      11.9809
     663      11.7396
     664      11.3939
     665      11.8279
     666      11.1158
     667      11.4358
     668      12.3094
     669      12.6904
     670      11.9025
     671      13.1297
     672      12.3398
     673      12.2171
     674      12.0569
     675      11.0609
     676      10.6583
     677      10.8017
     678      10.6474
     679      10.2892
     680       9.6265
     681       9.3644
     682       9.3835
     683       9.5689
     684       9.8955
     685       8.8913
     686       8.5999
     687       9.1250
     688       9.4536
     689      10.1099
     690      10.8807
     691      10.2474
     692       9.3773
     693      10.1412
     694       9.5733
     695       9.9244
     696       9.0477
     697       9.5506
     698      10.6238
     699      10.6332
     700       8.7594
     701       9.2810
     702       8.9835
     703       9.9219
     704      10.7184
     705       9.1000
     706       9.2295
     707      10.4753
     708      11.6002
     709      11.9043
     710      11.7259
     711      12.2171
     712      11.9240
     713      11.6846
     714      12.7763
     715      11.0305
     716      12.5711
     717      11.3579
     718      11.3001
     719      12.4956
     720      10.8385
     721      13.9912
     722      10.0714
     723       9.7282
     724      10.2385
     725      10.0528
     726       9.4465
     727       8.6314
     728       8.5404
     729       8.9027
     730      11.0887
     731      11.0255
     732      11.1136
     733      12.1435
     734      12.7154
     735      13.0111
     736      12.9818
     737      13.0041
     738      12.3272
     739      11.9115
     740      12.2517
     741      11.7957
     742      12.1028
     743      11.9229
     744      11.6265
     745      11.3273
     746      11.2752
     747      10.5216
     748      10.8147
     749      10.3127
     750       9.5487
     751       9.8917
     752      10.5093
     753      10.5321
     754      10.4477
     755      10.5721
     756      10.5220
     757      10.4229
     758      10.8184
     759      11.3727
     760      11.3322
     761      11.1166
     762      11.5250
     763      11.3085
     764      11.1574
     765      11.9736
     766      11.6890
     767      11.5422
     768      11.4660
     769      11.0943
     770      10.7392
     771      10.4749
     772      10.7500
     773      10.6884
     774      11.2364
     775      11.0041
     776      10.8352
     777      10.0328
     778       9.4495
     779       9.0336
     780       9.7831
     781       9.6569
     782       9.8696
     783       9.6436
     784       9.6338
     785      10.0531
     786      10.1581
     787      10.4213
     788      10.3439
     789      10.1190
     790      10.3995
     791      10.3127
     792      10.5018
     793      10.2246
     794      10.2504
     795       9.9685
     796       9.9745
     797       9.9025
     798       9.8668
     799      10.2542
     800      10.4092
     801      10.4499
     802      10.1875
     803      10.5866
     804      10.7123
     805      10.0089
     806      10.2750
     807      10.4041
     808      10.7003
     809      10.3153
     810      10.2473
     811      10.3383
     812      10.0299
     813      10.2064
     814      10.3024
     815      10.6039
     816      10.3791
     817      10.4448
     818       9.7229
     819       9.1841
     820       9.5879
     821      11.0494
     822      11.2098
     823      10.9625
     824      10.8065
     825      10.3641
     826      10.3297
     827      10.3533
     828      10.5705
     829      10.0423
     830      10.0315
     831       9.9104
     832      10.1007
     833      10.0227
     834      10.9262
     835      10.5862
     836      10.8177
     837      10.7693
     838      10.3247
     839      10.3840
     840      10.3516
     841       9.7131
     842       9.4543
     843       9.9128
     844       9.2009
     845       8.5906
     846       7.8390
     847       7.3761
     848       9.6510
     849      10.4239
     850       9.8340
     851      10.4863
     852      10.5846
     853       9.8461
     854      10.6197
     855      10.3211
     856      10.9918
     857      10.8521
     858      10.2914
     859      10.8490
     860      10.6228
     861      10.5391
     862      10.6715
     863      10.8420
     864      10.3235
     865      10.3039
     866      10.5666
     867      10.6980
     868      10.6368
     869      10.8789
     870      10.9285
     871       7.2735
     872       9.6211
     873      10.5639
     874      10.5709
     875      10.5701
     876      10.2777
     877       7.0619
     878       6.9951
     879       4.2280
     880       7.2152
     881      10.4844
     882      10.3771
     883       9.3229
     884       6.2515
     885       9.1791
     886       9.9599
     887       9.8074
     888       9.3883
     889       9.9506
     890      10.3675
     891       9.5528
     892       9.3359
     893       8.6484
     894       9.3652
     895       9.6365
     896       9.5063
     897       9.5053
     898       9.0764
     899      10.4001
     900      10.0981
     901      10.6275
     902      10.4088
     903      10.5418
     904      10.3982
     905      10.6462
     906      10.4835
     907      10.3137
     908       8.8613
     909       8.3960
     910      10.2414
     911       9.5498
     912       9.4047
     913       9.6769
     914       9.4503
     915       9.7678
     916       9.6493
     917      10.3694
     918       9.8972
     919       9.4879
     920      10.3891
     921      10.2973
     922      10.1368
     923       9.8942
     924      10.0506
     925      10.3003
     926       9.5397
     927       9.3578
     928       9.9122
     929       9.7627
     930       9.3401
     931       9.0048
     932       9.2445
     933       9.4382
     934       9.2651
     935       9.2681
     936       9.5740
     937       9.9492
     938       9.8481
     939       9.2710
     940       9.3539
     941       9.1772
     942       8.8020
     943       8.4050
     944       9.0437
     945       9.5496
     946       9.6204
     947      10.3337
     948       9.5942
     949       8.4506
     950       7.8111
     951      10.2037
     952       9.0523
     953       9.8909
     954       8.5526
     955       8.0649
     956       7.5949
     957       7.6106
     958       7.6161
     959       6.9450
     960       8.3594
     961       7.7635
     962       7.8390
     963       7.4399
     964       7.9490
     965       8.7055
     966       8.6862
     967       8.9515
     968       8.1406
     969       9.6052
     970       8.3781
     971       7.7459
     972       7.4150
     973       6.1246
     974       6.0204
     975       5.7610
     976       6.2427
     977       6.5059
     978       6.8909
     979       6.4835
     980       6.7756
     981       6.5509
     982       7.1225
     983       7.0981
     984       7.6124
     985       7.7893
     986       8.7762
     987       8.2141
     988       8.4313
     989       8.4254
     990       7.6849
     991       7.6924
     992       7.7813
     993       8.4150
     994       8.4209
     995       7.6374
     996       7.2966
     997       7.6721
     998       8.1506
     999       8.5023
    1000       8.6300
    1001       8.4715
    1002       7.7342
    1003       8.5838
    1004       8.1464
    1005       8.1996
    1006       7.8928
    1007       8.3077
    1008       8.7766
    1009       9.5137
    1010       7.8826
    1011       8.8786
    1012       8.9177
    1013       9.4340
    1014       8.9507
    1015       8.7416
    1016       8.4956
    1017       8.6482
    1018       7.2158
    1019       8.1296
    1020       7.8518
    1021       7.6808
    1022       7.0317
    1023       7.7794
    1024       8.7260
    1025       7.6671
    1026       7.4187
    1027       7.2476
    1028       7.3455
    1029       7.2760
    1030       7.3803
    1031       7.7372
    1032       7.5495
    1033       7.5268
    1034       7.8565
    1035       7.8050
    1036       8.1969
    1037       8.0436
    1038       7.4803
    1039       7.7505
    1040       8.2845
    1041       8.1769
    1042       8.4426
    1043       7.9268
    1044       8.0190
    1045       8.7259
    1046       8.8714
    1047       9.1958
    1048       8.7690
    1049       8.9925
    1050       8.6607
    1051       8.9378
    1052       8.6815
    1053       8.8110
    1054       9.1753
    1055       8.8514
    1056       9.0294
    1057       9.5603
    1058       9.7030
    1059       9.3273
    1060       9.0393
    1061       9.5098
    1062       9.5907
    1063       9.5579
    1064       9.9861
    1065       9.8064
    1066       9.9999
    1067      10.3233
    1068       9.8313
    1069      10.0070
    1070      10.2079
    1071       9.6967
    1072       9.8225
    1073       9.7289
    1074       9.5277
    1075      10.0255
    1076       9.5781
    1077       9.7953
    1078       9.7458
    1079       9.5516
    1080       9.5765
    1081      10.0281
    1082       9.5202
    1083       9.3258
    1084       9.1937
    1085       9.2504
    1086       9.2095
    1087       9.8212
    1088       9.0317
    1089       9.1972
    1090       9.1050
    1091       9.0520
    1092       9.4412
    1093       9.9033
    1094       9.7299
    1095       9.5394
    1096       9.6121
    1097       9.4237
    1098       9.9620
    1099      10.2333
    1100      10.0396
    1101      10.3715
    1102      10.3690
    1103      10.3382
    1104      10.1458
    1105      10.3531
    1106      10.4716
    1107      10.1396
    1108       9.6318
    1109      10.3399
    1110      10.0292
    1111       9.3854
    1112      10.0864
    1113      10.0200
    1114       9.8249
    1115      10.0018
    1116      10.2847
    1117      10.2210
    1118      10.0759
    1119       9.9449
    1120       9.9176
    1121      10.0776
    1122       9.9385
    1123       9.9547
    1124      10.0991
    1125      10.0314
    1126       9.6588
    1127      10.2169
    1128       9.8705
    1129      10.3606
    1130      10.2090
    1131       9.6976
    1132       9.3839
    1133       9.6508
    1134       9.8096
    1135       9.7673
    1136       9.4810
    1137       9.7390
    1138       9.6530
    1139       8.9379
    1140       9.4364
    1141       9.5856
    1142       9.5328
    1143      10.1045
    1144       9.6509
    1145       9.2248
    1146       9.2958
    1147       9.3099
    1148       9.1174
    1149       9.3145
    1150       9.6865
    1151      10.0936
    1152       9.9347
    1153       9.7820
    1154       9.6131
    1155       9.5614
    1156       9.6346
    1157       9.9240
    1158       9.6436
    1159      10.4184
    1160       9.6328
    1161       9.8885
    1162       9.8573
    1163       9.8877
    1164       9.5142
    1165      10.1869
    1166       9.5226
    1167       9.5391
    1168      10.1730
    1169      10.2542
    1170      10.5374
    1171       9.9421
    1172      10.0342
    1173      10.3818
    1174      10.6380
    1175      10.6755
    1176      10.2147
    1177      10.4484
    1178      10.4454
    1179      10.5977
    1180      10.2211
    1181      10.2225
    1182      10.1681
    1183       9.9731
    1184       9.8424
    1185       9.7988
    1186       9.3584
    1187       9.1328
    1188       8.9046
    1189       8.2589
    1190       8.6916
    1191       8.5691
    1192       8.7839
    1193       8.4026
    1194       8.7937
    1195       8.7495
    1196       8.4942
    1197       8.1212
    1198       7.7202
    1199       8.3467
    1200       8.3698
    1201       8.4225
    1202       8.2492
    1203       8.4726
    1204       8.5653
    1205       8.1451
    1206       8.4713
    1207       8.6935
    1208       8.4293
    1209       8.3308
    1210       8.2701
    1211       8.0748
    1212       8.6795
    1213       8.2268
    1214       8.4119
    1215       7.6067
    1216       8.2781
    1217       8.2587
    1218       8.3073
    1219       8.0332
    1220       7.8521
    1221       7.7748
    1222       8.2742
    1223       8.8115
    1224       8.1240
    1225       8.5227
    1226       8.8387
    1227       8.6324
    1228       8.6034
    1229       8.7364
    1230       7.7730
    1231       7.6351
    1232       7.5570
    1233       8.1341
    1234       7.8277
    1235       8.0942
    1236       7.3096
    1237       8.3129
    1238       8.4532
    1239       8.5818
    1240       8.6349
    1241       9.1517
    1242       8.6829
    1243       7.9687
    1244       8.5152
    1245       7.8605
    1246       7.6608
    1247       8.1522
    1248       7.9614
    1249       7.7992
    1250       8.2691
    1251       8.1078
    1252       8.2416
    1253       8.4665
    1254       8.3581
    1255       8.5843
    1256       8.5860
    1257       8.4644
    1258       9.1451
    1259       9.3184
    1260       9.2918
    1261       9.1349
    1262       8.5492
    1263       8.0792
    1264       8.1437
    1265       7.9467
    1266       7.7528
    1267       8.3467
    1268       8.2250
    1269       8.4894
    1270       8.1735
    1271       7.8359
    1272       8.2742
    1273       8.0804
    1274       8.4243
    1275       8.2342
    1276       8.1711
    1277       7.7518
    1278       7.6336
    1279       7.4530
    1280       7.6351
    1281       7.1510
    1282       7.8643
    1283       7.9671
    1284       7.6711
    1285       8.0679
    1286       8.8881
    1287       9.0731
    1288       9.2778
    1289       9.7800
    1290      10.2930
    1291      10.0177
    1292      10.0800
    1293       9.8522
    1294      10.4388
    1295       9.5119
    1296      10.0330
    1297       9.5183
    1298       9.1934
    1299       9.2268
    1300       9.5773
    1301       9.9071
    1302      10.4767
    1303      10.1202
    1304      10.2460
    1305       9.9463
    1306       9.6851
    1307       9.5210
    1308       9.5019
    1309       9.5336
    1310       9.6719
    1311       9.3580
    1312       9.4393
    1313       8.5133
    1314       8.2976
    1315       8.7773
    1316       8.6280
    1317       8.4202
    1318       8.9349
    1319       8.4293
    1320       8.6065
    1321       8.8934
    1322       9.3620
    1323       9.2849
    1324       9.4432
    1325       8.3896
    1326       9.1139
    1327       9.1705
    1328       9.8544
    1329       9.2273
    1330       8.7271
    1331       8.5725
    1332       8.7752
    1333       8.6348
    1334       9.1128
    1335       9.2091
    1336       8.8974
    1337       8.6971
    1338       8.7876
    1339       8.7072
    1340       8.7229
    1341       8.5601
    1342       8.7451
    1343       8.7405
    1344       8.3624
    1345       8.7355
    1346       8.4617
    1347       8.7393
    1348       9.0014
    1349       9.0115
    1350       8.9582
    1351       9.3762
    1352       9.7968
    1353       9.6994
    1354      10.0573
    1355      10.1075
    1356      10.7790
    1357      10.4247
    1358      10.3514
    1359       9.8894
    1360      10.2855
    1361       9.8812
    1362       9.4070
    1363       9.9869
    1364       9.6682
    1365       9.3449
    1366       9.2654
    1367       9.1234
    1368       9.1156
    1369       9.3123
    1370       8.8786
    1371       9.0961
    1372       8.6283
    1373       8.4610
    1374       8.1447
    1375       7.7010
    1376       8.2060
    1377       8.2295
    1378       8.3029
    1379       8.2759
    1380       7.9239
    1381       7.9876
    1382       8.1121
    1383       8.3791
    1384       8.2221
    1385       8.9624
    1386       9.1279
    1387       9.1646
    1388       9.4440
    1389       9.4994
    1390       9.5699
    1391       9.5513
    1392       9.0920
    1393       9.2833
    1394       8.4819
    1395       8.8472
    1396       8.9574
    1397       9.1840
    1398       9.3625
    1399       9.4020
    1400       9.0656
    1401       8.5597
    1402       8.3312
    1403       8.3599
    1404       8.1508
    1405       8.6754
    1406       8.8692
    1407       8.5898
    1408       8.5501
    1409       7.9308
    1410       8.1787
    1411       8.6975
    1412       8.1627
    1413       9.3651
    1414       8.3975
    1415       8.9133
    1416       9.3486
    1417       8.8559
    1418       7.8655
    1419       7.9155
    1420       8.9127
    1421       9.0865
    1422       9.5220
    1423       9.4081
    1424       9.2158
    1425       8.5815
    1426       8.4063
    1427       8.7461
    1428       8.6355
    1429       8.3126
    1430       8.6390
    1431       8.1882
    1432       8.4688
    1433       7.9888
    1434       7.8833
    1435       8.4904
    1436       8.4772
    1437       8.5699
    1438       8.1696
    1439       7.4985
    1440       8.6751
    1441       8.8536
    1442       9.0041
    1443       9.2818
    1444       9.0942
    1445       8.3971
    1446       7.9553
    1447       8.6125
    1448       8.9794
    1449       8.7887
    1450       8.2382
    1451       8.4525
    1452       8.7341
    1453       8.6220
    1454       8.6945
    1455       8.9416
    1456       9.1700
    1457       9.2209
    1458       9.3204
    1459       9.0731
    1460       9.3871
    1461       9.4297
    1462       9.1124
    1463       9.7283
    1464       9.2719
    1465       9.3671
    1466       9.7253
    1467       9.6124
    1468       9.3555
    1469       8.9287
    1470       8.6144
    1471       8.6989
    1472       8.9128
    1473       8.7133
    1474       9.2268
    1475       9.1352
    1476       9.4441
    1477       9.3613
    1478       9.4606
    1479       9.0978
    1480       9.4294
    1481       9.1158
    1482       8.4594
    1483       8.9698
    1484       9.1247
    1485       8.8063
    1486       8.7729
    1487       9.2749
    1488       8.8139
    1489       8.9697
    1490       8.7471
    1491       8.7099
    1492       9.2640
    1493       9.6049
    1494       9.6286
    1495       9.8539
    1496       9.9172
    1497       9.7126
    1498       9.3029
    1499       9.5379
    1500       9.3881
    1501       8.9036
    1502       8.7050
    1503       9.2572
    1504       9.9120
    1505       9.6219
    1506       9.7786
    1507      10.0458
    1508       9.7659
    1509       9.7850
    1510       9.3032
    1511       9.0494
    1512       8.8215
    1513       9.7723
    1514       8.7649
    1515       9.1754
    1516       8.8092
    1517       9.2691
    1518       8.9385
    1519       8.9854
    1520       8.8413
    1521       9.1779
    1522       8.8520
    1523       9.3725
    1524       9.0452
    1525       8.6879
    1526       8.1852
    1527       7.6510
    1528       7.3731
    1529       7.2537
    1530       7.4412
    1531       7.7173
    1532       6.9772
    1533       8.0413
    1534       8.0704
    1535       7.9313
    1536       8.2650
    1537       8.4165
    1538       8.1545
    1539       9.0848
    1540       8.0417
    1541       8.6731
    1542       8.3337
    1543       8.4054
    1544       8.5087
    1545       8.7552
    1546       8.5741
    1547       8.5762
    1548       9.2902
    1549       8.8019
    1550       9.0088
    1551       8.8886
    1552       9.2098
    1553       9.3166
    1554       8.9730
    1555       9.5046
    1556       9.0789
    1557       9.3344
    1558       9.5422
    1559       9.9459
    1560       9.6666
    1561       9.4350
    1562       9.1753
    1563       9.3535
    1564       9.5340
    1565       9.6040
    1566       9.5877
    1567       9.5655
    1568       9.7576
    1569       9.3286
    1570       9.4354
    1571       9.6829
    1572       9.2860
    1573       8.9277
    1574       9.2269
    1575       9.5597
    1576       9.2883
    1577       9.1406
    1578       9.5030
    1579       9.6301
    1580       9.5117
    1581       9.4898
    1582       9.6862
    1583       9.2910
    1584       8.6841
    1585       9.2886
    1586       9.2347
    1587       9.5376
    1588       9.6196
    1589       9.4839
    1590       9.3853
    1591       8.9393
    1592       8.9470
    1593       9.3295
    1594       9.5127
    1595       9.6532
    1596       9.5918
    1597      10.1248
    1598       9.7797
    1599       9.2020
    1600       9.1782
    1601       9.4390
    1602       9.7714
    1603       9.7836
    1604       9.8271
    1605       9.6858
    1606       9.8383
    1607       9.8593
    1608       9.7716
    1609       9.7189
    1610      10.0609
    1611       9.9591
    1612       9.6093
    1613       9.8563
    1614       9.4863
    1615       9.5472
    1616       9.6660
    1617       9.3049
    1618       9.7951
    1619       9.3485
    1620       9.5249
    1621       9.3701
    1622       9.2919
    1623       9.3873
    1624       9.1218
    1625       8.6234
    1626       8.4784
    1627       8.9012
    1628       9.0551
    1629       9.6399
    1630       9.5913
    1631       9.1541
    1632       9.9156
    1633      10.1245
    1634       9.9387
    1635       9.9743
    1636      10.2750
    1637      10.1840
    1638       9.9211
    1639      10.2598
    1640      10.0739
    1641      10.2971
    1642      10.2008
    1643       9.9102
    1644       9.8737
    1645      10.0358
    1646      10.2393
    1647      10.1776
    1648       9.9517
    1649      10.4867
    1650      10.0102
    1651       9.3618
    1652       9.7561
    1653       9.3542
    1654       9.9041
    1655      10.0713
    1656      10.2245
    1657      10.2689
    1658      10.3367
    1659      10.3653
    1660      10.3815
    1661       9.9760
    1662       9.6959
    1663       9.8897
    1664       9.4999
    1665       9.7585
    1666       9.6472
    1667      10.1000
    1668       9.9716
    1669      10.1984
    1670      10.4242
    1671      10.0216
    1672       9.9730
    1673      10.1030
    1674      10.0758
    1675      10.0647
    1676       9.7545
    1677       9.9704
    1678      10.4606
    1679      10.2482
    1680      10.4904
    1681      10.1533
    1682       8.6230
    1683       7.3492
    1684       7.0117
    1685       5.1460
    1686       5.8218
    1687       5.2965
    1688       6.0131
    1689       6.0436
    1690       5.9467
    1691       6.1315
    1692       5.9454
    1693       5.7063
    1694       5.8837
    1695       6.2355
    1696       6.1350
    1697       6.0522
    1698       5.8098
    1699       6.9952
    1700       7.6783
    1701       7.5769
    1702       8.1527
    1703       8.9863
    1704       6.8877
    1705       7.5753
    1706       7.1257
    1707       7.3437
    1708       6.8261
    1709       6.4472
    1710       6.2795
    1711       6.5753
    1712       7.9175
    1713       7.4598
    1714       7.1886
    1715       7.6377
    1716       7.5860
    1717       5.8250
    1718       7.1036
    1719       7.2789
    1720       8.2998
    1721       7.7120
    1722       7.0461
    1723       6.8687
    1724       6.8115
    1725       6.8249
    1726       7.1163
    1727       6.7405
    1728       5.7927
    1729       5.4861
    1730       6.2217
    1731       7.0806
    1732       7.2225
    1733       6.3909
    1734       6.7611
    1735       6.5198
    1736       6.1842
    1737       6.3060
    1738       6.9363
    1739       5.9009
    1740       5.8705
    1741       6.1121
    1742       8.6472
    1743       8.8048
    1744       7.0033
    1745       7.3320
    1746       6.6181
    1747       6.8507
    1748       6.8080
    1749       7.8934
    1750       8.0605
    1751       6.5437
    1752       6.4289
    1753       6.9035
    1754       6.7764
    1755       7.1119
    1756       6.5820
    1757       7.6798
    1758       8.1597
    1759       8.7668
    1760       7.7609
    1761       8.4219
    1762       7.8230
    1763       7.4629
    1764       8.2383
    1765       8.5815
    1766       8.4634
    1767       8.2880
    1768       8.0372
    1769       8.3617
    1770       8.4868
    1771       7.8895
    1772       7.1838
    1773       8.0185
    1774       7.8632
    1775       7.6721
    1776       8.4315
    1777       8.4168
    1778       7.4761
    1779       7.0457
    1780       6.7704
    1781       7.4168
    1782       7.1603
    1783       6.5603
    1784       7.1502
    1785       6.8665
    1786       7.1128
    1787       7.2559
    1788       7.2877
    1789       8.0961
    1790       7.5096
    1791       6.0971
    1792       6.8031
    1793       8.1190
    1794       7.4597
    1795       7.4264
    1796       7.4762
    1797       7.0543
    1798       6.2184
    1799       6.2275
    1800       7.0718
    1801       6.6566
    1802       6.6508
    1803       7.4704
    1804       8.1926
    1805       7.4527
    1806       9.2747
    1807       9.6141
    1808       9.3662
    1809       8.8956
    1810       8.7685
    1811       8.8682
    1812       9.7966
    1813      10.3619
    1814      10.0057
    1815       9.6877
    1816      10.2064
    1817       9.4087
    1818       9.4344
    1819       9.4651
    1820       9.3904
    1821       9.2211
    1822       8.4467
    1823      10.2771
    1824       8.5045
    1825       7.3353
    1826       7.7531
    1827       8.3382
    1828       7.8929
    1829       8.0710
    1830       8.5224
    1831       8.8010
    1832       9.3725
    1833      10.8520
    1834       9.4124
    1835       9.3974
    1836      10.3926
    1837       9.4126
    1838       9.2586
    1839       8.8882
    1840       9.5317
    1841       9.0385
    1842       9.8197
    1843      10.0367
    1844      10.5395
    1845      10.0486
    1846       9.7371
    1847       8.8469
    1848       9.7398
    1849       7.1306
    1850      10.4601
    1851       9.8567
    1852       9.9743
    1853       9.8715
    1854       9.6417
    1855       9.5063
    1856       9.1631
    1857       8.0302
    1858       9.8484
    1859      10.3365
    1860      10.0266
    1861       9.4037
    1862       8.6236
    1863       8.6934
    1864       6.0776
    1865       4.2139
    1866       3.9199
    1867       5.2115
    1868       4.9284
    1869       4.2403
    1870       4.4929
    1871       4.7823
    1872       5.7622
    1873       6.4823
    1874       6.2073
    1875       5.3369
    1876       5.1352
    1877       5.1467
    1878       6.4256
    1879       6.5849
    1880       5.6212
    1881       4.6456
    1882       9.4786
    1883       7.4532
    1884      10.6732
    1885       6.4547
    1886       3.6881
    1887       5.7034
    1888       6.6336
    1889       5.9674
    1890      10.8476
    1891      10.6557
    1892       8.3160
    1893       9.9063
    1894       9.7313
    1895       9.9551
    1896       9.6697
    1897       9.9157
    1898       8.9012
    1899       8.2205
    1900       7.4824
    1901       7.8977
    1902       8.4854
    1903       8.6160
    1904       8.9869
    1905       9.3020
    1906       8.8348
    1907       8.8687
    1908       8.4389
    1909       9.0775
    1910       9.3415
    1911       9.3243
    1912      10.1289
    1913       8.8999
    1914       8.3710
    1915       7.1460
    1916       4.9300
    1917       5.2046
    1918       4.5501
    1919       5.3484
    1920       8.0574
    1921       8.6336
    1922       8.8525
    1923       7.2788
    1924       7.5209
    1925       6.0219
    1926       7.1505
    1927       5.9702
    1928       7.4905
    1929      10.0636
    1930       9.7592
    1931      10.5584
    1932      10.0143
    1933      10.3197
    1934      10.5599
    1935       8.9619
    1936       8.5593
    1937       8.0808
    1938       7.0300
    1939       7.5688
    1940       7.5822
    1941       9.0253
    1942       7.7659
    1943       8.3547
    1944       8.0711
    1945       8.9544
    1946       8.9160
    1947       8.5926
    1948       8.4939
    1949       9.0222
    1950       8.6382
    1951       9.2494
    1952       8.9316
    1953      10.0264
    1954      10.0760
    1955       8.9844
    1956       8.0057
    1957       6.7596
    1958       7.4043
    1959       8.6019
    1960       8.0982
    1961       8.5856
    1962       8.0609
    1963       7.1882
    1964       6.7511
    1965       8.1438
    1966       7.4231
    1967       7.3242
    1968       7.7784
    1969       8.1763
    1970       7.8030
    1971       8.2580
    1972       8.1379
    1973       8.2190
    1974       8.0827
    1975       8.2119
    1976       8.2799
    1977       7.7370
    1978       8.2489
    1979       8.4362
    1980       8.5261
    1981       8.8841
    1982       9.0959
    1983       8.8304
    1984       9.6249
    1985       9.0128
    1986       8.8661
    1987       8.4880
    1988       8.4599
    1989       8.0590
    1990       8.3634
    1991       8.6073
    1992       8.4215
    1993       8.0781
    1994       8.2290
    1995       8.3283
    1996       7.6992
    1997       7.9346
    1998       8.4036
    1999       8.4743
    2000      10.1099
    2001       6.1445
    2002       7.1205
    2003       6.4771
    2004       8.1559
    2005       8.9831
    2006       9.1151
    2007       9.2492
    2008       9.4212
    2009       9.4577
    2010       9.0979
    2011       8.3078
    2012       8.1379
    2013       7.3145
    2014       7.6711
    2015       8.6068
    2016       8.6532
    2017       8.8205
    2018       9.4110
    2019       8.8442
    2020      10.1891
    2021       9.7974
    2022       9.4736
    2023      10.4461
    2024       9.8654
    2025      10.2686
    2026      10.3920
    2027      10.0408
    2028       9.5126
    2029      10.1251
    2030      10.5447
    2031       9.4274
    2032       8.2816
    2033       8.8956
    2034       9.5095
    2035       9.9644
    2036       9.9679
    2037      10.0381
    2038      10.1745
    2039      10.3685
    2040      10.2210
    2041       9.9859
    2042       9.7199
    2043       9.6024
    2044      10.1070
    2045       9.7017
    2046       9.9274
    2047       9.9042
    2048       9.8075
    2049       9.7006
    2050       9.9677
    2051      10.0540
    2052       9.8836
    2053       9.8281
    2054      10.1017
    2055       9.9712
    2056       9.9733
    2057       9.7996
    2058      10.0213
    2059       9.8501
    2060      10.0946
    2061       9.8731
    2062      10.0103
    2063       9.7413
    2064       9.7537
    2065      10.2267
    2066      10.0467
    2067      10.3122
    2068      10.2266
    2069      10.3299
    2070      10.6844
    2071       9.8275
    2072       9.9080
    2073      10.1185
    2074       9.9590
    2075      10.0647
    2076      10.5501
    2077      10.4677
    2078      10.6336
    2079      10.1200
    2080      10.2453
    2081      10.1990
    2082       9.8705
    2083       9.9208
    2084       9.6886
    2085       9.5722
    2086       9.7428
    2087       9.4950
    2088       9.5021
    2089       9.4562
    2090       9.5561
    2091       9.8680
    2092       9.4646
    2093       9.6236
    2094       9.5689
    2095       9.1555
    2096       9.3989
    2097       9.6320
    2098       9.8000
    2099       9.9687
    2100      10.1671
    2101       9.8348
    2102       9.8110
    2103      10.0317
    2104       6.6415
    2105       9.8709
    2106      10.0254
    2107       9.5782
    2108       9.8873
    2109       6.8925
    2110       6.3980
    2111       5.9646
    2112       8.1443
    2113       9.3665
    2114       9.3513
    2115       9.3252
    2116       9.3478
    2117       9.4676
    2118       9.4745
    2119       9.8245
    2120       9.2378
    2121       9.9327
    2122       9.7752
    2123      10.0193
    2124       9.9007
    2125       9.6958
    2126       9.4753
    2127       9.7791
    2128       9.9203
    2129      10.1083
    2130      10.0324
    2131       9.9740
    2132       9.8619
    2133      10.0220
    2134       9.7168
    2135       9.6953
    2136       9.9553
    2137       9.9193
    2138       9.1733
    2139       9.3917
    2140       9.8434
    2141       9.8847
    2142      10.0526
    2143      10.1104
    2144      10.0420
    2145      10.2248
    2146      10.0667
    2147      10.1527
    2148       9.7802
    2149      10.3743
    2150      10.0218
    2151       9.6234
    2152       9.8004
    2153       9.6967
    2154       9.9351
    2155       9.5304
    2156       9.3940
    2157       9.6151
    2158       9.5697
    2159       9.9494
    2160       9.3097
    2161       9.4467
    2162       9.1938
    2163       9.2898
    2164       9.0881
    2165       8.9173
    2166       9.0397
    2167       9.0809
    2168       9.5628
    2169       8.9580
    2170       9.5606
    2171       9.3004
    2172      10.0394
    2173      10.3935
    2174      10.3582
    2175      11.0234
    2176      10.3701
    2177       9.9821
    2178      10.0394
    2179      10.1777
    2180      10.2989
    2181      10.2581
    2182      10.3167
    2183      10.2100
    2184      10.1245
    2185      10.0468
    2186      10.6782
    2187      10.4430
    2188      10.8706
    2189      10.2290
    2190       9.9808
    2191      10.3932
    2192      10.3782
    2193      10.1508
    2194      10.2918
    2195      10.1130
    2196      10.6266
    2197      10.4232
    2198      10.5826
    2199       9.9677
    2200       9.9159
    2201      10.5503
    2202      10.8041
    2203      11.0076
    2204      10.9477
    2205      11.5001
    2206      11.5863
    2207      11.4135
    2208      11.7683
    2209      11.4517
    2210      11.2670
    2211      11.0289
    2212      10.5747
    2213      11.0861
    2214      11.5572
    2215      11.6930
    2216      12.0583
    2217      11.2875
    2218      11.7046
    2219      11.6071
    2220      11.4077
    2221      11.2823
    2222      11.1498
    2223      10.9919
    2224      10.9011
    2225      10.9587
    2226      11.0612
    2227      10.9173
    2228      10.9594
    2229      10.8535
    2230      10.9757
    2231      11.2540
    2232      11.1899
    2233      10.9317
    2234      11.2667
    2235      10.8930
    2236      11.1504
    2237      10.9295
    2238      10.8093
    2239      11.0145
    2240      11.1887
    2241      11.1126
    2242      11.0177
    2243      10.7782
    2244      10.9270
    2245      10.9151
    2246      10.7819
    2247      11.2399
    2248      11.0053
    2249      10.8641
    2250      11.0530
    2251      10.7926
    2252      10.9440
    2253      10.9017
    2254      10.6895
    2255      10.9753
    2256      10.6667
    2257      11.1432
    2258      11.1351
    2259      10.9240
    2260      11.0039
    2261      11.1480
    2262      11.1479
    2263      11.3648
    2264      11.1230
    2265      11.0340
    2266      10.6980
    2267      10.6584
    2268      10.6424
    2269      10.3241
    2270      10.3386
    2271      10.5046
    2272      10.6028
    2273       9.9414
    2274      10.5977
    2275      10.6858
    2276      10.3787
    2277      10.0276
    2278       9.6037
    2279       9.7313
    2280       9.8943
    2281       9.9457
    2282       9.6418
    2283       9.6243
    2284      10.2473
    2285      10.6352
    2286      10.6687
    2287      10.3614
    2288      10.4723
    2289      10.4361
    2290      10.6016
    2291      10.8635
    2292      10.8173
    2293      10.6997
    2294      11.0353
    2295      10.8650
    2296      10.5119
    2297      10.7878
    2298      10.5319
    2299      10.6046
    2300      10.8178
    2301      10.4052
    2302      10.1921
    2303      10.6348
    2304      10.5736
    2305      10.5694
    2306      10.2870
    2307      10.2049
    2308      10.0931
    2309      10.2328
    2310      10.1737
    2311      10.0895
    2312      10.1601
    2313      10.1302
    2314      10.4585
    2315      10.4534
    2316      10.2984
    2317      10.2484
    2318      10.2304
    2319      10.2427
    2320      10.2260
    2321      10.2198
    2322      10.1619
    2323      10.1830
    2324      10.1512
    2325      10.1649
    2326      10.1753
    2327      10.0786
    2328      10.0641
    2329      10.0875
    2330      10.2364
    2331      10.1020
    2332      10.1293
    2333      10.2043
    2334      10.2501
    2335       9.9959
    2336      10.1170
    2337      10.2726
    2338      10.1962
    2339      10.1723
    2340      10.0288
    2341      10.0432
    2342      10.1059
    2343      10.2386
    2344      10.1892
    2345      10.0578
    2346      10.1493
    2347      10.1389
    2348      10.2257
    2349      10.0234
    2350      10.0864
    2351       9.9988
    2352      10.0903
    2353      10.1254
    2354      10.0963
    2355      10.1285
    2356      10.3005
    2357      10.1782
    2358      10.1013
    2359      10.0889
    2360      10.1946
    2361      10.1665
    2362       9.8493
    2363      10.0070
    2364      10.1039
    2365      10.1935
    2366      10.0317
    2367      10.0800
    2368      10.0295
    2369       9.9950
    2370      10.1219
    2371      10.1728
    2372      10.1533
    2373      10.0024
    2374       9.9527
    2375      10.1276
    2376       9.9839
    2377      10.0760
    2378      10.0032
    2379      10.0626
    2380      10.1000
    2381      10.4050
    2382      10.3040
    2383      10.2962
    2384      10.1588
    2385      10.1882
    2386      10.1266
    2387      10.3508
    2388      10.2693
    2389      10.2836
    2390      10.1828
    2391      10.3375
    2392      10.4716
    2393      10.3271
    2394      10.2419
    2395      10.2041
    2396      10.2104
    2397      10.1750
    2398      10.2140
    2399      10.1953
    2400      10.1626
    2401      10.1055
    2402      10.1551
    2403      10.1303
    2404      10.2766
    2405      10.1866
    2406      10.2018
    2407      10.0966
    2408      10.0779
    2409      10.2685
    2410      10.2568
    2411      10.1383
    2412      10.1372
    2413      10.1627
    2414      10.1966
    2415      10.2892
    2416      10.1457
    2417      10.1963
    2418      10.0828
    2419      10.3403
    2420      10.1675
    2421      10.1675
    2422      10.1338
    2423      10.2615
    2424      10.2130
    2425      10.3197
    2426      10.2612
    2427      10.2851
    2428      10.3015
    2429      10.3329
    2430      10.1315
    2431      10.3353
    2432      10.1412
    2433      10.2347
    2434      10.2492
    2435      10.2710
    2436      10.1369
    2437      10.3108
    2438      10.1512
    2439      10.1183
    2440      10.2433
    2441      10.2294
    2442      10.2748
    2443      10.2686
    2444      10.2110
    2445      10.2185
    2446      10.1474
    2447      10.0612
    2448      10.1078
    2449      10.1930
    2450      10.0131
    2451      10.2058
    2452      10.2751
    2453      10.1848
    2454      10.3841
    2455      10.1072
    2456      10.0042
    2457      10.2205
    2458      10.1280
    2459      10.2982
    2460      10.3186
    2461      10.1874
    2462      10.1368
    2463      10.2063
    2464      10.2336
    2465      10.0943
    2466      10.1764
    2467      10.1329
    2468      10.2280
    2469      10.1860
    2470      10.1819
    2471      10.1830
    2472      10.2355
    2473      10.3510
    2474      10.1971
    2475      10.3105
    2476      10.2207
    2477      10.1730
    2478      10.1343
    2479      10.1438
    2480      10.3149
    2481      10.1002
    2482      10.3090
    2483      10.2324
    2484      10.3408
    2485      10.1850
    2486      10.0982
    2487      10.0161
    2488      10.1746
    2489      10.2481
    2490      10.2941
    2491      10.2636
    2492      10.1080
    2493      10.1200
    2494      10.1452
    2495      10.2756
    2496      10.1235
    2497      10.0507
    2498      10.1029
    2499      10.1737
    2500      10.2775
    2501      10.1868
    2502      10.1150
    2503      10.2527
    2504      10.2074
    2505      10.1912
    2506      10.0999
    2507      10.0198
    2508      10.2576
    2509      10.1750
    2510      10.2043
    2511      10.2617
    2512      10.1170
    2513      10.4099
    2514      10.1277
    2515      10.2551
    2516      10.1853
    2517      10.1696
    2518      10.0770
    2519      10.1241
    2520      10.2419
    2521       9.9233
    2522       9.9780
    2523      10.0898
    2524      10.0288
    2525      10.1929
    2526      10.1743
    2527      10.1494
    2528      10.1824
    2529       9.9404
    2530      10.0105
    2531      10.0309
    2532      10.0200
    2533      10.0634
    2534      10.0261
    2535      10.1872
    2536      10.0367
    2537      10.1315
    2538      10.1339
    2539       9.8876
    2540       9.8562
    2541       9.9681
    2542      10.1599
    2543      10.0108
    2544      10.1126
    2545      10.1931
    2546      10.2639
    2547      10.2102
    2548      10.1040
    2549       9.8698
    2550       9.8050
    2551       9.8725
    2552      10.0940
    2553      10.2755
    2554      10.1414
    2555      10.1796
    2556      10.3628
    2557      10.1447
    2558      10.1889
    2559       9.9945
    2560      10.1065
    2561      10.0620
    2562      10.1952
    2563      10.2103
    2564      10.0565
    2565      10.1375
    2566      10.0455
    2567      10.0040
    2568      10.1209
    2569      10.1004
    2570      10.2303
    2571      10.2949
    2572      10.2771
    2573      10.2527
    2574      10.1036
    2575      10.1100
    2576      10.1186
    2577      10.0493
    2578       9.9984
    2579      10.0390
    2580      10.0780
    2581      10.1482
    2582      10.1779
    2583      10.1036
    2584      10.0383
    2585      10.0335
    2586      10.1531
    2587      10.1306
    2588      10.0739
    2589      10.0296
    2590      10.0040
    2591      10.1780
    2592      10.1133
    2593      10.1624
    2594      10.0992
    2595      10.2555
    2596      10.3154
    2597      10.1566
    2598      10.2754
    2599      10.4360
    2600      10.3723
    2601      10.2901
    2602      10.2782
    2603      10.3568
    2604      10.3672
    2605      10.4643
    2606      10.3621
    2607      10.3776
    2608      10.1153
    2609      10.1945
    2610      10.3854
    2611      10.2767
    2612      10.2839
    2613      10.1700
    2614       9.9969
    2615      10.0627
    2616       9.9628
    2617       9.9759
    2618      10.1204
    2619      10.0909
    2620      10.2436
    2621      10.2490
    2622      10.2801
    2623      10.2515
    2624      10.1958
    2625      10.2456
    2626      10.2842
    2627      10.3399
    2628      10.3841
    2629      10.4477
    2630      10.1569
    2631      10.2808
    2632      10.2534
    2633      10.1954
    2634      10.2660
    2635      10.0400
    2636      10.1424
    2637      10.0079
    2638      10.1246
    2639      10.1327
    2640      10.3285
    2641      10.1790
    2642      10.1442
    2643      10.3236
    2644      10.2748
    2645      10.2390
    2646      10.2225
    2647      10.2507
    2648      10.1874
    2649      10.1718
    2650      10.2397
    2651      10.3075
    2652      10.2093
    2653      10.0968
    2654      10.2960
    2655       9.9885
    2656      10.0937
    2657      10.1667
    2658      10.0113
    2659      10.0367
    2660       9.9074
    2661      10.1288
    2662      10.0187
    2663      10.0200
    2664      10.1198
    2665       9.9757
    2666      10.0917
    2667      10.1722
    2668      10.1481
    2669      10.0521
    2670      10.1422
    2671      10.0879
    2672       9.9455
    2673      10.0878
    2674      10.0919
    2675       9.9624
    2676       9.8600
    2677       9.8597
    2678      10.1546
    2679      10.1841
    2680       9.9535
    2681      10.0072
    2682      10.0306
    2683      10.1346
    2684       9.9666
    2685      10.0609
    2686      10.0014
    2687      10.1673
    2688       9.9983
    2689      10.1894
    2690       9.9539
    2691       9.9647
    2692       9.9837
    2693       9.8037
    2694       9.9679
    2695      10.0038
    2696      10.0492
    2697      10.0960
    2698      10.1655
    2699      10.1468
    2700      10.1559
    2701      10.1913
    2702      10.0704
    2703      10.0783
    2704      10.1161
    2705      10.1564
    2706      10.0156
    2707      10.0652
    2708      10.1691
    2709      10.1609
    2710      10.1589
    2711      10.0587
    2712      10.1549
    2713      10.1040
    2714      10.1075
    2715      10.0631
    2716      10.0870
    2717      10.1015
    2718      10.1472
    2719      10.1571
    2720      10.0470
    2721      10.1192
    2722       9.8803
    2723      10.1178
    2724      10.1380
    2725      10.0093
    2726      10.1812
    2727      10.1832
    2728      10.2778
    2729      10.2055
    2730      10.1772
    2731      10.1385
    2732      10.1699
    2733      10.2621
    2734      10.2559
    2735      10.3004
    2736      10.2218
    2737      10.2821
    2738      10.3156
    2739      10.2747
    2740      10.3214
    2741      10.3063
    2742      10.3603
    2743      10.2291
    2744      10.2654
    2745      10.2192
    2746      10.1056
    2747      10.1954
    2748      10.2123
    2749      10.1498
    2750      10.2690
    2751      10.1782
    2752      10.2013
    2753      10.2880
    2754      10.1981
    2755      10.3711
    2756      10.3475
    2757      10.3683
    2758      10.2796
    2759      10.2051
    2760      10.1782
    2761      10.1504
    2762      10.2351
    2763      10.1407
    2764      10.2852
    2765      10.3839
    2766      10.2455
    2767      10.4387
    2768      10.3327
    2769      10.2934
    2770      10.4673
    2771      10.3385
    2772      10.5066
    2773      10.5905
    2774      10.5217
    2775      10.4243
    2776      10.1559
    2777      10.2773
    2778      10.3085
    2779      10.1122
    2780      10.1816
    2781      10.2009
    2782      10.3028
    2783      10.1926
    2784      10.3255
    2785      10.1897
    2786      10.2241
    2787      10.2128
    2788      10.2493
    2789      10.3438
    2790      10.2334
    2791      10.2630
    2792      10.3098
    2793      10.2716
    2794      10.1961
    2795      10.3166
    2796      10.3332
    2797      10.2180
    2798      10.2932
    2799      10.2915
    2800      10.3220
    2801      10.2596
    2802      10.3474
    2803      10.3435
    2804      10.1802
    2805      10.4527
    2806      10.4649
    2807      10.2799
    2808      10.2205
    2809      10.3224
    2810      10.4386
    2811      10.3220
    2812      10.3618
    2813      10.4447
    2814      10.3656
    2815      10.3992
    2816      10.1730
    2817      10.1790
    2818      10.2268
    2819      10.3159
    2820      10.1851
    2821      10.0933
    2822      10.0964
    2823      10.1617
    2824      10.2482
    2825      10.0476
    2826      10.1330
    2827      10.1614
    2828       9.9702
    2829      10.0788
    2830      10.0813
    2831      10.0868
    2832      10.1564
    2833      10.2049
    2834      10.1201
    2835      10.2001
    2836      10.0953
    2837      10.0876
    2838      10.0592
    2839      10.1772
    2840      10.0624
    2841      10.2776
    2842      10.0934
    2843      10.1459
    2844      10.0346
    2845      10.3124
    2846      10.2340
    2847      10.1816
    2848      10.1821
    2849      10.0951
    2850      10.1706
    2851      10.2571
    2852      10.1478
    2853      10.2009
    2854      10.0551
    2855      10.1307
    2856      10.2044
    2857       9.9209
    2858      10.1175
    2859      10.0611
    2860      10.2263
    2861      10.2482
    2862      10.2507
    2863      10.1846
    2864      10.2689
    2865      10.1152
    2866      10.2233
    2867      10.0653
    2868      10.0707
    2869      10.1211
    2870      10.2370
    2871      10.1456
    2872      10.2047
    2873      10.1756
    2874      10.1566
    2875      10.1312
    2876      10.0603
    2877      10.1284
    2878      10.1649
    2879       9.9534
    2880      10.0161
    2881      10.0069
    2882       9.9557
    2883      10.0839
    2884      10.1071
    2885      10.3558
    2886      10.1078
    2887      10.1022
    2888      10.0998
    2889      10.0723
    2890      10.2387
    2891       9.9480
    2892      10.1980
    2893      10.1388
    2894      10.1837
    2895       9.9945
    2896      10.0566
    2897       9.9458
    2898       9.9604
    2899      10.0439
    2900      10.0567
    2901      10.1093
    2902      10.1655
    2903      10.0214
    2904      10.2336
    2905      10.1521
    2906      10.2174
    2907       9.8213
    2908       9.7998
    2909       9.8473
    2910      10.1186
    2911      10.1506
    2912      10.1091
    2913      10.0057
    2914      10.2230
    2915      10.1359
    2916      10.0423
    2917      10.0268
    2918      10.0287
    2919      10.1148
    2920      10.1436
    2921      10.0901
    2922       9.9556
    2923      10.0151
    2924       9.9772
    2925      10.1557
    2926      10.0308
    2927      10.1285
    2928      10.0857
    2929      10.1654
    2930      10.0122
    2931       9.9607
    2932      10.0519
    2933      10.0622
    2934      10.1020
    2935      10.2038
    2936      10.1515
    2937      10.1438
    2938      10.1747
    2939      10.0780
    2940      10.1506
    2941      10.2221
    2942      10.1264
    2943      10.1581
    2944      10.0949
    2945      10.0917
    2946      10.0075
    2947      10.0272
    2948      10.0298
    2949      10.0518
    2950      10.0653
    2951      10.0726
    2952       9.9230
    2953      10.0549
    2954      10.1566
    2955       9.8998
    2956      10.0700
    2957       9.9776
    2958      10.0066
    2959       9.8908
    2960      10.0081
    2961       9.9281
    2962       9.8871
    2963      10.0566
    2964      10.0331
    2965       9.9850
    2966      10.0317
    2967      10.1038
    2968      10.0959
    2969      10.1826
    2970      10.0880
    2971       9.9956
    2972      10.1667
    2973      10.0319
    2974      10.1605
    2975      10.1834
    2976      10.1802
    2977      10.1021
    2978       9.9970
    2979      10.0411
    2980      10.1189
    2981      10.0164
    2982      10.0421
    2983      10.1439
    2984      10.2060
    2985      10.1124
    2986      10.1344
    2987      10.2067
    2988      10.2005
    2989      10.0651
    2990      10.1015
    2991       9.9880
    2992      10.0800
    2993      10.0820
    2994       9.9787
    2995       9.9769
    2996       9.9241
    2997      10.1266
    2998      10.1088
    2999      10.0725
    3000      10.1065
    3001      10.1285
    3002      10.1809
    3003      10.0369
    3004      10.1374
    3005      10.0920
    3006      10.1647
    3007      10.1487
    3008      10.1406
    3009      10.1806
    3010      10.1928
    3011      10.0947
    3012      10.2534
    3013      10.0737
    3014      10.1111
    3015      10.1534
    3016      10.1694
    3017      10.2161
    3018      10.1680
    3019      10.3037
    3020      10.3296
    3021      10.2335
    3022      10.2036
    3023      10.2324
    3024      10.1976
    3025      10.2466
    3026      10.1238
    3027      10.1560
    3028      10.1139
    3029      10.0345
    3030       9.9392
    3031      10.0160
    3032      10.0458
    3033      10.1061
    3034      10.0371
    3035       9.9243
    3036       9.9899
    3037       9.9419
    3038      10.0525
    3039       9.8996
    3040       9.9806
    3041      10.0396
    3042      10.0043
    3043      10.0775
    3044       9.9763
    3045      10.1803
    3046       9.9969
    3047      10.1732
    3048      10.1162
    3049      10.1249
    3050      10.1129
    3051       9.9766
    3052      10.1105
    3053      10.1935
    3054      10.1811
    3055      10.0049
    3056      10.1534
    3057      10.1723
    3058      10.1180
    3059      10.1342
    3060      10.1599
    3061      10.1557
    3062      10.0760
    3063      10.0462
    3064      10.1377
    3065      10.1289
    3066      10.0895
    3067      10.1171
    3068      10.1353
    3069      10.1210
    3070      10.1331
    3071       9.9586
    3072      10.0735
    3073      10.1397
    3074      10.1432
    3075      10.0511
    3076      10.0990
    3077      10.0884
    3078      10.0473
    3079      10.0320
    3080      10.2146
    3081      10.2353
    3082      10.1769
    3083      10.0265
    3084      10.1527
    3085      10.0837
    3086      10.1980
    3087      10.2751
    3088      10.2835
    3089      10.2707
    3090      10.3498
    3091      10.2715
    3092      10.0857
    3093      10.2555
    3094      10.2399
    3095      10.2675
    3096      10.2502
    3097      10.1652
    3098      10.2828
    3099      10.1510
    3100      10.1346
    3101      10.1335
    3102      10.2076
    3103      10.2442
    3104      10.2540
    3105      10.1746
    3106      10.1743
    3107      10.0990
    3108      10.2152
    3109      10.2277
    3110      10.0157
    3111       9.9718
    3112      10.0366
    3113       9.9206
    3114       9.9778
    3115       9.7883
    3116       9.8413
    3117       9.8665
    3118       9.9172
    3119       9.9501
    3120      10.0776
    3121      10.0032
    3122      10.0453
    3123      10.0487
    3124       9.9530
    3125       9.9870
    3126      10.1609
    3127      10.1378
    3128      10.0590
    3129      10.1029
    3130      10.0309
    3131      10.2224
    3132      10.0900
    3133      10.0738
    3134      10.0364
    3135       9.9179
    3136       9.8608
    3137      10.0326
    3138      10.0331
    3139      10.0362
    3140       9.7937
    3141       9.8580
    3142       9.9680
    3143      10.1348
    3144       9.9312
    3145       9.9273
    3146       9.9451
    3147       9.9487
    3148      10.0307
    3149      10.2248
    3150      10.0144
    3151      10.2296
    3152      10.1758
    3153      10.0291
    3154      10.0472
    3155      10.0592
    3156      10.0841
    3157      10.1004
    3158      10.0963
    3159      10.1163
    3160       9.9973
    3161      10.0899
    3162      10.0510
    3163      10.0261
    3164      10.1390
    3165      10.0459
    3166      10.1029
    3167      10.1481
    3168      10.1559
    3169      10.0790
    3170      10.0639
    3171      10.1103
    3172      10.2023
    3173      10.2190
    3174      10.0778
    3175      10.1760
    3176      10.1657
    3177      10.1766
    3178      10.1708
    3179      10.2510
    3180      10.2297
    3181      10.1898
    3182      10.2370
    3183      10.2113
    3184      10.2040
    3185      10.2013
    3186      10.1629
    3187      10.2268
    3188      10.0378
    3189      10.0872
    3190      10.1506
    3191      10.1675
    3192      10.2486
    3193      10.2561
    3194      10.1741
    3195      10.2236
    3196      10.1394
    3197      10.1123
    3198      10.1301
    3199      10.2104
    3200      10.1028
    3201      10.0893
    3202      10.1624
    3203      10.1407
    3204      10.1952
    3205      10.1200
    3206      10.1338
    3207      10.1836
    3208      10.1820
    3209      10.1257
    3210      10.1397
    3211      10.3362
    3212      10.2443
    3213      10.2689
    3214      10.2824
    3215      10.2347
    3216      10.2931
    3217      10.1214
    3218      10.2835
    3219      10.2983
    3220      10.2126
    3221      10.1812
    3222      10.1474
    3223      10.2386
    3224      10.2912
    3225      10.1181
    3226      10.0743
    3227      10.1563
    3228      10.1042
    3229      10.1767
    3230      10.2566
    3231      10.2427
    3232      10.1572
    3233      10.0731
    3234      10.1179
    3235       9.9848
    3236      10.1039
    3237      10.1778
    3238      10.0955
    3239      10.1255
    3240      10.1003
    3241      10.1869
    3242      10.1804
    3243       9.9982
    3244      10.1738
    3245       9.9872
    3246       9.9399
    3247      10.1004
    3248      10.1888
    3249      10.1294
    3250      10.1166
    3251      10.0991
    3252       9.9987
    3253      10.1244
    3254      10.1766
    3255      10.1128
    3256      10.1311
    3257      10.1386
    3258      10.1559
    3259      10.1498
    3260      10.1082
    3261      10.1984
    3262      10.0847
    3263       9.9279
    3264       9.9964
    3265       9.9972
    3266      10.0543
    3267      10.0153
    3268      10.1264
    3269      10.1175
    3270      10.0000
    3271      10.1080
    3272      10.0415
    3273       9.9126
    3274      10.0120
    3275      10.0766
    3276       9.9730
    3277      10.1832
    3278      10.1552
    3279      10.0584
    3280       9.9865
    3281      10.0170
    3282       9.9898
    3283       9.9882
    3284       9.7963
    3285       9.8178
    3286       9.8320
    3287       9.7594
    3288       9.7484
    3289       9.8559
    3290       9.8538
    3291       9.8570
    3292       9.9024
    3293       9.9548
    3294       9.6456
    3295       9.9002
    3296       9.7143
    3297       9.5863
    3298       9.7731
    3299       9.7526
    3300       9.6061
    3301       9.6859
    3302       9.6668
    3303       9.7956
    3304       9.8129
    3305       9.7229
    3306       9.7246
    3307       9.7849
    3308       9.6185
    3309       9.8067
    3310       9.7873
    3311       9.5944
    3312       9.6114
    3313       9.3511
    3314       9.6026
    3315       9.5509
    3316       9.4990
    3317       9.6594
    3318       9.6038
    3319       9.5055
    3320       9.7308
    3321       9.7773
    3322       9.7246
    3323       9.8238
    3324       9.9712
    3325       9.6587
    3326       9.6394
    3327       9.7622
    3328       9.7925
    3329       9.7446
    3330       9.9344
    3331       9.9192
    3332       9.7355
    3333       9.9047
    3334       9.9555
    3335       9.9644
    3336       9.8663
    3337       9.9697
    3338       9.9186
    3339       9.9434
    3340       9.7876
    3341       9.7699
    3342       9.9808
    3343       9.9063
    3344      10.0308
    3345      10.0351
    3346       9.8373
    3347       9.9594
    3348       9.8800
    3349       9.9609
    3350       9.8538
    3351       9.6918
    3352       9.8691
    3353       9.7508
    3354       9.8620
    3355       9.9575
    3356       9.8751
    3357       9.8335
    3358       9.9520
    3359       9.8339
    3360       9.8128
    3361       9.8841
    3362       9.9125
    3363       9.9695
    3364       9.9341
    3365       9.9204
    3366       9.6876
    3367       9.5780
    3368       9.5635
    3369       9.7345
    3370       9.6442
    3371       9.5385
    3372       9.8208
    3373       9.6580
    3374       9.6154
    3375       9.6839
    3376       9.4603
    3377       9.5412
    3378       9.6380
    3379       9.7315
    3380       9.8285
    3381       9.8184
    3382       9.7644
    3383       9.7684
    3384       9.8026
    3385       9.7052
    3386       9.7125
    3387       9.8626
    3388       9.8435
    3389      10.0141
    3390       9.9465
    3391       9.9300
    3392      10.0308
    3393       9.8915
    3394       9.8899
    3395       9.9534
    3396       9.8513
    3397       9.8399
    3398       9.7734
    3399       9.5593
    3400       9.6533
    3401       9.7214
    3402       9.8588
    3403       9.7401
    3404       9.8962
    3405       9.9334
    3406       9.7810
    3407       9.9912
    3408       9.9336
    3409       9.8633
    3410       9.8361
    3411       9.8541
    3412       9.9870
    3413       9.8312
    3414       9.7487
    3415       9.9379
    3416       9.9393
    3417       9.9242
    3418       9.9680
    3419       9.8180
    3420       9.9650
    3421      10.0745
    3422       9.9444
    3423       9.9865
    3424       9.8874
    3425      10.1045
    3426       9.9404
    3427       9.9200
    3428       9.8963
    3429       9.9674
    3430      10.1607
    3431      10.2369
    3432      10.1531
    3433      10.0195
    3434      10.0020
    3435      10.1193
    3436       9.9674
    3437      10.1815
    3438      10.2619
    3439       9.9128
    3440      10.2037
    3441      10.0307
    3442      10.1018
    3443      10.0779
    3444       9.8909
    3445      10.1148
    3446      10.1326
    3447      10.2220
    3448      10.1869
    3449      10.0399
    3450      10.1618
    3451      10.0954
    3452      10.2325
    3453      10.0341
    3454       9.8302
    3455       9.8411
    3456       9.8196
    3457       9.7909
    3458       9.9421
    3459       9.9855
    3460       9.8933
    3461       9.9221
    3462       9.8962
    3463      10.0304
    3464      10.0207
    3465      10.0538
    3466       9.9821
    3467       9.8290
    3468      10.0715
    3469      10.0695
    3470      10.0735
    3471      10.0265
    3472      10.0360
    3473      10.0086
    3474       9.9710
    3475       9.9421
    3476       9.9001
    3477       9.8239
    3478       9.9496
    3479       9.9783
    3480      10.0462
    3481       9.9794
    3482       9.9301
    3483       9.9825
    3484       9.9533
    3485       9.9552
    3486       9.8300
    3487       9.9740
    3488       9.9297
    3489       9.8079
    3490       9.8079
    3491       9.5795
    3492       9.7397
    3493       9.8870
    3494       9.7201
    3495       9.8149
    3496      10.0077
    3497       9.8788
    3498       9.9339
    3499       9.8433
    3500       9.9061
    3501       9.7273
    3502       9.8985
    3503       9.9637
    3504       9.9992
    3505       9.9816
    3506       9.9171
    3507       9.9792
    3508       9.9626
    3509       9.9720
    3510       9.9699
    3511      10.0419
    3512      10.0362
    3513      10.0620
    3514       9.9365
    3515       9.7137
    3516       9.7607
    3517       9.8358
    3518       9.7880
    3519       9.9529
    3520      10.0379
    3521      10.0010
    3522       9.8808
    3523       9.9439
    3524       9.8879
    3525       9.9592
    3526       9.8278
    3527       9.8195
    3528       9.8875
    3529       9.9103
    3530       9.8957
    3531       9.9726
    3532      10.1175
    3533       9.8562
    3534       9.8843
    3535       9.9199
    3536       9.8453
    3537       9.8809
    3538      10.0544
    3539      10.0735
    3540      10.0037
    3541       9.9879
    3542       9.6777
    3543       9.7759
    3544       9.7495
    3545       9.7327
    3546      10.0177
    3547       9.9478
    3548       9.6970
    3549       9.7189
    3550       9.7554
    3551       9.7202
    3552       9.6986
    3553       9.7121
    3554       9.9178
    3555       9.7164
    3556       9.6215
    3557       9.6743
    3558       9.8158
    3559       9.7568
    3560       9.7944
    3561      10.0261
    3562       9.8494
    3563       9.7574
    3564       9.8533
    3565       9.8344
    3566       9.7310
    3567       9.8788
    3568       9.6602
    3569       9.8114
    3570       9.8380
    3571       9.8779
    3572       9.9161
    3573       9.9072
    3574       9.9571
    3575       9.9617
    3576      10.0755
    3577       9.8358
    3578       9.8336
    3579       9.9526
    3580      10.0539
    3581       9.9003
    3582      10.0456
    3583      10.0349
    3584       9.9023
    3585       9.8618
    3586       9.8206
    3587       9.8266
    3588       9.8760
    3589      10.0092
    3590      10.0229
    3591       9.8781
    3592       9.9470
    3593      10.0874
    3594       9.9524
    3595      10.0376
    3596       9.9029
    3597       9.9515
    3598      10.0361
    3599      10.0242
    3600       9.9699
    3601      10.0225
    3602       9.7824
    3603       9.9965
    3604      10.0642
    3605       9.8462
    3606      10.0195
    3607       9.9614
    3608       9.8129
    3609       9.8991
    3610       9.7368
    3611       9.5555
    3612       9.8256
    3613       9.6392
    3614       9.7349
    3615       9.9334
    3616      10.0387
    3617       9.8915
    3618      10.0591
    3619       9.8840
    3620      10.0628
    3621       9.9392
    3622       9.9638
    3623       9.8204
    3624       9.8567
    3625       9.6854
    3626       9.7889
    3627       9.9646
    3628       9.7129
    3629       9.8068
    3630       9.8160
    3631      10.0120
    3632       9.9845
    3633       9.9371
    3634       9.9007
    3635       9.9012
    3636       9.9437
    3637       9.9159
    3638       9.9544
    3639       9.7469
    3640       9.9244
    3641       9.9174
    3642      10.0726
    3643       9.8028
    3644       9.9123
    3645      10.0302
    3646       9.7699
    3647       9.8974
    3648      10.0044
    3649       9.8432
    3650       9.8891
    3651       9.8293
    3652       9.8950
    3653       9.8953
    3654       9.8405
    3655       9.9292
    3656       9.8487
    3657       9.9227
    3658       9.8598
    3659       9.9941
    3660       9.9085
    3661       9.8849
    3662       9.7746
    3663       9.8127
    3664       9.9222
    3665       9.8395
    3666      10.0386
    3667       9.9305
    3668       9.6925
    3669       9.8648
    3670       9.9644
    3671      10.0229
    3672       9.8888
    3673       9.8789
    3674       9.9721
    3675       9.9374
    3676       9.9440
    3677       9.9372
    3678       9.7940
    3679       9.7769
    3680       9.9587
    3681       9.8861
    3682       9.9294
    3683      10.0669
    3684      10.0598
    3685       9.8630
    3686       9.9039
    3687       9.9283
    3688       9.9371
    3689       9.8961
    3690       9.9528
    3691       9.8227
    3692      10.0263
    3693       9.9268
    3694       9.8765
    3695       9.8811
    3696       9.7929
    3697       9.8730
    3698      10.0183
    3699       9.8031
    3700       9.9996
    3701      10.0082
    3702       9.9797
    3703       9.9749
    3704       9.9741
    3705       9.8347
    3706       9.9684
    3707       9.9094
    3708       9.9276
    3709      10.0406
    3710       9.8850
    3711       9.9691
    3712       9.7915
    3713       9.9103
    3714       9.9392
    3715       9.8030
    3716       9.8997
    3717       9.8693
    3718       9.8555
    3719       9.9289
    3720       9.9123
    3721       9.8080
    3722       9.9791
    3723       9.7994
    3724      10.1138
    3725       9.8783
    3726       9.7045
    3727       9.5091
    3728       9.3437
    3729       9.1338
    3730       9.4865
    3731       9.6052
    3732       9.1767
    3733       9.6727
    3734       9.5063
    3735       9.4513
    3736       9.5889
    3737       9.6704
    3738       9.8249
    3739       9.8940
    3740       9.7276
    3741       9.8595
    3742       9.7596
    3743       9.9587
    3744       9.5850
    3745       9.7842
    3746       9.8264
    3747       9.8574
    3748      10.0194
    3749       9.8555
    3750      10.0161
    3751       9.8355
    3752       9.7932
    3753       9.9462
    3754       9.8335
    3755       9.6678
    3756       9.8872
    3757       9.6905
    3758       9.6941
    3759       9.5641
    3760       9.8222
    3761       9.9276
    3762       9.5005
    3763       9.7580
    3764       9.8992
    3765       9.9877
    3766       9.7226
    3767       9.8047
    3768       9.7839
    3769       9.8816
    3770       9.6801
    3771       9.8528
    3772       9.9599
    3773       9.8796
    3774       9.9360
    3775      10.0886
    3776      10.2454
    3777      10.0279
    3778       9.9056
    3779       9.8928
    3780       9.9910
    3781       9.8980
    3782       9.7785
    3783       9.9505
    3784       9.8236
    3785       9.9436
    3786       9.7286
    3787      10.0791
    3788       9.8322
    3789       9.8143
    3790       9.9277
    3791       9.8972
    3792       9.8813
    3793      10.0891
    3794      10.2742
    3795      10.0283
    3796       9.9829
    3797       9.9115
    3798       9.8907
    3799       9.9160
    3800       9.9962
    3801      10.2169
    3802      10.0073
    3803      10.0324
    3804      10.1667
    3805       9.9344
    3806      10.0138
    3807       9.9043
    3808       9.7351
    3809       9.8074
    3810       9.7537
    3811       9.9252
    3812       9.7969
    3813       9.9167
    3814       9.8001
    3815       9.8852
    3816      10.0652
    3817       9.9371
    3818      10.0905
    3819      10.0155
    3820      10.0395
    3821       9.9085
    3822      10.0645
    3823      10.1265
    3824      10.0724
    3825      10.1072
    3826      10.0869
    3827      10.2130
    3828      10.0414
    3829       9.9096
    3830      10.0411
    3831      10.0729
    3832      10.1446
    3833      10.1469
    3834       9.9722
    3835       9.8154
    3836      10.0373
    3837       9.9484
    3838       9.9585
    3839       9.8141
    3840       9.9138
    3841      10.0635
    3842      10.0357
    3843       9.9729
    3844       9.8855
    3845      10.0304
    3846       9.9836
    3847      10.0801
    3848       9.9809
    3849      10.0118
    3850       9.9879
    3851       9.8545
    3852       9.9140
    3853       9.8297
    3854       9.9621
    3855       9.9541
    3856       9.8664
    3857       9.9952
    3858       9.8613
    3859      10.0134
    3860       9.9244
    3861       9.8771
    3862       9.7708
    3863       9.8561
    3864       9.7989
    3865       9.9797
    3866       9.8137
    3867       9.7158
    3868       9.8033
    3869       9.8974
    3870       9.9038
    3871      10.0618
    3872      10.1154
    3873      10.1815
    3874      10.0916
    3875      10.0479
    3876       9.8672
    3877       9.9939
    3878       9.9436
    3879      10.0206
    3880      10.0581
    3881      10.0802
    3882       9.9493
    3883      10.0808
    3884      10.1935
    3885       9.9565
    3886      10.1640
    3887      10.2289
    3888      10.2524
    3889      10.0366
    3890       9.9048
    3891       9.9922
    3892      10.0144
    3893      10.0166
    3894      10.2521
    3895      10.2562
    3896      10.2081
    3897      10.1957
    3898      10.2364
    3899      10.2107
    3900      10.1458
    3901      10.0886
    3902      10.0774
    3903      10.0696
    3904       9.9932
    3905      10.2520
    3906      10.1300
    3907      10.2501
    3908      10.2958
    3909      10.3828
    3910      10.2422
    3911      10.1559
    3912      10.3468
    3913      10.2586
    3914      10.2803
    3915      10.4479
    3916      10.1630
    3917      10.3520
    3918      10.2478
    3919      10.1951
    3920      10.2803
    3921      10.0301
    3922      10.3404
    3923      10.2504
    3924      10.1676
    3925      10.2718
    3926      10.2502
    3927      10.3095
    3928      10.2389
    3929      10.0261
    3930      10.2773
    3931      10.2476
    3932      10.1279
    3933      10.1370
    3934      10.1134
    3935      10.0297
    3936       9.8993
    3937       9.9217
    3938       9.6110
    3939       9.7607
    3940       9.9087
    3941       9.8389
    3942       9.5917
    3943       9.4967
    3944       9.5085
    3945       9.7050
    3946       9.5545
    3947       9.6268
    3948       9.7726
    3949       9.6267
    3950       9.6757
    3951       9.8747
    3952       9.8316
    3953      10.0291
    3954       9.9451
    3955       9.6651
    3956       9.7547
    3957       9.8359
    3958       9.8004
    3959       9.7588
    3960      10.0277
    3961       9.8782
    3962       9.7601
    3963      10.0400
    3964       9.8594
    3965       9.9110
    3966       9.8634
    3967       9.9183
    3968       9.8569
    3969       9.8314
    3970       9.8485
    3971       9.9897
    3972      10.0777
    3973       9.9219
    3974      10.0336
    3975      10.0084
    3976      10.0763
    3977      10.0453
    3978      10.0779
    3979      10.0106
    3980      10.1638
    3981      10.1243
    3982      10.0816
    3983      10.2856
    3984      10.1205
    3985      10.2439
    3986      10.2278
    3987      10.2427
    3988      10.2901
    3989      10.3154
    3990      10.2068
    3991      10.4202
    3992      10.2488
    3993      10.2398
    3994      10.0887
    3995       9.9702
    3996      10.1141
    3997      10.1552
    3998      10.0652
    3999      10.2077
    4000       9.9928
    4001      10.1339
    4002      10.0934
    4003      10.1147
    4004      10.1895
    4005      10.2450
    4006      10.2628
    4007      10.0966
    4008       9.9193
    4009      10.0335
    4010      10.1184
    4011      10.1653
    4012      10.0282
    4013      10.0286
    4014      10.0134
    4015       9.9098
    4016      10.0464
    4017      10.1073
    4018      10.2767
    4019      10.2751
    4020      10.0636
    4021      10.1518
    4022      10.3309
    4023      10.0481
    4024      10.0683
    4025      10.2805
    4026      10.0829
    4027       9.8987
    4028      10.1343
    4029      10.0602
    4030      10.0591
    4031      10.0677
    4032      10.1821
    4033      10.0450
    4034      10.0745
    4035      10.0226
    4036      10.1360
    4037      10.0939
    4038      10.1944
    4039      10.0115
    4040      10.1140
    4041      10.1736
    4042      10.1278
    4043      10.1712
    4044      10.1002
    4045      10.1682
    4046      10.1294
    4047      10.2287
    4048      10.0438
    4049      10.0951
    4050      10.2042
    4051      10.2235
    4052      10.1526
    4053      10.0496
    4054      10.0022
    4055      10.0982
    4056      10.2348
    4057      10.2397
    4058      10.2499
    4059      10.1660
    4060      10.1944
    4061      10.1822
    4062      10.0333
    4063      10.0276
    4064      10.0905
    4065      10.0338
    4066      10.2739
    4067      10.0653
    4068      10.1698
    4069      10.1558
    4070      10.3055
    4071      10.1720
    4072      10.3396
    4073      10.2774
    4074      10.2568
    4075      10.5512
    4076      10.1823
    4077      10.0163
    4078      10.1701
    4079      10.1840
    4080      10.2501
    4081      10.4820
    4082      10.5653
    4083      10.6478
    4084      10.7786
    4085      10.4524
    4086      10.6884
    4087      10.4772
    4088      10.5209
    4089      10.2207
    4090      10.2661
    4091      10.0348
    4092      10.4801
    4093      10.3457
    4094      10.4160
    4095      10.3124
    4096      10.4818
    4097      10.3975
    4098      10.3719
    4099      10.4908
    4100      10.4024
    4101      10.0443
    4102       9.7834
    4103       9.8395
    4104       9.6278
    4105       9.6760
    4106       9.6757
    4107       9.7043
    4108       9.9241
    4109       9.8634
    4110       9.9973
    4111      10.1357
    4112      10.2354
    4113      10.2013
    4114      10.1922
    4115      10.2172
    4116      10.1817
    4117      10.2688
    4118      10.1709
    4119      10.2261
    4120      10.0968
    4121      10.0492
    4122      10.1173
    4123      10.2463
    4124      10.1678
    4125      10.0682
    4126      10.1959
    4127      10.0199
    4128      10.0125
    4129       9.9927
    4130      10.0348
    4131      10.1036
    4132       9.8913
    4133      10.0581
    4134      10.0936
    4135      10.2495
    4136      10.3656
    4137      10.4297
    4138      10.2015
    4139       9.8563
    4140       9.9204
    4141       9.9446
    4142       9.9220
    4143      10.1751
    4144      10.0018
    4145      10.0312
    4146      10.4433
    4147      10.2260
    4148      10.1666
    4149      10.2406
    4150      10.1219
    4151       9.8607
    4152      10.0030
    4153      10.0192
    4154       9.9481
    4155      10.1070
    4156      10.1499
    4157      10.0289
    4158      10.0342
    4159      10.0726
    4160       9.9025
    4161      10.1109
    4162       9.9874
    4163      10.0283
    4164       9.8557
    4165       9.9160
    4166      10.5666
    4167       9.9255
    4168      10.1406
    4169      10.3243
    4170      10.2053
    4171      10.1627
    4172      10.3358
    4173      10.2353
    4174      10.0340
    4175       9.7772
    4176       9.9856
    4177       9.9860
    4178       9.9711
    4179       9.8552
    4180      10.0121
    4181       9.9936
    4182       9.9444
    4183       9.9864
    4184      10.0420
    4185      10.0324
    4186      10.0023
    4187      10.1469
    4188      10.2151
    4189      10.3621
    4190      10.3218
    4191      10.6886
    4192      10.3243
    4193      10.1484
    4194       9.8166
    4195      10.0753
    4196       9.9446
    4197       9.7548
    4198       9.6817
    4199       9.7989
    4200       9.9794
    4201      10.1690
    4202      10.0983
    4203      10.1867
    4204      10.1963
    4205      10.3326
    4206      10.2519
    4207      10.1975
    4208      10.1846
    4209      10.1646
    4210      10.2746
    4211      10.2745
    4212      10.3022
    4213      10.2553
    4214      10.1297
    4215      10.0867
    4216      10.0756
    4217      10.0683
    4218      10.1155
    4219       9.8766
    4220      10.0376
    4221      10.1093
    4222      10.0204
    4223       9.9203
    4224       9.8963
    4225       9.9323
    4226       9.9507
    4227       9.9513
    4228       9.9112
    4229       9.9590
    4230       9.9609
    4231       9.8376
    4232       9.9199
    4233       9.7720
    4234       9.6608
    4235       9.8297
    4236       9.6072
    4237       9.4359
    4238       9.6732
    4239       9.5790
    4240       9.6659
    4241       9.8045
    4242       9.6476
    4243       9.8552
    4244       9.6752
    4245       9.5836
    4246       9.8799
    4247       9.8760
    4248       9.7283
    4249       9.9875
    4250      10.0582
    4251       9.8638
    4252      10.1455
    4253      10.0526
    4254      10.1994
    4255      10.2412
    4256      10.1060
    4257      10.0764
    4258      10.2621
    4259      10.2366
    4260      10.2035
    4261      10.0370
    4262      10.0926
    4263      10.2064
    4264      10.6907
    4265      10.3176
    4266      10.1907
    4267      10.2292
    4268      10.1915
    4269      10.1971
    4270      10.2496
    4271       9.9594
    4272      10.2258
    4273      10.5643
    4274      10.5546
    4275      10.2526
    4276      10.7074
    4277      10.5569
    4278      10.4691
    4279      10.4741
    4280      10.4251
    4281      10.3562
    4282      10.2644
    4283      10.1062
    4284      10.2932
    4285      10.2029
    4286      10.2674
    4287      10.0725
    4288      10.2300
    4289      10.1069
    4290       9.8296
    4291       9.8900
    4292       9.6509
    4293       9.6387
    4294       9.4996
    4295       9.7043
    4296       9.8914
    4297       9.8513
    4298       9.8808
    4299       9.6535
    4300       9.6204
    4301       9.5419
    4302       9.3757
    4303       9.4584
    4304       9.6579
    4305       9.5605
    4306       9.6089
    4307       9.6618
    4308       9.4568
    4309       9.3029
    4310       9.5221
    4311       9.3450
    4312       9.1061
    4313       8.9449
    4314       9.3540
    4315       9.4595
    4316       9.4347
    4317       9.4785
    4318       9.5587
    4319       9.0927
    4320       9.7640
    4321       9.8502
    4322       9.5653
    4323       9.9069
    4324       9.5929
    4325       9.2121
    4326       9.4301
    4327       9.5854
    4328       9.5368
    4329       9.4214
    4330       9.6089
    4331       9.6240
    4332       8.6937
    4333       9.4388
    4334       8.8942
    4335       8.9707
    4336       9.0949
    4337       9.2043
    4338       9.0673
    4339       9.0948
    4340       9.3059
    4341       9.0573
    4342       8.9339
    4343       9.1816
    4344       9.0204
    4345       8.8625
    4346       8.8594
    4347       9.0916
    4348       9.2164
    4349       9.1143
    4350       8.9995
    4351       8.7144
    4352       8.9188
    4353       9.0048
    4354       8.6760
    4355       8.3277
    4356       8.7924
    4357       8.4708
    4358       8.7502
    4359       8.4237
    4360       8.3821
    4361       8.5167
    4362       9.0744
    4363       8.9722
    4364       8.7606
    4365       8.3710
    4366       8.8911
    4367       8.5771
    4368       8.2706
    4369       7.8651
    4370       9.1651
    4371       8.4486
    4372       8.6232
    4373       8.9044
    4374       8.6333
    4375       8.6250
    4376       8.6405
    4377       8.1912
    4378       7.9949
    4379       8.2899
    4380       8.2803
    4381       8.1885
    4382       7.7000
    4383       8.0263
    4384       8.2961
    4385       8.1035
    4386       8.2365
    4387       8.2322
    4388       8.2805
    4389       8.5777
    4390       8.2805
    4391       8.3906
    4392       8.3509
    4393       8.1308
    4394       8.5477
    4395       8.5173
    4396       8.4827
    4397       8.5057
    4398       9.1808
    4399       8.8213
    4400       8.7280
    4401       8.6034
    4402       8.2767
    4403       8.5527
    4404       8.3089
    4405       8.6951
    4406       8.1222
    4407       8.6593
    4408       8.4355
    4409       8.0167
    4410       8.4141
    4411       8.2055
    4412       8.4230
    4413       8.3547
    4414       8.3371
    4415       8.0548
    4416       8.4169
    4417       8.2683
    4418       8.1777
    4419       8.2626
    4420       8.4998
    4421       8.3041
    4422       8.5680
    4423       8.9352
    4424       8.5892
    4425       8.1889
    4426       8.2620
    4427       8.1421
    4428       8.1258
    4429       8.6516
    4430       8.1439
    4431       8.4746
    4432       8.0941
    4433       7.8213
    4434       8.1610
    4435       7.9476
    4436       7.8988
    4437       7.8495
    4438       7.3399
    4439       7.7029
    4440       8.0990
    4441       7.7466
    4442       8.1127
    4443       7.2854
    4444       7.7716
    4445       7.4853
    4446       8.5355
    4447       7.9149
    4448       6.9504
    4449       7.0941
    4450       7.6581
    4451       7.7060
    4452       7.7744
    4453       7.5852
    4454       7.5736
    4455       7.4729
    4456       7.8318
    4457       7.5909
    4458       7.0286
    4459       7.0637
    4460       6.7653
    4461       7.3072
    4462       7.5011
    4463       6.9308
    4464       6.9670
    4465       7.3672
    4466       7.0121
    4467       6.9212
    4468       6.6422
    4469       6.6897
    4470       7.1792
    4471       7.0541
    4472       7.3808
    4473       7.1552
    4474       6.9684
    4475       6.7581
    4476       6.8142
    4477       7.1987
    4478       6.9049
    4479       7.3415
    4480       6.7860
    4481       6.8423
    4482       7.0443
    4483       7.0363
    4484       6.6592
    4485       7.0414
    4486       7.2778
    4487       7.1090
    4488       7.0204
    4489       7.3396
    4490       7.6032
    4491       7.6723
    4492       7.4783
    4493       7.6704
    4494       7.8172
    4495       7.5703
    4496       7.5870
    4497       7.3817
    4498       7.6921
    4499       7.3610
    4500       7.4683
    4501       7.3786
    4502       7.3173
    4503       6.7966
    4504       6.6059
    4505       6.9317
    4506       6.4039
    4507       5.6143
    4508       5.6992
    4509       6.0242
    4510       5.1975
    4511       5.9327
    4512       5.2321
    4513       5.9258
    4514       6.8449
    4515       7.7687
    4516       7.7213
    4517       7.7801
    4518       6.7817
    4519       6.6948
    4520       5.9360
    4521       6.3295
    4522       6.3917
    4523       6.5452
    4524       6.0198
    4525       5.9153
    4526       5.9946
    4527       5.6179
    4528       5.7587
    4529       5.9636
    4530       6.4830
    4531       5.5870
    4532       5.6630
    4533       5.0975
    4534       5.6853
    4535       5.4183
    4536       5.8421
    4537       5.8609
    4538       5.8803
    4539       5.6848
    4540       5.6817
    4541       5.8300
    4542       6.0616
    4543       6.6079
    4544       6.1746
    4545       6.3633
    4546       6.4631
    4547       6.1899
    4548       6.3519
    4549       6.1470
    4550       6.0834
    4551       6.4885
    4552       6.3235
    4553       6.6726
    4554       6.8179
    4555       7.4425
    4556       6.6900
    4557       6.9223
    4558       6.9544
    4559       7.7010
    4560       7.5392
    4561       7.6059
    4562       7.2364
    4563       7.8004
    4564       7.2089
    4565       6.3966
    4566       6.9130
    4567       6.4996
    4568       5.9716
    4569       6.1332
    4570       6.4958
    4571       6.6813
    4572       6.6420
    4573       6.3960
    4574       6.4665
    4575       5.8365
    4576       6.1901
    4577       6.2648
    4578       6.2921
    4579       6.2389
    4580       6.0046
    4581       5.4842
    4582       6.0672
    4583       6.1007
    4584       6.2312
    4585       6.4006
    4586       6.0427
    4587       6.6897
    4588       7.0064
    4589       7.1591
    4590       6.4072
    4591       6.0261
    4592       6.6415
    4593       6.4887
    4594       6.2452
    4595       6.7834
    4596       6.6548
    4597       6.7673
    4598       7.1993
    4599       7.1333
    4600       6.7724
    4601       6.6994
    4602       6.9464
    4603       7.2352
    4604       7.1179
    4605       7.1232
    4606       7.1458
    4607       7.1669
    4608       7.6847
    4609       8.1993
    4610       7.5006
    4611       8.0504
    4612       8.2184
    4613       8.3758
    4614       9.2123
    4615       9.2214
    4616       9.4034
    4617       8.8910
    4618       8.4045
    4619       9.3274
    4620       8.6442
    4621      10.2895
    4622      10.5432
    4623      10.2882
    4624      10.0371
    4625      10.0238
    4626       9.8445
    4627       9.6113
    4628      10.1988
    4629      10.8663
    4630      11.8103
    4631      11.5391
    4632      11.7797
    4633      11.2096
    4634      11.4542
    4635      26.0844
    4636      27.4117
    4637      27.3680
    4638      12.4520
    4639      12.6273
    4640      12.6757
    4641      11.8960
    4642      11.6043
    4643      11.7291
    4644      11.2486
    4645      11.6163
    4646      12.1852
    4647      12.0429
    4648      12.8445
    4649      12.8021
    4650      12.7986
    4651      12.6514
    4652      13.0331
    4653      12.9664
    4654      13.1920
    4655      13.1716
    4656      14.5240
    4657      14.2304
    4658      14.5549
    4659      14.3065
    4660      14.4784
    4661      15.3551
    4662      15.2171
    4663      33.2082
    4664      15.5270
    4665      15.5696
    4666      15.5575
    4667      14.6434
    4668      14.9680
    4669      16.0568
    4670      15.0677
    4671      15.3944
    4672      15.1281
    4673      16.4359
    4674      16.6638
    4675      16.9205
    4676      16.9834
    4677      17.0595
    4678      17.0652
    4679      17.1418
    4680      16.5863
    4681      15.8281
    4682      16.1068
    4683      15.4287
    4684      14.8401
    4685      15.2013
    4686      14.8949
    4687      15.5607
    4688      32.9845
    4689      15.3220
    4690      15.2118
    4691      14.8652
    4692      15.3568
    4693      17.2671
    4694      17.1944
    4695      17.0094
    4696      17.2113
    4697      17.2431
    4698      17.7767
    4699      17.3580
    4700      18.0862
    4701      17.7313
    4702      17.4968
    4703      17.6057
    4704      17.6346
    4705      16.1278
    4706      16.1726
    4707      15.8452
    4708      15.8528
    4709      15.5638
    4710      32.8150
    4711      32.5193
    4712      33.3719
    4713      15.6682
    4714      33.5826
    4715      34.0079
    4716      15.5177
    4717      33.5683
    4718      15.9479
    4719      16.4584
    4720      16.4873
    4721      15.6508
    4722      15.5313
    4723      15.6812
    4724      15.2922
    4725      14.9457
    4726      15.1859
    4727      15.2528
    4728      15.3491
    4729      33.2516
    4730      14.5060
    4731      14.9169
    4732      14.8367
    4733      15.0245
    4734      14.0977
    4735      13.6428
    4736      12.9367
    4737      13.5211
    4738      32.3478
    4739      31.6536
    4740      32.7047
    4741      31.9321
    4742      32.4426
    4743      32.7690
    4744      32.8799
    4745      14.2636
    4746      15.0069
    4747      32.9414
    4748      14.2603
    4749      33.1021
    4750      32.8521
    4751      32.1975
    4752      30.7247
    4753      30.7610
    4754      31.1152
    4755      11.3549
    4756      31.0950
    4757      12.0353
    4758      12.8520
    4759      12.2531
    4760      31.6069
    4761      33.1162
    4762      31.2948
    4763      31.7931
    4764      31.9064
    4765      31.2749
    4766      13.6187
    4767      13.4479
    4768      14.0878
    4769      14.3845
    4770      13.7664
    4771      13.9857
    4772      13.5206
    4773      14.0165
    4774      14.6389
    4775      14.0157
    4776      13.9826
    4777      13.5200
    4778      13.4183
    4779      12.6336
    4780      12.3158
    4781      11.2467
    4782      11.8726
    4783      12.5302
    4784      13.8801
    4785      13.3066
    4786      13.3414
    4787      13.5009
    4788      14.2114
    4789      14.1393
    4790      14.3533
    4791      14.0022
    4792      14.1279
    4793      14.8115
    4794      14.1239
    4795      13.6308
    4796      14.2359
    4797      14.2008
    4798      14.1083
    4799      15.3684
    4800      14.8556
    4801      14.4318
    4802      14.0788
    4803      14.2589
    4804      14.8341
    4805      14.4548
    4806      13.8887
    4807      14.7173
    4808      14.3492
    4809      14.8594
    4810      14.7654
    4811      15.4095
    4812      14.1510
    4813      13.9658
    4814      14.9091
    4815      26.9661
    4816      26.9187
    4817      15.6299
    4818      26.9125
    4819      27.1720
    4820      26.7976
    4821      13.0069
    4822      12.2512
    4823      11.9608
    4824      10.7952
    4825      10.8933
    4826      11.2346
    4827      11.7708
    4828      11.6060
    4829      11.7884
    4830      12.2385
    4831      12.5335
    4832      12.1611
    4833      11.3402
    4834      11.2397
    4835      22.8799
    4836      11.2929
    4837      12.0188
    4838      24.2793
    4839      23.7006
    4840      11.1237
    4841      11.1170
    4842      11.4466
    4843      11.2687
    4844      11.7789
    4845      11.9704
    4846      23.8509
    4847      23.8066
    4848      24.2481
    4849      24.1345
    4850      24.7548
    4851      12.5329
    4852      12.8123
    4853      12.6943
    4854      12.8283
    4855      11.9100
    4856      12.4282
    4857      12.4508
    4858      12.1872
    4859      24.1957
    4860      24.8488
    4861      11.6492
    4862      12.4560
    4863      11.8618
    4864      25.4837
    4865      25.6664
    4866      27.2696
    4867      27.4390
    4868      27.7174
    4869      27.2016
    4870      27.5044
    4871      27.4416
    4872      15.1289
    4873      15.1912
    4874      14.8877
    4875      15.7517
    4876      15.4777
    4877      15.7713
    4878      15.4513
    4879      15.0126
    4880      15.5031
    4881      15.5762
    4882      15.5601
    4883      15.5595
    4884      14.6976
    4885      15.5503
    4886      14.4732
    4887      14.0786
    4888      14.8920
    4889      15.1572
    4890      26.9359
    4891      27.4954
    4892      27.9342
    4893      29.2248
    4894      30.9243
    4895      28.9374
    4896      30.0087
    4897      29.9754
    4898      30.9048
    4899      29.5252
    4900      28.0634
    4901      27.9252
    4902      12.3561
    4903      12.4148
    4904      12.2623
    4905      12.4179
    4906      12.4067
    4907      12.6099
    4908      12.9077
    4909      13.4473
    4910      14.1436
    4911      14.4810
    4912      14.8487
    4913      15.4816
    4914      13.8276
    4915      14.1220
    4916      13.0010
    4917      13.5617
    4918      13.1510
    4919      12.3363
    4920      13.6962
    4921      12.9885
    4922      13.9765
    4923      14.3745
    4924      13.6967
    4925      28.0883
    4926      14.5194
    4927      29.1861
    4928      16.1136
    4929      13.5531
    4930      14.1873
    4931      14.4822
    4932      15.3847
    4933      33.5356
    4934      33.5924
    4935      34.2882
    4936      34.6071
    4937      33.9847
    4938      35.1934
    4939      34.2771
    4940      34.7157
    4941      17.1635
    4942      35.4340
    4943      35.3879
    4944      17.9909
    4945      17.7175
    4946      18.3942
    4947      17.5017
    4948      18.4456
    4949      17.6009
    4950      17.5994
    4951      17.5261
    4952      17.3135
    4953      17.4594
    4954      16.5823
    4955      16.6662
    4956      16.6379
    4957      35.7370
    4958      35.1116
    4959      16.7778
    4960      16.0550
    4961      16.0009
    4962      15.2686
    4963      15.1354
    4964      15.6607
    4965      15.8298
    4966      15.3158
    4967      15.3807
    4968      14.9520
    4969      15.2159
    4970      15.2019
    4971      14.8751
    4972      14.7084
    4973      15.1024
    4974      15.6331
    4975      14.7332
    4976      15.6642
    4977      14.8397
    4978      26.3064
    4979      14.3956
    4980      25.4425
    4981      26.9569
    4982      16.2398
    4983      16.4257
    4984      26.7350
    4985      17.0594
    4986      16.5289
    4987      34.5304
    4988      34.3546
    4989      34.3838
    4990      40.2923
    4991      34.2347
    4992      34.8493
    4993      35.0603
    4994      34.7157
    4995      14.9756
    4996      16.6008
    4997      17.0223
    4998      16.3251
    4999      16.6336
    5000      16.2239
