#Frame   SLAHS[native] SLAHS[nonnative] SLAHS[mindist] SLAHS[maxdist]
       1            11                0         3.5345        20.7277
       2             4                6         3.4769        20.4240
       3             4               13         3.3866        17.9798
       4             5                7         3.3936        18.0349
       5             5               11         3.2351        18.8150
       6             0               16         3.0427        15.8327
       7             1               16         3.3002        17.2731
       8             5                7         3.1231        18.3482
       9             1               20         2.8890        18.1228
      10             0               11         3.4554        17.0804
      11             5               12         3.4018        18.3291
      12             5               14         2.9312        19.9638
      13             6                4         3.5908        19.1812
      14             2               28         2.9479        18.4226
      15             1               28         3.1037        17.5822
      16             3               25         2.9293        19.1969
      17             1               17         3.1694        18.0746
      18             1               20         2.8793        16.7437
      19             0               30         3.1318        15.9839
      20             0               36         3.0911        16.7377
      21             0               22         3.4891        17.6993
      22             0               37         2.9454        17.1292
      23             0               42         3.2844        16.6403
      24             0               18         2.9976        17.1540
      25             1               25         3.4979        18.3367
      26             2               12         3.4114        20.2945
      27             1               29         3.1665        18.9768
      28             1               32         3.0805        17.5977
      29             1               35         3.0221        17.9216
      30             1               15         3.5243        18.5391
      31             4               13         3.1748        18.3127
      32             3               28         3.2848        18.8735
      33             5               36         3.1547        18.8520
      34             0               30         3.1012        17.8997
      35             0               23         3.0675        16.9777
      36             0               10         3.2158        17.2101
      37             0               32         3.1937        16.5045
      38             0               37         3.0370        15.7774
      39             0               25         3.1488        16.7960
      40             0               23         3.3268        16.5630
      41             0               16         3.2416        17.0012
      42             0               20         3.3397        16.0332
      43             0               31         3.2367        15.6809
      44             0               30         3.2092        17.5627
      45             0               22         3.3492        16.4036
      46             1               27         3.1104        16.7520
      47             0               26         3.1838        17.0340
      48             1               12         3.1626        17.4757
      49             1               30         3.2776        16.7648
      50             3               31         2.9204        17.1615
      51             0               37         3.0074        15.6737
      52             0               19         3.1376        15.3356
      53             0               24         3.1129        16.8281
      54             1               29         3.1457        15.9518
      55             0               29         3.2106        14.6995
      56             4               26         3.1756        17.0014
      57             3               13         3.1644        16.5340
      58             4               40         3.1790        15.6966
      59             3               30         3.0860        16.0207
      60             2               26         3.0299        16.0994
      61             3               43         3.1994        15.0246
      62             2               40         3.0779        15.3187
      63             2               40         3.1676        15.1178
      64             0               25         3.2129        15.2073
      65             1               28         3.3936        15.7535
      66             4               20         3.0153        15.5502
      67             3               19         2.9813        16.6364
      68             2               18         3.2374        16.4768
      69             4               25         3.2178        17.0440
      70             3               29         3.0293        15.8680
      71             4               20         3.1385        16.2799
      72             3               27         2.8875        16.6627
      73             3               17         3.0728        17.3624
      74             4               29         2.8539        17.5121
      75             5               37         3.0133        17.6185
      76             3               31         2.9007        16.3846
      77             1               28         3.2591        15.9080
      78             2               32         3.0268        15.2876
      79             2               26         2.9156        15.7175
      80             2               22         3.1569        17.6995
      81             4               35         2.9033        16.0519
      82             3               30         2.9476        16.2837
      83             3               37         2.9215        16.4680
      84             2               35         2.8832        16.5311
      85             4               41         2.9510        15.5278
      86             3               34         2.9614        15.9816
      87             1               18         3.2611        15.5216
      88             3               35         2.8623        15.5973
      89             1               16         3.1231        15.9135
      90             3               20         3.2795        16.2459
      91             4               30         3.1567        17.6048
      92             4               26         3.0376        17.1240
      93             4               39         3.0030        17.1396
      94             3               25         3.2139        16.5232
      95             3               39         2.9941        16.4300
      96             3               38         3.2685        16.9934
      97             2               16         3.2394        17.6770
      98             2               26         2.9672        17.0926
      99             2               28         3.2543        16.2244
     100             3               28         3.2960        16.8513
     101             3               22         3.2051        16.3624
     102             1               22         2.9586        15.4072
     103             3               35         3.0128        15.0462
     104             2               28         3.3097        15.6576
     105             2               45         3.0704        16.0235
     106             4               34         3.2212        16.4050
     107             1               22         3.1053        15.9558
     108             1               32         3.2676        16.1942
     109             0               16         3.3678        15.4358
     110             0               17         3.1946        15.8484
     111             0               21         3.0934        15.2796
     112             0               24         3.2899        15.8186
     113             0               27         3.3510        15.1784
     114             0               32         3.1638        16.2247
     115             0               29         2.9560        15.8786
     116             1               32         3.1573        15.9457
     117             1               28         2.9761        15.9605
     118             0               30         3.0243        15.1416
     119             0               16         3.2171        15.8617
     120             0               24         3.2991        16.1931
     121             0               29         3.1621        16.4572
     122             0               42         3.0373        15.7847
     123             3               35         3.0528        15.5667
     124             0               30         3.1571        15.7403
     125             0               22         3.2837        16.4602
     126             0               27         3.3346        16.6439
     127             0               17         3.2272        17.0299
     128             1               22         2.9431        16.9405
     129             0               28         3.1994        16.2120
     130             0               16         3.3625        17.0497
     131             0               39         2.9901        16.1318
     132             1               42         3.0924        16.0964
     133             0               36         3.0180        15.6345
     134             2               36         3.3041        16.1781
     135             1               37         3.2907        15.9750
     136             0               42         3.0730        16.1693
     137             0               30         3.1560        17.2880
     138             1               39         2.9066        15.4836
     139             1               33         3.1850        16.7880
     140             1               30         3.3072        16.7186
     141             0               41         3.0170        16.7930
     142             0               33         3.0659        16.4903
     143             4               31         3.1484        16.9604
     144             2               31         3.0333        16.7531
     145             0               33         3.1832        16.8160
     146             0               39         3.1586        17.2365
     147             0               30         2.9776        16.6083
     148             0               40         3.2381        16.0626
     149             1               35         3.2201        16.6597
     150             2               28         3.0137        17.1594
     151             1               32         3.0578        16.4479
     152             1               26         3.1908        16.8517
     153             1               23         3.0313        16.6497
     154             1               26         3.0728        17.2145
     155             1               21         3.0269        16.5899
     156             1               27         3.2661        17.2952
     157             1               30         3.0032        15.6732
     158             0               25         2.9993        15.9412
     159             2               25         3.1935        16.6373
     160             2               28         3.0237        17.3325
     161             1               25         2.9470        16.2377
     162             2               29         2.9171        15.5880
     163             1               44         3.2251        16.0615
     164             1               27         3.2602        16.1290
     165             2               30         2.9178        15.5736
     166             0               35         3.3171        16.3905
     167             1               36         3.1770        16.8481
     168             2               25         3.2637        16.3097
     169             0               36         3.0205        16.0192
     170             1               29         3.0035        15.4796
     171             0               22         3.1512        16.1825
     172             1               24         3.3584        15.1358
     173             0               37         3.0678        15.1714
     174             0               25         3.0996        15.4479
     175             1               32         3.1506        15.8390
     176             0               44         3.2904        14.7647
     177             0               35         3.2353        14.4123
     178             1               40         3.2326        14.5969
     179             3               28         3.2739        15.2991
     180             0               27         3.4474        15.3508
     181             1               32         2.9468        15.2908
     182             2               25         3.2699        16.0653
     183             0               43         3.0604        15.1809
     184             0               36         3.3799        16.8221
     185             1               37         3.2373        16.3796
     186             0               40         3.1456        15.3514
     187             0               34         3.0359        15.7685
     188             0               28         3.1913        15.9806
     189             1               37         3.1664        16.7675
     190             0               32         3.0908        16.6194
     191             0               25         3.0269        15.6968
     192             0               37         3.0961        15.8660
     193             0               43         2.8884        15.5857
     194             0               30         3.4207        15.9705
     195             0               35         3.2545        15.2864
     196             0               32         3.3021        15.7117
     197             2               28         3.3117        15.9801
     198             1               40         3.1627        15.5686
     199             2               35         3.3560        14.9074
     200             1               39         3.0827        14.9747
     201             1               37         3.0669        14.9392
     202             1               35         3.1587        15.7031
     203             0               32         2.9711        15.2636
     204             0               31         2.9763        15.7469
     205             0               41         2.9445        15.8178
     206             0               35         3.2424        14.7631
     207             1               36         3.0823        15.3131
     208             2               18         3.2797        16.2888
     209             0               24         3.4295        16.5648
     210             2               38         3.2188        15.7478
     211             1               30         3.3682        17.2368
     212             1               32         3.1191        16.5462
     213             2               31         3.1077        15.9233
     214             1               35         2.8404        15.2645
     215             0               43         3.2023        15.2734
     216             0               27         2.9919        15.1142
     217             0               17         3.3316        15.8666
     218             0               11         3.2776        14.5538
     219             0               33         3.0178        15.4944
     220             0               15         3.0547        15.9693
     221             1               39         3.0406        15.8822
     222             0               13         3.3602        14.6513
     223             1               24         2.9767        15.2943
     224             0               37         3.1568        15.0022
     225             1               27         2.9852        15.5549
     226             1               36         3.2165        15.8105
     227             0               28         2.9222        15.9145
     228             1               25         3.1088        16.2876
     229             1               30         3.3774        16.2019
     230             0               44         2.9067        15.2957
     231             0               24         3.2883        15.2542
     232             0               27         3.2423        15.2416
     233             1               17         3.3957        15.8726
     234             0               29         2.8254        15.2070
     235             0               35         3.0885        14.9466
     236             0               35         3.2642        15.2697
     237             0               20         2.9984        15.0761
     238             1               24         3.1973        16.2823
     239             0               18         3.3627        14.7587
     240             0               25         3.3696        14.9742
     241             3               30         3.5117        15.8238
     242             3               42         3.0994        16.0020
     243             1               43         2.9314        16.4655
     244             3               15         3.0489        16.7898
     245             6               11         3.2044        17.2179
     246             6               26         3.3662        17.2595
     247             6               17         3.1464        16.3421
     248             4               20         2.9898        18.2160
     249             4               24         3.0460        17.5584
     250             4               19         3.2426        18.3792
     251             4               29         3.0631        18.6522
     252             3               21         3.1418        19.0221
     253             2               17         3.2902        18.0027
     254             6               25         3.3053        15.9104
     255             6               16         3.1913        17.4435
     256             6               27         3.0252        17.6944
     257             2               31         2.9883        18.9101
     258             3               34         3.1023        19.0390
     259             4               23         3.1590        18.8073
     260             3               22         3.2283        17.1256
     261             6               17         2.8929        16.8574
     262             4               19         3.1564        17.5238
     263             4               18         3.0688        16.8652
     264             3               25         3.0266        19.1461
     265             5               19         2.9662        18.3721
     266             2               25         3.2504        17.2057
     267             3               32         3.2521        17.4321
     268             4               14         3.2327        18.7650
     269             5               17         3.1166        18.3106
     270             6               21         3.2195        19.7606
     271             5               19         3.2426        19.1675
     272             4               19         3.0853        20.0742
     273             3               25         3.1667        19.5419
     274             4               18         3.1880        19.2047
     275             1               22         3.2333        20.1900
     276             6               18         3.2090        18.2078
     277             6               13         3.2873        17.8042
     278             5               29         2.9370        18.4411
     279             3               18         3.3232        18.9364
     280             0               18         3.3009        19.4249
     281             3               29         3.2023        18.7983
     282             2               27         2.9740        18.9907
     283             0               21         3.2761        18.2504
     284             4               27         2.9836        19.1576
     285             2               17         3.0880        18.1987
     286             2               17         3.1442        18.3366
     287             2               12         3.4486        17.8932
     288             4               16         3.2881        18.8278
     289             4               20         3.1167        19.1389
     290             3               26         3.2597        19.9505
     291             0               29         2.9422        19.8060
     292             1               30         3.2181        20.0223
     293             1               22         3.2338        20.5998
     294             0               13         3.4495        19.8041
     295             2               33         3.2119        18.8934
     296             3               27         3.0117        18.4362
     297             4               21         3.1688        18.6881
     298             5               21         3.1783        17.4897
     299             4               12         2.9907        17.8157
     300             6               23         3.0852        16.6713
     301             2               23         3.3003        17.8875
     302             1               26         3.2770        18.0221
     303             0               20         3.5128        16.8578
     304             0               21         3.0163        18.1476
     305             0               14         3.4326        18.1779
     306             0               26         3.0925        18.0377
     307             0               11         3.0929        19.5266
     308             0                5         3.4289        18.4646
     309             0               18         3.2562        17.9293
     310             0               17         3.4463        17.6578
     311             0               30         2.9844        17.8724
     312             0               41         3.1169        16.8469
     313             0               16         3.2612        18.0868
     314             0               21         2.9356        18.6114
     315             0               19         3.0446        18.6027
     316             0               12         3.2576        17.9823
     317             0               22         3.0160        17.5695
     318             0               12         3.3506        18.3194
     319             0               10         3.3554        19.6732
     320             0               11         3.1534        18.2831
     321             4               12         3.1114        18.1842
     322             1               20         3.1720        17.7306
     323             0               15         3.4983        16.3714
     324             0               31         3.2724        17.0416
     325             2               32         3.1336        15.9621
     326             1               27         3.2502        15.2096
     327             0               23         3.3548        16.1255
     328             1               27         3.1488        16.0016
     329             0               29         3.2737        15.1418
     330             0               47         3.1946        14.5880
     331             0               27         3.4427        15.2102
     332             2               25         3.2862        15.3735
     333             0               26         3.2097        14.9745
     334             1               36         2.9738        15.5961
     335             0               30         3.2106        15.7699
     336             0               38         3.2368        15.0620
     337             2               31         3.0710        15.4433
     338             0               21         3.3192        15.6594
     339             0               26         3.2121        16.6855
     340             0               15         3.2607        15.9955
     341             0               21         3.4346        15.3979
     342             0               21         3.1305        17.4060
     343             0               28         3.3133        16.8596
     344             0               19         3.2341        17.5091
     345             0               18         3.2705        18.2769
     346             0                7         3.3754        18.2566
     347             0               19         3.1003        18.6287
     348             0               21         3.2980        18.2833
     349             0               18         3.3415        19.6483
     350             0               25         3.2251        17.7690
     351             0               29         3.2400        17.7230
     352             0               22         3.1980        17.3966
     353             0               24         3.0767        17.6392
     354             0               35         3.1797        15.8941
     355             0               15         3.3376        15.7537
     356             0               18         3.5130        15.3570
     357             0               28         3.2497        15.7883
     358             0               15         3.3202        16.7075
     359             1               19         3.1234        15.4529
     360             1               19         3.1630        15.4899
     361             0               20         3.1367        15.2836
     362             1               35         3.0001        15.0063
     363             0               44         2.9760        16.0606
     364             1               23         3.2814        15.1318
     365             1               38         2.9616        15.7035
     366             1               27         3.2814        15.6914
     367             0               16         3.3705        14.5983
     368             0                9         3.5480        15.5531
     369             0                6         3.4748        16.2787
     370             0               19         3.2744        15.9762
     371             0               36         2.9794        15.6777
     372             1               19         2.9851        16.1407
     373             0               34         3.1245        14.8524
     374             0               31         3.1363        16.7849
     375             0               22         3.0536        17.6364
     376             0               32         3.2402        17.4657
     377             0               16         3.3511        17.5901
     378             0               13         3.2638        18.1396
     379             0               14         3.0469        16.6199
     380             0               21         2.8934        17.6121
     381             0               19         3.0942        17.5315
     382             0               18         3.3170        17.7780
     383             0               24         3.1566        17.3456
     384             0               12         2.9055        17.4418
     385             0               14         2.8976        17.0196
     386             0               20         3.0054        17.8974
     387             0               21         3.1081        18.0079
     388             0               12         3.0809        17.5326
     389             0               15         3.4550        17.0254
     390             0               11         3.3713        17.5184
     391             0               18         3.3329        18.5637
     392             0               10         3.3616        18.1340
     393             0               15         2.9540        17.5286
     394             0               11         3.4336        17.6143
     395             0               28         2.9831        17.0175
     396             0               25         2.9670        16.4342
     397             0               21         3.2248        15.9357
     398             0               35         3.3831        15.6546
     399             1               21         3.0383        16.1658
     400             0               19         3.5154        14.9977
     401             0               27         3.1460        15.0466
     402             0               24         3.5109        15.4051
     403             0               22         3.4379        15.9107
     404             0               20         3.4055        15.7834
     405             0               18         3.2573        16.1525
     406             0               26         3.4061        16.1029
     407             0               28         3.2684        16.5022
     408             0                8         3.3239        16.6127
     409             0               31         3.2318        16.2646
     410             0               27         3.1286        16.1489
     411             0                8         3.4195        17.6817
     412             0               34         2.9277        17.7798
     413             0               16         3.3286        16.9892
     414             0               13         3.3425        17.6237
     415             0               14         3.3609        17.5978
     416             0               16         3.1558        18.3888
     417             0               17         3.1014        19.0228
     418             0                9         3.2371        18.4495
     419             0               14         3.2284        19.0801
     420             0               12         3.5264        19.6337
     421             0               13         3.4660        18.6340
     422             0                4         3.4142        17.7689
     423             0                5         3.3902        17.4884
     424             0                8         3.2189        18.0550
     425             0                4         3.3407        17.2637
     426             0               12         3.2415        16.3114
     427             0               11         3.3745        16.0487
     428             0               10         3.6907        15.9751
     429             0                6         3.7536        16.1799
     430             0               19         3.3342        16.9255
     431             0               25         3.2952        17.0531
     432             0               22         3.2089        15.9201
     433             0               19         3.0974        16.5063
     434             0               31         3.1777        15.7853
     435             0               13         3.2494        15.1974
     436             0               14         3.1487        15.2909
     437             0               11         3.3428        15.0348
     438             0                8         3.2741        15.6205
     439             0                9         3.4164        16.1823
     440             0               21         3.1247        16.8153
     441             0               13         3.3572        17.0276
     442             0               11         3.1501        17.5715
     443             0                1         3.4890        17.7246
     444             0                4         3.6608        19.4099
     445             0                2         3.7294        19.4756
     446             0                5         3.2799        18.4507
     447             0                8         3.3596        19.0870
     448             0                3         3.9011        17.6928
     449             0                5         3.7248        17.0003
     450             0                6         3.3874        15.6447
     451             1                4         3.3927        16.2311
     452             0                4         3.2615        15.2775
     453             0                7         3.2886        15.9761
     454             0                1         3.9046        18.0543
     455             0                3         3.4132        17.5907
     456             0                3         3.5844        17.9909
     457             0                4         3.5321        18.5146
     458             0                7         3.5165        19.6605
     459             0                1         3.9780        19.3353
     460             0                2         3.8183        19.1010
     461             0                5         3.1458        18.6571
     462             0                1         3.8380        18.4577
     463             0                5         3.1461        19.0692
     464             0                8         3.1083        19.1687
     465             0                6         3.4359        19.4976
     466             0                4         3.5410        19.9695
     467             0                6         3.3204        20.1714
     468             0                3         3.8529        19.7055
     469             0                3         3.8574        20.5153
     470             0                5         3.5579        19.3981
     471             0                3         3.6878        19.2959
     472             0                3         3.7733        20.1324
     473             0                0         4.1164        19.3669
     474             0                7         3.5608        19.8235
     475             0                4         3.6690        19.4687
     476             0                2         3.7730        19.0949
     477             0                6         3.3531        18.5403
     478             0                0         4.0411        18.2151
     479             0                2         3.7719        17.1499
     480             0                0         4.0444        18.6647
     481             0                0         4.0667        18.6267
     482             0                3         3.6804        19.2566
     483             0                3         3.3830        17.8509
     484             0                3         3.6524        18.3938
     485             0                5         3.1494        18.3679
     486             0                4         3.2417        18.6596
     487             0                2         3.6305        18.1860
     488             0                3         3.4837        18.9448
     489             0                5         3.0670        17.0010
     490             0                1         3.9037        17.1397
     491             0                5         3.2389        17.4638
     492             0                3         3.4873        17.5202
     493             0                6         3.3829        17.8940
     494             0                4         3.5224        17.6702
     495             0                6         3.5232        18.4389
     496             0                3         3.5490        18.8755
     497             0                3         3.5669        17.9628
     498             0                1         3.8410        18.7175
     499             0                3         3.5440        19.1817
     500             0                3         3.6389        18.2863
     501             0                3         3.5822        20.1094
     502             0                2         3.6132        19.9732
     503             0                0         4.1987        20.3769
     504             0                0         4.0724        20.8686
     505             0                0         4.1488        21.5726
     506             0                1         3.9251        22.3019
     507             0                0         4.1951        23.4415
     508             0                1         3.8533        23.0650
     509             0                0         4.9778        23.5539
     510             0                0         6.3539        24.9502
     511             0                0         7.3660        25.9891
     512             0                0         6.7978        26.3249
     513             0                0         6.4331        25.6247
     514             0                0         5.9586        27.0294
     515             0                0         6.6144        26.3076
     516             0                0         6.0047        25.2304
     517             0                0         5.8741        24.8291
     518             0                0         5.8109        24.8154
     519             0                0         6.6487        24.7142
     520             0                0         8.5347        24.0913
     521             0                0         7.6847        23.3239
     522             0                0         7.1191        22.7116
     523             0                0         8.1775        21.4355
     524             0                0         6.9137        21.8910
     525             0                0         6.2733        23.0654
     526             0                0         6.5318        21.3945
     527             0                0         8.1440        21.2188
     528             0                0         6.6975        21.7174
     529             0                0         6.5061        21.6965
     530             0                0         7.2665        21.3610
     531             0                0         7.1452        20.7248
     532             0                0         6.6231        19.8325
     533             0                0         6.5833        18.7081
     534             0                0         6.9690        21.3511
     535             0                0         6.0400        20.3053
     536             0                0         5.9622        20.4997
     537             0                0         5.8422        18.9973
     538             0                0         5.7099        18.8196
     539             0                0         6.2178        19.4450
     540             0                0         5.8204        19.5203
     541             0                0         4.9086        19.0219
     542             0                0         4.2467        18.2747
     543             0                1         3.9504        18.3836
     544             0                0         5.8704        18.0371
     545             0                0         5.7172        19.0870
     546             0                0         5.4488        19.5094
     547             0                0         4.6083        21.0508
     548             0                0         4.0936        21.4007
     549             0                1         3.6000        21.2507
     550             0                0         4.3902        20.7304
     551             0                0         5.0630        21.0693
     552             0                0         6.8369        21.3005
     553             0                0         7.5396        21.6241
     554             0                0         7.8838        21.6288
     555             0                0         6.8547        22.4581
     556             0                0         8.5084        23.5782
     557             0                0         8.0842        23.0277
     558             0                0         7.4692        22.5055
     559             0                0         7.6641        22.8273
     560             0                0         7.5069        22.3274
     561             0                0         7.7041        22.1365
     562             0                0         6.6679        23.5554
     563             0                0         7.9386        21.8632
     564             0                0         9.0176        22.0587
     565             0                0         9.0458        22.0698
     566             0                0         8.3524        22.5135
     567             0                0         9.5078        23.1720
     568             0                0         9.0015        23.2420
     569             0                0         9.1741        24.1485
     570             0                0         8.9573        24.1657
     571             0                0         9.3214        22.8870
     572             0                0         8.2136        22.9752
     573             0                0         8.3354        22.1024
     574             0                0         8.6569        23.8433
     575             0                0         9.1108        23.3801
     576             0                0         8.9881        23.1825
     577             0                0         7.7146        21.6753
     578             0                0         7.7487        21.7508
     579             0                0         6.5699        22.2986
     580             0                0         7.3745        23.4774
     581             0                0         7.6195        23.1340
     582             0                0         7.7112        22.9213
     583             0                0         7.4243        22.4355
     584             0                0         7.1123        21.7751
     585             0                0         6.9619        21.7063
     586             0                0         7.1743        21.9730
     587             0                0         6.9158        22.2526
     588             0                0         7.5137        22.8354
     589             0                0         9.3112        24.3263
     590             0                0        11.1847        23.4354
     591             0                0        11.0147        24.0453
     592             0                0        10.8045        23.5594
     593             0                0        10.9247        23.6498
     594             0                0        11.6302        23.3369
     595             0                0        10.5568        24.0311
     596             0                0        10.8159        22.4333
     597             0                0         9.3275        22.3409
     598             0                0        11.1539        23.8534
     599             0                0        10.9689        24.2682
     600             0                0        11.9447        24.7972
     601             0                0        10.7287        24.6292
     602             0                0         9.7821        24.5684
     603             0                0        12.3345        25.7420
     604             0                0        12.7966        26.5060
     605             0                0        12.1039        25.6814
     606             0                0        11.9458        26.4302
     607             0                0        12.2080        28.4030
     608             0                0        11.9119        27.1943
     609             0                0        11.4655        25.5822
     610             0                0        12.3071        27.0808
     611             0                0        11.8637        27.5792
     612             0                0        13.3723        29.4409
     613             0                0        12.8691        27.7112
     614             0                0        12.7485        27.9645
     615             0                0        12.3100        27.1937
     616             0                0        12.4541        26.5640
     617             0                0        13.0321        27.1222
     618             0                0        13.0374        27.7700
     619             0                0        13.1473        26.6194
     620             0                0        12.6661        27.4885
     621             0                0        12.6786        27.7596
     622             0                0        12.4300        29.0029
     623             0                0        12.8149        27.8293
     624             0                0        12.7585        27.4392
     625             0                0        11.7574        27.2946
     626             0                0        13.7435        27.0866
     627             0                0        13.4786        28.4943
     628             0                0        14.2539        28.8961
     629             0                0        12.4030        26.7876
     630             0                0        13.2074        28.2589
     631             0                0        11.9203        27.1832
     632             0                0        10.2409        26.7253
     633             0                0        10.5663        27.3023
     634             0                0        11.5216        26.1583
     635             0                0        11.6885        27.7328
     636             0                0        11.5725        27.6382
     637             0                0        11.4435        28.1875
     638             0                0        13.1250        28.3002
     639             0                0        11.4674        28.3874
     640             0                0        10.6702        27.0075
     641             0                0         9.9453        26.1941
     642             0                0         9.8407        26.0765
     643             0                0         9.4753        24.1792
     644             0                0         9.5547        23.8734
     645             0                0         9.8288        26.9349
     646             0                0        11.1113        28.3843
     647             0                0         9.7764        24.9613
     648             0                0         9.2645        25.1860
     649             0                0         9.3119        24.9194
     650             0                0        10.1723        26.2888
     651             0                0        10.6817        26.5093
     652             0                0        10.5023        26.3362
     653             0                0        10.8564        27.1890
     654             0                0        11.2338        27.5525
     655             0                0        11.8458        27.6056
     656             0                0        12.5269        29.0182
     657             0                0        11.2752        28.6655
     658             0                0        11.0412        27.7937
     659             0                0        10.5407        28.2019
     660             0                0        10.9447        26.7814
     661             0                0        10.5799        25.9252
     662             0                0        11.2869        26.6809
     663             0                0        11.0260        26.7289
     664             0                0        10.0008        27.2521
     665             0                0        11.3143        26.5941
     666             0                0        10.1542        26.0144
     667             0                0        10.4598        26.6269
     668             0                0        11.7053        27.1959
     669             0                0        11.3362        29.0852
     670             0                0        10.2122        28.0203
     671             0                0        10.8286        27.8305
     672             0                0        10.0153        26.3749
     673             0                0        10.0905        27.3077
     674             0                0         9.2501        27.3790
     675             0                0         7.8892        28.0377
     676             0                0         7.6997        25.6607
     677             0                0         7.7156        25.3406
     678             0                0         8.4082        24.0881
     679             0                0         8.0994        24.3089
     680             0                0         6.0803        25.1102
     681             0                0         6.0289        24.8549
     682             0                0         6.7063        24.6915
     683             0                0         6.0023        25.1472
     684             0                0         6.0984        23.9866
     685             0                0         4.8936        23.7242
     686             0                0         5.3066        23.7715
     687             0                0         6.0609        24.1785
     688             0                0         6.6422        25.5505
     689             0                0         6.6707        25.9901
     690             0                0         6.4087        24.7885
     691             0                0         5.7436        25.4013
     692             0                0         5.8412        25.3958
     693             0                0         5.6261        24.4405
     694             0                0         5.3380        23.9257
     695             0                0         5.4836        23.7261
     696             0                0         5.8846        23.1517
     697             0                0         5.7344        23.5754
     698             0                0         5.9086        23.5512
     699             0                0         5.1501        23.1132
     700             0                1         3.9896        23.2458
     701             0                1         3.8081        22.6389
     702             0                0         4.3039        23.5879
     703             0                1         3.8642        23.4367
     704             0                0         4.0531        23.6867
     705             0                0         4.6197        24.1766
     706             0                0         4.4677        24.3687
     707             0                0         4.3023        24.0985
     708             0                0         4.2325        24.7773
     709             0                0         4.3504        25.3329
     710             0                0         4.5514        25.2439
     711             0                0         4.3027        25.7443
     712             0                0         5.6727        24.6922
     713             0                0         6.9622        25.4779
     714             0                0         6.3795        24.9769
     715             0                0         5.9344        25.7579
     716             0                0         4.8995        26.2780
     717             0                0         6.1226        24.8583
     718             0                0         6.1605        24.6078
     719             0                0         5.4711        24.4181
     720             0                0         5.1859        24.8845
     721             0                0         5.8401        26.2456
     722             0                0         6.2348        27.1212
     723             0                0         7.0536        26.5895
     724             0                0         6.7610        25.2862
     725             0                0         6.4598        25.9657
     726             0                0         6.4825        25.9770
     727             0                0         4.8434        26.2016
     728             0                1         3.8947        25.8146
     729             0                0         4.4286        25.1814
     730             0                1         3.8580        26.0260
     731             0                0         4.0770        25.9607
     732             0                0         4.2986        25.8698
     733             0                1         3.4677        25.9150
     734             0                0         4.4056        27.0972
     735             0                0         4.3179        26.0381
     736             0                1         3.9915        27.3475
     737             0                1         3.7979        27.2730
     738             0                0         4.4824        26.8131
     739             0                0         4.6035        25.6343
     740             0                0         5.5013        24.8195
     741             0                3         3.7255        23.3692
     742             0                0         4.6200        22.6420
     743             0                0         4.9761        23.1281
     744             0                4         3.3177        23.5409
     745             0                5         3.5208        22.2635
     746             0               19         2.9948        21.5914
     747             0               21         3.0532        21.6700
     748             0               15         3.2910        21.9553
     749             0               18         3.2043        22.8534
     750             0               19         3.2464        22.2943
     751             0               21         3.0746        21.0371
     752             6               23         3.1304        19.6376
     753             3               11         3.3668        19.9527
     754             5               18         3.1772        19.1219
     755             5               19         3.3279        19.8780
     756             4               27         3.0958        18.7050
     757             6               20         3.0957        18.2633
     758             5               26         3.0478        18.7379
     759             6               22         3.1056        20.6592
     760             1               21         3.3279        20.5970
     761             4               20         3.5441        21.6592
     762             3               18         3.5323        19.7059
     763             3               20         3.3298        19.1634
     764             4               20         3.3690        20.0754
     765             5               21         3.1434        19.5627
     766             3               15         3.4587        20.1631
     767             1               15         3.4673        21.4211
     768             6               20         3.2617        19.9918
     769             3               17         3.3191        20.8578
     770             5               20         3.1381        21.9270
     771             1               19         3.0659        21.3980
     772             3               19         3.3887        21.3125
     773             2               26         3.1081        20.3588
     774             1               15         3.3379        20.9965
     775             0                3         3.4978        21.0561
     776             1               12         3.3223        20.5137
     777             1               23         3.0567        18.5114
     778             1               11         3.3758        18.6476
     779             1               21         3.4322        17.6979
     780             2               19         3.1659        18.2982
     781             0               10         3.4214        16.9034
     782             2               11         3.1574        17.1150
     783             4               12         3.1208        17.4345
     784             3               26         2.9143        17.1415
     785             5               15         3.0083        16.6607
     786             2                4         3.4213        18.5917
     787             2               23         3.3726        18.7709
     788             2               11         3.5889        19.4187
     789             4               14         3.3187        16.9159
     790             3               20         3.4537        18.6934
     791             4               21         3.2728        19.7085
     792             1               22         3.1714        19.2978
     793             0                9         3.0655        19.9122
     794             1               10         3.6372        19.7528
     795             3               19         3.2307        19.9997
     796             4               19         3.1573        20.3441
     797             3               18         3.3545        19.9332
     798             1               13         3.1781        20.1253
     799             3               21         3.3501        19.6363
     800             1               14         3.3920        21.8651
     801             2               15         3.4748        20.5363
     802             5               22         3.2906        20.6812
     803             1               22         3.4034        21.1334
     804             3               18         3.4846        20.5415
     805             6               17         3.4366        20.1260
     806             4               23         3.3121        20.9894
     807             1               29         3.1788        20.8025
     808             4               33         3.2583        20.5149
     809             0               17         3.2888        21.9996
     810             0               14         3.5661        21.0866
     811             0               19         3.3210        22.5012
     812             3               23         3.1930        21.4868
     813             2               19         3.3103        20.3450
     814             4                9         3.4594        19.7946
     815             1               20         3.2334        20.5625
     816             4               29         3.2080        20.8721
     817             1               11         3.4513        22.4817
     818             1               13         3.3187        23.4921
     819             1               21         3.0863        22.7928
     820             0               15         3.2230        23.3158
     821             0               17         3.3088        21.6505
     822             0               20         3.2167        23.8396
     823             1               21         3.5777        21.7203
     824             0               17         3.1597        22.5114
     825             0               22         3.3471        22.8420
     826             3               15         3.0898        20.6368
     827             4               18         3.4198        19.9566
     828             1               24         3.3616        21.3774
     829             4               13         3.3145        19.2067
     830             4               12         3.1036        19.9603
     831             1               11         3.3153        21.5242
     832             1               23         3.3223        20.5289
     833             0               15         3.3206        21.9391
     834             1               14         3.4712        19.3665
     835             1               16         3.3212        20.7214
     836             1                3         3.3737        19.3905
     837             1               14         3.3135        19.0713
     838             0               13         3.4282        20.6993
     839             6               28         3.1743        20.9854
     840             3               27         2.9974        21.1301
     841             4               19         3.5559        21.8974
     842             2               11         3.5110        22.7578
     843             4               26         3.2956        21.0977
     844             3               16         3.2691        20.7495
     845             4               20         3.4994        21.7295
     846             1               29         2.9427        23.1178
     847             0               15         3.0532        22.8089
     848             0               10         3.2483        22.3348
     849             1               16         3.3458        21.8262
     850             1               16         3.1496        22.4602
     851             3               18         3.1076        22.2730
     852             0               26         3.2478        21.5378
     853             0               17         3.3014        22.0717
     854             2               15         3.3245        21.2582
     855             1                8         3.2564        22.1040
     856             4               22         3.4408        20.7339
     857             1               18         3.3294        21.6667
     858             4               19         3.3266        20.8978
     859             0               11         3.3597        21.5852
     860             1               27         3.2318        22.0667
     861             0               14         3.3304        22.5945
     862             3               22         3.2636        20.7489
     863             4               18         3.4148        20.1166
     864             5               23         2.9889        18.9590
     865             0               21         3.2212        20.6052
     866             6               16         3.1900        18.9530
     867             5               16         3.2914        19.7938
     868             6               20         3.2893        18.5405
     869             6               21         3.0757        18.2969
     870             7               23         3.0062        19.0567
     871             4               18         3.1426        21.0335
     872             3               21         3.1291        21.3441
     873             6               19         3.2901        20.0339
     874             3               24         3.3311        21.0881
     875             1               21         3.1233        21.1973
     876             0               11         3.2952        22.2165
     877             2               21         3.0566        21.1836
     878             4               23         3.1986        21.5158
     879             3               22         3.2671        23.0225
     880             0               33         3.1366        22.8409
     881             2               16         3.3716        21.5377
     882             3               13         3.3964        20.6262
     883             4               12         3.4385        20.8086
     884             6               22         3.2077        21.0376
     885             7               14         3.1638        20.1508
     886             4               10         3.4678        20.8576
     887             7               19         3.2799        20.3373
     888             6                8         3.5465        20.3310
     889             3               19         3.1435        21.4809
     890             8               17         3.3603        19.1286
     891             3               22         3.0542        17.6179
     892             8               21         3.0356        17.4615
     893             7               21         3.1875        17.8949
     894             4               26         3.1901        17.5897
     895             5               29         3.1057        15.6909
     896             7               19         3.1477        16.0626
     897             2               25         3.1781        15.5146
     898             1               26         3.2713        15.1153
     899             5               18         3.0903        16.0183
     900             5               25         3.2655        17.5477
     901             5                7         3.2271        17.6205
     902             6               16         3.3285        17.8691
     903             1                5         3.4320        19.0176
     904             3               17         3.2388        20.4680
     905             1               31         2.8907        20.1711
     906             5               24         3.0477        20.9962
     907             6               21         3.1428        20.6134
     908             5               10         3.2480        19.7264
     909             2               13         2.7725        20.5885
     910             8               20         2.9734        20.2202
     911             5               21         3.1770        20.7943
     912             7               11         3.4740        20.4390
     913             9               11         3.4048        20.0400
     914             6               17         3.0479        19.5191
     915             6               27         2.9859        20.5518
     916             1               17         3.2225        20.6701
     917             6               22         3.2543        20.2886
     918             9               18         3.1682        20.3085
     919             6               13         3.2761        21.3247
     920             6               25         3.0186        19.7874
     921             8               19         3.1615        19.2057
     922             8               18         3.3457        20.0343
     923             6               16         3.3339        20.0344
     924             6               11         3.4834        19.3683
     925             6               13         3.2500        19.3743
     926             3               22         3.2906        18.1858
     927             1               12         3.2743        17.8355
     928             5               21         3.2156        18.7342
     929             2               23         3.2037        18.6684
     930             1               25         3.0037        17.8045
     931             3               21         3.2414        19.2717
     932             1               18         3.1219        18.2827
     933             1               18         3.0870        19.5470
     934             0                9         3.4747        19.5767
     935             1               15         3.3437        19.8354
     936             2               15         3.3091        18.8996
     937             7               24         3.1274        19.1164
     938             6               20         3.2027        19.7777
     939             5               22         2.9807        20.1799
     940             4               24         3.3889        19.8081
     941             2               22         3.1690        19.5841
     942             6               26         3.1876        19.1195
     943             6               13         3.3419        19.7795
     944             6               25         3.2397        20.8382
     945             7               23         3.2810        19.6638
     946             6               26         3.0016        21.4195
     947             6               17         3.1422        20.1730
     948             7               25         3.2393        19.5103
     949             4               13         3.1224        18.7549
     950             5               23         3.3941        19.1779
     951             1               18         3.5501        17.5209
     952             2               15         3.3027        17.9423
     953             3               20         3.4322        18.4886
     954             3               18         3.4263        19.1798
     955             3               24         3.1565        17.5449
     956             2               21         3.2598        17.7689
     957             5               25         3.2466        18.7141
     958             5               21         3.2450        18.9836
     959             6               16         3.3339        20.0866
     960             6               15         3.2510        20.5816
     961             7               18         3.3810        21.4245
     962             2               19         3.4032        20.8528
     963             7               23         3.0808        20.0637
     964             0               20         3.2145        21.4564
     965             1               19         3.3253        20.3113
     966             5               34         2.8116        21.3560
     967             6               26         3.2098        19.4070
     968             6               13         3.2036        19.5609
     969             7                6         3.1122        18.4992
     970             4               14         3.4454        19.4402
     971             4               20         3.0697        19.0333
     972             2               20         3.3651        20.9869
     973             1               24         3.2735        21.0024
     974             1               15         3.3257        21.4525
     975             3               30         3.3001        20.9548
     976             5               14         3.1528        20.0433
     977             6               20         3.2699        19.8660
     978             4               11         3.1881        19.8247
     979             6               16         3.5201        19.7383
     980             5               20         3.3260        18.9508
     981             3               14         3.5605        19.4788
     982             3               25         3.0846        18.0561
     983             6                8         3.1856        18.5675
     984             1               13         3.3629        19.2502
     985             7               27         3.1434        19.4619
     986             1               31         3.3097        19.4466
     987             0               29         3.3675        21.0881
     988             1               16         3.4394        18.9774
     989             3               20         3.2987        18.4202
     990             1               15         3.4377        18.0237
     991             1               27         3.1830        17.7219
     992             1               12         3.4772        17.5265
     993             0               16         3.5912        18.6303
     994             1               17         3.3171        18.8527
     995             2               24         2.6867        20.7519
     996             1               17         3.4270        20.9416
     997             0               25         3.4851        20.3915
     998             2               19         3.3031        20.1652
     999             0               22         3.2805        20.4250
    1000             0               14         3.3507        19.2934
    1001             0               19         3.2995        20.3290
    1002             1               24         3.4164        20.8182
    1003             0               18         3.3676        19.9669
    1004             0               27         3.2757        20.8893
    1005             7               28         3.1798        18.8675
    1006             6               14         3.1849        19.3764
    1007             0                5         3.5445        18.7629
    1008             2               12         3.3386        18.2055
    1009             0               27         3.0351        18.0785
    1010             1               14         3.4630        18.4074
    1011             1               15         3.4146        18.3895
    1012             2               16         3.0801        18.6854
    1013             4               26         3.2072        18.5412
    1014             3               31         3.3694        18.5420
    1015             1               21         3.3556        19.1926
    1016             1               19         3.4255        18.1874
    1017             0               17         3.3407        18.4114
    1018             2               21         3.3695        19.5208
    1019             0               29         3.1918        20.0748
    1020             1               23         3.0828        20.5035
    1021             1               24         3.2555        20.5110
    1022             4               17         3.1962        20.2432
    1023             2               17         3.3150        20.1592
    1024             4               21         3.4029        18.8353
    1025             2               17         3.3247        19.7550
    1026             1               24         3.3575        18.9871
    1027             0               15         3.5368        19.5091
    1028             3               26         3.4136        19.1974
    1029             6               33         2.9729        18.9294
    1030             2               25         3.2126        19.1429
    1031             1               18         3.1556        18.1839
    1032             2               11         3.3032        18.4429
    1033             1               16         3.3357        19.6344
    1034             1               18         3.0530        18.7895
    1035             1               18         3.2231        18.7512
    1036             0               20         3.2483        18.8659
    1037             1               13         3.3280        18.8503
    1038             0               25         3.0516        19.2398
    1039             0               13         3.3403        18.8168
    1040             0                8         3.3309        17.7984
    1041             2                5         3.4833        15.7026
    1042             0               15         3.2912        15.4310
    1043             0               18         3.2862        17.0112
    1044             0               10         3.6014        16.0491
    1045             0               13         3.1746        17.4837
    1046             0                7         3.5593        17.4906
    1047             0               11         3.2571        17.7462
    1048             0               13         3.1299        17.7577
    1049             1               17         3.4507        16.6453
    1050             0               11         3.3918        17.2638
    1051             0               19         3.3106        17.4088
    1052             0               12         3.6572        17.1221
    1053             3               18         3.3164        17.1819
    1054             2               17         3.4144        17.6778
    1055             0               12         3.5037        17.2985
    1056             0               20         3.1449        16.6673
    1057             0               18         3.3623        17.2235
    1058             0                7         3.6553        17.1460
    1059             0               20         3.2762        17.1039
    1060             0               13         3.3165        17.6269
    1061             0               16         3.2074        17.9472
    1062             0               15         3.2698        18.4520
    1063             1               16         3.2008        18.3439
    1064             1               11         3.1856        17.7046
    1065             0               12         3.3204        18.4899
    1066             0                6         3.6329        18.8634
    1067             0               18         3.2145        17.6162
    1068             0               25         3.1560        17.5304
    1069             0                6         3.2777        16.8965
    1070             0               13         3.2987        16.2461
    1071             0                4         3.8029        16.5566
    1072             0                5         3.7194        16.6018
    1073             1               16         3.4145        16.5503
    1074             1               17         3.0885        16.3770
    1075             0               16         3.3100        16.8990
    1076             1                8         3.5407        16.8028
    1077             0               12         3.1230        16.4658
    1078             0               18         3.2395        15.8821
    1079             0               20         3.1803        16.3900
    1080             0               30         3.2511        17.6757
    1081             0               19         3.2876        15.7889
    1082             0               10         3.1976        15.7586
    1083             0               23         3.0465        15.7342
    1084             0               13         3.4288        16.4973
    1085             0               24         3.0404        16.6765
    1086             1               15         3.1242        16.4344
    1087             0               19         3.0826        15.7542
    1088             0               14         3.0203        16.3423
    1089             0               17         3.2562        15.7859
    1090             0               10         3.2341        17.1067
    1091             0               28         3.0518        17.6814
    1092             0               10         3.2540        17.2870
    1093             0                8         3.3036        17.6653
    1094             0               17         3.2622        17.0154
    1095             0               12         3.4842        17.1662
    1096             0                9         3.2753        17.1938
    1097             0               24         2.9652        17.0159
    1098             0               13         3.4045        17.7311
    1099             0               22         3.3650        18.5080
    1100             0                8         3.3524        19.6547
    1101             0               18         3.0728        18.8299
    1102             0               15         3.3082        18.3160
    1103             0                9         3.4624        19.0016
    1104             0               19         3.3175        18.5642
    1105             0               14         3.4954        19.4858
    1106             0               10         3.5497        20.0310
    1107             0               15         3.4501        19.4424
    1108             0               21         2.9150        18.0121
    1109             0               18         3.1751        18.1812
    1110             0               25         3.4328        18.5051
    1111             0               18         3.2586        17.4584
    1112             0                7         3.4598        18.0935
    1113             0               15         3.3783        17.4446
    1114             0                8         3.4892        16.6781
    1115             0               12         3.4259        15.7832
    1116             0                8         3.5353        16.5819
    1117             0               12         3.2818        15.9353
    1118             0               10         3.2901        16.3000
    1119             0                8         3.6103        15.0670
    1120             0               14         3.0207        15.2581
    1121             0               13         3.3864        16.3702
    1122             0                7         3.1463        15.6480
    1123             0               10         3.3466        15.2234
    1124             0                9         3.2577        14.9661
    1125             0               13         3.1749        15.8908
    1126             0                6         3.5114        15.0248
    1127             0                3         3.5276        15.2946
    1128             0               11         3.4390        15.0641
    1129             0               12         2.7562        17.0757
    1130             0                8         2.9845        16.8804
    1131             0               11         2.9548        16.9326
    1132             0               10         2.9513        17.0119
    1133             0               12         3.0407        16.4135
    1134             0               12         2.8453        16.6864
    1135             2               16         3.1016        15.2562
    1136             0               18         3.2016        14.9808
    1137             1                8         3.5418        16.1888
    1138             0                8         3.3879        16.4418
    1139             0                8         3.0664        16.8558
    1140             0                8         3.2440        16.6873
    1141             0               11         3.2354        16.6502
    1142             0               10         3.0796        16.2712
    1143             0               13         2.8705        16.5773
    1144             0               13         2.7832        16.8757
    1145             0               14         2.8792        16.6247
    1146             0               20         3.1237        16.1463
    1147             0               16         2.8353        16.4366
    1148             0               13         2.8170        15.3810
    1149             0               14         2.7014        15.5143
    1150             0               15         3.0581        15.4290
    1151             0                8         2.9021        15.7948
    1152             0                9         2.8013        16.6635
    1153             0               17         3.0894        16.9493
    1154             0                9         3.3024        17.7422
    1155             0                6         3.3949        16.9516
    1156             0                5         3.4432        18.1199
    1157             0               10         3.0161        17.9334
    1158             0               23         3.3024        19.8854
    1159             0               24         3.2656        18.5451
    1160             0               13         3.4799        19.2135
    1161             0               13         3.2341        18.5086
    1162             0                5         3.7932        18.8035
    1163             0                8         3.3364        17.8284
    1164             0               11         3.1899        15.5579
    1165             0                6         3.5056        16.0446
    1166             0               15         3.5221        14.8422
    1167             0               34         2.9996        16.1159
    1168             0               20         2.9074        16.5500
    1169             0               20         3.4337        17.7081
    1170             0               26         3.1272        17.2924
    1171             0               22         3.3496        17.4541
    1172             0               13         3.2730        18.2727
    1173             0               32         3.0273        17.0897
    1174             0               16         3.4196        18.1915
    1175             0               15         3.5139        17.9286
    1176             1               30         3.1010        18.4930
    1177             0               25         3.1329        18.5350
    1178             0               30         3.3593        18.4725
    1179             0               26         2.9741        18.5945
    1180             0               30         3.2024        18.4638
    1181             1               23         3.1262        19.0236
    1182             0               15         3.4425        19.5442
    1183             0               19         3.2730        19.9770
    1184             2               35         3.2579        19.4572
    1185             0               23         3.1804        18.4666
    1186             0               23         3.3208        17.4265
    1187             0               13         3.1936        20.0864
    1188             0               18         3.4247        18.8647
    1189             0               16         3.1491        19.0866
    1190             3               14         3.3855        20.0091
    1191             4               16         3.1298        19.2036
    1192             4               22         3.1824        19.0037
    1193             3               17         3.4085        19.4920
    1194             2               21         3.3983        19.4022
    1195             3               21         3.1928        19.1386
    1196             4               25         3.1081        19.1165
    1197             0               12         3.3035        19.5570
    1198             0               15         3.3990        19.1209
    1199             0                4         3.5896        19.4348
    1200             0               12         3.2441        18.9552
    1201             2               26         2.9641        19.1061
    1202             0               28         2.9088        18.8747
    1203             0                6         3.5830        17.2963
    1204             0               14         3.3188        17.6610
    1205             0               23         3.2292        17.1600
    1206             0               18         3.2483        18.1346
    1207             0               12         3.4001        17.7936
    1208             0               20         3.1172        18.6511
    1209             0               18         3.3203        18.1958
    1210             0               26         3.0910        17.4086
    1211             0               20         3.2563        17.4860
    1212             0               21         2.9913        17.4831
    1213             0               14         3.2010        17.6579
    1214             0               16         3.1143        16.8684
    1215             0               13         3.0725        16.9863
    1216             0               14         3.1944        17.1717
    1217             0                9         3.4035        16.2409
    1218             0               22         3.0498        15.4579
    1219             0               19         3.0839        15.8393
    1220             0               21         3.0095        15.9147
    1221             0               22         3.1160        15.9516
    1222             0               11         3.1011        15.5319
    1223             0               17         3.2126        15.5538
    1224             0               10         3.5095        15.8459
    1225             0               19         3.1925        15.5152
    1226             0               17         3.6022        15.6456
    1227             0               14         3.5463        16.2781
    1228             0               14         3.2378        16.3220
    1229             0               22         3.2156        15.3297
    1230             0               20         3.1862        15.3508
    1231             0               15         3.2845        16.0465
    1232             0               17         3.2280        15.2122
    1233             0                7         3.0540        15.3914
    1234             0                6         3.6816        15.7138
    1235             0                6         3.3737        15.3121
    1236             0               10         3.1749        16.2297
    1237             0               11         3.4328        14.8197
    1238             0               12         3.4795        14.4738
    1239             0                9         3.4255        15.2485
    1240             0               16         3.3883        16.0301
    1241             0               15         3.5191        15.3839
    1242             0               11         3.3980        15.7966
    1243             0               16         3.3618        15.4209
    1244             0               16         3.3082        16.8855
    1245             0               10         3.4347        16.4005
    1246             0               18         3.4173        16.3824
    1247             0               15         3.1061        17.1187
    1248             0                1         3.5729        16.5630
    1249             0                5         3.5468        17.2644
    1250             0                9         3.2122        16.5789
    1251             0               19         3.3443        16.2309
    1252             0                8         3.4965        15.4667
    1253             0               22         3.3927        16.0649
    1254             0               11         3.2032        15.9714
    1255             2               11         3.2667        17.1629
    1256             0                9         3.2831        17.0954
    1257             0                4         3.6257        16.0688
    1258             0               14         3.2639        16.1053
    1259             0               10         3.0490        15.5513
    1260             0                7         3.2258        16.0312
    1261             0                7         3.2313        16.5635
    1262             0                2         3.8013        16.6352
    1263             0                6         3.4445        17.2916
    1264             0                5         3.5968        17.4285
    1265             0                7         3.3329        17.4608
    1266             0                7         3.3856        16.8120
    1267             0                4         3.7556        17.7938
    1268             0                5         3.7121        18.8863
    1269             0                7         3.3602        18.4949
    1270             0                8         3.3189        17.7925
    1271             0                7         3.3196        17.4186
    1272             0                9         3.0985        16.5061
    1273             0                8         3.5841        16.6389
    1274             0               11         3.1458        15.6510
    1275             0                6         3.5928        16.9539
    1276             0                9         3.5378        19.0566
    1277             0                7         3.1407        18.2497
    1278             0                9         3.0198        17.8400
    1279             0                7         3.5549        18.2470
    1280             0                8         3.2859        15.4539
    1281             0                7         3.4599        15.7924
    1282             0                4         3.7725        15.8066
    1283             0                5         3.7029        17.0859
    1284             0                1         3.6111        18.4716
    1285             0                6         3.5051        19.6364
    1286             0                1         3.6899        18.7587
    1287             0                4         3.4880        19.2027
    1288             0                5         3.5224        19.1231
    1289             0                4         3.6574        19.5694
    1290             0                3         3.4872        20.0782
    1291             0                0         4.4266        19.7055
    1292             0                0         4.3431        19.2974
    1293             0                5         3.4555        18.6065
    1294             0                2         3.8144        18.6978
    1295             0                1         3.9305        18.1885
    1296             0                0         4.0119        19.3821
    1297             0                0         4.2376        19.4573
    1298             0                2         3.5064        17.8084
    1299             0                0         4.3373        16.4398
    1300             0                5         3.4362        16.5761
    1301             0                1         3.8519        17.0705
    1302             0                0         4.7906        18.1587
    1303             0                1         3.8154        17.7368
    1304             0                3         3.7030        18.3598
    1305             0                5         3.3235        18.5691
    1306             0                1         3.5313        19.1239
    1307             0                0         4.0281        20.2892
    1308             0                1         3.9977        20.1734
    1309             0                0         4.3770        19.5684
    1310             0                0         4.0985        19.4718
    1311             0                0         4.7173        19.2590
    1312             0                2         3.3301        17.5332
    1313             0                3         3.5773        16.7134
    1314             0                0         4.1101        16.7023
    1315             0                3         3.5647        16.2249
    1316             0                0         4.0927        15.5455
    1317             0                0         4.2607        16.4262
    1318             0                0         4.7853        16.1511
    1319             0                0         4.3991        17.4478
    1320             0                1         3.7233        15.6187
    1321             0                0         4.9927        16.3156
    1322             0                0         4.9493        17.6346
    1323             0                1         3.8385        17.2473
    1324             0                0         5.0105        17.3290
    1325             0                3         3.4977        17.2608
    1326             0                1         3.9971        17.1325
    1327             0                1         3.7468        16.5138
    1328             0                2         3.8322        16.8504
    1329             0                0         4.1914        16.8565
    1330             0                4         3.1134        17.4052
    1331             0               10         3.1229        16.2673
    1332             0               10         3.2155        17.1853
    1333             0                8         3.7280        16.2270
    1334             0                8         3.4848        15.8216
    1335             0               15         3.2875        15.6412
    1336             0               20         3.1272        15.3902
    1337             0                8         3.5487        15.8902
    1338             0               18         3.2277        15.2962
    1339             0               16         3.5835        15.7052
    1340             0               12         3.3539        16.3744
    1341             0               17         3.1703        15.8052
    1342             0               15         3.0975        15.8065
    1343             0               13         3.2359        15.2625
    1344             0               17         3.2848        15.2172
    1345             0               13         3.0102        15.1773
    1346             0               18         3.1692        14.7536
    1347             0               14         3.4157        16.1081
    1348             0               14         3.4547        15.5275
    1349             0               23         2.9781        15.6340
    1350             0               11         3.3847        15.4709
    1351             0               16         3.2095        15.6933
    1352             0               18         3.0926        15.8171
    1353             0               19         3.2243        16.2556
    1354             0               25         3.0976        16.1148
    1355             0               16         3.2403        16.3354
    1356             0               30         3.1817        14.8457
    1357             0               19         3.0839        15.7665
    1358             0               20         3.1623        15.8963
    1359             0               18         3.2775        15.3439
    1360             0               19         3.3645        15.1608
    1361             0                8         3.4626        16.7907
    1362             0               15         3.2216        15.4022
    1363             0                7         3.5125        15.9810
    1364             0               17         2.7792        17.0225
    1365             0               14         3.2791        15.8978
    1366             0                5         3.6089        16.0828
    1367             0               17         3.4175        15.2732
    1368             0               20         3.1606        16.0207
    1369             0               18         3.3749        14.8423
    1370             0               18         3.2617        15.3854
    1371             0               13         3.2657        16.4426
    1372             0                7         3.0800        16.7033
    1373             0               18         3.4178        16.8444
    1374             0                8         3.3564        16.4481
    1375             0               13         3.1512        17.5334
    1376             0               10         3.4941        17.1623
    1377             0                6         3.5154        17.0958
    1378             0                8         3.2439        16.6528
    1379             0               19         3.4421        17.3622
    1380             0               17         3.3070        17.6245
    1381             0               10         3.4610        17.2435
    1382             0               12         3.3233        17.4243
    1383             0               16         3.1442        17.7829
    1384             0               16         3.3168        17.6384
    1385             0               14         3.3285        18.4920
    1386             0               15         3.3551        19.0598
    1387             0               13         3.2216        18.8569
    1388             0               13         3.3464        18.5489
    1389             0                7         3.2716        18.9794
    1390             0                6         3.3891        18.9587
    1391             0                1         3.8763        17.9753
    1392             0                1         3.6194        19.3118
    1393             0                2         3.7157        17.7809
    1394             0                4         3.7768        17.8075
    1395             0                2         3.7946        17.3242
    1396             0                3         3.8239        16.9312
    1397             0                2         3.8606        18.1925
    1398             0                1         3.9231        18.1252
    1399             0                3         3.6668        18.2357
    1400             0                0         4.2761        18.6389
    1401             0                2         3.7823        17.8066
    1402             0                1         3.9005        17.1839
    1403             0                5         3.7275        15.9703
    1404             0                6         3.6091        16.7906
    1405             0                8         3.7301        18.0078
    1406             0                0         4.0097        17.7094
    1407             0                1         3.8187        17.3621
    1408             0                5         3.4601        16.2604
    1409             0                1         3.9287        18.4798
    1410             0                6         3.4728        17.2772
    1411             0                2         3.9146        17.3647
    1412             0                4         3.7324        17.4574
    1413             0                7         3.3256        16.4640
    1414             0                6         3.6231        16.9405
    1415             0                7         3.5285        15.0454
    1416             0                2         3.8258        15.8317
    1417             0                5         3.6628        15.3922
    1418             0                7         3.6380        15.1035
    1419             0                7         3.7038        15.0764
    1420             0                6         3.3882        15.1679
    1421             0                8         3.5466        15.2016
    1422             0                4         3.8081        15.0109
    1423             0                9         3.3601        15.7015
    1424             0                1         3.9323        14.9080
    1425             0                4         3.5698        15.1744
    1426             0                4         3.5518        15.6731
    1427             0                7         3.2671        15.1891
    1428             0                8         3.5430        15.6894
    1429             0                7         3.4811        16.9472
    1430             0                4         3.4022        16.5239
    1431             0                4         3.3299        15.9455
    1432             0                2         3.6341        16.6879
    1433             0                5         3.6972        16.3076
    1434             0                1         3.8428        16.6597
    1435             0                3         3.6034        17.7124
    1436             0                4         3.5828        15.8675
    1437             0                0         4.1843        16.7451
    1438             0                0         4.0966        16.9138
    1439             0                0         4.4610        16.1701
    1440             0                3         3.7486        15.3967
    1441             0                7         3.4596        16.9108
    1442             0                4         3.6928        17.5105
    1443             0                8         3.2636        17.1456
    1444             0                6         3.6111        18.3336
    1445             0                2         3.8344        18.7553
    1446             0                3         3.6141        18.0569
    1447             0                2         3.7032        17.8105
    1448             0                6         3.4530        18.5251
    1449             0                1         3.5787        18.6661
    1450             0                6         3.4788        17.7147
    1451             0                2         3.7294        18.3575
    1452             0                9         3.2069        18.7291
    1453             0                1         3.6186        18.9677
    1454             0                8         3.3856        19.3048
    1455             0                8         3.2438        18.4179
    1456             0                5         3.4792        18.0830
    1457             0               10         3.2142        17.2711
    1458             0                9         3.2762        17.6697
    1459             0                7         3.3379        17.6489
    1460             0                7         3.2587        17.5939
    1461             0                5         3.2702        17.3307
    1462             0                2         3.6355        18.4042
    1463             0                3         3.6500        18.8651
    1464             0                1         3.8912        19.9876
    1465             0                0         4.0387        20.1733
    1466             0                4         3.5079        20.0406
    1467             0                4         3.5675        19.6596
    1468             0                7         3.4156        19.0697
    1469             0                9         3.5423        18.2220
    1470             0                1         3.9787        18.0644
    1471             0                2         3.7428        19.0412
    1472             0                4         3.7672        18.6113
    1473             0                9         3.5108        18.6177
    1474             0                5         3.6910        20.1956
    1475             0                6         3.7454        18.6229
    1476             0               12         3.4676        19.4345
    1477             0               10         3.4672        18.9547
    1478             0                3         3.3904        19.7555
    1479             0                8         3.4393        18.5614
    1480             0                8         3.6814        18.5044
    1481             0               12         3.3761        16.5983
    1482             0                7         3.5477        16.7389
    1483             0                5         3.3339        16.6520
    1484             0                6         3.4135        16.9095
    1485             0                8         3.6965        18.2895
    1486             0                9         3.3724        18.2163
    1487             0               10         3.3959        18.2563
    1488             0                7         3.3122        19.7162
    1489             0                9         3.3462        20.1868
    1490             0                3         3.7881        20.1512
    1491             0                3         3.8081        19.7984
    1492             0               11         3.0193        19.8456
    1493             0                7         3.2451        18.2387
    1494             0                2         3.9847        19.8963
    1495             0                2         3.8328        19.3287
    1496             0                4         3.8892        20.0448
    1497             0                8         3.5651        19.1600
    1498             0                4         3.5816        18.3946
    1499             0                7         3.6770        18.5029
    1500             0                3         3.3415        18.1068
    1501             0                2         3.6518        18.5623
    1502             0                4         3.6715        16.9353
    1503             0                8         3.3939        17.2385
    1504             0                1         3.6943        16.5415
    1505             0                3         3.6387        17.5850
    1506             0                3         3.6104        17.3858
    1507             0                3         3.5731        18.3926
    1508             0                0         4.0226        18.6828
    1509             0                3         3.7909        18.5987
    1510             0                0         4.4051        18.0018
    1511             0                0         4.2116        16.8423
    1512             0               12         3.4107        15.5605
    1513             0               11         3.5360        16.2740
    1514             0               10         3.6124        15.6714
    1515             0                9         3.4087        15.7995
    1516             0                7         3.6410        15.7019
    1517             0                1         3.9702        15.4221
    1518             0               11         3.4617        13.9339
    1519             0               20         3.0570        13.9067
    1520             0                2         3.6727        14.7374
    1521             0               11         3.2041        14.5233
    1522             0                3         3.7856        14.7214
    1523             0                3         3.8571        15.1997
    1524             0               13         3.4610        14.4738
    1525             0               14         3.4374        14.7434
    1526             0               11         3.4270        14.6938
    1527             0               20         3.2017        14.8891
    1528             0               15         3.1245        14.6508
    1529             0               20         3.3588        13.6799
    1530             0               14         3.2816        14.2901
    1531             0                8         3.3152        14.5581
    1532             0               26         2.9398        13.7792
    1533             0               20         3.0238        15.0785
    1534             0               21         3.1157        14.6002
    1535             0               13         3.3276        16.0091
    1536             0               23         3.2859        16.5638
    1537             0               15         3.4379        15.6068
    1538             0               17         3.0589        15.0319
    1539             0               18         3.3751        15.6383
    1540             0               24         2.7937        14.6926
    1541             0               23         3.1286        14.5255
    1542             0               21         3.1212        15.1276
    1543             0               26         3.1254        15.0103
    1544             0               25         2.8607        14.9091
    1545             0               25         2.8256        15.3924
    1546             0               25         2.8898        15.0862
    1547             0               31         2.7240        15.3695
    1548             1               17         2.8320        16.1706
    1549             0               15         3.2834        16.3351
    1550             0                2         3.7641        17.7916
    1551             0               12         3.2671        17.0661
    1552             0                7         3.3956        17.6747
    1553             0               18         2.9554        17.2746
    1554             0               16         2.9859        17.1329
    1555             0               21         3.0200        16.4671
    1556             0               26         2.8971        15.1974
    1557             0               18         3.3935        15.7998
    1558             0               16         3.2843        16.6964
    1559             0               28         3.2345        15.5141
    1560             0               28         3.1545        16.1483
    1561             0                8         3.5231        16.5378
    1562             0               14         3.3814        17.0444
    1563             0               19         3.3118        17.2607
    1564             0               30         2.9565        15.6799
    1565             0               21         3.2324        15.7685
    1566             0               15         3.2824        16.6242
    1567             0               22         2.9586        16.4020
    1568             0               18         3.1369        18.0091
    1569             0               18         3.2403        16.9922
    1570             0               35         3.0083        15.5771
    1571             0               30         3.2510        16.0044
    1572             0               30         3.1606        16.0840
    1573             0               30         3.0425        17.1318
    1574             0               32         3.0810        17.2657
    1575             0               26         3.0907        16.1416
    1576             0               25         3.1223        17.0881
    1577             0               22         3.2968        16.2422
    1578             0               25         3.0758        16.5470
    1579             0               35         3.0272        15.8699
    1580             0               24         3.0550        16.9955
    1581             0               13         3.1817        16.5299
    1582             0               29         3.0847        17.4320
    1583             0               18         2.9704        17.6033
    1584             0               24         2.8688        16.5189
    1585             0               14         3.1777        17.5443
    1586             0               20         3.1546        16.3524
    1587             0               13         2.9332        17.1703
    1588             0               24         3.1830        16.6399
    1589             0               16         3.2472        17.2288
    1590             0               19         2.9825        16.1156
    1591             0               12         3.1898        16.0301
    1592             0               12         3.2536        15.7636
    1593             0               16         3.1334        16.9805
    1594             0               15         3.1196        16.9480
    1595             0               15         3.4546        15.9816
    1596             0               20         3.0766        16.1260
    1597             0               19         3.3211        16.6028
    1598             0               17         3.4790        17.2734
    1599             0               25         3.2609        18.4544
    1600             0               17         3.2575        18.3337
    1601             0               19         3.2673        17.8867
    1602             0               21         3.3666        17.4401
    1603             0               20         3.2800        17.4060
    1604             0               14         3.1262        17.7039
    1605             0               17         3.1204        18.1903
    1606             0               17         3.0943        17.5975
    1607             0               28         3.0479        16.3027
    1608             0               19         3.2214        16.7627
    1609             0               37         2.8795        17.5560
    1610             0               21         3.1203        17.4981
    1611             0               16         2.8018        17.2351
    1612             0               23         3.0133        16.5395
    1613             0               21         3.2090        16.8024
    1614             0               22         3.2215        17.1419
    1615             0               18         3.4242        16.9873
    1616             0               25         3.1052        17.7787
    1617             0               28         3.0618        17.6967
    1618             0               20         2.9652        17.2343
    1619             0               18         2.9525        17.9447
    1620             0               19         3.0648        17.0709
    1621             0               13         3.2343        17.3086
    1622             0               13         3.4042        17.5839
    1623             0               18         3.0838        17.3611
    1624             1               40         2.7759        17.9459
    1625             0               21         3.2647        18.4577
    1626             3                6         3.3991        18.2773
    1627             2               15         3.0193        17.2472
    1628             0               21         3.1387        16.8136
    1629             0               31         3.0524        16.5066
    1630             0               23         2.9920        16.0322
    1631             1               25         2.8664        16.8806
    1632             1               39         3.1403        15.8210
    1633             1               28         3.0919        16.3405
    1634             0               15         3.3955        16.6834
    1635             1               43         2.8811        15.4940
    1636             1               38         2.8942        16.3698
    1637             0               31         2.9061        16.6922
    1638             0               17         2.7627        16.4888
    1639             0               17         3.2198        16.5440
    1640             0               13         3.2696        16.4802
    1641             0               21         3.0190        17.0348
    1642             0               15         3.2333        16.9289
    1643             0               17         3.4609        16.8890
    1644             0               15         3.0124        17.2913
    1645             0               11         3.0566        17.9236
    1646             0               16         3.0070        17.0593
    1647             0               26         3.1835        17.6562
    1648             0               14         2.9645        17.5503
    1649             0               20         3.1655        15.7751
    1650             0               29         2.8827        15.9385
    1651             0               31         3.3563        16.8524
    1652             0               26         3.1492        17.1664
    1653             0               28         3.1179        17.7045
    1654             0               17         3.1327        17.1716
    1655             0               16         3.2856        16.4054
    1656             0               16         3.0272        18.5189
    1657             0               26         3.0593        18.8797
    1658             0               21         2.9619        17.7847
    1659             0               15         2.9028        17.1467
    1660             0               25         2.7664        18.5660
    1661             0               19         3.1577        19.3686
    1662             0               17         2.8151        17.9789
    1663             0               18         2.9804        18.3755
    1664             0               22         2.9690        17.6824
    1665             0               26         2.9355        18.9041
    1666             0               12         2.9172        18.2392
    1667             0               14         3.0021        18.7537
    1668             0                9         3.3455        19.1598
    1669             0                2         3.9126        19.2970
    1670             0               13         3.2965        17.0805
    1671             0               16         3.1764        18.7811
    1672             0               10         3.2951        16.3479
    1673             3               12         3.3326        16.9965
    1674             4               15         3.1902        18.6665
    1675             2               21         3.3080        18.9986
    1676             4               17         3.2275        18.1628
    1677             2               20         3.3705        17.4850
    1678             0                1         3.8072        17.6426
    1679             4               16         3.2477        16.8083
    1680             4               27         3.1190        17.7539
    1681             4               16         3.4020        18.4374
    1682             1               14         3.3529        17.6962
    1683             4               25         3.1493        19.1838
    1684             0               19         3.2989        18.6199
    1685             0               17         3.2605        20.3482
    1686             0               11         3.5433        20.2144
    1687             0                4         3.2268        20.8384
    1688             1               21         3.3823        20.7240
    1689             0               12         3.4342        21.3481
    1690             0               15         3.3633        20.8253
    1691             0               19         3.0931        21.2378
    1692             0               13         3.5901        21.3808
    1693             1               28         3.3241        21.3017
    1694             1               28         3.1174        20.5950
    1695             0               28         3.1747        20.1975
    1696             0               30         3.1083        21.1141
    1697             3               22         3.4882        20.0171
    1698             1               15         3.5363        20.6603
    1699             3               28         3.2728        19.2789
    1700             4               20         3.3326        18.5195
    1701             2               14         3.5329        17.7793
    1702             1               20         3.2671        17.0413
    1703             2               21         3.2908        18.5337
    1704             3               27         3.0616        19.2880
    1705             4               34         3.3419        17.8286
    1706             2               12         3.3982        18.0425
    1707             5               24         3.1748        17.7594
    1708             4               29         3.2860        19.0042
    1709             2               20         3.3601        19.1773
    1710             3               21         3.3469        18.8778
    1711             2               27         3.0785        19.6283
    1712             3               37         3.2926        18.8128
    1713             4               15         3.0404        18.0696
    1714             2               24         3.4718        19.1492
    1715             4               32         3.0224        17.9119
    1716             4               30         3.0435        17.2988
    1717             4               19         3.2082        17.9798
    1718             1               16         3.1823        16.5360
    1719             4               25         3.0816        17.6027
    1720             2               29         3.2575        16.2870
    1721             4               21         3.2041        16.2587
    1722             4               21         3.1865        16.8694
    1723             3               32         2.8991        18.5783
    1724             4               33         2.9274        17.6534
    1725             4               29         3.1032        17.5594
    1726             3               12         3.4785        19.1080
    1727             4               12         3.0973        17.7415
    1728             0               16         3.3215        19.2018
    1729             4               13         3.0782        20.4429
    1730             5               27         3.1589        19.1498
    1731             4               27         3.1542        18.6069
    1732             1               13         3.5049        19.0433
    1733             3               24         3.1953        19.9518
    1734             0               22         3.4421        19.7700
    1735             0               16         3.2523        20.2507
    1736             1               21         3.5233        20.9483
    1737             0               22         3.4540        21.0869
    1738             0               15         3.0947        21.0806
    1739             0               25         3.4077        20.0319
    1740             0               10         3.2094        20.4352
    1741             3               25         3.3171        19.5251
    1742             0               37         3.1919        18.8788
    1743             3               33         3.1913        19.1812
    1744             3               27         3.1398        18.0026
    1745             3               28         3.1813        17.7888
    1746             4               27         3.0612        18.4067
    1747             4               32         2.9692        17.8944
    1748             2               16         3.3658        16.8002
    1749             2               20         2.8561        16.7475
    1750             4               17         3.3686        16.2305
    1751             5               21         3.2061        18.0671
    1752             4               10         3.5736        18.2989
    1753             0               16         3.5108        17.8541
    1754             5               20         3.1111        17.2983
    1755             4               12         3.4223        17.2979
    1756             3               17         3.1288        18.0085
    1757             4               24         3.0785        17.4686
    1758             0               11         3.6458        16.1687
    1759             1               21         3.3897        15.4243
    1760             6               22         3.2683        15.6915
    1761             5               26         3.0127        15.1072
    1762             2               17         3.2756        15.9825
    1763             2                8         3.3014        15.8905
    1764             1               17         3.5382        14.4409
    1765             3               23         3.3963        14.8063
    1766             4               24         3.1710        15.8697
    1767             4               25         3.1415        15.5490
    1768             4               19         3.3832        17.3316
    1769             3               22         3.3866        15.7866
    1770             4               16         3.2970        14.7638
    1771             4               17         3.0864        15.2944
    1772             4               14         2.9473        17.3323
    1773             0               15         3.3812        16.1909
    1774             2               15         3.4064        17.0562
    1775             6               23         3.1164        16.1106
    1776             4               25         3.0795        15.4222
    1777             4               18         3.1416        16.3222
    1778             3                8         3.5619        15.9746
    1779             5               27         3.1758        15.8829
    1780             5               21         3.2616        16.5952
    1781             4               25         3.1493        16.9160
    1782             5               30         3.0061        15.7819
    1783             3               19         3.3009        16.7150
    1784             0                9         3.3726        16.6044
    1785             0               12         3.5018        16.7597
    1786             0               10         3.2696        17.2204
    1787             0                2         3.9021        18.8095
    1788             0               32         3.0577        19.3285
    1789             3               27         3.2281        18.9780
    1790             4               25         3.1924        18.9488
    1791             2               27         3.0401        19.3220
    1792             4               29         3.0267        19.5461
    1793             4               27         3.2930        18.0776
    1794             4               26         3.2548        17.5949
    1795             4               24         3.1624        17.5016
    1796             3               14         3.1597        17.1489
    1797             3               23         3.1375        17.2434
    1798             4               31         3.2855        17.6326
    1799             3               16         3.1614        17.3414
    1800             2               25         3.1529        15.9506
    1801             4               29         3.0518        16.0814
    1802             3               24         3.1330        15.9702
    1803             5               19         3.0770        15.8788
    1804             6               14         2.9685        16.2058
    1805             4               30         3.0899        16.7161
    1806             4               33         3.3323        15.4160
    1807             4               31         3.1702        16.0768
    1808             4               27         3.0745        15.0443
    1809             5               25         3.2740        16.6588
    1810             5               22         3.2838        15.1903
    1811             1               15         3.5775        14.9435
    1812             4               19         3.4226        15.2520
    1813             5               23         3.0650        14.8272
    1814             4               23         3.1150        14.7417
    1815             5               25         3.0340        14.7550
    1816             3               24         3.1908        14.6875
    1817             4               19         3.1270        15.3269
    1818             4               27         3.0420        15.3232
    1819             4               25         3.3514        16.7367
    1820             3               30         3.3773        16.1568
    1821             3                8         3.2834        17.4732
    1822             4               21         3.3322        17.8636
    1823             3               22         3.1400        17.5151
    1824             2               11         3.1782        17.4274
    1825             4               12         3.1915        17.7427
    1826             2               10         3.1953        17.6568
    1827             2               17         3.1990        17.7322
    1828             3               17         3.1356        17.4819
    1829             1               12         3.1637        16.6526
    1830             2                8         3.2605        17.6121
    1831             5               19         2.9069        18.1872
    1832             6               26         3.1855        17.2242
    1833             2                1         3.7817        17.3644
    1834             4               10         3.4066        18.2562
    1835             5               31         3.2122        17.9039
    1836             4               23         3.3147        17.7340
    1837             4               15         3.4868        16.3503
    1838             4               23         3.3210        16.2841
    1839             4               40         3.1413        17.6485
    1840             3               30         3.0027        17.3212
    1841             4               24         3.1118        17.0660
    1842             2               13         3.5240        17.6325
    1843             4               14         3.1038        17.4161
    1844             3               24         3.1337        17.9369
    1845             4               38         3.0489        17.9478
    1846             3               13         3.1982        18.3738
    1847             4               26         2.8893        17.0772
    1848             3               16         3.1625        17.4127
    1849             5               17         2.9472        17.0117
    1850             2               21         3.2288        16.4070
    1851             0               13         3.5848        17.6435
    1852             0               17         3.5484        18.4086
    1853             0                7         3.5440        19.8568
    1854             0               11         3.2947        19.1874
    1855             0               16         3.4206        18.8931
    1856             0                8         3.5755        20.5188
    1857             0               13         3.5496        20.8167
    1858             0                7         3.3840        18.4691
    1859             0                6         3.7226        18.6898
    1860             0               12         3.5022        18.5394
    1861             0                9         3.5576        19.5532
    1862             0               14         3.2804        19.1929
    1863             0                2         3.9348        20.3241
    1864             0               12         3.1752        21.7297
    1865             0                8         3.5247        20.9058
    1866             0               14         3.2462        21.0148
    1867             0               10         3.5896        23.2118
    1868             0                2         3.7311        22.7587
    1869             0                8         3.0988        22.3745
    1870             0               20         3.1503        20.6113
    1871             0                4         3.1589        20.8971
    1872             0                6         3.5069        20.0150
    1873             0               20         3.3931        19.9904
    1874             0                6         3.5304        19.6480
    1875             1               17         3.1235        21.4920
    1876             1               13         3.2590        20.9840
    1877             1               17         3.1864        21.9119
    1878             1                9         3.5749        21.2002
    1879             1               17         3.3663        21.0980
    1880             1               12         3.2500        20.5591
    1881             1               21         3.3034        20.9539
    1882             0               12         3.3816        21.8848
    1883             0                8         3.6156        22.6500
    1884             0                6         3.0081        23.8284
    1885             0                3         3.4427        23.7532
    1886             0                2         3.6477        22.9406
    1887             0                3         3.4385        23.5687
    1888             0                5         3.4461        22.8880
    1889             0                6         3.6138        21.8699
    1890             0                1         3.7684        22.4408
    1891             0               11         2.8640        21.7163
    1892             0               10         3.0123        22.7869
    1893             0                1         3.3881        22.2907
    1894             0               12         3.0671        21.7549
    1895             0                8         3.5848        22.5184
    1896             0               10         3.4606        22.3902
    1897             0                4         3.5403        21.8642
    1898             0               11         3.3794        21.7092
    1899             0               11         3.5106        22.8230
    1900             0               15         3.3973        22.0542
    1901             0               19         3.3517        22.2380
    1902             0               16         3.5263        20.9025
    1903             0                9         3.4384        21.5150
    1904             0               13         3.3100        22.6171
    1905             0                2         3.7110        23.3029
    1906             0                3         3.5879        22.0344
    1907             0                7         3.5402        22.1455
    1908             0               13         3.5523        23.1579
    1909             0                5         3.6267        22.6508
    1910             0                8         3.4379        20.6292
    1911             0               11         3.3884        21.4579
    1912             0                8         3.4446        20.9567
    1913             0               14         3.0441        21.6209
    1914             0               15         2.8564        21.2036
    1915             0               14         3.3295        20.9364
    1916             0               23         3.1249        21.5910
    1917             0               15         3.1405        21.4870
    1918             0                9         3.2581        21.5147
    1919             0               15         2.9250        20.9422
    1920             0                6         3.5462        20.1220
    1921             0               18         3.0422        20.0479
    1922             0               23         3.0470        19.9054
    1923             0               17         3.1363        19.4510
    1924             0                9         3.2626        19.5773
    1925             0               25         3.2094        21.2732
    1926             0               14         3.3630        19.6840
    1927             0               22         2.9435        19.9910
    1928             0               11         3.2732        20.1849
    1929             0               16         3.5317        20.1533
    1930             0               19         3.1324        20.4401
    1931             0               16         3.0334        20.5002
    1932             0               19         3.0116        20.2574
    1933             0               23         2.9258        20.1142
    1934             0               25         3.0759        19.0423
    1935             0               13         3.1459        19.2890
    1936             0               13         3.4130        18.0967
    1937             0               13         3.1523        18.7259
    1938             0                8         3.7011        20.0061
    1939             0                4         2.9816        21.1686
    1940             0               15         3.1774        20.2027
    1941             0               12         3.2613        19.4680
    1942             0               16         3.5117        18.5791
    1943             0               18         3.3523        16.9069
    1944             0               16         3.0332        17.8379
    1945             0                6         2.9678        17.6202
    1946             0               19         3.2196        17.8692
    1947             0               10         3.4556        18.6591
    1948             0                7         3.6626        17.2454
    1949             0               15         3.4107        16.6591
    1950             0                9         3.6009        16.6814
    1951             0               14         3.3099        16.9804
    1952             0               23         3.2066        16.7565
    1953             0               12         3.3810        16.7378
    1954             0               15         3.2897        17.2201
    1955             0               17         3.4501        17.0585
    1956             0                6         3.5476        17.1706
    1957             0               11         3.5133        17.2941
    1958             0               17         3.4307        16.4039
    1959             0               12         3.5725        16.3753
    1960             0               18         3.4155        16.8991
    1961             0                5         3.5588        15.8189
    1962             0                6         3.1003        16.9695
    1963             0               16         3.3430        16.9848
    1964             0               18         3.3569        17.4615
    1965             0               10         3.4396        17.6462
    1966             0                9         3.5019        17.4703
    1967             0                8         3.4385        17.6639
    1968             0               14         3.4263        17.1467
    1969             0                1         3.9749        16.4832
    1970             0               14         3.1861        16.5090
    1971             0               19         3.4085        16.6498
    1972             0               15         3.1299        16.7438
    1973             0               13         3.1506        16.4298
    1974             0               21         3.3207        17.2617
    1975             0                7         3.5767        17.1696
    1976             0               17         3.2781        16.4880
    1977             0                8         3.1636        18.0872
    1978             0                8         3.5484        16.1860
    1979             0                7         3.5375        16.3260
    1980             0               14         3.0394        15.6311
    1981             0               13         3.2011        15.7323
    1982             0                7         3.4508        15.7313
    1983             0                6         3.5007        16.2474
    1984             0                6         3.5885        15.8492
    1985             0               10         3.2372        15.9537
    1986             0               11         3.2653        16.2336
    1987             0               12         3.2823        15.4139
    1988             0                8         3.4282        16.3195
    1989             0               15         3.0338        15.8217
    1990             0               13         3.2533        15.8368
    1991             0               13         3.5528        17.3290
    1992             0               11         3.5987        16.1406
    1993             0               11         3.5251        17.2144
    1994             0               16         3.2371        16.8064
    1995             0                7         3.6898        15.9030
    1996             0                9         3.2865        16.3292
    1997             0               13         3.4560        16.2590
    1998             0               16         3.1466        16.8346
    1999             0               14         3.4474        17.5565
    2000             0                7         3.6481        18.9788
    2001             0                5         3.2629        18.2256
    2002             0                7         3.5246        18.5412
    2003             0                9         3.3660        17.9002
    2004             0               14         3.5948        18.6831
    2005             0                5         3.6535        19.3129
    2006             0                7         3.7093        18.3283
    2007             0               11         3.4103        17.9361
    2008             0               11         3.1167        18.3532
    2009             0                9         3.4060        17.9538
    2010             0               11         3.3823        17.4317
    2011             0                6         3.4069        17.5901
    2012             0               11         3.3415        18.6973
    2013             0               11         3.3241        19.2667
    2014             0                3         3.7633        17.8411
    2015             0               11         3.4825        17.4214
    2016             0                9         3.5884        16.5817
    2017             0               12         3.6571        16.7812
    2018             0               11         3.3685        16.8699
    2019             0                8         3.4720        17.7462
    2020             0                7         3.6095        18.9312
    2021             0                6         3.6362        18.7022
    2022             0                7         3.6094        18.9194
    2023             0                7         3.2802        18.4185
    2024             0               12         3.3958        19.5244
    2025             0                3         3.7926        19.2547
    2026             0                4         3.7078        19.6436
    2027             0               10         3.1979        18.5668
    2028             0               11         2.9257        18.4481
    2029             0                9         3.2587        19.2691
    2030             0                7         2.9040        19.9744
    2031             0                8         3.6168        19.9774
    2032             0                4         3.7119        20.5557
    2033             0                9         3.3035        18.8073
    2034             0               11         3.0780        18.4976
    2035             0               11         3.2401        18.7861
    2036             0               15         2.9329        17.7708
    2037             0               13         3.0894        18.4900
    2038             0               15         3.2765        18.8575
    2039             0               14         2.8973        18.4610
    2040             0                8         3.1359        20.1495
    2041             0                2         3.3737        20.4212
    2042             0                6         3.7266        20.6564
    2043             0                7         3.4538        20.2583
    2044             0                4         3.2486        20.9185
    2045             0               10         3.4425        20.0616
    2046             0               10         3.5098        17.6233
    2047             0                8         3.5694        17.8844
    2048             0                8         3.3133        19.0745
    2049             0               10         3.1090        18.6120
    2050             0                6         3.4043        19.0889
    2051             0                4         3.6005        18.8456
    2052             0                5         3.4599        18.6723
    2053             0               10         3.4053        18.5509
    2054             0                7         3.7627        19.1882
    2055             0                2         3.9552        18.5539
    2056             0                4         3.6945        18.8813
    2057             0               12         3.4322        18.2977
    2058             0                7         3.5068        18.0911
    2059             0               10         3.1330        18.3274
    2060             0                6         3.3414        18.9223
    2061             0               12         3.5012        18.1317
    2062             0                3         3.6428        18.1945
    2063             0               10         3.4144        17.3771
    2064             0                3         3.7994        18.0876
    2065             0                6         3.7469        19.2450
    2066             0               12         3.3225        18.3092
    2067             0                5         3.5284        18.4516
    2068             0                6         3.4514        18.1521
    2069             0               11         3.2068        19.3019
    2070             0               11         3.1511        20.7930
    2071             0               14         3.3571        18.0098
    2072             0                8         3.2615        18.9877
    2073             0               12         3.2362        19.5190
    2074             0                9         3.4763        20.0089
    2075             0               12         2.8409        20.1256
    2076             0               10         3.4207        19.8680
    2077             0                3         3.7986        20.4292
    2078             0                8         3.2675        20.3117
    2079             0                6         3.2871        18.0609
    2080             0                7         3.3989        18.5698
    2081             0               10         3.4646        18.4628
    2082             0                7         3.6031        17.7891
    2083             0               11         3.4676        17.5027
    2084             0                7         3.5346        16.4882
    2085             0               10         3.2487        17.4698
    2086             0               11         3.2743        17.8161
    2087             0               17         3.5013        16.8736
    2088             0                7         3.6036        17.8499
    2089             0               15         3.4082        18.3700
    2090             0                7         3.6972        17.3585
    2091             0                7         3.4988        17.3151
    2092             2               19         3.1620        16.9754
    2093             2               22         3.4259        16.6457
    2094             0               14         3.4086        17.2384
    2095             0               16         3.2954        18.9081
    2096             3               16         3.1898        17.9523
    2097             0               22         3.1315        16.0959
    2098             0               18         3.3101        17.3240
    2099             0               10         3.4920        16.7894
    2100             0               12         3.2024        17.8205
    2101             0               19         3.1847        16.2000
    2102             0               17         3.3317        16.1520
    2103             0               14         3.2778        17.0580
    2104             0               19         3.3662        17.4003
    2105             0               18         3.2623        17.3158
    2106             0               18         3.3320        16.6017
    2107             0                9         3.4537        17.1161
    2108             0               12         3.4454        18.3785
    2109             0               11         2.9826        19.3070
    2110             0               11         3.0186        19.2049
    2111             0                1         3.5972        18.2433
    2112             0                9         3.2423        17.6591
    2113             2               14         3.6311        18.4208
    2114             2                2         3.3642        18.1824
    2115             3               18         3.3651        18.2032
    2116             2                7         3.3620        18.4596
    2117             2               12         3.3854        17.6528
    2118             0                8         3.6363        17.3850
    2119             0               10         3.2256        16.5914
    2120             0               24         3.2149        16.4707
    2121             0               22         3.1708        17.2122
    2122             0               18         3.3782        16.8551
    2123             0               16         3.4145        17.8294
    2124             0               13         3.2657        17.8517
    2125             0               20         3.3127        17.4568
    2126             0               15         3.4847        18.0363
    2127             0               11         3.2248        17.2833
    2128             0                7         3.2524        18.5247
    2129             0               10         3.4135        18.6998
    2130             0                6         3.6640        18.9360
    2131             0                8         3.3495        18.9070
    2132             0                6         3.1685        19.2618
    2133             0               16         3.2607        18.7008
    2134             0               16         3.2829        19.3138
    2135             0                6         3.6531        19.6034
    2136             0               14         3.1735        20.9515
    2137             0               18         3.3742        20.0128
    2138             0                5         3.3608        19.8638
    2139             0                6         2.9390        18.6581
    2140             0               10         3.3812        18.9571
    2141             0               10         3.3515        20.3239
    2142             0               13         3.3409        17.9603
    2143             0               10         3.5801        19.4581
    2144             0               12         3.0879        18.3692
    2145             0                9         3.1469        19.1655
    2146             0               14         2.9341        18.4778
    2147             0                7         3.3437        19.6925
    2148             0               10         3.2738        19.4892
    2149             0                7         3.1185        20.7510
    2150             0               12         3.1821        19.5090
    2151             0                6         3.4839        18.9862
    2152             0               15         3.3211        19.5206
    2153             0               11         3.4662        18.7583
    2154             0                8         3.1552        19.7396
    2155             0               11         3.0543        19.0747
    2156             0               12         3.2094        18.7196
    2157             0               10         3.2041        19.1073
    2158             0               22         3.0584        18.1798
    2159             0                9         3.3686        18.2251
    2160             0                6         3.4550        18.2564
    2161             0               10         3.4990        17.6884
    2162             0               23         3.2384        17.4285
    2163             0               16         3.1036        17.6623
    2164             0               16         3.1985        17.5516
    2165             0               16         3.0241        16.6013
    2166             0               12         3.1219        18.4741
    2167             0                3         3.7019        19.0184
    2168             0               11         3.7094        17.9687
    2169             0                8         3.5083        17.4861
    2170             0               13         3.4143        18.5768
    2171             0               18         3.3534        19.0727
    2172             0               12         3.3207        19.9894
    2173             0               10         3.2040        21.4926
    2174             0               14         3.1531        20.7861
    2175             0                6         3.4476        21.7637
    2176             0                9         3.3923        21.4862
    2177             0               14         3.2300        20.3310
    2178             0               16         3.3349        20.6714
    2179             0                7         3.0641        19.7605
    2180             0               11         3.2725        20.4639
    2181             0                8         3.2556        20.3872
    2182             0               21         3.3233        20.2518
    2183             0               21         2.9648        19.1919
    2184             0               12         3.1861        19.1336
    2185             0               10         3.4597        18.9105
    2186             0               12         3.2440        20.8208
    2187             0               10         3.0442        20.3435
    2188             0               12         3.2590        20.6702
    2189             0                7         3.1878        20.3960
    2190             0               12         3.3215        19.6961
    2191             0                8         3.6309        19.9400
    2192             0               10         3.3582        20.1846
    2193             0               11         3.4125        19.6118
    2194             0               17         3.2136        19.2308
    2195             0                7         3.5869        19.8531
    2196             0               11         3.4711        20.0810
    2197             0                6         3.3428        19.9475
    2198             0                5         3.7318        20.9887
    2199             0                5         3.6666        20.0879
    2200             0                4         3.3091        20.5035
    2201             0                2         3.6809        21.9864
    2202             0                8         3.1108        20.6245
    2203             0                7         3.3821        21.4082
    2204             0               13         3.0575        21.7360
    2205             0                6         3.4906        21.1818
    2206             0               16         3.4801        20.7249
    2207             0                8         3.2295        20.4750
    2208             0                8         3.2671        20.6236
    2209             0               12         3.2373        20.6927
    2210             0               11         3.2494        19.4238
    2211             0               15         3.4048        19.6828
    2212             0                8         3.4744        19.1013
    2213             0                6         3.6583        19.8015
    2214             0                8         3.2579        20.5903
    2215             0                8         3.3450        20.3196
    2216             0                8         3.2100        20.8257
    2217             0                9         3.5372        19.4453
    2218             0                6         3.1229        19.5887
    2219             0               13         3.2661        19.6249
    2220             0               11         3.3603        19.2264
    2221             0               17         3.1976        19.2472
    2222             0               18         3.3441        19.7511
    2223             0               13         3.4044        18.8295
    2224             0               26         3.3537        17.7401
    2225             0               17         2.9751        18.0909
    2226             0               14         3.1028        18.7841
    2227             0               17         3.2873        18.4534
    2228             0                5         3.8485        20.3760
    2229             0                3         3.4912        20.5110
    2230             0                5         3.7029        21.3243
    2231             0               15         3.4999        20.6572
    2232             0                8         3.5824        19.8248
    2233             0                4         3.7010        20.1149
    2234             0                9         3.3810        20.4996
    2235             0                5         3.4563        19.5573
    2236             0                6         3.5326        19.8373
    2237             0                7         3.2417        20.5633
    2238             0               12         3.3742        19.5819
    2239             0                6         3.5242        21.4461
    2240             0                2         3.4501        21.5226
    2241             0                4         3.5815        22.1373
    2242             0               10         3.5153        21.1588
    2243             0                6         3.7366        20.1024
    2244             0                6         3.6872        20.6226
    2245             0                1         3.9816        21.2635
    2246             0                3         3.6765        20.2393
    2247             0                0         4.1411        22.0250
    2248             0                1         3.9898        20.6346
    2249             0                4         3.3927        21.7069
    2250             0                4         3.6482        21.5045
    2251             0                6         3.4148        20.4987
    2252             0                5         3.4150        20.2696
    2253             0                2         3.8827        20.2252
    2254             0               13         3.5693        20.4710
    2255             0               12         3.1953        21.1388
    2256             0                7         3.4663        21.6837
    2257             0                8         3.5456        21.3669
    2258             0                6         3.4650        22.5871
    2259             0                8         3.4786        22.0604
    2260             0                2         3.7975        23.4290
    2261             0                6         3.5703        23.6665
    2262             0                3         3.7199        23.0087
    2263             0                1         3.6357        22.9657
    2264             0                1         3.8070        22.8169
    2265             0                4         3.6381        21.8597
    2266             0                3         3.6374        21.5639
    2267             0                3         3.7535        21.5779
    2268             0                3         3.4984        20.8956
    2269             0                8         3.5118        20.4295
    2270             0                8         3.5310        19.8828
    2271             0                2         3.7053        20.2319
    2272             0                3         3.7362        20.5510
    2273             0                3         3.5766        20.7805
    2274             0                3         3.5421        21.0085
    2275             0                3         3.6430        21.0179
    2276             0                4         3.5700        19.0957
    2277             0               12         2.9683        18.6375
    2278             0               13         3.5317        19.3192
    2279             0               10         3.3199        20.0210
    2280             0               12         3.3704        18.7418
    2281             0                9         3.0728        18.8586
    2282             0               10         3.2125        18.6755
    2283             0               14         3.1579        18.4057
    2284             0                9         3.3552        19.2253
    2285             0                3         3.7507        19.8111
    2286             0                9         3.3626        20.0660
    2287             0                9         3.3338        19.0488
    2288             0                7         3.5671        18.4063
    2289             0                5         3.5047        19.4574
    2290             0                2         3.8702        18.6322
    2291             0                7         3.3045        18.0021
    2292             0               14         3.3890        18.4775
    2293             0               10         3.5241        18.6937
    2294             0                5         3.8151        20.1230
    2295             0                7         3.3199        18.7618
    2296             0                7         3.3093        18.6584
    2297             0                6         3.3410        18.9136
    2298             0                1         3.4446        18.2190
    2299             0                8         3.2758        18.0063
    2300             0                2         3.7845        19.6152
    2301             0                9         3.2549        19.3441
    2302             0                7         3.1784        18.5099
    2303             0                1         3.4612        18.7684
    2304             0                7         3.4393        18.2307
    2305             0                4         3.6376        18.0348
    2306             0                5         3.5942        18.0607
    2307             0               10         3.2328        17.7708
    2308             0                9         3.4302        18.4007
    2309             0               11         3.3565        17.3878
    2310             0                1         3.8760        16.9448
    2311             0                5         3.3667        17.8210
    2312             1                4         3.4630        20.1878
    2313             0                4         3.4760        19.1383
    2314             0                3         3.4386        21.2302
    2315             0               10         3.6219        21.1419
    2316             0               14         3.1812        20.7080
    2317             0                4         3.7056        20.3883
    2318             0                8         3.5510        20.9320
    2319             0               10         3.1146        22.4359
    2320             0                7         3.5175        20.6330
    2321             0               14         3.0791        19.3208
    2322             0               13         3.1614        19.8237
    2323             0                9         3.5883        19.8015
    2324             0               11         3.2141        19.7209
    2325             0                7         3.1807        19.3102
    2326             0                3         3.5491        19.2197
    2327             0               11         3.2778        20.0331
    2328             0               12         3.3331        19.4766
    2329             0               10         3.3035        20.0857
    2330             0               11         3.3412        20.3412
    2331             0               17         3.0426        19.7133
    2332             0               20         2.9956        19.7798
    2333             0               20         3.2446        20.0686
    2334             0               23         3.0816        19.3050
    2335             0               29         3.0884        19.0893
    2336             0               24         3.0227        19.0698
    2337             0               20         2.9153        18.8046
    2338             0               22         3.2165        18.6803
    2339             0               27         3.1240        19.1871
    2340             0               24         3.1726        19.4418
    2341             0               20         2.9917        20.2344
    2342             0               15         3.1525        19.8580
    2343             0               17         3.1823        19.3677
    2344             0               22         3.0235        20.0645
    2345             0               29         3.1051        19.8752
    2346             0               17         3.3676        19.9834
    2347             0               18         3.4305        20.5477
    2348             0               24         3.1188        21.3525
    2349             0               25         2.9415        21.2600
    2350             0               21         3.2856        20.5238
    2351             0               12         3.5369        20.4842
    2352             0               27         3.0074        20.4242
    2353             0               11         3.3863        19.7538
    2354             0               15         3.3509        20.0182
    2355             0               19         3.3697        20.9617
    2356             0               26         3.1331        20.0617
    2357             0               31         3.1272        20.0529
    2358             0               17         3.0220        20.2626
    2359             0               19         3.0298        19.8346
    2360             0               16         3.0848        20.1656
    2361             0               13         3.2113        20.2672
    2362             0               15         2.9676        20.0783
    2363             0               17         3.1257        20.7010
    2364             0                5         3.6705        21.6245
    2365             0               32         3.0692        21.8106
    2366             0               17         3.3852        21.0812
    2367             0               23         3.1133        21.8108
    2368             0               25         3.2463        21.5155
    2369             0               18         3.2658        22.1009
    2370             0               17         3.4753        22.6554
    2371             0               21         3.4407        23.3591
    2372             0               35         3.2767        22.0662
    2373             0               25         3.3720        22.1694
    2374             0               23         3.3042        21.8579
    2375             0               27         3.3218        21.8868
    2376             0               23         3.4145        19.6279
    2377             0               34         2.9895        19.6442
    2378             0               21         3.2835        20.4996
    2379             0               18         3.3110        19.8964
    2380             0               30         3.1369        19.8645
    2381             0               32         3.4127        20.0377
    2382             0               18         3.1966        20.0954
    2383             0               31         3.1011        20.5292
    2384             0               26         3.3728        20.1917
    2385             0               25         3.2573        20.8310
    2386             0               33         3.0868        20.2134
    2387             0               36         2.9230        19.8714
    2388             0               38         3.0513        20.5218
    2389             0               36         2.5100        20.7386
    2390             0               41         2.8742        20.0488
    2391             0               45         2.8697        19.2660
    2392             0               23         2.9019        19.5415
    2393             0               16         2.9335        19.6494
    2394             0               36         2.8611        20.3548
    2395             0               20         2.7921        19.8014
    2396             0               32         3.0481        20.1949
    2397             0               43         2.7564        20.3352
    2398             0               29         2.7997        19.5868
    2399             0               30         2.9678        19.8089
    2400             0               28         2.6739        20.5134
    2401             0               32         2.7403        19.6084
    2402             0               31         2.7237        19.1841
    2403             0               37         3.0184        20.2943
    2404             0               38         2.9385        19.9602
    2405             0               39         2.6518        19.4663
    2406             0               32         2.7951        19.8474
    2407             0               31         2.8164        19.3669
    2408             0               27         3.0842        19.9920
    2409             0               43         2.8799        19.7640
    2410             0               30         2.8261        19.9247
    2411             0               34         2.7791        20.8426
    2412             0               36         2.7601        20.0090
    2413             0               27         2.8525        19.7280
    2414             0               39         2.8097        19.8337
    2415             0               28         2.7529        19.1447
    2416             0               37         2.6764        20.5732
    2417             0               27         2.7492        20.8681
    2418             0               22         2.7612        20.6647
    2419             0               20         2.9576        22.3969
    2420             0               19         2.6419        21.4354
    2421             0               33         2.8547        21.7715
    2422             0               36         2.7232        20.4846
    2423             0               16         2.9296        21.5826
    2424             0               24         2.7482        20.9816
    2425             0               42         2.7141        21.5223
    2426             0               36         2.7207        20.4612
    2427             0               30         2.7901        21.5204
    2428             0               38         2.8329        21.3003
    2429             0               34         2.7413        21.1009
    2430             0               29         2.8203        21.8735
    2431             0               26         2.7367        21.6693
    2432             0               35         2.8552        20.6576
    2433             0               43         2.9026        20.6758
    2434             0               43         2.7150        21.0699
    2435             0               27         3.0198        20.7876
    2436             0               39         3.0537        21.4913
    2437             0               47         2.7002        21.1430
    2438             0               27         3.0316        19.9928
    2439             0               37         2.7764        19.7759
    2440             0               32         2.9902        20.8010
    2441             0               26         2.7451        21.1736
    2442             0               28         2.9520        20.1261
    2443             0               30         2.6818        20.9807
    2444             0               32         2.7612        20.3638
    2445             0               26         2.7507        19.4203
    2446             0               27         2.9451        20.5117
    2447             0               29         2.8409        20.2792
    2448             0               32         2.7519        20.8247
    2449             0               26         3.1204        22.0199
    2450             0               30         2.7331        20.8041
    2451             0               28         2.7059        21.2786
    2452             0               37         2.7274        21.3962
    2453             0               29         2.7334        20.1661
    2454             0               36         2.6748        21.0079
    2455             0               18         3.1241        21.2948
    2456             0               13         3.1468        21.2937
    2457             0               16         3.6285        21.8083
    2458             0               11         3.3793        22.3602
    2459             0               21         3.0240        21.7048
    2460             0               27         2.8771        21.6541
    2461             0                8         3.3177        22.2788
    2462             0               16         3.1250        21.6112
    2463             0               18         2.9208        21.4483
    2464             0               22         2.7744        21.7427
    2465             0               36         2.7850        22.1444
    2466             0               38         2.8337        22.5155
    2467             0               15         2.8612        22.3190
    2468             0               22         2.7152        22.0870
    2469             0               37         2.7319        20.9554
    2470             0               36         2.7908        21.1576
    2471             0               42         2.7212        20.9606
    2472             0               31         2.7747        20.9943
    2473             0               31         2.7641        21.1932
    2474             0               33         2.6487        19.9539
    2475             0               40         2.8420        20.9338
    2476             0               40         2.6522        20.7770
    2477             0               37         2.8073        21.7554
    2478             0               35         2.7276        20.5382
    2479             0               22         3.1361        20.8029
    2480             0               23         2.9743        20.7653
    2481             0               35         2.8093        21.3428
    2482             0               39         2.6907        21.5162
    2483             0               32         2.7848        19.8964
    2484             0               31         2.8154        21.3273
    2485             0               25         2.8378        20.9903
    2486             0               25         2.8495        22.3293
    2487             0               37         2.7660        21.8101
    2488             0               34         2.8544        22.9338
    2489             0               42         2.7744        22.4314
    2490             0               26         2.7618        23.5488
    2491             0               38         2.7879        21.5853
    2492             0               34         2.8297        22.6781
    2493             0               28         2.8382        22.4455
    2494             0               24         2.6907        22.8955
    2495             0               42         2.8578        22.1554
    2496             0               35         2.8323        21.4322
    2497             0               31         2.9875        21.4101
    2498             0               30         2.8614        21.9563
    2499             0               32         2.9471        21.5185
    2500             0               28         2.8620        22.3528
    2501             0               37         2.6891        21.6690
    2502             0               38         2.8993        21.1011
    2503             0               39         2.8511        19.7532
    2504             0               31         2.8545        19.2109
    2505             0               25         2.9248        19.5584
    2506             0               16         3.1719        19.4930
    2507             0               17         2.9058        20.7904
    2508             0               28         3.3784        21.7103
    2509             0               30         2.9368        21.6197
    2510             0               21         2.7666        22.7040
    2511             0               12         3.4249        23.3259
    2512             0               29         2.9863        22.7340
    2513             0               28         3.0745        22.6914
    2514             0               22         3.3154        22.2526
    2515             0               23         3.0999        22.3521
    2516             0               25         3.1086        22.7418
    2517             0               21         3.1217        21.8399
    2518             0               23         3.3391        21.4294
    2519             0               28         2.7391        22.1865
    2520             0               20         3.0697        21.0008
    2521             0               20         2.9276        20.4881
    2522             0               29         3.0684        21.0941
    2523             0               27         2.9711        21.3433
    2524             0               20         2.9549        21.7128
    2525             0                9         3.3188        21.0945
    2526             0               22         3.2435        22.8101
    2527             0                5         3.7953        22.5380
    2528             0               20         3.0871        22.2495
    2529             0               18         3.1591        22.5964
    2530             0               17         3.1378        23.5679
    2531             0               15         3.5752        21.8585
    2532             0               20         2.9329        22.1238
    2533             0                9         3.3471        22.7393
    2534             0               17         3.2007        22.1863
    2535             0               23         2.9002        22.1178
    2536             0               24         3.3755        20.8402
    2537             0               33         2.9910        20.4910
    2538             0               25         3.1646        22.7127
    2539             0               23         3.2631        20.8273
    2540             0               29         3.2287        20.9134
    2541             0               10         3.3108        20.6684
    2542             0               26         2.8641        21.8347
    2543             0               29         3.3288        21.6860
    2544             0               32         3.1550        22.9067
    2545             0               32         3.0976        22.4947
    2546             0               26         3.0902        22.5656
    2547             0               24         3.2251        22.0445
    2548             0               18         2.9456        22.6212
    2549             0               22         3.2770        20.4207
    2550             0               23         3.2635        19.9955
    2551             0               19         3.2259        20.9816
    2552             0               34         3.0455        21.1397
    2553             0               24         3.0784        21.9036
    2554             0               28         3.2443        22.1494
    2555             0               10         3.2061        20.5794
    2556             0               27         3.1102        20.0569
    2557             0               32         2.9608        20.7883
    2558             0               28         3.0035        20.5465
    2559             0               27         3.2608        20.1708
    2560             0               28         3.1208        19.9175
    2561             0               29         3.0125        21.2070
    2562             0               22         3.1639        21.4039
    2563             0               17         3.1740        22.1474
    2564             0               21         3.0217        22.7647
    2565             0               31         3.1318        22.0508
    2566             0               17         3.0491        22.0178
    2567             0               22         2.8567        22.3256
    2568             0               22         3.0690        22.0151
    2569             0                2         3.4743        22.5524
    2570             0               15         3.2183        22.8132
    2571             0               24         3.0973        23.2518
    2572             0               22         3.0568        22.6860
    2573             0               19         3.1651        22.8860
    2574             0               15         3.3038        21.9231
    2575             0               27         2.9387        21.5449
    2576             0               24         3.1584        21.4097
    2577             0               25         3.1009        20.6704
    2578             0               26         3.0076        19.7888
    2579             0               17         3.3732        18.8991
    2580             0               28         3.2335        20.5023
    2581             0               16         3.2853        21.4960
    2582             0               12         3.2094        21.6718
    2583             0               28         2.9766        21.3005
    2584             0               26         3.1577        22.2933
    2585             0               19         3.0524        22.5631
    2586             0               30         2.8678        23.0732
    2587             0               21         3.0695        22.2031
    2588             0               30         3.0197        22.7211
    2589             0               28         3.0417        22.2518
    2590             0               17         3.3769        22.6398
    2591             0               21         3.0762        23.3762
    2592             0               20         2.9773        22.5291
    2593             0               22         2.9361        22.0343
    2594             0                5         3.2840        22.0243
    2595             0               18         3.3132        22.4335
    2596             0               14         3.4828        22.0344
    2597             0               19         3.3397        20.7594
    2598             0               23         2.9415        21.0139
    2599             0               22         3.2224        21.5344
    2600             0               32         3.1560        21.3080
    2601             0               13         3.4320        20.9908
    2602             0               27         3.2776        20.9386
    2603             0               28         3.0558        19.3015
    2604             0               30         3.0778        20.9021
    2605             0               20         3.1640        22.3747
    2606             0               26         3.0124        21.4829
    2607             0               20         3.1447        22.3666
    2608             0                8         2.9830        21.3603
    2609             0               22         3.0410        22.2092
    2610             0               15         3.3806        23.3002
    2611             0               21         3.4932        22.0184
    2612             0               26         3.1376        21.4712
    2613             0               12         3.4230        21.0407
    2614             0               24         3.3332        19.8584
    2615             0               18         3.1752        22.2039
    2616             0               19         3.0324        21.0044
    2617             0               18         3.3693        20.3232
    2618             0               26         3.1013        21.5857
    2619             0               19         3.0587        21.4922
    2620             0               19         3.2960        21.2669
    2621             0               24         3.1803        21.4647
    2622             0               25         3.1896        20.2021
    2623             0               33         3.1617        20.8764
    2624             0               24         3.4999        20.8925
    2625             0               24         3.4159        20.8596
    2626             0               28         3.2132        21.4859
    2627             0               24         3.1915        20.5192
    2628             0               30         3.3190        20.1034
    2629             0               23         3.4801        21.0996
    2630             0               27         3.1929        20.6035
    2631             0               21         3.3860        21.1113
    2632             0               25         3.1142        20.2825
    2633             0               18         3.2335        20.4892
    2634             0               20         3.1953        21.1138
    2635             0               25         3.1586        20.4327
    2636             0               29         3.1107        20.2265
    2637             0               23         3.1579        20.6476
    2638             0               18         2.9659        19.6188
    2639             0               31         3.1605        21.7199
    2640             0               14         3.3117        21.7037
    2641             0               14         3.6057        20.3800
    2642             0               17         3.1541        21.3154
    2643             0               24         3.2565        21.1242
    2644             0               29         3.1529        21.2380
    2645             0               26         3.0753        21.0829
    2646             0               19         3.2182        20.1814
    2647             0               27         3.2526        20.7833
    2648             0               30         3.1020        20.1623
    2649             0               34         3.1425        19.8227
    2650             0               27         3.3214        19.8319
    2651             0               29         3.1550        20.1075
    2652             0               27         3.1135        20.0013
    2653             0               14         3.2557        20.7330
    2654             0               18         3.1818        21.2713
    2655             0               19         2.9878        21.1661
    2656             0               23         3.1230        20.9100
    2657             0               16         3.3127        21.8784
    2658             0               31         3.1510        20.4496
    2659             0               34         2.9704        20.8779
    2660             0               19         3.3003        19.9134
    2661             0               34         3.0153        19.6289
    2662             0               25         3.0982        19.1113
    2663             0               32         3.1244        20.6121
    2664             0               22         3.0940        21.5419
    2665             0               21         3.1451        20.0567
    2666             0               11         3.5316        21.8614
    2667             0                9         3.6116        20.7010
    2668             0               30         2.9910        21.0084
    2669             0               23         2.9860        21.2045
    2670             0               25         3.0775        21.4748
    2671             0               16         3.1809        20.8239
    2672             0               25         3.2959        22.0125
    2673             0               12         3.4888        22.5691
    2674             0               19         3.3179        21.4507
    2675             0               20         3.1966        22.1595
    2676             0               13         3.2885        21.6903
    2677             0               16         2.9181        21.4921
    2678             0               15         3.4434        20.7154
    2679             0               22         3.1878        20.3767
    2680             0               30         2.9050        20.4870
    2681             0               24         3.1767        21.0165
    2682             0               22         3.1758        20.4725
    2683             0                6         3.4285        20.3031
    2684             0               23         3.2487        19.6114
    2685             0               25         3.1669        19.5253
    2686             0               30         3.1265        19.5018
    2687             0               23         3.2598        19.1656
    2688             0               24         3.2963        18.9403
    2689             0               31         2.9317        19.5636
    2690             0               32         3.1589        19.4168
    2691             0               26         3.0564        19.4721
    2692             0               31         3.1123        19.6674
    2693             0               30         2.9906        20.2149
    2694             0               21         3.1388        19.6956
    2695             0               15         3.3975        20.0854
    2696             0               29         3.1345        19.7252
    2697             0               24         3.1455        19.6492
    2698             0               25         3.2007        19.1154
    2699             0               22         3.1422        19.5330
    2700             0               25         2.8861        19.3547
    2701             0               28         3.0728        20.0202
    2702             0                9         3.3844        20.5390
    2703             0               21         3.1794        19.8985
    2704             0               21         3.0232        19.8832
    2705             0               14         3.3126        19.0971
    2706             0               23         3.0800        19.1640
    2707             0               30         2.9552        18.8883
    2708             0               21         3.3384        19.6470
    2709             0               30         3.0164        19.2696
    2710             0               20         3.3358        20.2596
    2711             0               19         3.4013        20.4613
    2712             0               18         3.1859        20.4645
    2713             0               28         3.2801        19.3641
    2714             0               37         3.1799        19.5530
    2715             0               14         3.0960        19.9854
    2716             0               30         3.1517        20.1785
    2717             0               22         3.3075        20.1027
    2718             0               23         3.1707        20.1667
    2719             0               20         3.1489        19.7112
    2720             0               21         3.1002        20.7968
    2721             0               25         3.3721        21.0683
    2722             0               23         2.9818        21.2893
    2723             0               17         3.2959        20.8507
    2724             0               23         3.2892        20.5542
    2725             0               17         3.1247        21.9823
    2726             0               28         3.1619        22.2924
    2727             0               18         3.4067        21.5637
    2728             0               26         3.2607        21.4174
    2729             0               35         2.8306        22.6416
    2730             0               24         3.2999        23.0193
    2731             0               26         3.1363        22.2929
    2732             0               13         3.2437        21.9627
    2733             0               33         2.8047        21.8522
    2734             0               23         3.3292        21.9216
    2735             0               23         2.8398        20.9890
    2736             0               29         2.8207        20.1231
    2737             0               36         2.7768        19.4920
    2738             0               29         2.7645        19.9561
    2739             0               33         2.7046        21.2960
    2740             0               41         2.7703        20.3206
    2741             0               25         2.8705        19.5123
    2742             0               33         2.7610        19.3817
    2743             0               33         2.8280        18.7350
    2744             0               35         2.8133        19.8304
    2745             0               37         2.8133        22.0363
    2746             0               28         2.7464        22.3500
    2747             0               29         2.8332        21.3999
    2748             0               33         2.9056        21.7620
    2749             0               36         2.7033        21.2848
    2750             0               41         2.9329        22.4462
    2751             0               34         2.7827        21.0694
    2752             0               24         2.9186        20.4607
    2753             0               33         2.7737        20.1021
    2754             0               34         3.0316        19.7464
    2755             0               25         2.9384        20.6519
    2756             0               32         3.0244        21.3932
    2757             0               25         2.7718        20.4781
    2758             0               26         2.7800        20.8852
    2759             0               28         2.8842        20.3258
    2760             0               19         3.0327        20.9746
    2761             0               17         3.1032        20.8359
    2762             0               33         2.9681        21.2364
    2763             0               21         2.6841        20.8418
    2764             0               38         2.8401        21.5064
    2765             0               33         2.9539        22.6512
    2766             0               25         3.2602        21.2125
    2767             0               25         3.2661        22.8140
    2768             0               10         3.2609        22.9113
    2769             0               15         3.2271        23.0608
    2770             0               22         3.3724        22.8217
    2771             0               11         3.2134        23.0760
    2772             0               12         2.9982        22.4623
    2773             0               18         3.1937        22.6901
    2774             0               25         3.1387        22.5248
    2775             0               13         3.0841        22.2873
    2776             0               32         2.6932        22.3988
    2777             0               35         2.7415        22.6788
    2778             0               23         2.9221        22.1411
    2779             0               36         2.8113        22.0397
    2780             0               23         2.8440        21.9301
    2781             0               28         2.9869        21.6624
    2782             0               40         2.6256        20.7040
    2783             0               28         2.8633        21.4761
    2784             0               26         3.2500        21.4227
    2785             0               36         3.1404        21.7592
    2786             0               28         3.0905        21.3634
    2787             0               33         3.0417        21.6322
    2788             0               25         3.1328        20.5863
    2789             0               35         3.1044        20.5845
    2790             0               33         3.2246        20.8720
    2791             0               22         3.3744        21.0810
    2792             0               21         3.3356        20.7812
    2793             0               27         3.2944        21.0518
    2794             0               20         3.1105        20.9606
    2795             0               17         3.4391        20.4398
    2796             0               17         3.4754        20.8636
    2797             0               20         3.4444        20.9836
    2798             0               24         3.2737        21.1617
    2799             0               32         2.9339        21.5438
    2800             0               37         2.9032        22.2772
    2801             0               22         3.2184        22.4277
    2802             0                4         3.5996        22.7380
    2803             0               25         3.2299        23.5376
    2804             0               21         3.3182        22.9119
    2805             0               10         3.2143        22.6770
    2806             0               19         3.2848        22.3678
    2807             0                9         3.4596        22.4653
    2808             0               14         2.9513        22.5694
    2809             0               18         3.4597        23.6210
    2810             0               27         3.0495        23.3467
    2811             0                8         3.7330        22.7610
    2812             0               24         3.0263        23.0473
    2813             0               23         3.2049        23.4211
    2814             0               11         3.3945        22.2374
    2815             0               21         3.3682        21.9615
    2816             0               32         3.1452        23.1530
    2817             0               26         3.1930        23.3130
    2818             0               18         3.2863        23.3922
    2819             0               37         3.1666        22.7594
    2820             0               23         3.2742        23.4180
    2821             0               28         3.1874        22.8160
    2822             0               17         3.4515        22.3019
    2823             0               23         3.3895        22.3343
    2824             0               17         3.3037        22.4441
    2825             0               18         3.2122        21.9605
    2826             0               21         3.2257        21.9547
    2827             0               19         3.4620        22.3930
    2828             0               22         3.3896        23.0130
    2829             0               30         3.1146        21.4831
    2830             0               24         3.2448        22.1845
    2831             0               23         3.0770        22.7813
    2832             0               32         3.0028        22.5914
    2833             0               18         3.5798        23.1918
    2834             0               20         3.0798        22.9649
    2835             0               25         3.3148        22.7931
    2836             0               29         3.0407        21.7705
    2837             0               27         3.2320        22.4233
    2838             0               27         3.4457        22.1112
    2839             0               11         3.2394        22.6124
    2840             0               27         3.0704        21.8408
    2841             0               13         3.1961        21.9080
    2842             0               26         2.8620        21.8123
    2843             0               23         3.3862        21.7952
    2844             0               22         2.7506        22.1684
    2845             0               21         3.2807        22.8229
    2846             0               24         3.3884        22.5868
    2847             0               28         3.2970        21.9473
    2848             0               27         3.2787        21.2980
    2849             0               22         2.9947        21.4503
    2850             0               24         3.1330        21.2715
    2851             0               30         3.0582        22.2728
    2852             0               23         3.2348        22.4171
    2853             0               25         3.0055        23.3709
    2854             0               34         3.3104        23.2724
    2855             0               26         3.2530        23.3403
    2856             0               21         3.1916        23.8909
    2857             0               28         3.1170        23.2833
    2858             0               27         3.2659        21.6063
    2859             0               28         3.1958        22.3572
    2860             0               28         2.9017        21.6098
    2861             0               26         3.1469        21.2284
    2862             0               12         3.5248        22.2308
    2863             0               15         3.1815        21.3986
    2864             0               21         3.3955        21.5853
    2865             0               33         3.0179        22.1825
    2866             0               14         3.3847        21.7125
    2867             0               23         3.2970        22.6225
    2868             0               23         3.1576        22.5995
    2869             0               19         3.3533        22.5603
    2870             0               23         3.3488        22.1162
    2871             0               16         3.5449        21.5880
    2872             0               29         3.4323        21.8314
    2873             0               27         2.9894        21.3561
    2874             0               18         3.1482        21.8919
    2875             0               24         2.9392        23.2524
    2876             0               24         2.9985        23.6357
    2877             0               24         3.1299        22.6111
    2878             0                8         3.4992        22.8164
    2879             0               24         3.0832        21.8151
    2880             0               26         3.1176        22.0157
    2881             0               29         3.2569        22.5268
    2882             0               26         3.0126        22.0862
    2883             0               16         3.2036        22.3419
    2884             0                9         3.3964        22.3766
    2885             0               20         3.2626        22.7209
    2886             0               21         3.2760        22.5769
    2887             0               28         3.0443        22.0609
    2888             0               27         3.1762        22.6911
    2889             0               24         3.1274        22.5638
    2890             0               11         3.1973        22.6733
    2891             0               14         3.0753        22.7257
    2892             0                9         3.3285        22.6346
    2893             0                8         3.2434        22.3672
    2894             0                5         3.8866        22.4489
    2895             0               21         3.2468        22.7102
    2896             0               15         3.3489        22.4945
    2897             0               24         3.0543        22.5210
    2898             0               19         3.2035        22.6683
    2899             0               21         3.1556        23.3092
    2900             0                6         3.5775        23.0368
    2901             0               19         3.4299        22.7527
    2902             0               18         3.3927        24.0353
    2903             0               23         3.1418        23.0143
    2904             0               18         3.1528        24.5292
    2905             0               19         3.4923        24.3191
    2906             0               18         2.9856        24.5967
    2907             0               21         3.2831        24.7952
    2908             0                7         3.5251        24.8095
    2909             0               22         2.9981        24.9706
    2910             0               17         3.0909        25.4981
    2911             0               19         3.0784        25.0481
    2912             0               21         3.3254        25.0895
    2913             0               29         3.0054        24.8441
    2914             0                2         3.8427        25.5580
    2915             0               15         3.3103        25.0050
    2916             0               18         3.4225        24.5744
    2917             0               21         3.2693        24.3335
    2918             0               27         3.3188        23.9453
    2919             0               22         3.1263        24.7282
    2920             0               16         3.3688        24.7960
    2921             0               18         3.0773        24.7939
    2922             0               25         2.9612        24.0407
    2923             0               27         3.2610        24.5193
    2924             0               19         3.3042        26.1540
    2925             0               27         3.4272        24.5901
    2926             0               24         3.1515        25.6799
    2927             0               25         3.3436        25.3521
    2928             0               19         3.2554        25.7779
    2929             0               15         3.3666        25.2115
    2930             0               20         3.2640        24.3257
    2931             0               20         3.1004        23.7310
    2932             0               17         3.4070        23.5192
    2933             0               23         2.9905        23.6322
    2934             0               24         3.1595        22.9325
    2935             0               23         3.3980        23.0125
    2936             0               21         3.3949        23.9536
    2937             0               14         3.2409        22.7550
    2938             0                9         3.4010        22.5933
    2939             0               34         3.0184        22.0985
    2940             0               23         3.0063        22.9231
    2941             0               12         3.2994        22.7600
    2942             0               20         3.1628        23.6790
    2943             0               21         3.3140        24.4756
    2944             0               19         3.0597        23.5423
    2945             0               33         3.0968        22.7835
    2946             0               22         3.1366        23.3245
    2947             0               13         3.1933        23.9293
    2948             0               20         3.2396        23.7993
    2949             0               10         3.2859        23.6490
    2950             0                9         2.8686        23.5132
    2951             0                7         3.3735        22.2829
    2952             0               25         3.0412        22.1366
    2953             0               24         3.1916        22.2558
    2954             0               19         3.3787        22.4429
    2955             0               24         3.0330        22.3643
    2956             0               21         3.1303        23.7685
    2957             0               20         3.1003        23.4378
    2958             0               20         3.3863        23.6249
    2959             0               31         3.1451        23.7508
    2960             0               13         3.2820        24.4374
    2961             0               16         2.9061        22.7600
    2962             0               15         3.2860        23.0414
    2963             0               28         3.1209        22.4356
    2964             0               26         3.2610        23.7561
    2965             0               15         3.4354        23.6969
    2966             0               26         2.9578        22.6723
    2967             0               20         3.2889        22.6637
    2968             0               15         3.5028        22.7639
    2969             0               18         3.4195        23.6397
    2970             0               22         3.4070        22.9873
    2971             0               20         3.3013        22.4534
    2972             0               20         3.3464        22.2166
    2973             0               22         2.9792        21.5395
    2974             0               23         2.7738        22.0574
    2975             0                7         3.4330        20.2002
    2976             0               20         3.0955        20.0343
    2977             0               27         3.0173        19.7417
    2978             0               33         2.9475        20.8773
    2979             0               13         3.3471        20.0644
    2980             0               15         3.3193        20.6073
    2981             0               21         3.2526        21.0305
    2982             0               11         3.3267        21.9135
    2983             0               15         3.4634        22.7514
    2984             0               19         3.0775        22.2916
    2985             0               12         3.2395        22.3014
    2986             0               27         3.1458        22.7816
    2987             0               18         3.2696        22.2245
    2988             0               11         3.4201        22.2031
    2989             0               18         3.2767        20.5416
    2990             0               25         3.2112        21.1256
    2991             0               21         2.9366        20.6797
    2992             2               27         2.7779        19.9009
    2993             0               30         3.2163        20.2441
    2994             1               28         2.8731        18.7222
    2995             1               35         2.8099        18.4751
    2996             1               24         3.2150        18.5757
    2997             0               12         3.4063        19.3658
    2998             0               27         2.8063        19.7771
    2999             0               29         2.9890        18.7335
    3000             0               23         3.2381        20.1922
    3001             0               14         3.2666        18.5505
    3002             0               18         3.1854        17.8625
    3003             2               18         3.3918        19.9123
    3004             2               31         3.1527        20.3023
    3005             1               26         2.9752        19.4138
    3006             4               21         2.9279        18.7635
    3007             3               23         3.0650        20.3172
    3008             4               22         3.1176        20.1609
    3009             3               20         3.4203        19.4498
    3010             3               39         2.8408        19.5932
    3011             0               27         3.0363        20.1659
    3012             3               17         3.4173        19.6114
    3013             4               15         3.2204        19.3517
    3014             3               22         3.3811        20.7298
    3015             3               27         3.1393        20.2036
    3016             0               30         3.2211        20.4840
    3017             3               35         2.8666        19.1673
    3018             4               22         3.1179        20.2029
    3019             3               32         3.1637        19.5128
    3020             4               20         3.1720        19.6998
    3021             3               23         3.1706        19.8539
    3022             4               30         3.0177        19.0820
    3023             2               17         3.4097        20.4814
    3024             4               32         3.1105        18.9692
    3025             4               16         3.0822        18.5247
    3026             2               25         3.2899        16.3607
    3027             3               22         3.0697        18.5786
    3028             4               33         2.9838        18.7297
    3029             3               21         2.8636        17.2478
    3030             3               29         2.9845        17.5019
    3031             0               15         3.1747        18.2329
    3032             1               11         3.3678        19.9451
    3033             3               14         3.3457        20.0527
    3034             3               19         3.0636        21.0174
    3035             4               13         3.3039        21.0726
    3036             2               21         3.3218        17.9117
    3037             2               25         3.1201        17.9798
    3038             3               26         2.9018        18.7978
    3039             4               18         3.0095        17.5975
    3040             4               14         3.2353        17.9125
    3041             2               17         2.9970        17.1585
    3042             3               16         3.1845        17.8791
    3043             3               27         2.7501        18.3002
    3044             4               23         2.8055        17.5692
    3045             3               38         2.7779        18.6949
    3046             4               22         2.7912        18.3866
    3047             2               17         2.8270        20.0415
    3048             3               26         2.7705        20.8910
    3049             4               24         2.8358        20.9570
    3050             3               29         2.8014        22.6773
    3051             2               28         2.8583        22.2517
    3052             4               21         2.7303        22.5926
    3053             2               25         2.7500        22.8254
    3054             3               26         2.7003        23.1475
    3055             2               17         2.9504        23.7753
    3056             1               20         2.7140        24.1344
    3057             1               35         2.8674        23.6718
    3058             2               24         2.8165        23.6951
    3059             2               28         2.7382        23.7131
    3060             3               32         2.6679        23.2723
    3061             4               36         2.6923        21.9978
    3062             4               36         2.6817        22.4872
    3063             4               29         2.7765        22.2734
    3064             4               36         2.7271        21.8599
    3065             4               29         2.8016        22.4128
    3066             4               31         2.7174        22.0608
    3067             4               35         2.6957        22.1858
    3068             3               31         2.9967        22.2177
    3069             1               27         2.8756        22.9073
    3070             0               15         2.7954        23.8027
    3071             1               29         2.6637        24.2212
    3072             3               25         2.8368        24.0519
    3073             3               24         2.7283        23.9417
    3074             1               27         2.9347        23.3578
    3075             0               23         2.6604        23.8922
    3076             0               16         2.7414        24.4375
    3077             3               21         2.6718        22.5534
    3078             4               21         2.7517        22.9383
    3079             0               16         2.6654        23.5166
    3080             3               32         2.7853        22.8109
    3081             4               25         2.7063        22.4817
    3082             4               16         2.8131        23.2146
    3083             3               28         2.8782        23.9831
    3084             3               21         2.7097        23.2229
    3085             1               18         2.7844        23.7255
    3086             3               35         2.8891        22.6781
    3087             4               35         2.7320        22.9778
    3088             3               24         2.7324        22.7303
    3089             4               29         2.7846        22.3257
    3090             4               29         2.8313        22.6148
    3091             3               25         2.8753        22.3576
    3092             3               27         2.8177        21.6993
    3093             4               26         2.8194        21.4927
    3094             4               34         2.8233        21.7417
    3095             1               26         2.7745        20.7048
    3096             4               24         2.7896        20.0769
    3097             2               38         2.7940        20.7266
    3098             4               30         2.7975        21.4408
    3099             3               33         2.7222        22.3556
    3100             3               25         2.6896        21.2100
    3101             4               23         2.6763        21.5300
    3102             3               27         2.8090        21.2051
    3103             1               46         2.9233        20.4608
    3104             3               27         2.7532        21.5689
    3105             4               30         2.7950        22.3357
    3106             4               28         2.8369        22.3856
    3107             0               34         2.9485        21.3528
    3108             0               28         2.7961        22.3500
    3109             0               16         2.6405        23.2286
    3110             0               16         3.1018        23.6314
    3111             0               20         2.6967        22.4722
    3112             0               19         2.7209        22.8984
    3113             0               17         2.7150        23.0680
    3114             0               25         2.8552        22.6799
    3115             0               12         2.8400        22.2168
    3116             3               23         2.8176        22.0305
    3117             1               22         2.9164        22.3756
    3118             2               23         2.7982        21.7493
    3119             3               33         2.8090        21.8124
    3120             3               25         2.7725        21.8404
    3121             3               36         2.6570        21.8006
    3122             3               24         2.8239        21.9674
    3123             2               30         2.7678        22.4083
    3124             4               26         2.6780        21.4377
    3125             0               28         2.7467        21.2832
    3126             2               21         2.7104        22.0693
    3127             4               26         2.7576        21.2566
    3128             2               19         2.7145        22.5167
    3129             3               19         2.8028        21.7980
    3130             4               33         2.6098        22.0280
    3131             4               26         2.7472        22.1739
    3132             3               34         2.7629        21.7260
    3133             3               38         2.7954        21.6422
    3134             4               22         2.7906        21.5606
    3135             3               30         2.7551        22.0071
    3136             2               40         2.7385        22.1046
    3137             3               37         2.6582        22.3200
    3138             3               24         2.7742        22.2175
    3139             4               31         2.8255        22.4449
    3140             4               31         2.8526        22.2118
    3141             3               22         2.6736        22.5416
    3142             1               21         2.7201        22.1858
    3143             4               37         2.8530        23.1620
    3144             4               25         2.6411        22.4090
    3145             3               22         2.7961        21.9515
    3146             3               27         2.7494        21.4068
    3147             3               26         2.6777        21.5299
    3148             4               36         2.7818        21.3912
    3149             3               38         2.7167        22.0201
    3150             4               28         2.6381        22.7047
    3151             3               29         2.6345        21.4034
    3152             3               29         2.7027        22.0921
    3153             3               27         2.7177        22.5793
    3154             0               41         2.8092        22.4571
    3155             0               29         2.7859        22.1110
    3156             3               29         2.7790        21.1838
    3157             3               30         2.8528        21.4772
    3158             4               37         2.6464        22.5027
    3159             3               23         2.6809        20.7738
    3160             2               33         2.9757        21.4132
    3161             3               42         2.8014        21.6942
    3162             3               24         2.7272        21.7521
    3163             1               30         2.6728        22.1326
    3164             1               31         2.7095        20.8747
    3165             0               33         2.8185        20.6723
    3166             0               32         2.7871        20.0106
    3167             0               31         2.7361        19.6406
    3168             3               31         2.6941        19.9686
    3169             3               30         2.7950        20.3021
    3170             3               33         2.6726        20.3794
    3171             3               39         2.7440        20.5567
    3172             1               21         2.8247        21.0909
    3173             3               40         2.7477        20.9127
    3174             0               32         2.6494        20.5699
    3175             2               23         2.6471        20.7081
    3176             2               25         2.7813        19.8685
    3177             3               36         2.7308        19.8706
    3178             3               24         2.8378        19.3165
    3179             3               26         2.7365        19.6775
    3180             4               21         2.8207        20.1195
    3181             4               22         2.6568        20.3219
    3182             3               25         2.6934        21.1223
    3183             2               29         2.7166        20.0354
    3184             4               36         2.8028        20.9407
    3185             3               24         2.7648        19.8766
    3186             1               20         2.9184        20.1220
    3187             3               36         2.7453        20.0590
    3188             4               24         2.7808        20.3039
    3189             3               24         2.6832        20.3744
    3190             3               26         2.8107        20.8668
    3191             3               26         2.8201        21.3771
    3192             4               39         2.7801        21.1676
    3193             1               16         2.9448        21.9178
    3194             3               28         2.7984        20.7996
    3195             4               25         2.7741        20.5542
    3196             3               27         2.8609        19.1786
    3197             2               24         2.7113        20.7981
    3198             1               16         2.8216        20.1304
    3199             3               30         2.7066        20.5455
    3200             4               24         2.6992        19.5775
    3201             4               26         2.6778        20.3810
    3202             3               17         2.9321        20.8498
    3203             3               33         2.7816        19.9903
    3204             3               30         2.8053        18.6712
    3205             0               26         2.7614        19.2959
    3206             2               25         2.6780        19.5939
    3207             1               32         2.6984        20.2627
    3208             1               28         2.8407        18.7528
    3209             5               32         2.7766        19.4541
    3210             3               40         2.7928        19.5019
    3211             5               40         2.8992        21.0436
    3212             0               20         3.1861        21.3103
    3213             0               15         3.1340        21.4498
    3214             0               22         3.0890        21.7413
    3215             1               17         3.2420        21.2192
    3216             0               16         2.9530        21.1315
    3217             0               23         3.0580        20.0502
    3218             1               22         3.1330        19.4058
    3219             3               23         3.3608        19.8822
    3220             2               30         3.0372        20.1583
    3221             0               12         3.3794        20.3419
    3222             2               33         3.0137        20.8466
    3223             2               24         2.9303        20.7669
    3224             1               20         3.4210        20.0978
    3225             2               35         2.8252        20.2697
    3226             2               43         2.8807        19.5299
    3227             0               25         2.8282        18.8495
    3228             0               32         2.6974        19.0660
    3229             2               21         2.8097        19.1850
    3230             1               32         2.7615        19.6089
    3231             3               38         2.8187        19.0295
    3232             3               40         2.8201        19.1916
    3233             4               25         2.7294        19.2889
    3234             4               32         2.7822        18.3162
    3235             1               29         2.8989        18.8998
    3236             3               20         2.6451        18.7783
    3237             0               28         2.6783        18.7730
    3238             3               22         2.7466        18.9049
    3239             4               33         2.8624        19.5538
    3240             1               23         2.7084        18.7877
    3241             3               22         2.7806        18.7020
    3242             1               22         2.7901        18.4219
    3243             4               19         2.8528        18.5896
    3244             4               18         2.8956        18.8604
    3245             4               31         2.7834        18.8828
    3246             2               17         2.6931        18.7381
    3247             4               25         2.7333        18.6969
    3248             3               29         2.7203        18.9581
    3249             4               23         2.8312        19.2949
    3250             4               35         2.7516        19.4384
    3251             3               37         2.7381        18.7708
    3252             4               24         2.7325        19.6099
    3253             3               22         2.7271        19.9032
    3254             4               22         2.8278        19.8622
    3255             3               19         2.7535        19.0491
    3256             4               29         2.7919        18.7220
    3257             3               28         2.8378        18.7947
    3258             4               26         2.7906        18.5407
    3259             3               29         2.6629        18.2108
    3260             4               26         2.8214        18.7378
    3261             4               22         2.7243        19.4081
    3262             4               32         2.6920        19.6492
    3263             0               29         2.6795        19.0371
    3264             0               25         2.7540        18.6622
    3265             1               25         2.6551        18.5871
    3266             3               33         2.7050        18.7072
    3267             3               28         2.7598        18.6501
    3268             4               29         2.7260        18.7454
    3269             2               28         2.6590        19.1396
    3270             2               44         2.5869        19.1779
    3271             4               21         2.6426        18.5448
    3272             4               24         2.7905        18.7082
    3273             3               41         2.7652        18.4470
    3274             4               25         2.6781        18.8274
    3275             3               36         2.7024        18.7834
    3276             3               35         2.6564        19.3485
    3277             3               30         2.8904        19.7977
    3278             3               18         2.7504        18.9977
    3279             2               28         2.6859        18.4626
    3280             3               27         2.6633        18.7791
    3281             3               29         2.7114        18.8066
    3282             4               30         2.7180        19.0848
    3283             3               30         2.6918        18.8705
    3284             2               31         2.8127        19.4338
    3285             3               28         2.5954        19.2150
    3286             3               39         2.7069        19.7529
    3287             4               34         2.7222        20.7099
    3288             3               19         3.0993        20.0940
    3289             4               25         2.8538        20.2169
    3290             4               29         2.9015        21.0740
    3291             4               23         2.6733        19.9834
    3292             4               35         2.7437        20.9265
    3293             3               34         2.6991        20.0608
    3294             4               33         2.7863        19.8145
    3295             3               35         2.7168        19.6113
    3296             3               33         2.7668        19.4812
    3297             2               28         2.7953        19.0878
    3298             2               47         2.7189        19.3273
    3299             3               27         2.7317        19.5568
    3300             2               19         2.6880        19.6301
    3301             3               36         2.6825        19.5765
    3302             2               26         2.7307        19.7827
    3303             4               38         2.6747        20.1125
    3304             3               36         2.7891        20.0128
    3305             3               23         2.7130        20.9011
    3306             3               28         2.7168        19.2990
    3307             1               30         2.6360        20.0370
    3308             3               30         2.8100        20.9295
    3309             1               26         2.7886        20.3638
    3310             4               43         2.7150        20.1837
    3311             0               30         2.8381        20.2011
    3312             2               27         2.6142        20.3704
    3313             0               12         2.7279        20.0529
    3314             1               21         2.8763        20.4712
    3315             3               24         2.7975        19.1995
    3316             1               23         2.7161        19.5121
    3317             2               18         2.6557        19.3251
    3318             2               33         2.8213        19.5434
    3319             3               31         2.8595        19.1224
    3320             4               33         2.7351        19.5796
    3321             2               24         2.7400        19.1421
    3322             0               26         2.6534        19.2893
    3323             2               28         2.9601        18.9733
    3324             4               31         2.7469        19.5624
    3325             0               27         2.7474        19.5083
    3326             3               28         2.6926        19.8126
    3327             3               19         2.6077        19.8355
    3328             1               25         2.7253        20.3640
    3329             2               30         2.7121        22.6762
    3330             3               30         2.7721        21.5332
    3331             3               38         2.7441        22.1485
    3332             3               28         2.8640        21.0324
    3333             2               24         2.7890        22.0820
    3334             2               32         2.8727        20.8538
    3335             0               31         2.7426        20.6817
    3336             4               32         2.8084        21.2201
    3337             3               33         2.8085        22.1969
    3338             4               39         2.7639        21.6495
    3339             4               33         2.6723        22.0697
    3340             4               30         2.7679        21.7978
    3341             4               39         2.7603        22.0629
    3342             4               34         2.6100        21.7790
    3343             4               32         2.6873        21.4299
    3344             4               35         2.5752        22.1510
    3345             3               21         2.7038        22.5928
    3346             3               31         2.8543        21.6579
    3347             4               30         2.7829        22.9351
    3348             4               22         2.8594        22.1915
    3349             3               25         2.7510        21.9143
    3350             2               20         2.7941        21.9335
    3351             3               21         2.6849        20.3013
    3352             4               38         2.6789        19.7452
    3353             2               37         2.7312        21.1299
    3354             4               25         2.7402        22.0990
    3355             3               20         2.6971        22.5545
    3356             4               35         2.8845        21.9390
    3357             3               30         2.7826        21.2252
    3358             4               32         2.9314        22.0736
    3359             4               45         2.7451        21.8069
    3360             4               24         2.6902        22.5147
    3361             3               25         2.6882        22.2741
    3362             2               21         2.7423        20.9784
    3363             1               21         2.8311        21.5984
    3364             0               15         2.8293        21.4435
    3365             3               23         2.7220        21.9841
    3366             4               24         2.7872        21.1360
    3367             1               20         2.6352        20.8354
    3368             0               21         2.7090        20.7270
    3369             1               25         2.7026        21.3749
    3370             3               31         2.7168        21.2122
    3371             2               24         2.7285        21.1407
    3372             1               25         2.7981        21.6840
    3373             0               19         2.6922        21.1397
    3374             2               27         2.5800        19.8712
    3375             2               29         2.8230        19.4025
    3376             4               31         2.8406        19.2845
    3377             4               32         2.8045        19.2368
    3378             3               30         2.6655        19.2600
    3379             4               35         2.6813        19.8067
    3380             0               28         2.7387        19.7295
    3381             2               23         2.7871        20.5232
    3382             4               30         2.7704        19.7446
    3383             3               29         2.8320        19.9872
    3384             0               25         2.7446        19.5165
    3385             3               30         2.7576        19.8018
    3386             0               23         2.7104        19.9490
    3387             3               40         2.6868        20.4520
    3388             2               37         2.7525        20.4103
    3389             3               27         2.7643        20.3266
    3390             3               18         2.6651        20.9804
    3391             4               32         2.6931        21.2626
    3392             3               36         2.7035        21.1827
    3393             3               37         2.7758        20.9568
    3394             2               34         2.8952        20.6764
    3395             1               35         2.7469        19.8139
    3396             3               36         2.8026        20.3135
    3397             0               20         2.7838        19.9959
    3398             1               36         2.6783        19.9759
    3399             2               34         2.8369        19.2769
    3400             3               45         2.7219        19.6509
    3401             0               27         2.9194        21.1846
    3402             4               41         2.8552        20.2107
    3403             3               28         2.6865        20.3416
    3404             2               30         2.7573        19.7952
    3405             1               28         2.6960        20.0144
    3406             3               38         2.7618        20.1141
    3407             3               37         2.7652        20.0727
    3408             2               36         2.7204        20.1293
    3409             3               33         2.8189        20.9750
    3410             4               26         2.8728        20.5981
    3411             4               30         2.8463        20.3848
    3412             3               34         2.7236        19.9733
    3413             4               39         2.8028        21.4946
    3414             3               43         2.7115        20.8262
    3415             2               29         2.9171        20.6304
    3416             2               37         2.6760        20.7968
    3417             4               36         2.7693        19.9688
    3418             4               33         2.7330        20.1271
    3419             4               42         2.7729        19.4425
    3420             1               34         2.8769        20.1542
    3421             2               22         2.8124        20.0812
    3422             4               26         2.7796        19.8361
    3423             4               27         2.7344        19.3347
    3424             1               34         2.6149        19.6694
    3425             0               26         2.7176        19.2758
    3426             0               28         2.8010        19.2775
    3427             0               23         2.9400        19.6649
    3428             4               41         2.7716        19.1562
    3429             2               27         2.7633        19.8321
    3430             3               23         2.7156        19.6593
    3431             4               37         2.6249        19.2082
    3432             3               41         2.7931        18.8783
    3433             3               36         2.6803        19.2016
    3434             4               42         2.7655        19.1030
    3435             0               21         2.9289        19.1219
    3436             3               36         2.7005        19.1223
    3437             4               36         2.9099        19.6571
    3438             2               28         2.6721        19.3478
    3439             4               40         2.8345        19.4580
    3440             3               27         2.6760        19.2921
    3441             3               29         2.7257        19.2083
    3442             3               31         2.6599        18.9019
    3443             1               16         2.9508        19.2066
    3444             3               24         2.7804        20.1702
    3445             2               23         2.8185        19.7691
    3446             4               22         2.7298        19.8919
    3447             3               24         2.6884        19.7873
    3448             3               35         2.6199        19.8891
    3449             3               31         2.7522        19.0940
    3450             3               36         2.6600        19.6528
    3451             3               34         2.6710        20.9164
    3452             3               29         2.7510        20.5487
    3453             2               29         2.7688        19.8751
    3454             1               30         2.7160        20.1889
    3455             4               35         2.6999        20.0745
    3456             0               40         2.8274        19.9024
    3457             4               39         2.8035        19.8989
    3458             2               45         2.8087        19.6928
    3459             4               41         2.7911        19.6783
    3460             3               38         2.8043        19.5962
    3461             2               37         2.6119        19.8336
    3462             2               32         2.8890        19.9830
    3463             4               37         2.8041        19.9690
    3464             3               28         2.7450        20.6172
    3465             3               33         2.6587        19.9585
    3466             3               42         2.6668        19.9827
    3467             3               41         2.8019        20.2927
    3468             4               37         2.6935        20.1712
    3469             3               36         2.9204        19.9550
    3470             4               33         2.6979        19.7578
    3471             4               38         2.7056        20.1501
    3472             4               25         2.7701        19.4861
    3473             2               35         2.7632        20.5174
    3474             3               34         2.7434        20.3634
    3475             3               32         2.7678        20.2627
    3476             3               38         2.7340        20.8024
    3477             3               26         2.6720        19.7245
    3478             4               22         2.7802        20.3337
    3479             3               24         2.8924        20.1620
    3480             3               33         2.6504        19.9332
    3481             4               39         2.7872        19.6932
    3482             1               20         2.7762        19.6420
    3483             4               34         2.7380        19.6055
    3484             4               30         3.0808        21.0124
    3485             3               33         2.7688        20.6824
    3486             0               37         2.6793        20.5122
    3487             3               29         2.7891        20.0123
    3488             3               27         2.7765        19.9015
    3489             3               38         2.8123        20.2187
    3490             4               29         2.8595        20.4092
    3491             3               24         2.9048        20.7260
    3492             3               33         2.7218        19.7157
    3493             0               28         2.8739        20.2973
    3494             3               28         2.9554        19.6331
    3495             2               33         2.5614        19.9792
    3496             2               29         2.8286        20.1065
    3497             3               26         2.8588        20.2981
    3498             1               24         2.7048        19.9029
    3499             3               27         3.0254        19.9393
    3500             4               30         2.8013        19.7316
    3501             2               17         2.6961        19.3899
    3502             4               25         2.7791        19.6308
    3503             3               32         2.6408        19.6463
    3504             3               32         2.6637        19.4409
    3505             3               31         2.8090        19.5005
    3506             4               33         2.8846        19.5071
    3507             2               26         2.7440        19.2256
    3508             3               32         2.7659        19.5444
    3509             4               38         2.6799        19.3258
    3510             4               36         2.7302        19.5497
    3511             3               20         2.7299        19.6069
    3512             0               36         2.6996        19.4221
    3513             2               27         2.9880        19.7516
    3514             3               35         2.7964        18.7373
    3515             0               32         2.8411        18.0391
    3516             0               17         2.8494        18.8971
    3517             0               37         2.8698        19.0025
    3518             0               39         2.7974        19.3102
    3519             0               34         2.9454        19.6034
    3520             0               33         2.7275        19.5536
    3521             0               19         3.3078        19.6832
    3522             0               21         3.1297        19.2878
    3523             0                8         3.3163        20.1594
    3524             0               30         2.6730        19.4104
    3525             0               25         2.6675        19.4759
    3526             0               28         2.7338        19.3908
    3527             0               28         2.7748        19.2652
    3528             0               17         2.7129        19.6853
    3529             0               19         2.6633        19.8110
    3530             0               32         2.7839        19.6576
    3531             0               31         2.9495        19.7412
    3532             0               32         2.6669        20.0224
    3533             0               16         2.7929        19.9548
    3534             0               26         2.8727        19.2371
    3535             0               20         2.7174        19.5765
    3536             0               26         2.7998        19.0922
    3537             0               11         3.2405        19.3462
    3538             0               21         3.3114        19.6647
    3539             0               19         2.8014        19.6179
    3540             0               20         3.2705        19.7086
    3541             0               17         3.0242        19.5994
    3542             0               19         3.3628        19.7789
    3543             0               18         3.0086        20.1850
    3544             0               23         3.1002        19.7490
    3545             0               22         3.3123        19.7916
    3546             0               14         3.5153        19.2270
    3547             0               14         3.4876        19.6869
    3548             0               12         3.5091        19.5831
    3549             0               18         3.5689        19.5584
    3550             0                4         3.6331        19.1680
    3551             0                6         3.4979        19.8914
    3552             0                7         3.6555        19.6128
    3553             0                5         3.6135        19.9679
    3554             0               22         3.2002        19.5212
    3555             0                9         3.4912        19.7661
    3556             0               16         3.1878        19.2788
    3557             0               19         3.0670        19.2934
    3558             0               14         3.2647        19.5425
    3559             0               21         3.0257        20.2037
    3560             0               19         3.0590        20.1327
    3561             0               21         3.2230        20.0418
    3562             0               18         3.1625        20.0679
    3563             0               23         3.1869        19.3087
    3564             0               16         3.2286        19.5233
    3565             0               13         3.2946        20.0215
    3566             1               21         3.1304        19.6061
    3567             0               28         3.2054        19.9099
    3568             0               18         3.2465        19.1516
    3569             1               18         3.0649        19.7837
    3570             0               18         3.1630        19.2612
    3571             0               17         3.2141        20.0104
    3572             2               35         2.7875        19.2435
    3573             3               38         2.7091        19.6405
    3574             3               32         2.6971        19.7038
    3575             2               41         2.8822        19.1049
    3576             3               44         2.6141        20.0034
    3577             3               42         2.8668        19.7396
    3578             3               27         2.7590        20.6919
    3579             2               32         3.1660        19.3714
    3580             3               33         2.7435        19.9900
    3581             3               43         2.6845        20.0285
    3582             1               27         2.7635        19.8800
    3583             4               36         2.6831        19.6992
    3584             3               45         2.6616        19.6362
    3585             3               38         2.8374        19.5645
    3586             3               43         2.8365        19.6589
    3587             4               43         2.7354        19.7622
    3588             3               36         2.7356        19.5769
    3589             3               24         2.7941        19.4427
    3590             3               31         2.7245        19.4128
    3591             4               28         2.7003        19.2520
    3592             4               39         2.8434        19.4753
    3593             2               23         2.9277        19.7609
    3594             2               30         2.7065        19.4413
    3595             2               35         2.8932        19.8218
    3596             3               25         2.6923        20.2990
    3597             1               50         2.6308        19.7915
    3598             4               36         2.6920        20.0935
    3599             3               33         2.8042        20.3905
    3600             3               30         3.0550        19.8731
    3601             4               35         2.8573        20.4614
    3602             4               44         2.7761        19.8521
    3603             3               37         2.8134        20.7572
    3604             3               38         2.7326        20.1450
    3605             3               36         2.8955        20.2925
    3606             3               39         2.6654        21.0767
    3607             4               37         2.9264        20.4566
    3608             3               40         2.6745        20.9772
    3609             4               42         2.7581        21.4892
    3610             3               36         2.7210        21.3931
    3611             1               37         2.8247        21.8276
    3612             1               34         2.7414        21.0158
    3613             1               21         2.7647        20.5523
    3614             3               30         2.7408        20.8329
    3615             4               41         2.8124        20.9319
    3616             3               30         2.7607        20.5491
    3617             2               41         2.7161        20.4672
    3618             3               30         2.7910        21.4379
    3619             4               32         2.6287        20.6827
    3620             2               33         2.8725        22.1122
    3621             3               37         2.7896        21.3475
    3622             4               42         2.7637        21.3197
    3623             3               34         2.9386        21.1502
    3624             1               31         2.9538        21.5924
    3625             3               39         2.7468        20.5851
    3626             1               29         2.7293        22.5572
    3627             4               41         2.7924        21.7481
    3628             4               24         2.7240        21.4716
    3629             3               39         2.8575        21.1187
    3630             4               39         2.8875        20.6086
    3631             3               35         2.5867        19.5382
    3632             4               40         2.7853        19.4414
    3633             4               40         2.8070        19.5099
    3634             3               36         2.8220        19.4008
    3635             4               30         2.8277        19.9802
    3636             4               30         2.6303        20.3405
    3637             3               18         2.7516        19.9029
    3638             2               33         2.6640        19.7038
    3639             3               45         2.6751        19.7283
    3640             4               37         2.6911        19.3445
    3641             3               36         2.7926        19.6137
    3642             2               28         2.7009        19.9976
    3643             2               23         2.7722        19.6180
    3644             0               28         2.8168        19.7904
    3645             4               36         2.9504        19.6864
    3646             4               40         2.7458        19.8218
    3647             4               38         2.8266        19.7597
    3648             4               26         2.8857        19.8821
    3649             3               38         2.6562        19.4647
    3650             3               32         2.6984        19.4029
    3651             4               35         2.7785        19.3811
    3652             3               43         2.7456        19.3568
    3653             4               31         2.8182        19.5473
    3654             4               49         2.5734        19.4389
    3655             4               41         2.9182        19.2773
    3656             3               43         2.6829        19.3761
    3657             4               26         2.6984        19.2853
    3658             4               34         2.8244        19.1037
    3659             3               27         2.8109        19.1463
    3660             3               34         2.8315        19.3800
    3661             4               36         2.8903        19.3785
    3662             4               30         2.7357        19.6428
    3663             4               34         2.6922        19.8947
    3664             3               33         2.7422        19.2277
    3665             4               33         2.8201        20.0916
    3666             3               32         2.6898        19.9204
    3667             0               38         2.6968        19.9921
    3668             4               28         2.7758        20.1495
    3669             1               31         2.8764        19.8118
    3670             0               33         2.8745        19.7948
    3671             0               47         2.7456        19.9530
    3672             0               38         2.8952        19.7841
    3673             0               41         2.7221        19.3042
    3674             1               35         2.7263        19.5798
    3675             3               39         2.7591        19.4966
    3676             0               41         2.7935        19.3433
    3677             0               37         2.6384        19.6087
    3678             1               45         2.7121        19.4174
    3679             2               51         2.6949        19.4797
    3680             2               39         2.9414        19.4127
    3681             2               40         2.8566        19.6780
    3682             0               34         2.6829        19.8680
    3683             0               49         2.7198        19.9746
    3684             2               38         2.7817        19.9397
    3685             0               39         2.6505        20.3213
    3686             1               41         2.6722        20.2564
    3687             0               36         2.5924        19.6649
    3688             1               44         2.7786        20.1342
    3689             0               38         2.6214        19.9943
    3690             2               34         2.7712        20.6500
    3691             1               37         2.8260        20.5774
    3692             4               49         2.8010        21.6475
    3693             3               32         2.6654        21.1317
    3694             2               39         2.7536        21.7382
    3695             2               37         2.8500        21.0495
    3696             0               37         2.7143        21.2445
    3697             0               31         2.7873        21.4394
    3698             0               38         2.7675        21.8732
    3699             0               39         2.9091        21.5952
    3700             0               33         2.7682        21.3019
    3701             2               45         2.7843        21.6922
    3702             1               27         2.7815        21.0819
    3703             0               22         2.7891        21.4053
    3704             2               41         2.7913        20.7609
    3705             0               36         2.8227        20.6880
    3706             0               33         2.7652        21.2092
    3707             0               30         2.6669        21.5660
    3708             2               47         2.6623        20.8764
    3709             1               33         2.7742        21.0759
    3710             0               36         2.7218        20.8942
    3711             0               42         2.7383        20.5845
    3712             2               41         2.7097        20.3005
    3713             1               39         2.7012        20.5363
    3714             3               40         2.8904        21.1730
    3715             0               46         2.6735        21.4289
    3716             1               48         2.7335        20.7290
    3717             1               49         2.8054        20.6129
    3718             1               46         2.6611        20.2530
    3719             3               32         2.8355        20.0807
    3720             2               39         2.7371        20.1842
    3721             2               25         2.9355        20.6640
    3722             0               21         2.7039        21.5809
    3723             0               32         2.8808        21.1136
    3724             3               30         2.7276        21.0295
    3725             3               34         2.7258        21.7409
    3726             1               36         2.7188        21.0701
    3727             1               24         2.8245        19.5544
    3728             3               36         2.7487        19.8798
    3729             0               32         2.8613        20.4482
    3730             0               22         2.8403        21.3982
    3731             0               32         2.7696        21.6395
    3732             0               28         2.7220        20.4653
    3733             0               34         2.7095        21.7008
    3734             0               30         2.8484        21.5586
    3735             0               22         2.7824        21.0886
    3736             0               31         2.8420        20.9213
    3737             0               30         2.7399        21.7012
    3738             3               22         3.3421        21.9567
    3739             0               19         3.3457        21.7548
    3740             0               25         3.1992        21.9054
    3741             0               13         3.5574        22.2104
    3742             0               22         3.2385        22.0861
    3743             0               15         3.0824        21.8900
    3744             0               21         3.3842        21.8390
    3745             0               16         3.0274        22.2937
    3746             0               14         3.0552        22.1568
    3747             3               20         2.9911        21.8918
    3748             1               20         3.1449        22.6522
    3749             1               22         3.1875        22.2159
    3750             0               20         3.3749        22.4051
    3751             0               21         3.2643        21.3250
    3752             0               21         3.2686        21.7357
    3753             0               24         3.1608        21.8640
    3754             0               19         3.5977        21.7559
    3755             0               21         3.1703        20.2073
    3756             0               17         3.0245        21.4209
    3757             0               13         3.5122        21.0917
    3758             0               16         3.2679        21.9507
    3759             2               20         3.2385        21.9089
    3760             1               27         3.2666        21.4715
    3761             0               16         3.3383        22.3274
    3762             0               20         3.1900        21.9853
    3763             0               26         3.2463        21.4466
    3764             0               15         3.4179        22.7755
    3765             3               19         3.0554        23.6678
    3766             0               22         3.3658        22.8861
    3767             0               18         3.3690        22.3697
    3768             0               18         3.1604        22.3958
    3769             0               16         3.2056        22.6212
    3770             2               17         3.3518        22.2918
    3771             0               18         3.1433        22.6693
    3772             0               18         3.3212        22.9552
    3773             0               19         3.2930        23.3844
    3774             2               16         3.3452        23.2301
    3775             0               18         3.3383        22.6578
    3776             2               11         3.4186        23.5875
    3777             0               21         3.0729        22.6678
    3778             0               18         3.1001        22.6841
    3779             0               12         3.0566        22.7774
    3780             2               15         3.2718        23.1405
    3781             1               17         3.5150        21.3723
    3782             0               17         3.4524        20.6250
    3783             0               20         3.4706        21.0473
    3784             0               15         3.2843        20.4797
    3785             0               19         3.2007        20.3802
    3786             0               22         3.1027        20.9730
    3787             0               18         3.3005        20.7105
    3788             0               10         3.3846        21.9568
    3789             1               19         3.3675        20.1249
    3790             2               25         3.1674        20.5775
    3791             0               20         3.2587        20.3739
    3792             0               20         3.2836        19.8935
    3793             1               21         3.1165        20.0507
    3794             0               26         2.9507        19.7126
    3795             0               13         3.1152        20.4411
    3796             0               16         3.2238        20.3194
    3797             0               16         3.3891        20.2161
    3798             1               21         3.3505        19.6329
    3799             0               29         2.9083        20.4106
    3800             0               27         3.0947        19.8027
    3801             0               27         3.2753        19.5524
    3802             0               13         3.2684        19.2063
    3803             0               25         3.0880        19.2371
    3804             0               13         3.0436        19.6918
    3805             0               28         3.0075        19.1596
    3806             0               16         3.1645        19.4812
    3807             0               29         3.0150        19.4781
    3808             1               20         3.2940        19.3251
    3809             2               25         3.1166        19.4478
    3810             2               33         3.0631        19.1859
    3811             0               14         3.3173        19.2596
    3812             2               35         3.1008        18.8614
    3813             3               31         2.9336        19.0157
    3814             2               25         3.0139        18.8637
    3815             0               27         2.9826        18.9665
    3816             3               20         3.1811        18.4681
    3817             0               21         3.2887        18.4840
    3818             0               19         3.2015        18.7237
    3819             2               28         3.2011        18.4642
    3820             2               27         3.1146        19.2053
    3821             1               23         2.9868        19.4297
    3822             0               23         2.9548        19.9594
    3823             1               15         3.0234        19.8097
    3824             4               34         3.0960        19.4056
    3825             3               29         3.3072        19.3578
    3826             3               21         2.9148        19.2961
    3827             3               19         3.4454        19.6337
    3828             3               17         3.2212        19.0403
    3829             0               29         3.1170        19.2232
    3830             3               23         3.2993        19.8035
    3831             4               23         3.0760        19.0693
    3832             3               17         3.4007        19.4499
    3833             3               19         3.2907        18.3988
    3834             4               28         3.0750        18.6618
    3835             3               16         3.3860        19.1833
    3836             1               29         3.0515        19.3781
    3837             1               18         3.0635        20.0733
    3838             2               16         3.1559        19.5206
    3839             0               14         3.4859        19.6166
    3840             3               26         3.3275        19.2452
    3841             0               11         3.5163        18.9292
    3842             0               12         3.3966        20.2983
    3843             3               12         3.4129        19.6616
    3844             2               21         3.1711        19.1201
    3845             2                7         3.5337        19.2272
    3846             1               22         3.2264        19.0038
    3847             1               14         3.2573        18.9880
    3848             3               45         2.7871        18.9054
    3849             1               17         2.9288        19.3658
    3850             3               18         3.2631        19.5751
    3851             0               37         2.7190        19.6727
    3852             2               28         3.1156        20.1416
    3853             3               27         2.7587        20.4916
    3854             0               12         3.5350        20.2257
    3855             2               26         3.0156        19.4004
    3856             3               28         3.0668        19.0470
    3857             3               18         3.0932        20.7241
    3858             2               18         3.0800        20.1386
    3859             1               18         3.3089        19.7955
    3860             2               16         3.1779        19.6810
    3861             3               23         3.0404        19.5591
    3862             3               17         3.1666        19.7247
    3863             2               15         3.1545        19.7778
    3864             2               19         3.3235        19.4276
    3865             3                9         3.4854        19.6747
    3866             2               21         3.2929        19.7324
    3867             2               21         3.1935        19.1380
    3868             1               19         3.3264        19.7341
    3869             4               26         3.2827        20.2610
    3870             3               19         3.2254        21.0805
    3871             3               38         2.6552        21.4087
    3872             3               35         2.8882        21.5195
    3873             3               32         2.8406        22.0083
    3874             3               32         2.6999        21.3962
    3875             1               22         2.6977        21.3308
    3876             4               36         2.8634        20.8431
    3877             4               40         2.7633        21.2355
    3878             3               27         2.7087        20.6415
    3879             4               31         2.6684        20.6693
    3880             4               23         2.7394        20.8583
    3881             1               35         2.7029        20.4942
    3882             4               30         2.8202        20.8824
    3883             3               36         2.7316        20.6989
    3884             1               23         2.6932        21.0250
    3885             3               19         2.6435        20.6761
    3886             3               34         2.5880        21.0543
    3887             4               24         2.8107        20.3107
    3888             3               17         3.3266        20.5656
    3889             4               25         3.0513        20.7012
    3890             3               20         3.1531        21.1840
    3891             4               24         3.0648        20.5529
    3892             3               23         3.3231        19.6531
    3893             3               19         3.1182        20.4817
    3894             0               16         3.3927        20.3930
    3895             0               31         2.7748        19.3083
    3896             2               31         2.6806        20.1044
    3897             2               35         2.9628        20.4300
    3898             3               30         2.9146        20.7265
    3899             3               36         2.7595        20.0047
    3900             3               37         2.7642        20.2854
    3901             4               34         2.6719        21.1808
    3902             1               30         2.7554        20.6895
    3903             3               34         2.6957        20.7644
    3904             2               38         2.6225        19.9665
    3905             3               34         2.8360        20.9338
    3906             4               21         3.0870        21.0756
    3907             3               26         2.8458        21.8976
    3908             4               21         2.8764        21.5696
    3909             1               48         2.7527        21.3455
    3910             4               30         2.7790        21.7703
    3911             3               30         2.7163        21.2723
    3912             3               29         2.7693        21.4844
    3913             4               37         2.7281        21.1841
    3914             1               28         2.6734        21.2833
    3915             3               37         2.7828        21.1487
    3916             3               24         2.6733        20.1606
    3917             3               37         2.7574        19.9941
    3918             3               29         2.8021        20.0728
    3919             3               26         2.8017        21.1501
    3920             1               31         2.8654        21.4803
    3921             3               33         2.7413        21.2702
    3922             4               31         2.6230        20.8510
    3923             3               26         2.8954        20.5573
    3924             0               41         2.7106        19.6361
    3925             3               32         2.6164        20.9304
    3926             2               33         2.6712        21.7318
    3927             3               26         2.6931        21.5739
    3928             4               25         2.7825        20.9326
    3929             3               34         2.5987        19.8259
    3930             3               32         2.6507        20.7925
    3931             4               36         2.7255        19.8944
    3932             2               35         2.6122        20.0134
    3933             2               24         2.7467        21.4461
    3934             1               27         2.7591        20.0490
    3935             3               35         2.8532        20.0853
    3936             3               33         2.7981        19.6198
    3937             4               34         2.6795        20.2999
    3938             2               22         2.7701        19.6078
    3939             2               25         2.7531        19.7373
    3940             1               27         2.7312        20.0565
    3941             3               22         2.6539        20.0922
    3942             3               27         2.7560        20.7309
    3943             1               27         2.9480        20.7625
    3944             1               28         2.8752        20.8446
    3945             3               32         2.8813        21.4403
    3946             3               31         2.8061        21.4323
    3947             3               18         3.1880        21.0546
    3948             3               25         2.8813        22.2572
    3949             3               30         2.7457        21.1309
    3950             3               31         2.8612        19.9038
    3951             3               37         2.8378        20.9684
    3952             4               36         2.7311        20.5895
    3953             4               33         2.8514        20.4926
    3954             3               35         2.7598        21.5618
    3955             2               26         2.7530        22.1531
    3956             4               29         2.7634        21.1972
    3957             3               33         2.8504        20.8720
    3958             4               39         2.7759        20.8735
    3959             4               26         2.6541        21.1071
    3960             3               28         2.6766        21.3357
    3961             4               29         2.8103        21.7449
    3962             3               37         2.7091        21.5487
    3963             0               26         3.0277        21.7273
    3964             3               27         3.0983        21.2730
    3965             3               34         2.6541        21.1503
    3966             4               38         2.7679        21.4302
    3967             4               27         2.7447        22.3502
    3968             4               37         2.6563        21.7747
    3969             2               31         2.7263        21.7847
    3970             3               37         2.6682        21.2030
    3971             2               41         2.6233        20.7941
    3972             2               31         2.7479        21.1240
    3973             3               32         2.7539        20.8187
    3974             3               22         2.7131        20.7017
    3975             3               36         2.6655        20.6129
    3976             3               36         2.7763        20.7012
    3977             1               30         2.8061        21.1763
    3978             4               28         2.7657        21.3818
    3979             4               28         2.7781        21.7966
    3980             4               25         2.7479        21.8134
    3981             4               48         2.7196        21.3988
    3982             3               38         2.6624        20.5328
    3983             4               37         2.7513        20.5393
    3984             3               24         2.9971        20.4358
    3985             3               23         2.7452        20.1921
    3986             2               36         2.6609        19.3546
    3987             3               32         2.7494        20.5013
    3988             2               39         2.8419        19.7561
    3989             2               28         2.6736        18.6100
    3990             3               37         2.7254        19.1377
    3991             3               25         2.6392        18.3189
    3992             4               43         2.7420        19.1601
    3993             4               39         2.7370        19.9910
    3994             4               48         2.7168        19.9443
    3995             3               24         2.9285        20.2101
    3996             4               39         2.7345        20.7329
    3997             4               32         2.7726        20.4369
    3998             4               36         2.6970        20.4511
    3999             0               29         2.6424        20.4876
    4000             3               35         2.6623        20.4083
    4001             4               40         2.9258        20.9889
    4002             3               33         2.7163        20.3447
    4003             2               30         2.8294        20.3538
    4004             3               35         2.7346        20.1685
    4005             3               38         2.8084        21.4180
    4006             3               38         2.6435        20.6100
    4007             3               26         2.8969        19.9822
    4008             4               40         2.6374        20.6307
    4009             4               29         2.7066        20.1526
    4010             3               32         2.5974        20.5251
    4011             4               30         2.7897        20.6948
    4012             3               31         2.6767        20.1638
    4013             4               26         2.7996        20.6521
    4014             3               36         2.7654        19.2369
    4015             4               37         2.7520        20.4132
    4016             3               32         2.7163        20.1425
    4017             4               34         2.7400        20.0734
    4018             4               25         2.6412        20.2945
    4019             3               20         2.8628        19.9586
    4020             3               41         2.8130        19.3445
    4021             3               31         2.7771        19.5783
    4022             3               34         2.7460        19.7859
    4023             2               44         2.7543        18.7276
    4024             4               44         2.8231        19.5383
    4025             3               28         2.7987        19.7641
    4026             4               35         2.8105        19.7684
    4027             3               30         2.8041        20.8950
    4028             4               29         2.7385        21.1738
    4029             3               17         2.7058        20.2967
    4030             4               22         2.7460        20.9748
    4031             2               21         2.7277        21.3339
    4032             3               25         2.7885        20.8009
    4033             4               37         2.7182        20.5364
    4034             4               24         2.8911        20.2260
    4035             3               38         2.7165        19.7961
    4036             3               28         2.6928        20.2285
    4037             4               35         2.7639        19.7563
    4038             4               20         2.6337        20.1533
    4039             4               25         2.8000        20.4519
    4040             4               40         2.6391        20.2842
    4041             3               29         2.7463        19.6843
    4042             2               36         2.7375        20.3150
    4043             2               37         2.7113        20.1766
    4044             3               32         2.6873        19.6903
    4045             3               28         2.6348        20.0390
    4046             2               27         2.8375        19.4510
    4047             3               23         2.8507        21.0076
    4048             4               41         2.7193        20.2794
    4049             2               36         2.6589        20.2881
    4050             1               29         2.6866        20.1092
    4051             4               24         2.7463        20.4752
    4052             4               32         2.5826        20.7185
    4053             2               31         2.7554        20.4314
    4054             4               28         2.6515        20.8126
    4055             4               34         2.7775        20.9908
    4056             1               25         2.7082        20.6102
    4057             4               33         2.8009        20.9783
    4058             4               32         2.7045        20.5675
    4059             4               30         2.7250        21.0674
    4060             3               32         2.6709        22.0832
    4061             1               29         2.6001        21.4033
    4062             4               31         2.7393        21.4665
    4063             3               22         2.7046        21.4781
    4064             2               35         2.5680        21.2350
    4065             3               32         2.7356        21.6963
    4066             3               41         2.7753        21.6238
    4067             2               43         2.7319        21.7520
    4068             4               32         2.7606        21.5164
    4069             3               30         2.6871        21.2073
    4070             3               31         2.7417        20.8500
    4071             3               32         2.8228        21.2937
    4072             4               33         2.8797        20.7742
    4073             3               27         2.9257        21.3434
    4074             4               24         2.8052        21.8617
    4075             3               30         2.7285        21.3085
    4076             3               39         2.7082        20.7392
    4077             3               27         2.7113        20.3319
    4078             2               35         2.7142        20.2542
    4079             4               41         2.6492        20.7420
    4080             0               30         2.7526        20.1382
    4081             3               35         2.7067        19.7923
    4082             3               24         2.7363        19.8982
    4083             3               34         2.6944        20.5172
    4084             0               34         2.9391        20.2989
    4085             1               20         3.5039        20.0658
    4086             3               38         2.8176        19.8566
    4087             2               34         3.1578        20.1620
    4088             2               27         3.1648        20.2451
    4089             2               23         2.9355        19.9722
    4090             3               16         3.4672        20.4673
    4091             0               22         3.1557        20.7051
    4092             2               19         2.9903        21.1838
    4093             3               17         3.0075        21.0116
    4094             0               21         3.0580        20.9137
    4095             0               20         3.1061        20.8588
    4096             0               36         2.6432        21.2373
    4097             0               19         2.9004        20.8795
    4098             3               27         2.8529        20.5481
    4099             3               36         2.8218        21.0141
    4100             3               25         2.8966        20.9203
    4101             0               22         3.1662        20.7924
    4102             3               30         2.8680        20.1165
    4103             2               36         3.0446        19.6580
    4104             4               26         2.9594        19.6988
    4105             3               18         3.1531        20.3347
    4106             3               26         3.2642        19.5820
    4107             3               22         3.2130        20.3727
    4108             2               23         3.2680        20.0719
    4109             3               23         3.1378        20.0537
    4110             3               24         3.0027        19.3820
    4111             3               22         2.9324        19.6594
    4112             2               30         3.1382        18.6151
    4113             2               33         3.2723        19.5329
    4114             3               40         2.8046        19.5177
    4115             2               36         2.7553        18.5065
    4116             3               42         2.8005        18.6698
    4117             1               42         2.7273        18.5208
    4118             2               32         2.7877        19.6291
    4119             3               34         2.9178        19.7098
    4120             2               35         2.6897        18.4159
    4121             2               30         3.1115        18.9211
    4122             3               23         3.1784        18.7808
    4123             3               31         3.1319        19.1649
    4124             2               24         3.2242        20.0166
    4125             3               28         3.1673        19.1290
    4126             1               22         3.3900        19.2600
    4127             0               32         3.1109        18.2357
    4128             0               17         3.2899        19.4861
    4129             3               23         3.1715        19.5238
    4130             3               16         3.3041        19.4178
    4131             3               19         3.3540        18.8181
    4132             2               23         3.2633        18.1674
    4133             3               18         3.2646        18.3209
    4134             3               24         2.9659        18.8027
    4135             3               21         3.2600        18.6726
    4136             2               14         3.4858        18.7097
    4137             3               27         3.0107        19.4186
    4138             3               21         3.2621        19.1301
    4139             4               24         3.1177        18.4760
    4140             2               20         3.0175        18.1780
    4141             3               18         3.2348        18.2935
    4142             3               11         3.4682        18.8223
    4143             3               19         3.0457        19.1350
    4144             3               26         3.2544        18.7310
    4145             1               18         3.0804        18.8942
    4146             2               24         3.3121        20.0607
    4147             3               28         3.4283        19.4013
    4148             3               20         3.2650        19.3373
    4149             3               31         2.9268        18.7360
    4150             2               15         3.0034        17.7783
    4151             2                8         3.2957        18.2662
    4152             3               21         2.9909        18.9519
    4153             3               14         3.1949        19.1390
    4154             3               28         3.1169        18.7832
    4155             1               27         3.1923        19.4933
    4156             3               24         3.1909        19.4170
    4157             3               16         3.2919        20.4322
    4158             3               19         3.2148        19.4712
    4159             3               21         3.0258        19.9357
    4160             3               28         3.3358        20.9341
    4161             3               32         3.2446        20.7525
    4162             3               10         3.1460        20.5464
    4163             1               29         2.9663        21.2463
    4164             2               25         3.3862        19.5120
    4165             0               15         3.3767        20.2186
    4166             3               15         3.2638        20.9037
    4167             4               24         3.3042        21.4415
    4168             3               27         3.2258        20.6830
    4169             4               24         3.0503        20.3296
    4170             3               27         2.9419        19.5690
    4171             4               33         3.1420        20.0367
    4172             3               15         3.2177        20.5176
    4173             4               27         3.2017        20.3800
    4174             3               27         3.1058        19.3806
    4175             3               21         3.1599        20.2907
    4176             4               20         2.9878        21.1137
    4177             3               23         3.0661        19.7885
    4178             3               16         3.2733        20.0322
    4179             3               19         3.3569        20.3614
    4180             3               24         2.9810        19.6268
    4181             3               23         3.0579        19.4248
    4182             4               22         3.0797        20.1999
    4183             4               19         3.2552        21.7681
    4184             2               29         3.0457        21.2488
    4185             3               19         3.1510        21.5153
    4186             3               22         2.9890        21.2523
    4187             3               19         3.2010        21.5660
    4188             1               18         3.1105        22.0451
    4189             4               26         3.0015        21.7342
    4190             3               28         3.4025        21.6264
    4191             0               19         3.4557        22.0154
    4192             3               15         3.2100        20.9670
    4193             4               19         2.9360        21.8426
    4194             3               13         3.0652        20.6100
    4195             2               22         3.3451        20.5221
    4196             3               14         3.1121        20.2635
    4197             1               21         3.0566        19.2014
    4198             3               17         3.4981        19.6977
    4199             0               20         3.1119        19.6695
    4200             3               31         3.0947        19.3654
    4201             3               28         2.8385        19.0359
    4202             4               25         2.8723        19.1261
    4203             1               28         3.0946        18.8886
    4204             2               25         3.4106        18.9787
    4205             3               28         3.0532        19.5382
    4206             3               18         3.1534        19.7770
    4207             4               33         3.0412        19.8948
    4208             4               15         2.9621        20.5672
    4209             3               22         3.0658        20.0184
    4210             3               29         3.0941        19.8408
    4211             4               13         3.0339        20.0687
    4212             4               17         3.1657        19.5322
    4213             4               17         3.0418        19.5890
    4214             3               20         2.9965        19.5925
    4215             5               20         3.0307        19.5422
    4216             2               15         3.1873        19.6971
    4217             0               27         3.0154        19.4264
    4218             1               24         3.1915        19.5061
    4219             1               23         2.8997        19.3240
    4220             0               12         3.0782        19.3311
    4221             3               25         3.2198        19.3606
    4222             3               23         3.1197        19.0964
    4223             3               14         3.3068        19.2983
    4224             4               15         3.0144        19.7518
    4225             4               25         3.1662        19.6983
    4226             4               24         3.1674        19.8449
    4227             4               24         3.1442        20.0264
    4228             2               17         3.4951        19.9861
    4229             3               24         2.9058        19.0291
    4230             3               30         2.9695        19.0299
    4231             3               17         3.1317        20.0020
    4232             3               19         3.1649        20.0752
    4233             4               24         3.0280        19.7981
    4234             2               26         3.0879        20.0007
    4235             3               20         3.0487        19.2966
    4236             2               14         3.3024        19.2951
    4237             3               22         3.2187        19.9364
    4238             2               15         3.3747        18.8003
    4239             3               21         3.0215        18.7796
    4240             3               33         2.8922        18.7509
    4241             1               27         3.3208        19.3034
    4242             3               37         2.8538        19.4561
    4243             3               11         3.3179        19.6064
    4244             2               32         3.1389        19.1929
    4245             2               13         3.1841        19.5097
    4246             3               27         3.1235        19.3654
    4247             3               28         3.0364        19.9832
    4248             3               16         3.4261        19.4382
    4249             1               16         3.0287        19.1159
    4250             3               37         3.1452        19.4115
    4251             1               14         3.5400        19.5963
    4252             3               25         3.0771        19.8234
    4253             3               37         3.1342        19.8924
    4254             1               33         3.1563        19.7735
    4255             2               38         3.3712        20.0878
    4256             0               48         3.0204        18.4929
    4257             0               55         2.8936        18.4407
    4258             0               24         3.0327        18.0568
    4259             0               18         3.3365        16.9602
    4260             0               19         2.9433        17.1409
    4261             0               11         3.5624        15.9377
    4262             0               25         2.8595        16.5072
    4263             0               21         2.9068        16.3256
    4264             0               13         2.8415        16.8446
    4265             0               17         3.0717        16.2993
    4266             0                5         3.4718        15.3170
    4267             0               15         3.2469        17.5369
    4268             0               17         3.1111        17.0698
    4269             0               13         3.0906        19.3262
    4270             0                6         3.6193        19.9660
    4271             0                9         3.5270        19.1746
    4272             0                5         3.5904        18.8617
    4273             0                4         3.4830        19.6463
    4274             0               19         2.8654        19.8632
    4275             0               16         3.3207        20.0303
    4276             0                9         3.4036        21.0630
    4277             0               10         2.8593        19.7329
    4278             0               11         3.1710        18.3321
    4279             1                6         3.3190        18.9870
    4280             0               15         3.2572        19.6338
    4281             0               23         3.0142        18.9659
    4282             0               14         3.2717        20.2543
    4283             0               15         3.5087        20.9802
    4284             0               21         3.2304        21.1184
    4285             0               13         3.1346        21.3088
    4286             0               17         3.1346        21.8947
    4287             0               17         3.1853        20.7510
    4288             0               16         3.2694        20.7053
    4289             0               14         3.3760        19.9703
    4290             0               27         3.2965        18.5671
    4291             0               16         3.1124        18.8919
    4292             0               26         3.3738        18.5646
    4293             0               19         3.3317        17.1485
    4294             0               33         3.0925        16.6398
    4295             0               27         3.0852        18.4921
    4296             0               25         2.9301        18.9330
    4297             0               24         3.0502        18.0440
    4298             0               25         2.9807        18.6395
    4299             0               17         3.5411        17.7380
    4300             0               27         2.9766        18.1714
    4301             0               27         2.8648        16.6652
    4302             0               25         3.3451        16.7583
    4303             0               23         3.3683        16.3763
    4304             0               32         3.2841        16.1737
    4305             0               40         2.8969        17.6460
    4306             0               34         2.9580        17.7636
    4307             0               23         3.3476        18.2649
    4308             0               29         2.9744        15.9980
    4309             0               28         3.2263        16.8442
    4310             0               21         3.0932        17.3640
    4311             0               26         3.1185        16.7733
    4312             0               30         2.8841        16.9917
    4313             0               13         3.0316        17.7455
    4314             0               17         3.2236        18.7833
    4315             0               27         3.0512        18.6812
    4316             0               24         2.9850        18.2780
    4317             0               10         3.6742        19.2022
    4318             0               29         3.1425        18.9163
    4319             0               16         3.2187        17.7611
    4320             0               17         3.0357        17.9509
    4321             0               21         3.0399        18.8088
    4322             0               17         3.0621        17.9660
    4323             0               18         3.1681        19.1530
    4324             0               28         2.9951        18.1148
    4325             0               19         3.1725        18.0943
    4326             0               24         2.9981        18.1350
    4327             0               23         3.0782        17.8366
    4328             0               19         3.4611        18.7838
    4329             0               21         3.4581        18.8243
    4330             0               22         3.0659        19.2292
    4331             0               21         3.5613        19.3046
    4332             0               29         3.0586        18.5050
    4333             0               24         3.0847        19.2577
    4334             0               35         3.1167        18.8923
    4335             0               20         3.3815        19.2976
    4336             0               28         3.0145        18.8270
    4337             0               17         3.5052        19.1756
    4338             0               25         3.4026        18.1793
    4339             0               23         3.3326        18.8564
    4340             0               18         3.3029        18.4333
    4341             0               31         3.3031        18.8725
    4342             0               20         3.4449        18.6406
    4343             0               15         3.2555        19.4713
    4344             0               15         3.1523        19.7542
    4345             0               24         3.2308        19.2031
    4346             0               18         3.3346        19.3637
    4347             0               15         3.2517        19.4279
    4348             0               18         3.3342        19.3711
    4349             0               16         3.3697        19.2417
    4350             0               31         3.1541        18.4953
    4351             0               26         3.2152        17.9232
    4352             0               18         3.4107        18.9885
    4353             0               27         3.3275        18.5912
    4354             0               28         3.2442        18.5467
    4355             0               14         3.0448        18.0286
    4356             0                8         3.5345        19.0341
    4357             0                7         3.3989        18.7734
    4358             0               37         3.1492        18.8369
    4359             0               18         3.3723        18.3222
    4360             0               31         3.3703        19.0073
    4361             0               26         3.4190        19.1970
    4362             0               25         3.3089        19.2397
    4363             0               20         3.5216        19.2732
    4364             0               20         3.1765        18.6654
    4365             0               25         2.9307        18.8961
    4366             0               18         3.0026        19.5552
    4367             0               25         3.3703        18.7363
    4368             0                9         3.4209        17.3410
    4369             0               21         3.3415        18.4106
    4370             0               19         3.1982        19.1216
    4371             0               24         3.4593        19.2099
    4372             0               19         3.5178        18.9993
    4373             0               24         3.3149        18.9814
    4374             0               28         3.3093        18.9125
    4375             0               21         3.3506        19.4062
    4376             0               16         3.4360        19.6011
    4377             0               12         3.3853        18.8629
    4378             0               20         3.4306        18.6776
    4379             0               13         3.5527        19.2058
    4380             0               13         3.3773        19.2074
    4381             0               18         3.4665        18.7903
    4382             0               20         3.2207        17.5967
    4383             0               20         3.3040        18.6705
    4384             0               19         3.3285        18.6243
    4385             0               12         3.7151        18.4971
    4386             0               19         3.6124        18.8854
    4387             0                1         3.9134        19.0084
    4388             0               17         3.2330        17.9163
    4389             0               14         3.4411        17.9902
    4390             0               17         3.3207        17.8905
    4391             0               20         2.9112        17.8929
    4392             0               15         3.3468        18.0970
    4393             0                9         3.3518        18.1359
    4394             0               10         3.2485        18.8162
    4395             0               24         3.0116        18.5591
    4396             0               13         3.4925        18.7772
    4397             0               15         3.2596        18.9520
    4398             0               12         3.1586        20.0756
    4399             0               19         3.1329        19.1229
    4400             0               23         3.4100        19.5621
    4401             0               10         3.5058        18.3367
    4402             0               11         3.4346        18.1744
    4403             0               23         3.3390        18.8606
    4404             0               15         3.5333        18.6617
    4405             0               11         3.4106        19.1808
    4406             0                8         3.4115        18.8612
    4407             0               14         3.2886        19.2708
    4408             0               14         2.7925        19.1800
    4409             0                9         3.6403        18.9176
    4410             0               18         3.3902        19.4487
    4411             0               27         3.2501        19.1029
    4412             0               23         3.0457        19.0054
    4413             0                9         3.4476        19.4733
    4414             0               22         3.2982        19.2041
    4415             0               21         3.2903        18.9950
    4416             0               22         3.1690        19.0769
    4417             0               27         3.2601        18.8853
    4418             0               28         3.2079        19.0721
    4419             0               17         3.4665        18.6471
    4420             0               19         3.3112        19.1194
    4421             0               14         3.2376        19.3039
    4422             0               18         3.1034        19.5500
    4423             0               16         2.9743        19.7600
    4424             0               17         3.0443        18.9148
    4425             0               20         3.2289        18.0361
    4426             0               20         3.3602        18.3133
    4427             0               17         2.9797        18.3561
    4428             0               11         3.3082        17.5673
    4429             0               11         3.2638        18.0740
    4430             0               25         3.3535        17.5775
    4431             0               18         3.3069        18.1533
    4432             0               19         2.9201        17.1236
    4433             0               20         3.2521        17.0352
    4434             0               15         3.1792        16.8663
    4435             0               24         2.9810        16.7431
    4436             0               10         3.5096        17.3459
    4437             0               15         2.9420        17.0335
    4438             0               15         2.9739        16.9145
    4439             0               15         3.1397        16.9538
    4440             0               16         3.3200        17.1202
    4441             0               13         3.2793        17.3842
    4442             0               16         2.8361        17.6750
    4443             0               27         3.0416        15.9849
    4444             0               31         3.1909        17.0708
    4445             0               19         3.3643        16.9000
    4446             0               25         3.2720        17.6871
    4447             0               15         3.2045        17.0379
    4448             0               16         2.9268        17.1902
    4449             0                8         3.3545        17.0309
    4450             0               20         3.0609        17.4641
    4451             0               26         3.3185        16.8484
    4452             0               26         3.2398        17.1813
    4453             0               21         2.9945        17.0188
    4454             0               20         2.9333        16.1387
    4455             0               12         3.4527        16.6402
    4456             0               18         3.2371        17.2086
    4457             0                8         3.6895        16.0755
    4458             0               15         3.2109        16.5168
    4459             0               17         3.4310        16.7112
    4460             0               23         3.2526        15.7579
    4461             0               29         2.9909        16.4372
    4462             0               21         3.0124        16.7847
    4463             0               21         3.0685        16.3597
    4464             0               16         3.3682        16.3909
    4465             0               14         3.3607        16.6104
    4466             0               24         3.1941        16.0426
    4467             0               30         2.9449        16.6913
    4468             0               28         2.9242        16.2946
    4469             1               15         3.0034        16.3960
    4470             0               35         3.1613        16.4289
    4471             0                8         3.4272        16.9465
    4472             0               16         3.2665        16.5267
    4473             0               16         3.0116        15.9882
    4474             0               17         3.5371        16.3163
    4475             0               10         3.3731        15.5268
    4476             0               25         3.2303        15.4086
    4477             0               26         2.9643        16.2000
    4478             0               32         3.3199        16.9315
    4479             0               25         3.4571        16.9517
    4480             0               26         3.3278        16.0882
    4481             0               23         3.1790        16.6436
    4482             0               27         3.1951        16.1376
    4483             0               15         3.3731        17.1932
    4484             0               17         3.2937        17.0754
    4485             0               17         3.4119        17.4312
    4486             0               11         3.3005        17.3472
    4487             0               12         3.0393        17.2413
    4488             0               19         3.3885        17.1629
    4489             0               13         3.0326        17.2334
    4490             0               19         3.1654        17.9487
    4491             0               15         3.2244        17.3143
    4492             0               14         3.3622        17.0270
    4493             0               24         3.1639        16.3402
    4494             0               11         3.3353        17.1788
    4495             0               14         3.2923        16.8238
    4496             0               29         3.4490        15.8632
    4497             0               15         3.2359        16.9364
    4498             0                2         3.9254        18.2079
    4499             0                8         3.4525        16.7147
    4500             0               25         3.2796        17.2076
    4501             0                6         3.5122        17.8502
    4502             0               11         3.3588        17.7539
    4503             0                9         3.2904        17.6489
    4504             0                4         3.5488        17.8112
    4505             0                5         3.5788        17.7655
    4506             0                2         3.8537        18.2269
    4507             0                0         4.0642        17.5790
    4508             0                2         3.5280        17.7074
    4509             0                5         3.4269        18.6250
    4510             0                3         3.6730        17.6357
    4511             0                0         4.2429        17.9914
    4512             0                0         4.0459        18.6545
    4513             0                0         4.2424        19.3002
    4514             0                1         3.9299        20.8096
    4515             0                1         3.8760        21.5732
    4516             0                0         4.1416        21.6100
    4517             0                1         3.6907        21.6973
    4518             0                0         5.6180        21.5818
    4519             0                0         5.9320        20.7716
    4520             0                1         3.6871        19.2968
    4521             0                1         3.8999        19.8562
    4522             0                0         4.0611        20.1511
    4523             0                2         3.8003        20.0287
    4524             0                1         3.9853        18.8803
    4525             0                4         2.6735        18.0750
    4526             0                5         2.9280        18.9162
    4527             0                4         2.6102        17.6116
    4528             0                5         3.6148        18.1706
    4529             0                2         3.1117        18.1762
    4530             0                2         3.8236        18.0690
    4531             0                5         3.0505        18.3798
    4532             0                3         3.7553        17.9043
    4533             0                5         3.6039        17.9197
    4534             0                2         3.0837        17.7287
    4535             0                0         4.2463        17.8894
    4536             0                2         2.7592        17.7881
    4537             0                2         3.3349        18.0737
    4538             0                2         2.9531        18.6910
    4539             0                5         3.0220        18.2022
    4540             0                3         2.9832        18.1489
    4541             0                5         3.1647        18.4468
    4542             0                4         3.2199        18.6473
    4543             0                2         3.3341        19.0333
    4544             0                5         2.7841        18.8451
    4545             0                0         4.8994        18.5163
    4546             0                2         2.9520        19.4769
    4547             0                6         2.9963        18.1361
    4548             0                2         2.7375        17.9890
    4549             0                4         2.8525        17.8277
    4550             0                1         3.4916        18.3056
    4551             0                1         3.9165        18.2921
    4552             0                0         4.5320        19.4638
    4553             0                0         5.9022        19.2651
    4554             0                0         4.9718        19.1678
    4555             0                0         5.3000        19.1309
    4556             0                0         6.0103        18.5383
    4557             0                0         5.8676        18.0732
    4558             0                0         6.1247        18.4851
    4559             0                0         5.4080        19.0118
    4560             0                0         5.5948        18.9037
    4561             0                0         5.2228        18.5593
    4562             0                0         6.5432        17.8563
    4563             0                0         5.1839        17.9837
    4564             0                0         4.7807        17.7639
    4565             0                0         4.6254        19.4131
    4566             0                0         5.5320        19.4179
    4567             0                0         5.8266        20.1309
    4568             0                0         5.9502        19.6133
    4569             0                0         5.3914        19.9360
    4570             0                0         4.5570        19.4447
    4571             0                0         5.5770        19.1992
    4572             0                0         5.0630        19.4634
    4573             0                0         6.1075        20.1966
    4574             0                0         5.9869        19.0088
    4575             0                0         4.9643        18.9194
    4576             0                0         4.9278        18.6443
    4577             0                0         6.5393        19.2710
    4578             0                0         5.6561        19.5274
    4579             0                0         6.1512        20.6786
    4580             0                0         5.5156        20.2809
    4581             0                0         5.8221        19.4477
    4582             0                0         5.6277        19.6814
    4583             0                0         5.2673        19.5315
    4584             1                2         3.5969        18.1924
    4585             0                1         3.9428        17.3286
    4586             0                0         4.0454        18.7261
    4587             1                5         3.3205        17.2628
    4588             0                0         4.1840        17.7553
    4589             0                1         3.7718        17.5665
    4590             1                1         3.5675        18.2081
    4591             0                0         4.4343        17.5834
    4592             1                0         3.8607        17.1483
    4593             0                3         3.8014        16.2650
    4594             0                0         4.3461        17.3361
    4595             0                0         5.4999        17.8384
    4596             0                0         6.1129        18.7843
    4597             0                0         5.8340        18.5401
    4598             0                0         5.3622        18.8943
    4599             0                3         3.7640        17.2388
    4600             0                0         4.4179        17.8606
    4601             0                0         6.2668        17.5567
    4602             0                0         5.7843        18.2270
    4603             0                0         6.1104        18.8546
    4604             0                0         6.0543        18.6086
    4605             0                0         6.2235        19.5126
    4606             0                0         6.5895        19.9760
    4607             0                0         5.8585        19.3742
    4608             0                0         6.0783        19.9949
    4609             0                0         6.4109        21.3375
    4610             0                0         7.8109        21.2029
    4611             0                0         7.5302        21.6458
    4612             0                0         6.3409        21.2716
    4613             0                0         7.1013        21.3855
    4614             0                0         6.0166        22.0240
    4615             0                0         6.8813        22.3855
    4616             0                0         7.1421        22.8990
    4617             0                0         7.0808        22.7458
    4618             0                0         9.2358        22.6486
    4619             0                0        10.1102        24.1515
    4620             0                0         8.6251        23.5338
    4621             0                0        10.5199        24.1205
    4622             0                0        11.9096        24.2765
    4623             0                0        11.9331        24.9558
    4624             0                0        13.7216        24.0796
    4625             0                0        14.3912        24.4076
    4626             0                0        12.4557        24.2486
    4627             0                0        12.6466        23.7181
    4628             0                0        14.2500        25.4914
    4629             0                0        17.0740        24.8941
    4630             0                0        17.0678        26.1208
    4631             0                0        16.2113        26.3817
    4632             0                0        16.2857        27.3175
    4633             0                0        17.3282        26.8577
    4634             0                0        15.9558        27.0139
    4635             0                0        15.3578        26.9609
    4636             0                0        14.8302        27.0893
    4637             0                0        15.4775        26.9952
    4638             0                0        15.2445        26.8435
    4639             0                0        15.3183        26.3205
    4640             0                0        18.6969        27.9429
    4641             0                0        15.8893        26.8975
    4642             0                0        15.9394        27.1253
    4643             0                0        14.8164        26.2752
    4644             0                0        15.0475        26.5084
    4645             0                0        15.1300        27.0414
    4646             0                0        15.3198        26.6473
    4647             0                0        16.2637        27.2760
    4648             0                0        15.7219        27.1189
    4649             0                0        15.8338        27.0957
    4650             0                0        15.0162        26.6097
    4651             0                0        14.3881        27.5541
    4652             0                0        13.8771        26.8176
    4653             0                0        11.3239        26.9435
    4654             0                0        13.7605        26.7159
    4655             0                0        13.3470        26.6902
    4656             0                0        15.7925        27.4240
    4657             0                0        14.6835        27.1519
    4658             0                0        14.9255        27.4542
    4659             0                0        15.0387        27.1527
    4660             0                0        15.3040        27.8854
    4661             0                0        15.1548        27.8863
    4662             0                0        14.5434        28.3133
    4663             0                0        16.2737        29.5624
    4664             0                0        14.1170        30.3394
    4665             0                0        14.4704        30.7255
    4666             0                0        14.8398        30.5190
    4667             0                0        13.6664        29.7026
    4668             0                0        13.1891        30.1137
    4669             0                0        13.8788        30.0115
    4670             0                0        12.7458        31.7046
    4671             0                0        11.9537        30.6864
    4672             0                0        11.6336        30.4347
    4673             0                0        13.5406        31.6218
    4674             0                0        15.4504        30.9968
    4675             0                0        13.9823        30.6756
    4676             0                0        14.3587        31.1539
    4677             0                0        13.8193        32.7756
    4678             0                0        12.9080        31.9070
    4679             0                0        11.8187        33.0201
    4680             0                0        12.0194        32.3540
    4681             0                0        12.1581        33.0148
    4682             0                0        11.9849        33.1473
    4683             0                0        12.0657        32.7215
    4684             0                0        10.8251        31.3167
    4685             0                0        12.1649        31.9816
    4686             0                0        12.3552        30.6743
    4687             0                0        12.4115        32.0614
    4688             0                0        13.2269        31.0902
    4689             0                0        13.9055        30.8711
    4690             0                0        14.0214        29.6382
    4691             0                0        13.2886        29.6446
    4692             0                0        12.8833        31.3844
    4693             0                0        13.3550        32.1269
    4694             0                0        14.6798        31.0293
    4695             0                0        15.3474        32.0650
    4696             0                0        16.4737        31.5346
    4697             0                0        16.6597        31.8162
    4698             0                0        16.1376        31.8751
    4699             0                0        16.1694        32.4153
    4700             0                0        17.4764        33.2287
    4701             0                0        19.4628        31.7649
    4702             0                0        19.5494        31.4388
    4703             0                0        19.2196        30.4909
    4704             0                0        17.7567        31.0843
    4705             0                0        16.0321        31.4467
    4706             0                0        15.5174        31.1715
    4707             0                0        15.5890        31.2222
    4708             0                0        14.3426        31.7963
    4709             0                0        13.5558        30.3572
    4710             0                0        15.5858        31.0310
    4711             0                0        14.5751        29.6953
    4712             0                0        15.5706        30.5275
    4713             0                0        17.6758        30.8646
    4714             0                0        15.0718        30.1984
    4715             0                0        16.5103        31.0212
    4716             0                0        16.3260        30.4335
    4717             0                0        15.9031        31.3722
    4718             0                0        15.7152        31.6185
    4719             0                0        15.2617        32.6332
    4720             0                0        15.9179        32.3771
    4721             0                0        16.0035        31.8246
    4722             0                0        15.8510        30.3535
    4723             0                0        16.3163        31.2832
    4724             0                0        17.0431        30.9525
    4725             0                0        16.2844        30.9447
    4726             0                0        15.8511        29.1853
    4727             0                0        15.2411        29.6392
    4728             0                0        14.8257        29.9700
    4729             0                0        16.1239        31.2348
    4730             0                0        15.1944        28.9735
    4731             0                0        15.0753        30.2875
    4732             0                0        15.2899        31.6941
    4733             0                0        16.2715        32.0314
    4734             0                0        15.4023        31.6343
    4735             0                0        13.7428        30.2046
    4736             0                0        14.7876        28.1046
    4737             0                0        15.2879        29.3212
    4738             0                0        15.1878        29.2882
    4739             0                0        12.6770        27.7289
    4740             0                0        14.2566        27.7734
    4741             0                0        12.5792        26.3375
    4742             0                0        14.6880        27.2245
    4743             0                0        13.3669        27.2410
    4744             0                0        15.9052        29.2066
    4745             0                0        16.0354        28.6820
    4746             0                0        14.0799        28.4210
    4747             0                0        12.7331        29.0179
    4748             0                0        13.5126        28.3063
    4749             0                0        14.2831        27.9214
    4750             0                0        12.9876        27.2216
    4751             0                0        12.4522        27.6204
    4752             0                0         9.1205        26.2688
    4753             0                0        11.9570        26.5065
    4754             0                0        10.5090        25.5563
    4755             0                0        10.1991        25.6404
    4756             0                0         9.9815        26.9382
    4757             0                0        10.7297        26.8113
    4758             0                0        11.5146        27.5064
    4759             0                0         9.8894        27.1953
    4760             0                0        11.4008        27.4543
    4761             0                0        13.3827        27.4611
    4762             0                0         9.5499        26.9365
    4763             0                0        11.3846        26.8379
    4764             0                0        12.1526        27.2864
    4765             0                0        10.2847        27.1959
    4766             0                0        11.7710        27.3017
    4767             0                0        13.3868        27.5095
    4768             0                0        13.0246        27.9588
    4769             0                0        11.6925        28.0218
    4770             0                0         9.5696        27.1866
    4771             0                0        10.2248        27.5126
    4772             0                0         9.5010        27.0753
    4773             0                0        10.5662        27.5495
    4774             0                0        11.9258        27.5365
    4775             0                0        12.2975        27.6634
    4776             0                0         8.8075        28.0867
    4777             0                0         7.1923        27.5862
    4778             0                0         8.8345        26.6417
    4779             0                0         7.5054        26.6632
    4780             0                0         8.1699        26.4657
    4781             0                0         5.1656        27.8976
    4782             0                0         5.4421        28.2330
    4783             0                0         5.8230        28.9076
    4784             0                0         7.0536        30.1269
    4785             0                0         6.7232        28.7222
    4786             0                0         7.6277        28.3780
    4787             0                0         8.4983        28.1097
    4788             0                0        11.2065        28.5225
    4789             0                0         8.7340        28.6057
    4790             0                0         8.9137        28.8007
    4791             0                0         8.5586        28.6354
    4792             0                0         9.8349        28.4608
    4793             0                0         9.9606        28.4115
    4794             0                0         9.2825        27.6464
    4795             0                0         8.8692        27.9850
    4796             0                0         9.9123        27.9244
    4797             0                0         8.9134        27.5916
    4798             0                0         8.2237        27.6235
    4799             0                0        10.0762        29.4363
    4800             0                0        12.5604        29.2811
    4801             0                0        11.3163        29.3731
    4802             0                0        11.9243        28.2559
    4803             0                0        13.6322        29.7016
    4804             0                0        13.4156        30.1481
    4805             0                0         9.1036        28.3199
    4806             0                0         9.5766        27.3810
    4807             0                0         8.2154        27.6818
    4808             0                0         7.8863        27.5750
    4809             0                0         8.8728        28.1919
    4810             0                0         9.7264        28.3215
    4811             0                0         8.7958        28.2917
    4812             0                0         7.5512        27.2479
    4813             0                0         8.8069        26.6898
    4814             0                0        10.2984        27.5473
    4815             0                0        11.0522        27.5500
    4816             0                0        10.8582        27.6162
    4817             0                0        10.1223        28.1482
    4818             0                0        11.2993        28.8353
    4819             0                0        10.3483        28.8223
    4820             0                0        11.2459        27.7356
    4821             0                0        12.6323        28.8426
    4822             0                0        13.5756        27.0025
    4823             0                0        12.6841        27.1422
    4824             0                0        11.6087        27.0252
    4825             0                0        11.0802        26.0096
    4826             0                0        10.3975        26.5701
    4827             0                0        10.4902        25.0086
    4828             0                0        10.7021        24.7156
    4829             0                0        11.2239        26.2696
    4830             0                0        11.6653        26.9700
    4831             0                0        11.9709        28.1290
    4832             0                0        11.5628        27.6352
    4833             0                0         9.7414        26.7508
    4834             0                0        10.0065        25.5594
    4835             0                0        11.6842        26.6854
    4836             0                0         9.8343        24.4822
    4837             0                0        10.9801        25.1988
    4838             0                0        11.7678        24.6116
    4839             0                0        11.0623        25.5910
    4840             0                0        10.1193        25.9306
    4841             0                0        10.6246        26.1195
    4842             0                0        10.3586        26.3677
    4843             0                0        10.3892        27.7979
    4844             0                0        11.6415        27.5520
    4845             0                0        11.8213        27.4233
    4846             0                0        14.1316        27.7718
    4847             0                0        13.2636        27.4741
    4848             0                0        12.5920        27.5518
    4849             0                0        14.2600        27.6326
    4850             0                0        12.4414        26.0950
    4851             0                0        11.8242        28.2184
    4852             0                0        10.1079        28.2605
    4853             0                0         9.0992        28.7907
    4854             0                0         9.9323        28.5877
    4855             0                0         9.2558        28.2607
    4856             0                0        11.4198        28.4318
    4857             0                0        10.1431        27.7990
    4858             0                0         9.2865        28.8540
    4859             0                0        10.9869        27.5993
    4860             0                0        11.2285        28.6613
    4861             0                0        10.2366        27.3967
    4862             0                0        13.0431        29.8806
    4863             0                0        11.6724        29.5424
    4864             0                0        12.3217        30.9047
    4865             0                0        13.2523        30.5882
    4866             0                0        13.1259        31.5240
    4867             0                0        13.0751        31.9880
    4868             0                0        12.6257        30.5847
    4869             0                0        12.3940        29.1840
    4870             0                0        12.1190        30.0902
    4871             0                0        11.5515        29.8075
    4872             0                0        14.2392        28.2084
    4873             0                0        14.2693        29.4048
    4874             0                0        14.8098        30.3239
    4875             0                0        17.0747        30.8986
    4876             0                0        16.1411        31.1668
    4877             0                0        15.7174        30.3393
    4878             0                0        14.6396        30.7557
    4879             0                0        15.0863        30.4409
    4880             0                0        15.7544        30.4309
    4881             0                0        16.8673        30.2039
    4882             0                0        15.9940        31.0607
    4883             0                0        15.2836        31.3933
    4884             0                0        16.0057        29.6510
    4885             0                0        14.9392        30.8943
    4886             0                0        15.4067        29.3802
    4887             0                0        15.3996        29.0208
    4888             0                0        15.1131        29.9931
    4889             0                0        14.1414        30.6499
    4890             0                0        12.0606        30.2558
    4891             0                0        12.6977        30.5577
    4892             0                0        12.4668        31.0758
    4893             0                0        12.9458        29.9352
    4894             0                0        13.0915        31.3546
    4895             0                0        12.7329        31.6515
    4896             0                0        12.9124        30.5299
    4897             0                0        13.2323        29.5058
    4898             0                0        13.6170        30.5197
    4899             0                0        11.0205        28.4958
    4900             0                0         8.8655        28.8291
    4901             0                0         9.5418        28.5921
    4902             0                0         7.5679        28.0264
    4903             0                0         6.2426        28.6233
    4904             0                0         8.0984        28.3422
    4905             0                0         8.3174        28.1749
    4906             0                0         8.9978        27.7752
    4907             0                0         9.3776        27.8204
    4908             0                0         9.1034        27.9570
    4909             0                0         8.6220        28.9105
    4910             0                0         9.7095        29.5217
    4911             0                0        10.2617        28.4109
    4912             0                0        10.7453        28.6184
    4913             0                0        10.4638        28.8188
    4914             0                0         9.6335        28.7778
    4915             0                0        10.7426        29.0698
    4916             0                0         8.5002        28.0779
    4917             0                0         8.7870        28.7221
    4918             0                0         7.9880        27.3782
    4919             0                0         8.1223        28.0896
    4920             0                0         9.0078        27.8510
    4921             0                0         7.6866        27.6269
    4922             0                0        11.1549        27.8519
    4923             0                0        12.2832        28.9408
    4924             0                0        11.1160        27.9635
    4925             0                0        11.3425        27.2595
    4926             0                0        11.0300        27.0619
    4927             0                0        12.2630        27.2161
    4928             0                0        11.8097        26.5262
    4929             0                0        10.2374        26.5147
    4930             0                0        10.8004        27.3927
    4931             0                0         9.9561        26.1109
    4932             0                0        11.3725        26.6193
    4933             0                0        13.1126        25.6486
    4934             0                0        13.3206        25.3039
    4935             0                0        14.5828        27.1693
    4936             0                0        14.8964        27.2879
    4937             0                0        14.5182        27.3974
    4938             0                0        15.9074        26.9145
    4939             0                0        14.1753        27.0879
    4940             0                0        14.2424        27.0889
    4941             0                0        14.3544        27.2199
    4942             0                0        14.9636        27.4782
    4943             0                0        15.5376        27.2480
    4944             0                0        14.3950        26.9624
    4945             0                0        14.7837        26.7818
    4946             0                0        16.0664        27.2256
    4947             0                0        15.3432        27.2622
    4948             0                0        16.1137        26.9376
    4949             0                0        15.0518        27.4705
    4950             0                0        14.0686        27.1457
    4951             0                0        13.5330        27.1263
    4952             0                0        13.7171        27.4001
    4953             0                0        13.1593        27.5389
    4954             0                0        13.5625        27.1630
    4955             0                0        14.5132        27.9813
    4956             0                0        15.3953        27.9348
    4957             0                0        16.4097        28.3608
    4958             0                0        15.6949        28.0513
    4959             0                0        15.9488        27.8003
    4960             0                0        16.4570        27.7662
    4961             0                0        15.9492        28.0750
    4962             0                0        15.0656        27.3554
    4963             0                0        14.7217        27.5157
    4964             0                0        14.7384        27.1792
    4965             0                0        15.6607        27.1057
    4966             0                0        15.9820        27.5061
    4967             0                0        16.1077        27.6265
    4968             0                0        15.0959        27.6653
    4969             0                0        15.4127        27.5958
    4970             0                0        15.8658        27.8428
    4971             0                0        15.7866        28.0331
    4972             0                0        16.5751        28.2526
    4973             0                0        16.5447        28.5509
    4974             0                0        15.9641        27.4189
    4975             0                0        15.2536        27.4156
    4976             0                0        16.5558        27.8051
    4977             0                0        16.1814        27.2968
    4978             0                0        16.6771        27.5933
    4979             0                0        16.3768        26.9325
    4980             0                0        15.6890        27.3005
    4981             0                0        15.9644        29.0754
    4982             0                0        15.4678        28.6270
    4983             0                0        16.6276        29.1049
    4984             0                0        17.6990        28.3290
    4985             0                0        17.6977        29.1144
    4986             0                0        17.2469        28.3764
    4987             0                0        17.4218        28.3846
    4988             0                0        16.6010        28.9047
    4989             0                0        16.2914        29.1935
    4990             0                0        15.6869        28.2950
    4991             0                0        15.7036        28.0471
    4992             0                0        14.8622        27.1832
    4993             0                0        13.0756        26.7118
    4994             0                0        13.3703        27.0637
    4995             0                0        14.0233        27.0355
    4996             0                0        14.8405        28.6249
    4997             0                0        15.5257        27.9747
    4998             0                0        14.7116        27.7250
    4999             0                0        15.7118        27.6250
    5000             0                0        15.9903        27.1466
