#Frame   LVTKL[native] LVTKL[nonnative] LVTKL[mindist] LVTKL[maxdist]
       1            34                0         3.0752        17.8357
       2            18                6         3.2314        17.0379
       3             8                5         3.2864        18.2897
       4            17                9         3.0549        17.9192
       5            14                4         3.0866        17.4690
       6             7               13         3.2456        17.8616
       7            17                8         3.1221        17.9058
       8            11                4         3.2056        18.3189
       9            14                8         3.3528        18.2649
      10            18               12         3.2331        17.9072
      11            12                7         3.0438        17.9028
      12            17               16         3.0067        17.6213
      13            10               18         3.2328        17.9665
      14             9               13         3.1433        15.8141
      15             1               20         3.2981        15.2733
      16             1               21         3.1617        15.7269
      17             3               21         3.3146        15.1854
      18             0               24         3.0508        14.7461
      19             1               23         3.3373        15.2077
      20             4               18         2.9743        16.9494
      21             4               13         3.3007        15.2770
      22             3               29         3.0527        14.6487
      23             2               19         3.0412        14.8458
      24             0                9         3.4617        15.4078
      25             1               23         3.0233        14.9958
      26             2               19         2.9441        14.3964
      27             1               19         3.4086        15.3867
      28             2               14         3.2457        15.3782
      29             1               15         3.1742        16.3786
      30             0               22         2.9186        16.7792
      31             0               28         3.0927        16.3534
      32             0               17         3.0775        16.9919
      33             0               24         3.2085        16.3267
      34             0               25         3.4529        16.9353
      35             0               24         3.1973        17.2597
      36             0               20         3.3280        16.9216
      37             1               33         3.1927        16.5977
      38             0               32         3.1583        17.7423
      39             0               25         3.2195        17.4438
      40             0               17         3.6407        17.4305
      41             0               38         3.1292        17.7217
      42             0               24         3.2418        17.1239
      43             0               20         3.2892        16.9499
      44             1               36         3.2944        16.8966
      45             1               35         3.0733        15.6836
      46             3               33         3.1724        16.4910
      47             0               32         3.2518        16.6646
      48             1               30         3.1043        17.1566
      49             0               22         2.9959        17.2090
      50             0               35         3.0980        17.4380
      51             1               20         3.4612        16.9197
      52             0               24         2.8900        16.8427
      53             1               33         3.1891        17.5520
      54             0               22         3.1709        17.1890
      55             2               27         3.1438        16.6188
      56             2               12         3.2443        15.4604
      57             1               18         3.2122        16.0053
      58             0               10         3.5336        17.5809
      59             0               20         3.2998        18.3427
      60             0               12         3.3461        18.0608
      61             0               25         3.0258        18.9545
      62             0               24         3.4700        19.1389
      63             0               20         3.2913        18.0927
      64             0               34         3.0411        18.9250
      65             0               19         3.2798        18.6960
      66             0               12         3.0789        18.6955
      67             0               21         3.0300        17.1469
      68             0               13         3.4941        16.7300
      69             0               27         3.1945        18.0663
      70             0               28         3.1828        17.4066
      71             0               24         3.0918        18.2669
      72             1               28         3.1988        17.8125
      73             0               34         3.2109        17.1392
      74             0               29         3.1891        17.6601
      75             0               31         3.1972        17.9366
      76             0               30         3.0761        17.7643
      77             0               24         3.0812        19.0983
      78             0               24         3.0950        18.3083
      79             0               25         3.2514        18.2707
      80             0               24         3.3121        18.7158
      81             0               31         3.0266        18.3607
      82             0               17         3.1679        18.6466
      83             0               21         3.0760        18.3926
      84             0               20         2.8877        19.4414
      85             0               14         3.2716        19.5872
      86             0               21         3.2429        19.2701
      87             0               19         3.2742        18.9007
      88             0               17         2.8901        19.4493
      89             0               21         3.0420        19.3823
      90             0               26         3.2047        18.9552
      91             0               18         3.4497        18.8954
      92             0               20         2.9605        18.7109
      93             0               18         2.9791        17.9276
      94             0               22         2.9907        17.3929
      95             0               20         3.0821        17.8148
      96             0               18         3.3949        18.4486
      97             0               29         3.2379        17.6586
      98             1               23         3.1677        17.4174
      99             0               16         2.9962        17.3584
     100             0               12         3.4612        18.2619
     101             0               21         3.4299        18.0269
     102             1               25         2.9597        17.5895
     103             1               27         2.9633        18.2151
     104             0               28         3.2278        17.4336
     105             0               19         3.2870        17.3154
     106             2               40         2.9281        16.9638
     107             1               28         3.2644        16.0499
     108             1               27         2.9290        17.5352
     109             1               39         3.0124        16.8963
     110             0               36         3.0195        17.3972
     111             0               15         3.5429        17.8928
     112             0               17         3.2598        18.7727
     113             0               16         3.2806        18.2225
     114             0                6         3.5920        18.3164
     115             0               25         2.9118        18.8412
     116             0                9         3.5342        17.3557
     117             2               35         2.7978        16.1669
     118             2               23         3.4088        15.7656
     119             2               21         3.1306        15.6650
     120             4               14         3.1802        15.4779
     121             4               22         3.1316        15.5185
     122             1               15         3.2769        16.8626
     123             0               29         3.3772        16.8346
     124             0               28         2.9080        17.4879
     125             0               28         3.0940        17.6553
     126             0               24         3.4274        16.6069
     127             0               37         2.9470        16.7949
     128             0               29         3.0337        16.7164
     129             0               28         3.2637        17.4672
     130             0               24         3.1115        17.0027
     131             0               23         3.3043        17.6184
     132             2               39         3.1579        17.0994
     133             0               22         3.2175        18.8003
     134             0               17         3.2683        18.4889
     135             0               25         3.2191        18.2715
     136             0               26         3.4573        17.4550
     137             0               39         3.0982        17.2340
     138             0               20         3.0350        16.9897
     139             0               23         3.2940        18.2150
     140             0               21         3.3672        17.8723
     141             0               27         3.1833        18.5839
     142             0               30         3.1734        17.4466
     143             1               25         3.3559        16.5842
     144             1               17         3.2196        16.7576
     145             0               23         3.1932        17.1528
     146             0               24         3.2701        17.0206
     147             1               40         3.1862        16.8236
     148             0               28         3.3072        16.9492
     149             0               27         3.2675        16.9569
     150             1               23         3.0325        16.3545
     151             0               22         3.2771        17.1686
     152             0               16         3.3385        17.9605
     153             0               21         3.0920        16.8990
     154             0               31         3.1106        17.4261
     155             1               16         3.1978        16.1701
     156             3               18         3.1884        16.4584
     157             1               25         2.8979        17.1601
     158             1               29         3.0195        16.8776
     159             1               26         3.0395        17.1410
     160             1               37         3.2079        17.3700
     161             1               20         3.0279        17.6077
     162             0               25         3.2464        17.6465
     163             0               22         3.3639        17.6518
     164             0               24         2.9387        17.9167
     165             0               32         3.1432        16.9622
     166             0               18         3.1604        17.1024
     167             2               25         3.2702        17.1510
     168             0               34         3.0634        16.9256
     169             0               25         3.0503        17.2105
     170             0               29         3.1658        17.5091
     171             1               30         2.9903        16.4093
     172             3               29         3.3541        15.5895
     173             1               21         3.3503        16.3094
     174             2               31         3.2008        15.7156
     175             0               27         3.3246        15.8990
     176             0               10         3.6343        16.6872
     177             2               14         3.2665        15.9615
     178             0               27         3.1889        16.9869
     179             0               31         3.3673        16.9157
     180             0               23         3.0935        16.9297
     181             0               25         3.2049        17.3945
     182             0               22         3.3647        16.8935
     183             2               28         3.1236        16.9918
     184             0               27         3.1610        17.4524
     185             0               22         3.0800        17.5854
     186             0               29         3.2107        18.0348
     187             0               23         3.2484        17.5487
     188             0               31         2.8922        17.8467
     189             0               22         3.3349        18.5803
     190             0               20         2.9879        18.3714
     191             0               33         3.1666        18.1048
     192             0               28         3.1379        18.2064
     193             0               33         3.1560        18.2133
     194             0               19         3.0274        18.0931
     195             0               22         3.2115        19.0002
     196             0               22         3.4230        17.2499
     197             0               31         3.2436        18.0623
     198             0               22         3.1428        17.3812
     199             0               21         3.1063        17.7475
     200             0               35         3.2526        16.6506
     201             0               19         3.2203        17.8436
     202             1               28         3.3231        16.4589
     203             1               16         3.3405        16.2935
     204             0               22         3.2360        17.5338
     205             0               17         3.1280        17.4096
     206             0               25         2.9967        17.1936
     207             0               27         3.0264        16.9224
     208             0               28         3.3074        17.3388
     209             1               22         3.2136        16.7972
     210             0               18         3.1158        17.1210
     211             0               24         3.3206        17.1122
     212             1               20         3.3519        16.8527
     213             1               23         2.9899        16.5494
     214             0               29         3.1830        16.9655
     215             0               24         3.2247        18.2161
     216             0               16         3.3715        16.9698
     217             1               30         3.1354        16.7252
     218             2               19         3.2436        17.1295
     219             2               19         3.4985        17.1848
     220             1               24         3.1868        16.1384
     221             0               17         3.0884        16.7490
     222             1               19         3.2238        16.8939
     223             0               30         3.0690        17.1999
     224             1               18         3.3092        16.8890
     225             0               21         3.3327        16.9503
     226             1               27         3.2588        17.0233
     227             0               29         3.0854        17.0431
     228             0               22         3.3338        16.9740
     229             0               19         3.2106        18.3418
     230             0               23         2.7860        17.1604
     231             0               37         3.0018        16.4867
     232             0               25         3.0627        16.9967
     233             0               31         2.9459        16.7915
     234             0               22         3.2436        16.7509
     235             0               34         2.8529        17.2478
     236             1               35         3.1640        16.6090
     237             0               14         3.1207        16.9881
     238             1               19         2.8310        17.6213
     239             0               17         3.2260        16.8501
     240             0               28         2.8427        16.5357
     241             1               26         3.1822        16.6554
     242             0                9         3.0461        16.7063
     243             0               23         3.0744        16.6886
     244             2               29         2.9134        17.0280
     245             1               32         2.9458        16.2408
     246             0               16         3.4507        16.2854
     247             2               32         3.1444        16.3297
     248             1               30         3.0207        17.1340
     249             0               29         2.9844        18.0502
     250             0               26         3.3285        17.8630
     251             0               27         3.2622        17.7302
     252             0               21         3.0992        17.7380
     253             0               23         3.1072        17.6250
     254             0               15         3.2248        18.9369
     255             0               29         3.4730        17.6011
     256             0               15         3.4598        18.1969
     257             0               34         2.8659        18.5874
     258             1               22         3.1151        17.6449
     259             0               35         3.3025        17.3519
     260             1               35         3.1655        16.8786
     261             0               17         3.2089        17.4319
     262             0               28         3.0877        17.7201
     263             1               34         3.0706        17.4205
     264             0               22         2.8281        17.0175
     265             1               27         3.1753        16.0130
     266             1               21         3.0526        16.3686
     267             0               10         3.3063        16.8161
     268             2               31         3.2756        16.1571
     269             2               30         3.1436        15.9935
     270             1               23         3.1723        16.5090
     271             1               33         3.1022        16.0565
     272             1               22         3.3220        16.8982
     273             1               14         3.3129        16.3444
     274             0               27         2.9062        17.0469
     275             0               26         3.2542        16.6333
     276             0               23         3.1164        16.6570
     277             0               25         2.8920        16.9650
     278             1               27         3.0412        16.2460
     279             1               32         3.1874        16.5993
     280             0               23         3.3527        17.2131
     281             1               17         3.3350        17.1124
     282             0               14         3.5787        18.2532
     283             1               24         3.2523        17.0035
     284             1               21         3.1643        16.4306
     285             0               27         3.0516        17.0455
     286             1               16         3.4202        16.6704
     287             0               15         3.2727        17.6592
     288             1               36         3.0342        17.5759
     289             0               13         3.3852        17.7802
     290             0               31         3.1431        17.7560
     291             0               17         3.3879        17.9272
     292             2               30         3.1825        17.7542
     293             0               24         3.1402        17.6269
     294             0               29         3.0420        18.4794
     295             0               18         3.2624        18.6418
     296             0               24         3.0959        18.4856
     297             0               24         3.3033        18.0656
     298             0               19         3.2733        18.7296
     299             0               24         3.2923        17.5880
     300             2               11         3.4342        17.4223
     301             3               16         3.1663        17.3128
     302             0               24         3.2154        18.7957
     303             0               27         3.2250        18.6872
     304             0               26         3.2039        18.2862
     305             0               35         2.9407        17.2722
     306             0               34         3.0529        17.5038
     307             0               21         3.2868        17.6553
     308             0               22         3.2527        18.4544
     309             0               24         3.2082        18.8652
     310             0               20         3.3184        17.5302
     311             0                2         3.9728        17.4985
     312             1               25         3.2936        16.6135
     313             0               22         3.3533        18.2284
     314             0               35         2.8475        17.5433
     315             0               19         3.2379        16.7385
     316             0               19         3.2962        16.6705
     317             0               18         3.1490        17.4278
     318             0               17         2.7873        16.6298
     319             0               21         3.1527        17.3845
     320             1               28         3.3055        16.7980
     321             1               24         3.0406        16.2537
     322             3               44         3.2201        17.0953
     323             6               34         3.0431        18.2843
     324             4               23         3.3652        16.6919
     325             2               12         3.5761        17.5830
     326             2               20         3.3552        16.5609
     327             5               27         3.3080        16.6498
     328             1               41         3.2397        16.0080
     329             4               35         3.1400        15.7846
     330             0               26         3.0667        16.4237
     331             0               37         3.2531        17.1551
     332             0               19         3.0082        17.7626
     333             1               32         3.1929        16.6969
     334             0               30         3.1533        17.1060
     335             0               24         3.0519        16.7072
     336             0               10         3.5108        17.4217
     337             0               20         3.4248        15.9916
     338             0               41         2.9913        16.8450
     339             1               25         3.1822        17.2570
     340             2               47         3.2171        16.3286
     341             0               21         3.1751        16.0482
     342             0               15         3.0389        16.4402
     343             0               22         3.1426        15.7429
     344             1               15         3.3742        16.1293
     345             1               30         3.2336        16.5529
     346             0               20         2.8319        16.8769
     347             1               29         3.0691        16.8962
     348             0               20         3.0706        16.2846
     349             0               18         3.2783        16.6299
     350             0               26         3.2337        16.8332
     351             0               15         3.3496        16.4895
     352             0                9         3.3918        16.9735
     353             0               12         3.3497        17.2187
     354             0               13         2.9912        16.3723
     355             0               10         3.1765        16.0358
     356             0               10         3.5733        15.6182
     357             1               20         2.7859        16.9280
     358             0               17         3.1012        15.8033
     359             1               15         3.3317        15.6382
     360             0                8         3.4483        16.6272
     361             0                7         3.3361        17.9262
     362             0               13         3.1854        17.4440
     363             0               11         3.1521        16.6687
     364             0               10         3.0317        15.8653
     365             1               16         3.0046        17.1916
     366             0                9         3.3979        18.5571
     367             0                6         3.1089        18.5938
     368             0               18         3.3666        18.6233
     369             1               29         3.2457        16.2677
     370             3               32         2.9689        16.2542
     371             1               21         3.0745        16.7135
     372             0                9         3.6005        15.9033
     373             1               20         3.1532        17.4491
     374             1               23         3.2849        16.3622
     375             1               18         3.3659        16.2294
     376             0               20         3.2047        16.7614
     377             0               32         2.9483        16.4221
     378             0               18         3.1939        17.0701
     379             0               17         3.1638        16.7420
     380             0               10         3.0949        17.2668
     381             0               22         3.1528        16.8147
     382             0               30         3.1248        16.0062
     383             2               24         3.2290        16.5095
     384             1               27         2.8589        16.0871
     385             1               34         3.0690        16.4647
     386             0               25         2.8798        17.2994
     387             0               28         2.9005        16.3789
     388             1               18         2.7843        17.8606
     389             1               22         2.9503        16.7646
     390             1               22         2.9069        16.2869
     391             0               23         2.9401        17.1533
     392             1               26         2.8635        16.7339
     393             1               28         2.7147        17.9250
     394             0               24         2.9572        16.5545
     395             0               18         3.2402        15.9186
     396             0               21         2.8770        16.4910
     397             0               21         3.2245        16.7253
     398             0               23         2.8396        15.9160
     399             1               20         2.8505        16.8746
     400             0               24         3.1644        15.8417
     401             1               18         2.9664        16.5817
     402             1               27         3.1500        16.4396
     403             0               12         3.3150        16.0862
     404             0               21         2.9224        15.6368
     405             1               32         2.9361        16.7313
     406             2               25         2.8673        17.0323
     407             1               27         2.9833        16.7914
     408             0               25         2.6933        16.6998
     409             2               28         2.8030        16.9560
     410             1               30         2.9368        16.3821
     411             0               28         2.9840        16.9813
     412             0               17         2.9842        16.0523
     413             3               35         2.8995        16.8583
     414             1               28         2.9327        16.6517
     415             0               32         2.9895        16.3871
     416             0               21         2.8541        16.3222
     417             0               24         3.0219        16.0533
     418             0               19         3.2001        16.0376
     419             0               27         2.8675        17.0428
     420             0               26         3.2560        17.0381
     421             0               35         2.9649        16.0467
     422             0               32         2.9646        16.5180
     423             1               25         3.1105        16.6840
     424             2               33         2.7742        16.3858
     425             3               38         2.9732        16.7516
     426             3               28         3.0706        17.2622
     427             0               38         2.9415        17.0084
     428             0               33         3.0778        17.2304
     429             0               26         3.0842        16.1110
     430             0               16         3.0283        16.4433
     431             0               22         2.8525        16.0242
     432             1               37         2.8538        16.4489
     433             1               22         2.9318        16.6361
     434             0               27         2.8857        16.6722
     435             1               23         2.9538        16.0838
     436             0               24         3.1750        15.8796
     437             0               30         2.7982        15.8733
     438             1               34         2.8997        16.1937
     439             1               21         2.8611        16.1133
     440             0               20         3.0523        16.0023
     441             1               24         2.9488        16.2890
     442             0               19         2.9491        15.9690
     443             0               26         3.3475        17.2813
     444             0               31         3.0909        16.3655
     445             0               25         2.7803        16.4630
     446             0               22         2.9156        16.0838
     447             0               31         2.9428        16.1911
     448             0               17         3.0471        16.1238
     449             0               28         3.1370        15.8146
     450             0               30         2.9149        15.8411
     451             0               25         2.6931        16.5097
     452             0               30         3.0344        16.4101
     453             0               20         3.1219        16.3224
     454             0               23         3.1681        17.2044
     455             0               12         3.5253        17.6796
     456             0               22         3.1812        18.6813
     457             0               24         3.2956        18.9818
     458             0               27         2.8972        18.9267
     459             0               27         2.8877        18.6569
     460             0               26         3.2449        18.5160
     461             0               24         3.3758        17.5998
     462             0               31         3.2169        17.0043
     463             0               21         3.2598        17.5480
     464             0               13         3.3440        17.4048
     465             0               26         3.1391        17.2190
     466             0               21         3.3952        18.0807
     467             0               22         3.0944        18.3191
     468             0               20         3.2725        18.5128
     469             0               30         2.9621        19.0532
     470             0               25         3.0101        18.7498
     471             0               37         3.0807        17.3176
     472             0               24         3.1077        17.6470
     473             0               14         3.0281        17.7102
     474             0               13         3.3390        17.4362
     475             0               22         3.3321        17.5638
     476             0               32         3.2601        17.7859
     477             0               16         3.0017        18.8252
     478             0               39         2.9702        17.1568
     479             0               26         3.2226        18.5314
     480             0               34         2.9479        17.4056
     481             0               29         3.1876        17.2752
     482             0               31         3.1571        16.8641
     483             1               30         3.1254        16.4360
     484             0               15         3.1733        15.4394
     485             0               12         3.5146        16.4117
     486             0               18         3.2496        16.4414
     487             0               22         2.9945        16.8246
     488             0               15         3.0574        17.2576
     489             0               32         3.1735        17.0999
     490             0               22         3.0372        16.5918
     491             0               16         3.1082        17.4717
     492             0               20         3.0122        17.7427
     493             0               18         3.2720        18.0682
     494             0               22         3.2419        17.7474
     495             0               22         3.2413        18.9125
     496             0                6         3.6000        19.4560
     497             0               13         2.9834        20.4285
     498             0               15         3.0001        19.9342
     499             0               16         3.1594        19.4738
     500             0               32         2.9403        17.9102
     501             0               19         3.3743        17.9491
     502             0               14         3.2571        20.1058
     503             0               21         3.2025        19.4579
     504             0               24         3.1295        19.2848
     505             0               12         3.4440        18.8372
     506             0               17         3.4055        19.1448
     507             0               21         3.0688        19.4012
     508             0               23         3.0066        19.3076
     509             0               20         2.8689        19.0902
     510             0               19         3.2199        19.1896
     511             0               13         3.2396        19.0204
     512             0               33         2.9767        17.9027
     513             0               19         2.9735        19.2134
     514             0               16         3.1959        20.0219
     515             0               21         3.2554        17.7671
     516             0                7         3.2744        18.4514
     517             1               16         3.2306        18.8001
     518             0                8         3.3477        18.6029
     519             0               22         3.2621        18.3552
     520             0               16         3.2768        19.5244
     521             0               24         2.9254        18.6491
     522             0               23         3.1316        18.8249
     523             0               10         3.5379        17.9491
     524             0               22         3.2059        19.5478
     525             0                7         3.4639        20.1111
     526             0               31         3.1684        18.5666
     527             0               21         3.2192        18.9622
     528             0               21         3.3586        19.3628
     529             0               25         2.9760        19.1890
     530             0               29         3.3124        19.0135
     531             0               23         3.2822        19.6939
     532             0               15         3.2591        18.9025
     533             0               16         3.2390        18.6049
     534             0               14         3.3998        20.2530
     535             0               20         3.0384        19.7006
     536             0               26         3.0494        19.4908
     537             0               27         3.0396        18.6957
     538             0               28         2.8355        20.5173
     539             0               16         3.0174        19.6356
     540             0                9         3.2994        20.6935
     541             0                9         3.0094        21.4027
     542             0               25         2.8385        20.7491
     543             0                6         3.3428        21.4390
     544             0               32         3.0645        19.5738
     545             0               23         2.9975        20.0407
     546             0               26         3.0024        18.9843
     547             0               24         3.0239        19.6776
     548             0               17         3.2977        20.3027
     549             0               23         3.1481        20.5434
     550             0               14         3.3523        19.6124
     551             0               28         2.9344        19.0090
     552             0               15         3.1954        19.9467
     553             0               21         3.4194        19.9813
     554             0               11         3.4127        19.8151
     555             0               23         3.0732        20.4507
     556             0               23         3.2193        19.9005
     557             0               21         3.1214        19.8419
     558             0               23         3.0621        19.6451
     559             0               23         2.8131        19.4713
     560             0               21         2.7261        19.5403
     561             0               21         2.9489        19.0026
     562             0               17         3.4831        20.4677
     563             0               25         2.8786        19.6160
     564             0               24         2.7412        18.7811
     565             0               26         3.0169        19.1805
     566             0               22         2.8625        19.3642
     567             0               18         2.8322        18.7904
     568             0               26         2.7450        19.6588
     569             0               22         2.7812        18.6640
     570             0               27         2.8897        18.1393
     571             0               10         3.3817        19.7073
     572             0               26         2.7879        19.0027
     573             0               23         2.6862        18.6346
     574             0               29         2.8583        20.0905
     575             0               16         2.7279        19.1390
     576             0               21         3.1275        20.1630
     577             0               24         3.4152        20.0763
     578             0               17         3.3138        20.4525
     579             0               21         3.0558        19.8987
     580             0               27         2.9451        19.2614
     581             0               20         3.0944        18.8198
     582             0               13         3.5771        18.8093
     583             0               27         3.0561        19.9925
     584             0               20         3.0854        19.4040
     585             0               14         3.4969        20.0592
     586             0               24         3.1235        18.9711
     587             0               21         3.2507        19.7700
     588             0               28         3.1140        19.2816
     589             0               19         2.9868        17.2590
     590             0               23         2.8551        17.2358
     591             0               23         3.1604        19.2803
     592             0               18         3.2035        20.5375
     593             0               29         3.2050        20.6800
     594             0               19         3.1384        20.8904
     595             0               26         3.2419        20.3384
     596             0               20         3.2526        21.8469
     597             0               21         3.1372        21.2342
     598             0               21         2.9443        19.2992
     599             0               12         3.5238        20.0648
     600             0               15         2.7703        18.2306
     601             0               23         2.9315        18.7932
     602             0               22         2.9971        18.6853
     603             0               30         2.9196        18.3787
     604             0               10         2.6408        17.6796
     605             0               24         2.9795        19.1065
     606             0               24         3.4119        18.9068
     607             0               18         3.3358        17.5711
     608             0               19         2.8011        18.2404
     609             0               23         2.7204        17.6543
     610             1               23         2.6940        16.9343
     611             0               27         2.9060        18.4433
     612             1               20         2.6740        16.8801
     613             0               18         2.5445        18.2579
     614             0               26         2.9721        18.7670
     615             0               20         2.6523        18.3200
     616             0               15         3.1728        17.5020
     617             2               25         2.7151        17.0073
     618             1               30         2.6062        17.6150
     619             0               25         2.6124        17.5833
     620             0               24         2.5899        18.4117
     621             0               30         3.0914        19.3145
     622             0               33         3.0187        18.7046
     623             0               13         3.4719        18.0155
     624             0               28         2.8371        17.4253
     625             0               10         3.3332        18.0189
     626             0                4         3.7798        17.2242
     627             0                9         3.2914        17.8095
     628             0                8         3.3717        16.3773
     629             0               11         3.4625        16.4551
     630             0                4         3.6892        16.9450
     631             0                8         3.5378        17.1625
     632             0               25         2.7411        17.4480
     633             0               23         2.9445        18.8319
     634             0               22         3.1063        19.5863
     635             0               33         2.7859        18.5864
     636             0               34         2.7117        18.7329
     637             0               25         2.8073        18.8310
     638             0               29         2.6421        18.9244
     639             0               15         3.1757        20.1057
     640             0               26         3.0969        19.9628
     641             0               21         3.1008        20.2076
     642             0               29         2.7766        18.8218
     643             0               23         2.5505        18.2887
     644             0               23         3.1563        19.2004
     645             0               15         2.9351        19.1785
     646             0               12         3.0737        18.6093
     647             0               16         3.1822        19.6100
     648             0                3         3.1129        19.7986
     649             0               13         3.4854        20.2115
     650             0                6         3.6450        20.5355
     651             0               10         3.4623        20.2424
     652             0               19         3.2516        20.5977
     653             0               17         3.1088        19.7704
     654             0               15         3.4340        20.0816
     655             0               17         3.2050        19.4829
     656             0               22         3.2976        19.7238
     657             0               12         3.0994        19.4799
     658             0                6         3.4935        19.8257
     659             0               10         3.1209        19.8769
     660             0               17         3.3872        19.0615
     661             0               13         3.3386        18.8310
     662             0               12         3.1931        18.9324
     663             0               14         3.4342        18.4012
     664             0               11         3.4117        17.2604
     665             0               18         3.0994        18.3953
     666             0               11         3.3379        16.0860
     667             0               16         3.3444        17.6008
     668             0               11         3.5179        16.8869
     669             0               17         2.7716        14.9851
     670             0               18         3.3197        14.6930
     671             0               14         3.1656        16.2361
     672             1               19         3.3095        14.8336
     673             0               13         3.3563        15.3672
     674             1               26         2.8467        15.1763
     675             1               18         3.4470        17.0494
     676             0               24         3.1694        20.0303
     677             0               20         3.0196        18.4712
     678             0               26         2.9506        19.4847
     679             0               16         3.0605        19.8618
     680             3               23         3.0820        18.6780
     681             3               15         3.1829        18.7042
     682             1               21         3.2607        18.4907
     683             3               22         2.9197        17.9645
     684             0               19         3.3626        18.2948
     685             0               17         3.1516        17.4416
     686             0               20         3.2936        18.1110
     687             0               13         3.2742        16.7024
     688             0               15         3.1724        17.9268
     689             1               21         2.9481        17.4989
     690             3               33         2.9061        16.4924
     691             1               40         2.9250        16.8660
     692             1               24         3.1009        17.2356
     693             3               25         3.0484        16.4676
     694             1               21         3.1014        16.8674
     695             1               23         3.0321        17.4789
     696             1               24         2.7224        16.8961
     697             1               28         3.0427        15.1705
     698             2               23         3.0499        15.0309
     699             2               18         3.0138        16.1588
     700             1               18         2.9538        15.7699
     701             1               18         3.1227        15.5526
     702             1               16         3.2912        15.4887
     703             1               27         2.9494        16.7663
     704             2               28         3.0057        15.6432
     705             3               26         2.9933        16.9405
     706             1               21         3.1026        16.5773
     707             1               30         3.0056        17.3958
     708             1               41         2.8850        16.7690
     709             1               31         2.8975        16.4473
     710             1               18         3.0504        16.6825
     711             2               23         3.0038        16.7964
     712             1               18         3.4198        17.2151
     713             1               18         3.0903        17.0756
     714             1               32         2.7248        16.7770
     715             2               33         2.8745        17.4746
     716             1               30         3.0637        16.7733
     717             1               28         2.7489        17.0403
     718             1               28         2.8833        17.0198
     719             3               30         2.9607        17.7273
     720             1               26         2.8929        17.2611
     721             3               32         2.7725        16.2610
     722             1               21         3.0314        16.4124
     723             3               32         3.1734        16.2414
     724             1               32         3.0125        16.9092
     725             1               25         3.0990        16.7820
     726             1               28         2.8956        17.8175
     727             2               33         2.9481        17.8564
     728             2               29         2.9116        18.1324
     729             1               31         2.8226        17.5143
     730             1               31         2.9025        17.1795
     731             1               24         2.8729        16.2003
     732             1               26         2.8290        16.5802
     733             1               30         2.9738        16.1282
     734             4               31         3.1588        15.6935
     735             1               21         3.3515        16.2754
     736             4               19         3.1315        15.6901
     737             3               21         3.1673        16.0442
     738             4               41         3.2186        15.5968
     739             4               33         3.1366        15.5628
     740             3               23         3.0605        15.6378
     741             4               28         3.3009        15.8347
     742             4               39         3.0934        15.8326
     743             3               20         3.3528        15.5447
     744             4               36         2.9043        15.4546
     745             3               35         3.2609        15.4876
     746             2               24         2.8946        15.6462
     747             1               30         3.2033        17.1692
     748             1               34         2.9458        16.5880
     749             3               30         2.8026        17.6390
     750             2               30         3.2858        18.8066
     751             0               20         3.1438        18.8418
     752             1               19         3.0896        17.3784
     753             0               16         3.2821        16.7188
     754             1               29         2.9919        16.9201
     755             2               28         2.8654        16.5435
     756             1               25         3.2068        16.4570
     757             1               28         3.0572        16.6640
     758             4               26         3.3251        16.4966
     759             3               21         3.4984        16.3284
     760             4               29         3.0155        15.6112
     761             4               28         3.0633        15.4627
     762             1               21         2.9474        16.0869
     763             1               16         3.1566        15.7386
     764             2               26         3.1212        15.9496
     765             1               15         3.5208        16.3945
     766             3               20         3.0112        16.5090
     767             2               17         3.2451        15.9765
     768             4               29         3.1088        16.4583
     769             4               31         3.0329        16.5426
     770             2               22         3.0959        16.3669
     771             1               23         3.2636        17.2667
     772             1               24         3.0072        16.9282
     773             2               18         2.8198        16.6580
     774             0               12         3.3285        15.5566
     775             2               20         3.1088        16.4576
     776             3               23         3.0047        16.6720
     777             1               25         3.1484        16.8412
     778             4               29         2.7890        17.3129
     779             2               26         2.9823        17.1174
     780             3               26         3.1146        17.9507
     781             3               31         3.1517        16.7659
     782             2               24         3.0526        17.5420
     783             3               19         3.3747        18.5699
     784             2               24         3.1884        18.6891
     785             2               24         3.3334        18.4854
     786             2               24         3.1195        18.1311
     787             3               21         2.9730        18.1396
     788             2               26         3.1506        17.1802
     789             1               25         3.0800        17.6735
     790             2               27         3.0467        17.4899
     791             2               18         3.4042        18.1996
     792             1               31         2.9695        16.9995
     793             0               13         3.3461        18.5575
     794             2               20         3.3419        18.0800
     795             4               25         3.2689        18.9700
     796             2               10         3.5996        19.9225
     797             2               22         2.9377        18.5380
     798             2               22         3.0040        18.9032
     799             1               22         3.1364        17.9354
     800             1               20         3.1178        17.5410
     801             2               28         3.1049        17.9599
     802             2               22         3.3236        17.4927
     803             1               26         2.8731        17.1545
     804             2               30         2.9648        17.1778
     805             3               25         3.3577        18.2423
     806             3               27         3.2163        17.3648
     807             3               25         2.9404        16.9220
     808             2               20         3.4126        17.1902
     809             3               34         2.8902        17.3972
     810             4               28         2.9136        18.6969
     811             2               30         3.1118        18.0788
     812             3               30         2.9501        18.6002
     813             3               27         2.9755        18.0576
     814             2               20         3.3700        17.7099
     815             2               25         3.2309        17.8254
     816             1               22         3.1822        18.2807
     817             1               24         3.0373        17.3702
     818             1               21         2.8084        16.4161
     819             1               20         3.1719        17.5681
     820             2               36         2.9521        17.5924
     821             2               19         2.9001        18.8421
     822             1               12         3.2675        18.4292
     823             2               25         3.1540        18.8290
     824             1               22         2.8186        18.1486
     825             0               15         3.2667        18.3395
     826             1               28         2.9355        17.5183
     827             1               21         3.1324        18.3058
     828             3               26         2.9374        16.4601
     829             2               22         2.8815        16.9226
     830             0               25         3.2535        16.8772
     831             1               28         2.9568        17.2172
     832             1               27         2.7823        18.7830
     833             1               18         3.3361        19.7298
     834             1               35         2.8976        17.7827
     835             1               21         3.0083        18.2909
     836             1               25         3.2304        18.1783
     837             1               22         3.2248        17.9732
     838             0               22         3.1317        18.9080
     839             1               25         3.0093        18.6002
     840             1               12         2.8835        17.5010
     841             1               29         3.0024        18.3453
     842             1               22         2.9996        18.6784
     843             2               23         2.8644        17.8597
     844             1               36         2.7905        17.7105
     845             1               22         2.8855        17.0558
     846             1               22         3.0857        17.0337
     847             1               23         3.0229        16.6527
     848             2               40         2.8600        17.6258
     849             2               32         2.6716        17.9307
     850             1               20         3.1569        17.1623
     851             2               23         3.3000        18.3072
     852             1               23         2.9182        18.6446
     853             1               16         2.9612        18.5738
     854             3               30         2.9778        17.7022
     855             1               24         2.8658        18.6237
     856             1               25         3.0190        16.9290
     857             1               14         2.9693        17.7500
     858             0               14         3.1224        16.1721
     859             1               16         2.9323        17.1573
     860             1               24         3.0733        17.0808
     861             1               26         2.9112        16.0667
     862             1               27         2.9409        16.5288
     863             1               23         2.8910        16.0498
     864             1               25         2.9019        17.4438
     865             1               25         2.9301        16.9437
     866             1               20         3.1580        16.0694
     867             1               25         3.0317        15.8769
     868             3               28         2.9005        15.6835
     869             2               24         3.2513        14.8742
     870             1               16         3.2625        15.3848
     871             1               19         3.2099        17.1912
     872             1               15         3.1424        17.1666
     873             1               25         2.7136        17.8059
     874             1               26         2.9039        17.5832
     875             0               16         3.2159        17.7782
     876             1               24         2.8783        17.5690
     877             1               25         3.1109        17.8097
     878             1               20         3.0000        18.4200
     879             0               18         3.1006        17.5529
     880             1               24         3.0160        17.3883
     881             1               25         3.1123        18.0401
     882             1               27         3.0535        18.0878
     883             2               26         3.1974        19.1378
     884             4               31         2.7319        18.8892
     885             4               26         3.2398        20.3176
     886             3               32         3.1278        18.9478
     887             1               25         3.1785        18.6759
     888             3               26         2.7738        17.4989
     889             1               20         3.1016        17.4599
     890             1               28         3.0222        17.1291
     891             1               21         2.9753        18.1879
     892             1               24         3.0214        17.9349
     893             3               27         3.0658        18.8272
     894             1               22         2.8332        17.7921
     895             1               26         2.7578        17.5814
     896             1               27         2.9097        17.1908
     897             1               25         3.0996        17.2146
     898             1               18         3.0502        18.3184
     899             0               23         3.0873        17.7970
     900             3               20         2.7995        19.2387
     901             2               39         2.8849        18.1743
     902             1               21         3.0501        18.6952
     903             1               29         2.8658        18.0030
     904             3               27         3.0427        18.3408
     905             3               29         2.9742        17.4915
     906             1               34         2.8267        18.3480
     907             1               16         3.0997        18.5934
     908             1               34         2.8661        17.9572
     909             1               17         3.2155        19.1349
     910             3               28         2.8233        18.6255
     911             2               27         2.8424        19.6311
     912             2               27         3.0529        19.1520
     913             2               22         3.1038        18.9273
     914             4               34         2.9649        19.2757
     915             1               37         2.8484        18.1441
     916             3               34         3.0204        18.1227
     917             1               23         3.0335        18.8508
     918             3               20         3.2379        20.3942
     919             2               29         2.8136        18.9827
     920             1               29         3.0099        19.4206
     921             1               28         3.0293        19.9416
     922             1               32         2.9540        18.6748
     923             1               22         3.1778        20.4312
     924             3               24         2.9855        20.0990
     925             1               22         3.0608        19.8683
     926             2               36         3.0456        20.2702
     927             1               25         3.1850        21.0268
     928             2               21         2.8491        20.1770
     929             1               19         3.1342        20.3105
     930             2               17         2.9321        19.9281
     931             2               19         3.0211        19.3825
     932             1               20         2.9608        19.1363
     933             0               23         2.9975        18.7007
     934             2               26         2.9311        19.2738
     935             2               26         2.9828        19.2889
     936             1               26         3.1134        18.8223
     937             1               38         2.8128        19.9590
     938             2               26         2.8564        19.4416
     939             2               22         3.1467        19.6785
     940             2               23         2.9226        19.7417
     941             1               21         3.3120        19.6679
     942             4               23         2.8948        21.0496
     943             3               32         2.9495        20.0819
     944             5               33         3.0980        19.5977
     945             2               30         2.9448        19.7681
     946             1               27         3.1801        19.0439
     947             1               30         3.0682        18.6565
     948             1               26         3.2615        18.1253
     949             3               28         2.9345        18.3179
     950             4               28         3.2474        18.5897
     951             3               32         3.1131        18.4873
     952             3               19         2.9256        18.1794
     953             3               16         3.3244        19.8987
     954             0               17         3.4398        21.1486
     955             2               15         3.1522        20.0601
     956             0               15         3.3405        19.3589
     957             3               25         3.3411        18.6235
     958             2               25         3.3164        18.6612
     959             3               22         3.3793        19.8926
     960             1               16         3.2928        19.0255
     961             1               17         3.2124        18.8501
     962             4               25         2.8129        17.6238
     963             0               10         3.4701        18.6956
     964             2               24         2.9730        18.9477
     965             2               15         3.1041        17.7407
     966             3               22         3.1037        17.9794
     967             3               20         3.2662        18.9407
     968             3               24         2.8851        19.5683
     969             1               17         3.1084        18.5254
     970             4               22         3.2935        19.2297
     971             2               19         3.3703        19.1486
     972             4               30         3.1527        18.6257
     973             3               29         3.1301        18.6403
     974             0               21         3.2270        18.8882
     975             4               26         3.3247        18.2407
     976             4               28         3.3050        18.4285
     977             4               19         3.4469        19.4351
     978             4               26         3.2157        18.7238
     979             4               22         3.4116        18.4753
     980             2               16         3.3877        18.0676
     981             4               26         3.1741        17.9254
     982             2               19         3.2637        18.3195
     983             2               16         2.8806        18.9015
     984             3               14         3.0528        20.1977
     985             3               33         3.1164        19.3418
     986             2               19         2.9019        18.5185
     987             1               26         2.8017        17.3470
     988             1               18         3.2240        18.6918
     989             1               23         2.9031        18.0590
     990             0               18         3.0252        17.9679
     991             1               21         2.9486        16.6959
     992             4               30         3.2199        16.5583
     993             2               27         2.7359        16.2025
     994             0               16         3.1029        17.5060
     995             1               21         2.9483        17.9094
     996             1               17         3.0671        16.5599
     997             1               27         2.8906        16.4570
     998             2               37         2.7764        16.0818
     999             0               26         2.9447        16.6244
    1000             2               28         2.7942        16.4555
    1001             2               29         2.9370        16.8155
    1002             1               23         2.6449        17.5426
    1003             0               29         2.9982        18.5620
    1004             3               27         2.9105        17.1601
    1005             1               36         2.6775        17.9546
    1006             1               28         2.8522        18.0668
    1007             1               38         2.8289        18.9929
    1008             2               51         2.7003        19.1018
    1009             0               24         2.7714        19.1294
    1010             0               13         3.3274        19.0866
    1011             1               28         3.0630        18.2003
    1012             2               32         2.9504        17.4386
    1013             1               28         3.1300        17.3674
    1014             1               26         3.0760        17.0193
    1015             1               22         3.1193        16.8928
    1016             1               17         2.9351        17.2195
    1017             0               29         3.0028        17.1656
    1018             1               20         2.8836        18.5768
    1019             1               17         3.2425        17.8028
    1020             1               19         2.9726        18.0339
    1021             1               24         2.8396        17.5738
    1022             1               19         3.1047        17.3259
    1023             1               17         3.2689        18.3298
    1024             0               22         3.1791        16.7296
    1025             2               28         2.9722        15.8907
    1026             1               20         3.0756        17.6045
    1027             1               14         3.2502        17.5101
    1028             1               26         2.9113        16.7628
    1029             1               13         3.3391        17.1108
    1030             1               28         2.8816        17.7567
    1031             1               14         3.1269        18.8359
    1032             1               25         3.1876        18.1934
    1033             1               27         3.0378        17.9739
    1034             1               20         3.2142        18.3100
    1035             0               25         3.2188        18.3108
    1036             0               15         3.5303        19.9525
    1037             0               20         3.2394        19.6802
    1038             0               13         3.1170        18.7546
    1039             0               11         3.3721        20.1689
    1040             0               16         3.2574        18.9400
    1041             0               21         3.4374        18.6450
    1042             0               17         3.3820        18.3170
    1043             0               27         3.2394        18.9022
    1044             1               25         3.1531        18.8038
    1045             1               31         3.2263        18.8847
    1046             1               46         2.9019        17.4180
    1047             1               24         3.2536        17.7775
    1048             0               19         3.4504        18.7621
    1049             0               22         3.4347        17.8384
    1050             0               25         3.5032        18.8093
    1051             1               20         2.9686        19.4478
    1052             1               28         3.1455        18.7656
    1053             1               32         3.0595        18.1057
    1054             1               17         2.8089        18.2631
    1055             1               27         2.9711        18.2342
    1056             1               21         3.0848        19.1977
    1057             1               31         2.8210        17.8522
    1058             1               14         3.0684        18.3529
    1059             1               18         3.0086        17.2046
    1060             1               18         3.0611        16.7912
    1061             0               12         3.2675        18.1844
    1062             3               25         2.7241        17.6557
    1063             1               17         2.7706        19.6877
    1064             2               19         2.8647        19.6219
    1065             3               23         3.0345        21.0043
    1066             3               24         2.9398        20.8242
    1067             1               20         2.9822        20.0553
    1068             1               24         3.2630        18.7650
    1069             0               26         3.0697        18.0953
    1070             1               23         3.1163        18.4519
    1071             2               22         2.9118        17.6389
    1072             2               24         3.0347        17.9980
    1073             3               28         2.8021        18.3968
    1074             1               26         2.8326        18.3535
    1075             1               28         3.0100        18.3023
    1076             3               24         2.8939        18.6665
    1077             1               24         2.9504        18.4520
    1078             2               20         3.2763        19.6889
    1079             2               28         3.0518        19.7654
    1080             4               39         3.0001        20.4959
    1081             3               24         2.9861        21.0874
    1082             3               23         3.2115        20.3866
    1083             2               32         3.1143        21.6734
    1084             4               19         3.2791        22.1916
    1085             2               33         3.2560        20.1147
    1086             2               17         3.5714        19.6186
    1087             1               18         3.1746        18.8996
    1088             3               30         3.1855        19.9938
    1089             3               29         3.0347        20.3010
    1090             3               31         3.1940        20.4139
    1091             1               17         3.3230        21.3946
    1092             5               33         3.3671        21.0583
    1093             3               22         3.2660        20.1510
    1094             2               14         3.4150        20.0284
    1095             0               23         3.1236        20.6049
    1096             0               10         3.0439        18.9090
    1097             1               27         2.9277        18.3950
    1098             1               25         3.0470        17.6115
    1099             1               27         2.9609        17.9128
    1100             1               34         2.7238        17.9813
    1101             2               35         2.9208        18.6435
    1102             1               29         3.0969        17.3570
    1103             3               32         2.9998        17.7855
    1104             3               14         2.8639        18.8242
    1105             2               19         3.1315        19.4184
    1106             2               20         3.2159        18.6600
    1107             1               22         2.9185        17.7812
    1108             3               25         2.7490        18.2668
    1109             3               25         2.8253        18.8110
    1110             5               33         2.9070        18.8468
    1111             3               22         3.0203        19.1344
    1112             5               24         2.9034        19.3813
    1113             3               20         2.7421        19.8629
    1114             3               31         2.8637        19.8325
    1115             3               29         3.2072        19.6485
    1116             5               34         3.1381        21.5581
    1117             4               34         3.1320        20.8779
    1118             3               28         2.7673        19.4065
    1119             3               31         3.0971        18.2218
    1120             2               26         2.7476        18.1562
    1121             3               26         3.0524        19.2494
    1122             3               27         2.9513        17.7810
    1123             2               33         2.9330        17.2417
    1124             2               25         2.8498        18.8307
    1125             1               24         3.0054        17.4477
    1126             1               28         2.9723        17.0226
    1127             1               26         2.8935        17.9766
    1128             3               37         3.0520        18.1490
    1129             3               18         3.2172        18.9831
    1130             3               18         2.9653        18.7586
    1131             5               24         3.1214        19.4494
    1132             4               25         3.3269        19.5391
    1133             3               27         3.0157        20.4914
    1134             3               40         3.1712        20.3165
    1135             2               17         3.3133        20.0886
    1136             4               26         3.1462        20.9134
    1137             3               20         3.0656        20.0675
    1138             3               30         2.7695        19.2619
    1139             4               25         3.0284        19.6924
    1140             4               26         3.1197        18.6301
    1141             4               24         3.2863        19.6670
    1142             4               21         3.0291        20.2806
    1143             5               29         2.7974        19.4293
    1144             3               20         2.8254        18.3337
    1145             3               22         2.8317        18.3171
    1146             3               28         3.0989        18.4040
    1147             3               33         2.9341        19.3298
    1148             3               30         2.9504        18.8860
    1149             3               29         3.3515        19.4168
    1150             3               23         3.1056        20.4090
    1151             1               27         2.8305        18.8797
    1152             2               20         2.9531        19.3170
    1153             3               21         3.0852        18.7409
    1154             3               22         3.0327        18.9769
    1155             3               32         2.9374        17.6142
    1156             3               25         2.9813        17.5790
    1157             3               27         2.9003        18.0148
    1158             3               25         3.0164        17.8568
    1159             3               18         2.8994        17.3218
    1160             4               40         3.0388        17.7350
    1161             3               25         2.7997        18.2111
    1162             3               21         2.8303        17.4353
    1163             4               31         3.0795        18.3838
    1164             4               34         3.1524        18.4155
    1165             3               25         3.1753        18.5068
    1166             3               31         2.8678        18.5853
    1167             1               21         2.8344        18.2470
    1168             2               27         3.2242        18.5077
    1169             2               28         2.9807        19.0603
    1170             3               22         2.9742        18.8150
    1171             3               23         2.9446        18.2650
    1172             3               23         2.7867        18.3832
    1173             1               33         2.9436        18.3610
    1174             3               12         3.0148        19.9120
    1175             2               21         2.9282        19.1565
    1176             3               30         2.7916        18.2097
    1177             1               34         2.9867        18.2593
    1178             2               22         2.8425        18.6217
    1179             1               31         2.8078        18.1809
    1180             1               30         2.8876        18.2395
    1181             1               31         2.8691        19.0474
    1182             2               29         3.2357        18.7996
    1183             4               27         3.0674        18.8680
    1184             1               23         3.0486        18.4352
    1185             1               10         3.3294        19.5190
    1186             4               22         3.3623        18.6920
    1187             4               26         2.9594        17.4690
    1188             2               18         3.1926        17.8572
    1189             0               14         3.1447        17.9292
    1190             0               10         3.3709        18.8048
    1191             0               20         3.4575        18.4165
    1192             2               28         3.1115        19.0579
    1193             3               17         3.4538        18.5888
    1194             3               31         3.1259        17.9214
    1195             2               15         3.6128        17.8862
    1196             0               14         3.2156        17.5781
    1197             1               33         2.9114        16.5600
    1198             3               32         2.8993        16.6481
    1199             2               25         3.1155        16.6880
    1200             3               30         3.1120        16.5599
    1201             1               21         2.9178        16.8049
    1202             0               24         3.4354        17.2727
    1203             2               25         3.0971        16.8625
    1204             3               18         3.1165        17.9454
    1205             3               28         3.2988        16.9771
    1206             4               31         3.1622        18.1131
    1207             0               12         3.0376        17.2595
    1208             0               14         3.2452        17.5137
    1209             2               18         2.8142        17.6601
    1210             1               22         3.0576        17.3734
    1211             2               27         3.2358        18.8544
    1212             3               27         2.9557        16.8374
    1213             3               20         2.8692        16.7905
    1214             3               25         3.3404        16.8392
    1215             1               24         2.9335        16.1590
    1216             2               25         3.0638        17.9385
    1217             1               19         3.2611        16.0252
    1218             1               19         3.1050        16.8686
    1219             1               22         3.2806        16.7617
    1220             3               14         3.5862        17.6284
    1221             3               23         3.5322        17.4242
    1222             4               32         3.1305        18.0980
    1223             0               25         3.1488        17.0494
    1224             2               25         3.0667        17.6456
    1225             0               22         3.2119        17.1322
    1226             3               27         3.0371        17.0281
    1227             0               13         3.2962        17.3203
    1228             3               20         3.2209        17.8511
    1229             3               28         3.2890        18.1707
    1230             4               24         3.1560        18.1286
    1231             0               11         3.4828        18.4209
    1232             0               16         3.6281        18.0837
    1233             0               15         3.3302        18.5159
    1234             1               33         3.4000        18.2534
    1235             2               21         3.1493        17.7277
    1236             2               18         3.2534        17.4979
    1237             1               24         3.3648        17.2334
    1238             2               26         3.0919        18.1623
    1239             4               23         3.2142        17.6646
    1240             1               42         3.1078        16.7944
    1241             3               35         2.9086        17.4864
    1242             0               24         3.0237        17.6851
    1243             5               29         3.0348        17.6911
    1244             4               31         2.8535        17.4648
    1245             2               24         3.2658        17.2514
    1246             0               19         3.1069        17.2636
    1247             0               19         3.3675        17.7992
    1248             0               20         3.4908        17.6217
    1249             3               23         3.0908        17.5780
    1250             0               18         3.0272        17.4919
    1251             1               18         3.1426        17.1162
    1252             4               29         3.1637        17.9714
    1253             2               17         3.3118        17.6973
    1254             0               13         3.4099        18.2829
    1255             2               18         3.4493        18.6829
    1256             0               18         3.1662        18.3155
    1257             3               22         3.4423        18.1515
    1258             3               23         2.9485        18.8580
    1259             1               14         3.3033        18.2096
    1260             0                8         3.2905        18.4008
    1261             2               31         3.1176        18.2703
    1262             4               30         3.2836        18.3540
    1263             0               25         3.2900        18.9867
    1264             4               21         3.1893        19.0056
    1265             0               11         3.5356        19.4655
    1266             2               20         3.0899        18.9542
    1267             0               21         3.1896        19.8323
    1268             0               12         3.2971        19.1095
    1269             0               17         3.1108        18.7460
    1270             0               16         3.3048        19.0804
    1271             0               16         3.3531        18.9885
    1272             0               18         3.4743        19.3174
    1273             3               14         3.6048        18.0363
    1274             2               23         2.8960        17.6597
    1275             3               15         3.1140        17.8620
    1276             3               34         2.9923        17.4389
    1277             2               21         3.0993        18.6152
    1278             1               19         3.4696        17.7549
    1279             1               21         3.2878        17.9304
    1280             0               21         3.0131        17.5612
    1281             3               28         2.9718        18.7267
    1282             3               23         3.3080        18.1785
    1283             2               15         3.2976        17.8395
    1284             3               20         3.2939        17.6065
    1285             0               19         3.2609        18.2082
    1286             0               10         3.3994        17.0461
    1287             0               22         3.3239        16.9291
    1288             3               27         3.1738        16.8072
    1289             3               31         3.0399        16.5255
    1290             3               24         3.0763        17.1440
    1291             1               24         2.9029        16.2669
    1292             1               30         3.0195        16.0142
    1293             1               21         3.1240        16.5173
    1294             0               15         3.3904        16.7868
    1295             1               20         3.0344        15.3943
    1296             1               13         3.0064        16.6519
    1297             3               27         2.8514        17.0498
    1298             1               21         3.4082        17.0024
    1299             0                9         3.1966        17.8503
    1300             1               26         3.1184        18.0305
    1301             2               24         2.8373        19.0375
    1302             3               15         3.2736        18.4369
    1303             1               19         3.2219        17.8442
    1304             1               29         3.2595        17.1000
    1305             3               30         3.2021        16.6676
    1306             3               32         2.8353        17.0178
    1307             4               27         3.0041        16.3614
    1308             3               30         3.1295        16.6838
    1309             3               23         3.0659        16.9308
    1310             3               21         3.3678        16.9797
    1311             1               17         3.5071        16.7534
    1312             3               24         2.9625        16.9874
    1313             1               27         2.7589        15.5632
    1314             1               25         2.9622        15.4108
    1315             0               13         3.4250        16.0521
    1316             1               28         2.9776        16.2543
    1317             1               25         3.0133        16.3083
    1318             1               40         2.9624        17.0489
    1319             2               23         3.1003        16.5072
    1320             2               27         3.0842        16.5725
    1321             1               20         2.9418        15.8955
    1322             2               31         2.9378        16.0121
    1323             1               28         3.0783        16.0377
    1324             2               23         3.1005        15.5832
    1325             1               26         3.1449        15.9036
    1326             1               22         3.2794        16.0749
    1327             2               25         2.9823        15.2573
    1328             3               21         2.8137        16.1059
    1329             3               20         3.0891        16.1540
    1330             1               34         3.0848        16.2113
    1331             2               17         2.7789        16.3844
    1332             3               25         2.9607        15.5995
    1333             3               29         2.8916        15.8596
    1334             1               20         3.1959        16.9734
    1335             2               26         2.8019        17.5537
    1336             2               23         3.0401        16.6722
    1337             2               17         2.8494        17.2520
    1338             2               31         2.8491        16.9982
    1339             2               25         3.0663        16.7087
    1340             1               19         3.3054        16.1071
    1341             1               26         2.9442        15.6720
    1342             0               20         3.1221        15.6397
    1343             1               23         2.8449        15.9456
    1344             2               31         3.1753        15.4996
    1345             2               22         2.9628        15.6090
    1346             3               25         2.9253        15.2116
    1347             2               12         3.1760        15.3017
    1348             3               27         2.8927        16.0198
    1349             2               18         3.0380        15.7297
    1350             2               17         3.1754        16.5642
    1351             2               22         3.1391        16.7070
    1352             2               21         3.0130        16.7784
    1353             3               16         2.9548        16.4085
    1354             3               20         2.7480        15.8614
    1355             1               20         2.9940        16.5105
    1356             0               14         3.3451        18.7909
    1357             1               25         2.8723        17.1257
    1358             1               26         2.8203        16.3872
    1359             3               32         3.0479        17.1438
    1360             3               30         3.3112        17.8307
    1361             0               27         3.1212        17.3698
    1362             3               25         2.8589        16.6180
    1363             3               25         3.2951        17.3345
    1364             1               22         3.1407        15.9978
    1365             2               23         2.7801        16.5572
    1366             3               35         2.6924        16.8735
    1367             3               30         2.9497        17.1052
    1368             2               21         3.0265        17.0406
    1369             0                5         3.2852        18.1419
    1370             2               31         3.2692        16.5676
    1371             3               24         3.0703        16.6710
    1372             0               24         3.3660        19.4993
    1373             0               27         3.2700        18.5630
    1374             0                6         3.4278        18.9382
    1375             0               12         3.5518        17.0237
    1376             2               20         3.1559        17.4250
    1377             3               34         2.9967        17.2149
    1378             3               21         3.2118        17.2681
    1379             3               24         3.0579        17.3775
    1380             2               22         3.2342        17.5296
    1381             3               26         2.9654        16.4756
    1382             3               30         3.0893        16.6280
    1383             3               33         3.0982        16.5297
    1384             3               27         2.8111        17.4081
    1385             1               22         3.2540        16.5364
    1386             1               36         3.0177        16.8640
    1387             1               33         3.1268        16.8435
    1388             3               27         3.1380        16.4552
    1389             3               25         3.0617        16.7619
    1390             3               28         3.0135        16.8286
    1391             3               15         3.2971        17.3213
    1392             0               21         2.9114        16.1684
    1393             0               18         3.1134        17.5172
    1394             3               34         2.8941        16.4584
    1395             2               31         3.2510        18.1539
    1396             1               20         3.2582        17.6242
    1397             1               30         2.9534        17.3972
    1398             2               29         2.8645        17.2563
    1399             1               28         2.9827        17.4761
    1400             1               27         2.8701        17.2940
    1401             1               33         2.8556        16.7913
    1402             3               32         2.9120        17.6811
    1403             3               33         3.1078        17.9118
    1404             0               19         3.1099        18.1747
    1405             1               17         2.9019        17.5864
    1406             1               33         2.8065        15.9066
    1407             2               20         2.9138        16.8532
    1408             3               22         2.7433        17.4828
    1409             2               34         2.9134        16.9505
    1410             3               24         3.1023        17.6209
    1411             1               25         3.0589        16.9613
    1412             1               35         3.0249        16.0368
    1413             1               15         3.0688        17.2289
    1414             2               27         3.2753        17.0924
    1415             1               37         2.9622        16.6741
    1416             3               41         2.8152        16.4903
    1417             1               27         2.7794        16.6046
    1418             5               30         2.9921        17.6682
    1419             3               32         2.8295        16.7385
    1420             2               25         2.9323        15.9449
    1421             1               28         3.2084        16.8958
    1422             3               25         3.1892        18.6473
    1423             3               26         3.0193        17.3590
    1424             3               27         3.0252        16.6350
    1425             3               30         2.7588        16.9746
    1426             3               29         3.0989        17.8718
    1427             1               23         3.1406        17.4839
    1428             2               32         2.8879        16.7472
    1429             1               21         3.1977        15.9232
    1430             3               30         2.9560        17.6579
    1431             0               21         3.1751        16.8208
    1432             2               23         3.2882        17.9081
    1433             3               15         3.3183        18.5053
    1434             2               21         3.0833        17.9596
    1435             3               21         3.3007        18.8229
    1436             3               24         2.9815        18.1899
    1437             2               17         3.3972        17.1210
    1438             2               22         3.0666        17.2013
    1439             3               23         3.2639        17.3428
    1440             3               20         2.9797        16.9604
    1441             3               25         3.1555        17.4200
    1442             0               23         3.2502        16.5249
    1443             4               20         3.4007        17.8183
    1444             3               26         3.3551        18.4064
    1445             2               13         3.4615        17.9251
    1446             1               14         3.5626        18.4458
    1447             1                9         3.5221        17.7479
    1448             3               15         3.4501        17.9372
    1449             0               15         3.3908        17.6066
    1450             1               19         3.1044        16.2994
    1451             1               20         2.9131        16.4306
    1452             4               36         2.8376        16.9030
    1453             3               26         3.1780        17.6130
    1454             3               17         3.0942        16.8674
    1455             4               19         3.2788        17.3582
    1456             2               22         2.8507        17.5077
    1457             1               29         2.9644        16.8856
    1458             1               21         3.0813        16.2053
    1459             1               21         3.0927        16.4097
    1460             1               21         3.2443        16.3988
    1461             1               23         3.0457        15.2022
    1462             1               28         2.9851        16.2527
    1463             1               29         2.9720        16.7309
    1464             1               25         2.8726        15.3933
    1465             1               22         2.8924        16.2643
    1466             1               22         2.9026        16.9679
    1467             1               27         3.1699        16.5154
    1468             2               19         3.4069        16.0298
    1469             2               20         2.9580        16.1935
    1470             2               17         2.9620        16.2359
    1471             1               10         3.3772        17.0595
    1472             1               21         2.9820        16.6171
    1473             1               19         3.0151        17.0948
    1474             3               17         3.1648        16.9799
    1475             3               22         3.0691        17.4931
    1476             2               25         2.9092        17.0684
    1477             1               21         3.2445        17.5784
    1478             3               27         2.8828        17.2572
    1479             3               32         2.9339        17.2886
    1480             1               25         3.0636        17.2325
    1481             1               20         3.0258        17.7127
    1482             1               16         3.2153        17.5063
    1483             1               22         3.0084        17.7313
    1484             1               27         3.0584        17.9594
    1485             2               22         3.1329        17.6874
    1486             3               25         3.1031        18.3355
    1487             1               17         3.2080        18.1612
    1488             2               21         2.8698        17.2091
    1489             1               22         3.1757        17.5407
    1490             3               27         3.0059        17.5504
    1491             4               27         3.1506        18.7408
    1492             1               20         3.3448        17.2663
    1493             2               29         2.9520        17.8512
    1494             2               28         2.9874        17.5877
    1495             1               38         2.8975        17.5150
    1496             0               18         3.2381        17.6725
    1497             3               27         2.9877        18.1710
    1498             2               29         3.0069        18.4589
    1499             1               24         3.1905        18.9826
    1500             2               18         3.4332        18.4325
    1501             3               28         3.3732        19.9085
    1502             0               23         3.1082        18.1437
    1503             3               28         3.0748        18.3561
    1504             3               21         3.0035        18.4902
    1505             3               29         2.9170        19.0943
    1506             3               24         2.9259        17.6161
    1507             1               43         2.9942        17.8104
    1508             1               29         3.0000        18.4605
    1509             1               29         2.8340        18.1383
    1510             3               33         3.0256        16.8196
    1511             3               32         2.7309        17.6046
    1512             1               32         2.8391        16.5201
    1513             1               14         3.3269        16.9067
    1514             1               20         3.1074        16.6426
    1515             3               24         2.9989        16.1858
    1516             1               37         2.9872        17.2593
    1517             3               26         2.8652        17.2311
    1518             3               21         2.8388        17.4865
    1519             3               18         3.1905        17.6711
    1520             4               24         3.2135        18.1106
    1521             3               25         3.3730        18.1864
    1522             1               20         2.9436        16.9931
    1523             0               26         3.0231        16.7467
    1524             1               17         3.0640        16.7370
    1525             1               29         2.8775        17.0629
    1526             3               22         3.1363        16.2802
    1527             3               31         2.8943        16.5152
    1528             1               18         3.0365        17.5716
    1529             3               23         3.3629        17.1091
    1530             4               26         3.1348        17.7775
    1531             2               20         3.2747        18.5422
    1532             0               19         3.0868        17.4737
    1533             0               14         3.1180        18.8398
    1534             0               17         3.1726        19.1253
    1535             0               25         3.1718        18.6728
    1536             0               12         3.1103        18.2867
    1537             2               27         3.0508        17.7413
    1538             0               16         3.0344        19.0406
    1539             0               12         3.2777        19.6072
    1540             3               22         2.9950        18.4125
    1541             3               21         3.2212        18.7449
    1542             2               19         3.2896        17.6551
    1543             3               28         2.9211        17.4986
    1544             2               29         2.7919        16.4352
    1545             3               16         3.1242        17.4694
    1546             1               35         2.8702        15.4378
    1547             2               31         2.8119        16.1473
    1548             1               34         3.0260        16.4594
    1549             1               12         3.3245        16.9457
    1550             4               40         2.9018        15.7671
    1551             1               18         3.2439        17.3890
    1552             1               27         2.9787        16.1512
    1553             3               22         3.2294        17.3231
    1554             1               26         3.1323        16.2020
    1555             1               30         2.8728        16.4822
    1556             2               29         2.9077        15.5595
    1557             1               23         3.0324        16.7451
    1558             1               24         2.8752        17.6089
    1559             1               22         2.8043        17.1023
    1560             3               28         3.0263        16.8206
    1561             1               31         3.0156        17.0220
    1562             1               24         3.0129        17.5796
    1563             1               18         2.9125        17.8501
    1564             3               27         3.2391        16.5358
    1565             2               24         3.2429        15.4873
    1566             1               21         3.0019        17.1611
    1567             1               25         3.1602        16.3998
    1568             1               30         3.0989        16.4682
    1569             3               21         2.8273        17.3564
    1570             3               16         3.0545        17.7686
    1571             3               20         2.9446        17.7752
    1572             3               23         2.9692        17.3803
    1573             3               21         2.9200        17.1858
    1574             4               40         2.9374        17.5018
    1575             1               26         2.7485        17.4529
    1576             1               28         2.9730        17.5174
    1577             1               25         3.0301        17.3670
    1578             3               22         2.9960        17.7160
    1579             1               28         3.1155        17.1522
    1580             1               21         3.1948        17.0640
    1581             1               23         3.1215        17.6988
    1582             1               25         3.0706        17.1905
    1583             3               22         3.2901        17.5609
    1584             3               36         3.2433        18.2876
    1585             1               12         3.2474        17.4846
    1586             1               21         3.2804        17.9050
    1587             1               26         3.0474        17.7427
    1588             3               28         3.1218        18.8026
    1589             3               28         3.1333        17.5531
    1590             3               30         3.2244        18.1732
    1591             2               22         3.0657        17.1115
    1592             3               31         3.0977        17.9962
    1593             2               23         3.1940        18.1841
    1594             3               24         3.1349        18.3355
    1595             3               32         3.1604        17.9505
    1596             1               32         3.0560        17.8884
    1597             1               26         3.0096        16.7638
    1598             1               20         3.2124        16.4614
    1599             4               27         3.2284        16.3068
    1600             3               25         3.0961        17.0001
    1601             1               29         3.1756        17.4425
    1602             3               27         3.0759        17.0683
    1603             2               34         2.7872        17.3400
    1604             1               36         2.7586        16.3958
    1605             1               28         2.9397        17.0761
    1606             3               26         3.0982        17.8608
    1607             2               19         2.9820        17.4361
    1608             3               32         2.6284        18.0140
    1609             1               15         3.0331        17.7018
    1610             1               25         2.9932        17.1618
    1611             3               14         2.8575        17.6275
    1612             3               17         3.0554        18.3134
    1613             2               25         3.0060        18.0922
    1614             3               21         2.8651        17.9412
    1615             4               24         3.0402        17.8116
    1616             1               28         3.1839        17.2449
    1617             3               25         3.0511        17.1796
    1618             1               28         2.9601        17.1460
    1619             3               27         3.0721        17.5445
    1620             3               26         2.8905        16.4037
    1621             3               24         2.9582        17.0885
    1622             3               23         3.1942        17.1229
    1623             3               30         2.9121        18.4293
    1624             3               18         3.3717        16.9421
    1625             3               27         3.0337        16.8814
    1626             2               16         3.0902        16.9670
    1627             1               21         2.9933        17.0531
    1628             1               27         2.8193        17.5849
    1629             1               23         2.9793        17.0504
    1630             1               31         3.0272        17.7740
    1631             1               32         2.7950        17.5048
    1632             2               31         2.9919        17.0950
    1633             0               19         2.9511        16.1257
    1634             4               37         3.2165        16.9327
    1635             1               20         3.3686        18.0958
    1636             3               31         2.8548        17.9188
    1637             3               23         3.0335        17.5393
    1638             1               21         3.1151        17.7640
    1639             1               17         3.0471        17.5058
    1640             1               21         2.8497        17.5863
    1641             2               24         2.8495        17.4220
    1642             0               12         3.1506        17.8822
    1643             1               15         3.0285        17.6746
    1644             3               30         2.8130        18.8508
    1645             0               18         3.3032        19.4354
    1646             1               21         3.1105        17.9279
    1647             1               18         3.0776        18.5218
    1648             1               34         2.9788        18.9659
    1649             2               23         2.9851        18.3741
    1650             2               20         2.8849        17.3859
    1651             1               26         2.8957        16.2680
    1652             1               31         3.0170        17.3144
    1653             2               19         2.9432        16.7369
    1654             1               22         3.0105        16.9952
    1655             1               30         3.1251        16.8581
    1656             2               30         2.9000        16.7914
    1657             1               22         2.8468        16.8623
    1658             3               36         2.6861        16.9109
    1659             2               36         3.0345        16.9965
    1660             3               26         2.8781        17.9313
    1661             1               28         3.0002        17.1199
    1662             1               22         3.0506        17.1232
    1663             1               31         2.7443        16.9661
    1664             1               20         2.9008        17.1378
    1665             1               18         3.0537        17.5646
    1666             1               34         3.0749        16.9983
    1667             1               20         2.8166        16.6092
    1668             1               20         3.2332        16.7936
    1669             1               18         2.9795        16.2287
    1670             1               23         2.9808        16.8152
    1671             1               33         2.9386        16.5786
    1672             2               25         2.9594        17.5558
    1673             2               29         2.9190        18.3440
    1674             2               32         2.8334        18.0788
    1675             0               15         3.1947        17.8620
    1676             3               28         2.9301        18.7100
    1677             3               24         2.8993        18.8683
    1678             1               15         3.0021        17.1322
    1679             0               30         3.1613        16.5866
    1680             2               25         3.0900        16.4743
    1681             1               25         2.8279        16.9365
    1682             2               31         2.7996        16.2395
    1683             2               34         2.9391        16.4199
    1684             2               28         2.7603        16.9508
    1685             1               22         3.1292        15.9721
    1686             1               25         2.7776        16.1518
    1687             1               29         2.7995        16.4707
    1688             2               27         2.8900        17.5903
    1689             0               22         3.1391        17.6860
    1690             1               22         2.7436        15.6318
    1691             1               22         2.7199        15.7925
    1692             3               23         3.0615        16.4629
    1693             2               24         3.0020        16.8927
    1694             3               22         3.0189        17.1222
    1695             3               31         2.9228        16.7537
    1696             0               24         3.1220        16.6454
    1697             3               26         3.1986        18.3078
    1698             2               27         3.2022        17.9704
    1699             1               21         3.1316        17.9956
    1700             3               29         3.2324        17.6975
    1701             2               20         2.9897        19.0456
    1702             3               20         3.3440        19.3537
    1703             3               18         3.4014        20.3501
    1704             3               30         3.1455        19.2243
    1705             4               25         3.1925        19.3706
    1706             2               24         3.0637        19.6266
    1707             3               14         3.3570        19.8192
    1708             1               14         3.3800        19.3915
    1709             0               24         3.2830        19.3474
    1710             1               20         3.1711        18.8480
    1711             0               22         3.3626        19.3948
    1712             2               19         3.2446        19.7806
    1713             5               35         2.8995        19.5443
    1714             0               12         3.3627        19.3621
    1715             2               19         3.4195        19.5947
    1716             2               15         3.3278        18.6119
    1717             3               11         3.5467        18.3586
    1718             3               18         3.2594        17.7046
    1719             3               33         3.0503        18.7929
    1720             3               19         3.2414        19.4331
    1721             0               23         2.8444        19.3061
    1722             1               16         3.2177        19.5934
    1723             3               21         3.0678        20.6769
    1724             5               26         2.9799        19.1001
    1725             3               23         2.9052        20.6247
    1726             3               23         2.9498        21.3318
    1727             0               18         3.4726        20.2827
    1728             3               23         3.2667        19.4168
    1729             1               16         3.4279        18.5628
    1730             0               19         3.1330        18.4284
    1731             5               27         3.1238        19.8234
    1732             4               31         3.1410        19.5254
    1733             3               21         3.3791        18.8573
    1734             3               24         3.3186        19.5302
    1735             1               14         3.5520        20.3947
    1736             2               19         3.3162        19.4120
    1737             0               19         3.0512        19.4117
    1738             2               23         2.9997        18.8661
    1739             1               21         3.3796        19.3705
    1740             2               20         3.1345        18.5879
    1741             1               10         3.3736        17.5166
    1742             3               25         2.9265        18.8224
    1743             1               17         3.1595        19.7691
    1744             2               15         3.2182        19.2042
    1745             0               13         3.5025        19.2599
    1746             0               25         3.3746        19.6730
    1747             2               20         3.3716        19.5177
    1748             2               26         3.2545        19.4193
    1749             3               23         3.2816        19.5671
    1750             0               24         3.0379        19.0673
    1751             4               33         3.1203        19.4771
    1752             1               19         3.3560        18.5936
    1753             0               10         3.4590        19.4623
    1754             2               26         3.4008        19.2129
    1755             3               26         3.3253        19.0110
    1756             0               19         3.4942        18.9121
    1757             2               19         3.2717        19.5279
    1758             4               23         3.2394        18.8491
    1759             2               23         3.2669        18.8704
    1760             5               31         3.0636        19.2250
    1761             2               22         3.0968        19.0428
    1762             1               20         3.2861        19.5486
    1763             0               12         3.5620        19.2225
    1764             1               21         2.9197        19.4058
    1765             0                8         3.5864        19.9219
    1766             1                9         3.3508        20.0769
    1767             0               12         3.1109        19.3922
    1768             0               16         3.3628        19.2445
    1769             2               13         3.3822        19.7388
    1770             2               20         3.4294        18.9404
    1771             1               14         3.0230        18.6720
    1772             3               23         3.2625        18.3387
    1773             4               30         3.0450        18.7493
    1774             2               16         3.3926        19.6014
    1775             1               19         3.1551        18.7427
    1776             3               28         3.1783        19.3579
    1777             3               31         2.9352        19.6732
    1778             4               32         3.0435        19.9960
    1779             1               26         3.4417        20.6079
    1780             2               14         3.2114        19.6935
    1781             4               32         3.1023        19.6700
    1782             4               25         3.1797        20.3852
    1783             2               21         3.4439        20.1669
    1784             0               24         3.4760        19.0786
    1785             4               24         2.9679        19.5159
    1786             0               16         3.1553        19.4350
    1787             4               31         3.1147        19.2105
    1788             0               24         3.1297        18.6089
    1789             3               21         3.3760        19.9392
    1790             3               20         3.1244        19.4193
    1791             0               17         3.3614        18.6152
    1792             1               25         2.9325        18.7284
    1793             4               28         3.1066        19.6157
    1794             3               29         3.2576        19.3445
    1795             0               22         3.1030        19.2077
    1796             1               25         3.1892        19.2302
    1797             3               24         3.0626        19.4655
    1798             2               17         3.2749        18.1577
    1799             0               12         3.6386        18.5044
    1800             2               17         3.3186        17.9130
    1801             3               20         3.0426        17.8774
    1802             3               30         3.1420        18.4315
    1803             1               11         3.2452        18.3788
    1804             2               21         2.9278        17.9506
    1805             1               23         2.8430        17.9336
    1806             2               24         2.9141        17.0345
    1807             1               12         2.9877        18.4073
    1808             1               27         3.0114        18.1683
    1809             1               30         3.0762        17.9073
    1810             3               36         2.7600        17.9574
    1811             3               22         2.9736        18.5322
    1812             1               26         2.8418        18.1953
    1813             0               26         2.9645        17.7632
    1814             3               23         2.9418        18.8902
    1815             1               26         3.0310        19.0523
    1816             1               25         2.8928        18.0243
    1817             1               20         2.9093        18.4525
    1818             3               34         2.8983        18.9837
    1819             1               18         2.9702        18.5532
    1820             3               24         3.1902        19.1854
    1821             0               27         2.9839        17.6134
    1822             1               35         3.0033        17.5488
    1823             1               28         2.9943        18.9315
    1824             1               27         2.8230        18.9407
    1825             1               19         2.8253        17.8068
    1826             1               28         2.8835        17.2029
    1827             2               23         3.0047        18.2216
    1828             0               16         3.1336        17.8926
    1829             1               31         2.8987        16.7251
    1830             2               36         3.0799        18.6106
    1831             0               15         3.0938        18.4946
    1832             1               23         2.9332        18.9965
    1833             0                9         3.2092        19.3857
    1834             0               31         2.9803        17.5879
    1835             1               19         3.1809        19.0342
    1836             0               19         3.1783        18.5570
    1837             0               19         3.2301        18.3383
    1838             1               23         2.6911        18.2917
    1839             1               33         3.0396        17.7479
    1840             0               25         3.1937        17.4355
    1841             2               32         2.7944        17.9107
    1842             3               28         2.7920        18.4162
    1843             1               18         3.0942        18.1352
    1844             0               12         3.1903        18.3046
    1845             1               24         2.9480        19.5251
    1846             2               27         3.1995        18.1706
    1847             0               31         3.0749        19.6760
    1848             0               20         3.1933        18.4160
    1849             0               17         3.1079        18.3113
    1850             0               16         3.2219        17.9616
    1851             1               26         3.1715        18.2645
    1852             1               32         2.8213        18.9418
    1853             1               23         2.8356        18.6659
    1854             0               26         3.0108        18.9413
    1855             1               31         2.7204        18.4182
    1856             1               18         3.0852        18.2792
    1857             1               40         2.8437        17.7575
    1858             2               22         2.8154        17.9186
    1859             1               19         3.2762        17.4067
    1860             2               31         2.9323        16.5411
    1861             2               33         3.0602        16.1340
    1862             1               17         3.1511        16.7623
    1863             1               20         3.1046        17.9248
    1864             1               19         3.1783        16.2539
    1865             2               31         3.2782        16.4602
    1866             1               33         2.8999        18.2856
    1867             0               24         3.3541        16.0339
    1868             0                9         3.4437        16.9067
    1869             1               26         3.0509        16.8326
    1870             2               25         3.1768        16.9135
    1871             1               16         2.9923        16.7991
    1872             2               31         2.9792        16.6872
    1873             0                9         3.1473        17.7508
    1874             2               23         2.9403        18.1830
    1875             2               19         3.0725        17.7489
    1876             3               20         3.0077        17.5080
    1877             0               26         3.2259        17.1036
    1878             1               32         3.1261        18.0078
    1879             0               23         3.1079        18.2020
    1880             1               26         2.9485        17.2504
    1881             1               19         3.0798        18.2499
    1882             1               23         3.2504        16.6066
    1883             0               18         2.9742        16.7104
    1884             1               27         3.0100        15.9893
    1885             0               29         3.1797        15.8935
    1886             2               23         3.0628        16.3134
    1887             0               17         3.2042        16.6738
    1888             1               27         2.8183        17.2069
    1889             1               23         3.0750        17.6574
    1890             1               25         2.9713        16.1794
    1891             0               21         3.3009        16.6363
    1892             1               23         3.1243        17.0958
    1893             1               23         3.3650        16.9435
    1894             1               20         2.9581        16.3606
    1895             1               24         3.1057        17.3159
    1896             0               19         3.1980        17.1911
    1897             1               20         3.1549        17.2008
    1898             0               17         3.3860        17.7664
    1899             1               18         3.0995        17.2749
    1900             0               19         3.1280        17.2415
    1901             1               27         2.8781        18.6374
    1902             1               26         3.1245        17.0212
    1903             0               15         3.0465        17.3769
    1904             1               27         3.0285        17.7157
    1905             0               29         3.2937        16.6371
    1906             1               19         2.9621        18.8322
    1907             0               20         3.2472        18.2553
    1908             2               19         3.0352        19.0101
    1909             3               27         2.8296        18.2717
    1910             3               29         2.8176        17.8080
    1911             2               26         2.8356        18.5471
    1912             1               27         3.1270        18.2702
    1913             1               25         2.9788        17.0240
    1914             0               22         3.1373        18.3493
    1915             0               28         3.0188        18.1021
    1916             1               35         2.8580        16.2517
    1917             1               30         3.1703        16.6841
    1918             1               22         3.3774        17.8727
    1919             0               26         3.1811        17.9676
    1920             0               24         3.2302        16.9829
    1921             2               39         2.9813        17.2233
    1922             1               30         2.9804        16.6297
    1923             1               36         2.9429        17.6590
    1924             3               33         3.0972        17.0302
    1925             3               26         2.9972        17.3134
    1926             3               28         2.9788        17.9599
    1927             3               31         3.0912        18.7320
    1928             2               32         2.9671        19.5599
    1929             3               30         3.0483        19.5895
    1930             3               28         2.8422        18.5399
    1931             1               30         2.9537        18.3243
    1932             2               33         2.9348        18.2539
    1933             3               34         2.8499        18.6877
    1934             2               23         2.7636        17.3178
    1935             1               41         2.8406        17.6651
    1936             2               27         2.7295        17.4611
    1937             2               15         3.0849        18.5711
    1938             3               21         3.1725        18.0617
    1939             2               26         2.8875        16.6383
    1940             1               27         3.0719        18.4712
    1941             1               19         3.1081        18.9761
    1942             1               27         3.1345        18.4794
    1943             3               18         2.9730        18.4908
    1944             2               33         2.7823        16.8148
    1945             1               23         2.7332        17.8113
    1946             3               32         2.8031        18.3049
    1947             1               24         2.9569        17.6734
    1948             3               23         3.0615        17.5516
    1949             3               29         3.0260        19.2175
    1950             1               19         3.4549        17.8485
    1951             3               29         3.0983        18.8041
    1952             1               31         3.0036        16.4499
    1953             3               31         2.7683        17.8917
    1954             2               35         2.9650        17.5356
    1955             3               20         2.8882        17.4966
    1956             3               30         3.0676        17.1984
    1957             1               19         3.3016        16.3203
    1958             3               30         3.1594        16.5640
    1959             0               26         3.0303        17.4283
    1960             3               26         3.2022        18.7308
    1961             3               28         3.1103        18.0136
    1962             2               26         2.9220        16.8184
    1963             2               28         3.0066        16.6995
    1964             3               30         3.0886        16.6394
    1965             3               23         2.8508        16.3950
    1966             1               23         3.1033        15.9707
    1967             0               13         3.1844        16.5610
    1968             2               31         2.8219        16.6125
    1969             3               32         2.8905        17.4481
    1970             3               24         3.1130        17.5456
    1971             0               26         2.9369        18.2635
    1972             3               34         3.0221        18.4029
    1973             3               34         3.0777        17.3867
    1974             3               29         3.0352        17.3536
    1975             3               24         3.3945        17.9242
    1976             3               35         2.9479        17.6803
    1977             1               23         3.0313        17.1879
    1978             3               35         2.6550        17.3227
    1979             3               34         2.8056        17.2859
    1980             3               33         2.5850        18.1146
    1981             3               22         2.7726        17.8811
    1982             1               21         2.7895        16.9354
    1983             3               24         2.9379        17.8165
    1984             3               25         2.9459        17.4555
    1985             2               27         3.4256        17.8141
    1986             0               26         3.0928        18.1455
    1987             1               26         2.8492        15.8984
    1988             2               33         2.8555        16.1980
    1989             2               26         2.9231        16.9660
    1990             2               24         3.1355        16.7972
    1991             3               12         3.2284        17.8240
    1992             4               33         2.9343        17.7301
    1993             3               23         3.2252        18.1310
    1994             3               37         2.8432        17.5812
    1995             3               28         3.2352        17.7161
    1996             3               18         2.9920        16.9246
    1997             3               26         2.9432        18.0477
    1998             3               23         3.3154        17.3948
    1999             2               26         3.0901        16.7263
    2000             2               21         3.1911        17.5355
    2001             1               15         3.0045        17.0090
    2002             1               32         2.8675        16.6620
    2003             1               12         3.3680        16.8964
    2004             3               29         2.7107        17.7766
    2005             3               23         2.7355        17.7982
    2006             1               16         3.1274        17.3398
    2007             1               20         3.0683        17.1711
    2008             1               32         2.8635        16.9746
    2009             1               20         3.0511        17.1650
    2010             1               12         2.8240        16.3930
    2011             1               27         2.8766        16.4729
    2012             1               33         2.9154        16.1430
    2013             2               27         3.0623        16.7570
    2014             2               19         3.2036        16.7168
    2015             1               16         3.4177        18.3010
    2016             1               20         3.0735        18.1037
    2017             1               21         2.9627        17.7534
    2018             1               29         2.7948        17.5242
    2019             2               18         2.9925        18.5217
    2020             0               20         3.0694        18.6829
    2021             1               26         3.0321        18.3486
    2022             1               26         3.2563        18.5512
    2023             0               20         3.0300        17.8314
    2024             0               12         3.2343        18.5212
    2025             3               24         2.9828        18.8412
    2026             1               25         3.1497        19.6923
    2027             0               13         3.0542        20.1392
    2028             0               12         3.3702        20.9044
    2029             0               30         3.2399        20.0144
    2030             4               16         3.2383        21.0826
    2031             3               16         2.9024        20.0093
    2032             4               18         3.1677        18.8931
    2033             1               13         3.2438        18.5998
    2034             4               22         3.1485        18.7149
    2035             2               20         3.2185        18.6063
    2036             3               23         3.3283        18.2339
    2037             3               27         3.2322        18.0451
    2038             1               18         3.2166        18.7288
    2039             2               16         3.2334        18.2549
    2040             3               13         3.1404        18.7623
    2041             2               16         3.1316        19.0425
    2042             1               22         3.1857        18.8002
    2043             1               20         3.1014        17.5954
    2044             3               30         3.0356        18.2597
    2045             1               23         3.0025        17.7193
    2046             1               16         3.1526        17.9694
    2047             0               13         3.0109        18.1454
    2048             2               27         2.9475        18.2002
    2049             2               23         2.8769        18.9353
    2050             1               29         3.2675        18.2322
    2051             3               25         2.7382        18.2122
    2052             1               29         2.8821        19.7199
    2053             1               16         3.1050        17.1293
    2054             3               21         2.8991        18.8483
    2055             3               22         3.1540        20.4734
    2056             2               27         3.0505        19.9833
    2057             3               23         3.0080        19.2642
    2058             3               25         3.1805        20.5440
    2059             3               25         2.9059        19.5393
    2060             4               26         3.1636        19.2379
    2061             2               24         3.1330        19.9410
    2062             4               24         3.0208        20.5855
    2063             2               19         3.1462        19.5349
    2064             3               31         3.1320        20.3750
    2065             2               32         3.2105        20.8329
    2066             0               21         3.3236        20.3980
    2067             0               13         3.5505        20.4578
    2068             0               19         3.2302        20.9376
    2069             3               22         3.3262        20.7882
    2070             4               20         3.1571        21.7822
    2071             3               28         3.1348        20.4936
    2072             2               18         3.0105        20.7336
    2073             4               31         3.0558        20.2318
    2074             3               35         3.1427        19.5002
    2075             2               21         3.1381        19.5231
    2076             3               24         3.3234        19.8062
    2077             0               22         3.3034        20.1484
    2078             1               19         3.0089        21.8663
    2079             0               22         3.3545        21.1557
    2080             0               13         3.3103        21.5028
    2081             2               21         3.1931        19.9316
    2082             3               33         2.9971        19.2100
    2083             3               15         3.0670        19.8277
    2084             1               27         3.0693        19.7707
    2085             1               18         3.1757        19.4964
    2086             4               27         3.4670        20.4340
    2087             2               10         3.3907        20.9467
    2088             0               12         3.1710        21.1483
    2089             3               20         3.0576        20.7149
    2090             3               29         3.1242        21.3709
    2091             2               32         3.2871        21.3021
    2092             4               28         3.0505        19.9279
    2093             0               14         3.5248        20.5980
    2094             2               20         3.1810        19.4330
    2095             3               31         3.2324        18.5290
    2096             1               23         3.1978        19.0386
    2097             4               21         3.2362        18.7741
    2098             4               26         3.2228        20.3026
    2099             3               21         3.5997        20.0394
    2100             0               21         3.2983        20.6304
    2101             1               22         3.2387        20.5179
    2102             0               23         2.9356        19.4108
    2103             3               30         3.0785        20.9893
    2104             4               26         2.9191        20.0323
    2105             0               18         3.4032        19.7188
    2106             0               20         3.4945        20.5699
    2107             1               32         2.8509        20.5656
    2108             0               17         2.9651        19.7277
    2109             0               19         3.5818        19.5392
    2110             2               26         3.2780        20.0104
    2111             1               22         2.8846        19.5213
    2112             0               11         3.0730        20.3663
    2113             2               23         3.2639        19.9758
    2114             0               12         3.5075        20.4313
    2115             5               26         3.2310        19.3227
    2116             2               19         3.0881        19.5151
    2117             1               22         3.3984        20.2553
    2118             5               29         3.0104        20.1403
    2119             0               16         3.2997        19.9587
    2120             0               21         3.3255        18.9507
    2121             0               19         3.1247        18.5019
    2122             0               12         3.3715        19.2277
    2123             2               29         3.3165        18.8265
    2124             2               27         3.0894        19.7824
    2125             0               28         3.3912        18.6150
    2126             3               31         3.0757        18.2850
    2127             1               34         3.2886        17.7106
    2128             1               35         3.0410        18.0480
    2129             1               20         3.1569        18.4665
    2130             2               35         3.0306        18.4598
    2131             0               24         3.3483        18.7559
    2132             1               18         2.9941        19.0388
    2133             1               15         3.0703        19.0323
    2134             1               31         3.1129        18.2481
    2135             3               34         2.8051        18.8097
    2136             1               26         3.1311        19.5081
    2137             2               28         2.9945        18.6785
    2138             1               25         2.9932        17.7231
    2139             1               30         2.8951        17.9322
    2140             2               21         3.0333        18.6340
    2141             1               24         3.0339        19.4576
    2142             2               23         3.2507        19.5632
    2143             4               20         3.2607        20.0014
    2144             3               25         3.1730        18.8494
    2145             3               26         3.2782        19.4218
    2146             3               29         3.1383        18.8443
    2147             1               32         3.2787        18.9916
    2148             3               34         3.0493        17.9301
    2149             4               24         3.0856        20.0381
    2150             3               22         3.2299        18.9550
    2151             4               30         3.0107        18.1727
    2152             3               33         3.0860        18.3869
    2153             4               31         3.2534        18.1115
    2154             2               25         3.1779        18.5891
    2155             2               25         3.1951        17.9431
    2156             3               30         3.2567        18.2271
    2157             2               19         3.1919        18.2174
    2158             3               32         2.9895        18.2174
    2159             4               34         3.1397        18.6183
    2160             0               22         3.3431        18.3150
    2161             1               23         3.2399        19.0452
    2162             4               33         2.9936        18.1538
    2163             4               34         3.1276        17.9514
    2164             4               28         3.0928        18.2876
    2165             2               26         2.9393        18.5033
    2166             3               19         3.2970        19.0297
    2167             0               13         3.4939        18.9665
    2168             0               15         3.0519        19.5756
    2169             3               24         3.0706        19.3573
    2170             0                8         3.5048        19.9466
    2171             2                9         3.4390        19.0853
    2172             0               16         3.5327        20.5961
    2173             0               18         3.3050        20.7458
    2174             0               15         3.4496        20.4366
    2175             0               17         3.6065        21.9291
    2176             0               24         3.1348        20.9782
    2177             0               16         3.7108        19.4909
    2178             0               22         3.4714        19.6343
    2179             1               21         3.1205        20.4020
    2180             2               16         3.4281        20.6857
    2181             1               16         3.5126        20.2127
    2182             0               23         3.1502        20.6863
    2183             0               16         3.3856        20.0614
    2184             0               16         3.2105        21.0103
    2185             0                3         3.7048        20.6010
    2186             0               10         3.4635        21.0067
    2187             0               17         2.9495        21.3485
    2188             0                7         3.4012        20.5829
    2189             0                9         3.6176        20.0125
    2190             0               16         3.2810        19.6120
    2191             0               10         3.3931        20.1489
    2192             0               10         3.2901        19.4895
    2193             0               13         3.4944        20.0447
    2194             0               17         3.4425        19.5868
    2195             0               16         3.3147        19.4697
    2196             0                8         3.1986        19.1946
    2197             0                9         3.4293        20.2918
    2198             0                9         3.5629        19.5972
    2199             0               11         3.3032        18.8153
    2200             2               25         3.1256        19.4727
    2201             0               18         3.0625        20.1166
    2202             0                7         3.7136        20.5589
    2203             0                5         3.4270        20.1310
    2204             0                1         3.8673        20.1462
    2205             0               10         3.2141        20.6628
    2206             0               11         3.3684        21.2578
    2207             0               12         3.2979        20.3565
    2208             0               10         3.2497        21.1032
    2209             0                8         3.4492        20.2193
    2210             0               17         3.2456        20.7898
    2211             0               13         3.2821        20.3569
    2212             0               18         3.1762        19.6612
    2213             0                9         3.4910        20.3407
    2214             0                3         3.5816        20.1134
    2215             0               11         3.6082        20.8405
    2216             0                5         3.5402        21.6955
    2217             0                2         3.8964        21.3597
    2218             0               11         3.3059        20.6760
    2219             0                9         3.3608        21.2771
    2220             0                6         3.4585        20.5570
    2221             0               11         3.2099        20.5175
    2222             0                6         3.4550        21.1849
    2223             0               10         3.6614        20.7738
    2224             0               10         3.2770        19.5292
    2225             0               21         3.3577        19.2107
    2226             0               13         3.3975        19.3834
    2227             0                9         3.4314        19.6730
    2228             0                9         3.3648        19.0366
    2229             0                8         3.5687        18.7842
    2230             0                4         3.5088        19.7572
    2231             0                6         3.5893        20.1579
    2232             1               12         3.6238        19.5423
    2233             1               27         3.2608        18.9027
    2234             1               10         3.4635        19.4474
    2235             2               22         3.1102        19.0040
    2236             2               12         3.1768        19.9022
    2237             1                9         3.0347        18.8953
    2238             1               11         3.2431        18.7642
    2239             1               18         3.3233        19.0039
    2240             3               23         3.0225        19.9110
    2241             0               23         3.1199        19.5956
    2242             3               24         3.0928        19.7846
    2243             3               14         3.3181        19.5472
    2244             2               27         3.1281        19.2738
    2245             2               22         3.3367        19.0802
    2246             4               24         3.3723        19.3635
    2247             3               28         3.1054        19.5475
    2248             4               20         3.1341        19.4830
    2249             0               19         3.3140        19.2693
    2250             2               25         3.4919        19.5957
    2251             3               28         3.1825        18.7000
    2252             3               32         2.8039        19.0860
    2253             3               25         3.1314        19.2481
    2254             4               41         2.9650        18.8108
    2255             3               24         3.2718        19.0631
    2256             4               30         2.9513        18.1915
    2257             4               20         3.1130        19.4866
    2258             1               25         3.4011        18.9775
    2259             2               26         2.9295        19.0580
    2260             2               26         3.1886        18.9404
    2261             3               24         3.2475        18.7241
    2262             3               24         3.2115        19.4869
    2263             3               33         2.8218        19.6631
    2264             4               29         3.0681        18.3091
    2265             0               21         3.0369        19.1010
    2266             4               29         3.1888        18.2725
    2267             2               19         3.2705        18.2265
    2268             3               20         3.0625        18.9533
    2269             1               39         3.2005        17.5313
    2270             0               35         3.2327        17.9638
    2271             1               27         3.2545        18.2480
    2272             3               24         3.0603        18.4041
    2273             2               26         3.0046        17.4267
    2274             3               42         3.1046        18.6485
    2275             3               37         3.0534        18.6725
    2276             2               29         3.2508        17.9892
    2277             1               36         3.0934        17.3743
    2278             0               28         3.3001        16.4597
    2279             0               22         3.1184        17.1739
    2280             1               26         3.1132        17.3316
    2281             2               31         2.8083        16.6190
    2282             0               25         3.1404        17.2955
    2283             1               31         2.9392        16.9299
    2284             1               32         3.0072        17.3604
    2285             3               30         3.0033        18.3699
    2286             3               23         3.0697        18.2428
    2287             2               33         3.0463        17.8643
    2288             4               40         2.9343        18.7799
    2289             3               28         3.1762        18.4278
    2290             1               26         3.1488        18.4089
    2291             0                7         3.3357        19.2284
    2292             1               26         3.2254        18.4075
    2293             3               25         3.1331        18.4859
    2294             0               23         3.4222        18.7618
    2295             1               25         2.9385        18.5540
    2296             1               24         3.0729        18.2915
    2297             0               15         3.3849        18.0875
    2298             0               18         3.0928        17.7954
    2299             3               28         3.0654        18.2136
    2300             0               12         3.4006        18.5889
    2301             3               32         3.0008        18.1050
    2302             3               43         2.9799        18.4864
    2303             3               21         3.2696        18.8321
    2304             4               34         3.2359        18.3877
    2305             2               31         3.1532        18.4845
    2306             2               19         3.4838        18.5231
    2307             3               37         3.0104        18.6682
    2308             1               17         3.3858        17.4959
    2309             1               37         2.9944        18.6647
    2310             3               20         2.9394        17.6734
    2311             2               21         2.7465        17.0744
    2312             1               33         2.8982        17.5362
    2313             3               28         3.0833        18.2888
    2314             3               31         3.1436        19.4441
    2315             2               21         3.2017        19.5817
    2316             3               20         3.0315        18.6695
    2317             3               24         3.2300        18.9523
    2318             0               35         2.9905        18.2242
    2319             3               36         3.2626        18.4718
    2320             3               28         3.2619        19.2114
    2321             3               29         2.9428        18.5518
    2322             1               33         3.0195        18.0649
    2323             1               29         3.0301        18.2898
    2324             1               31         2.8857        18.0364
    2325             2               35         2.8183        18.3858
    2326             0               16         3.4230        18.2411
    2327             1               41         3.0310        18.0191
    2328             1               21         3.2194        17.9060
    2329             1               23         3.0222        18.1190
    2330             1               23         3.1217        17.7278
    2331             1               30         2.7270        18.2368
    2332             1               37         2.9387        18.0314
    2333             1               18         3.3713        18.5467
    2334             0               31         3.2048        18.1600
    2335             1               43         2.9280        17.7568
    2336             2               37         3.0855        17.4714
    2337             3               38         3.0026        18.2056
    2338             1               31         3.3787        18.4019
    2339             3               45         3.0902        17.6133
    2340             3               37         2.7848        17.5834
    2341             3               40         2.9004        17.7327
    2342             3               26         3.2440        17.3256
    2343             2               15         3.4040        17.6797
    2344             3               28         3.0458        18.1641
    2345             3               28         3.0995        17.2580
    2346             1               30         3.0340        17.9877
    2347             3               34         3.0004        17.8549
    2348             1               22         3.0763        18.9716
    2349             0               37         3.1347        17.9128
    2350             1               36         2.9463        17.8436
    2351             1               45         2.9094        17.6601
    2352             1               27         3.0596        17.5845
    2353             1               15         3.0902        17.1698
    2354             1               32         2.9643        18.2201
    2355             3               40         3.0470        18.6244
    2356             1               37         2.7607        17.5721
    2357             1               33         2.9553        17.4722
    2358             1               27         3.1340        17.6669
    2359             1               33         2.9168        17.2256
    2360             2               26         3.1214        18.1312
    2361             1               22         2.9437        17.6100
    2362             1               34         3.3393        17.4643
    2363             1               27         3.3210        17.9084
    2364             1               44         2.9278        18.1491
    2365             1               36         2.8955        18.4360
    2366             1               42         3.0693        17.9155
    2367             1               37         3.0728        18.1793
    2368             2               46         2.9271        17.5507
    2369             2               40         2.8571        17.2130
    2370             1               34         3.2015        17.4588
    2371             1               53         2.9730        16.8073
    2372             2               33         2.8609        17.7664
    2373             1               37         3.0158        17.1509
    2374             1               44         2.9933        17.9612
    2375             1               41         2.9892        18.0210
    2376             1               44         2.7700        18.1960
    2377             1               53         2.9096        17.4553
    2378             2               51         3.0083        17.3061
    2379             1               41         3.1044        17.5682
    2380             1               44         3.0311        17.7381
    2381             1               38         2.7420        17.9133
    2382             0               41         3.0337        17.9215
    2383             3               42         3.1498        18.6386
    2384             1               54         2.9437        18.0568
    2385             1               42         2.8003        17.6758
    2386             1               41         2.8708        17.9677
    2387             1               38         2.8670        18.0488
    2388             1               43         3.0773        18.2360
    2389             1               47         2.8962        17.2774
    2390             0               44         3.1607        17.6220
    2391             2               31         3.0151        18.2098
    2392             2               32         2.9140        17.8698
    2393             0               40         3.2717        18.2673
    2394             1               49         2.9831        17.7310
    2395             1               43         3.0538        17.2131
    2396             1               31         2.8446        17.7941
    2397             0               37         3.2594        17.6620
    2398             3               31         2.9438        17.9791
    2399             1               40         2.9668        17.7054
    2400             1               36         3.0291        17.3552
    2401             1               42         2.9678        17.0711
    2402             1               47         2.9780        17.5303
    2403             0               42         3.0276        17.9572
    2404             3               36         3.2090        17.8108
    2405             3               26         2.8825        17.0918
    2406             3               44         2.9676        17.4905
    2407             0               33         3.1680        17.0687
    2408             1               33         3.1600        17.3714
    2409             2               30         3.0594        18.0195
    2410             1               44         2.9293        17.6795
    2411             1               44         3.0532        17.6216
    2412             1               42         2.9368        17.7046
    2413             1               38         3.0813        17.7734
    2414             3               38         3.1834        17.7222
    2415             3               32         2.9936        17.5817
    2416             3               47         2.9024        17.8480
    2417             0               30         3.2739        17.6930
    2418             1               28         3.1335        17.7102
    2419             2               37         3.2076        18.6153
    2420             3               35         2.9996        17.8555
    2421             1               30         3.3118        17.8113
    2422             1               28         2.9850        17.3726
    2423             1               33         3.0178        17.6088
    2424             2               33         3.0088        17.4886
    2425             3               27         3.1477        18.0143
    2426             3               30         3.0528        17.6264
    2427             2               24         3.2802        18.6552
    2428             1               19         3.2428        17.9461
    2429             3               30         3.2953        18.9300
    2430             0               30         3.3698        17.9571
    2431             3               27         3.0935        18.3378
    2432             1               28         2.9518        17.2863
    2433             1               22         2.8134        17.2367
    2434             3               21         3.0873        17.5170
    2435             1               19         2.8156        17.2351
    2436             3               31         2.8164        17.2079
    2437             0               27         3.1423        17.5050
    2438             2               19         3.2463        18.6759
    2439             3               44         2.9562        17.4228
    2440             2               22         3.1314        17.6823
    2441             2               25         3.2440        18.3788
    2442             3               22         3.1891        18.3164
    2443             3               25         3.2933        19.4655
    2444             3               31         2.9400        18.8533
    2445             3               35         2.9621        19.1723
    2446             3               37         3.1738        18.5692
    2447             2               14         3.4052        19.0654
    2448             2               34         3.0907        19.5410
    2449             2               21         3.2714        18.7204
    2450             3               27         3.1765        18.4075
    2451             3               37         3.0910        18.4842
    2452             2               23         3.1379        18.9144
    2453             2               23         3.1882        18.7804
    2454             2               29         3.0694        19.2470
    2455             4               34         2.9580        18.7207
    2456             2               27         3.1015        18.6459
    2457             2               31         3.1857        19.2128
    2458             4               30         2.9354        19.0087
    2459             4               28         2.9203        18.8890
    2460             5               35         2.9290        18.7001
    2461             2               16         3.3070        18.7884
    2462             4               32         3.0953        18.9563
    2463             3               26         3.0837        19.3806
    2464             2               30         3.3184        19.2383
    2465             4               25         3.0815        19.2207
    2466             3               31         2.7314        19.7762
    2467             4               29         2.9191        19.3913
    2468             2               22         3.2571        19.1041
    2469             3               22         3.3306        19.0844
    2470             0               18         3.1312        19.4377
    2471             2               19         3.6713        19.1513
    2472             3               33         3.2901        19.2282
    2473             1               15         3.5159        19.8855
    2474             3               30         3.2048        19.0635
    2475             2               18         3.3620        20.0302
    2476             3               18         3.2142        18.8488
    2477             0               23         3.2334        18.7618
    2478             2               31         3.0089        18.5695
    2479             5               29         3.1584        18.7590
    2480             1               11         3.2838        19.0523
    2481             4               28         3.2278        18.2489
    2482             4               20         3.0558        19.1427
    2483             2               20         3.4005        19.4421
    2484             3               21         3.2843        19.3581
    2485             3               24         3.3433        19.4356
    2486             2               31         3.0714        19.1329
    2487             4               27         2.9624        19.1350
    2488             1               20         3.2956        18.9078
    2489             4               30         3.2454        19.9063
    2490             1               19         3.2078        20.0421
    2491             0               25         3.0005        18.7087
    2492             0               21         2.9030        19.7594
    2493             0               13         3.2180        19.7549
    2494             0               21         3.1867        20.0680
    2495             0               33         2.9534        19.4484
    2496             1               28         3.1103        18.9575
    2497             3               33         3.4702        18.8679
    2498             2               26         3.3566        18.5971
    2499             2               45         2.8298        17.9656
    2500             2               38         2.8508        18.3091
    2501             3               31         3.2690        18.7530
    2502             1               33         3.0482        17.6458
    2503             2               34         2.9347        17.4463
    2504             3               35         2.9456        17.6923
    2505             1               27         3.0708        17.7693
    2506             1               37         3.2352        17.8570
    2507             1               39         3.0119        17.3200
    2508             2               22         2.9992        18.4094
    2509             3               26         2.8036        17.5840
    2510             1               24         3.1037        18.3576
    2511             3               33         3.2613        18.6827
    2512             1               28         2.9564        17.5890
    2513             2               24         3.3916        18.4401
    2514             3               22         3.1046        17.7973
    2515             3               31         2.8737        18.1865
    2516             3               36         2.8759        17.7785
    2517             2               21         3.1071        17.9662
    2518             1               18         2.9205        17.4343
    2519             2               40         2.9513        17.5617
    2520             3               31         2.9218        18.0754
    2521             1               30         2.8653        17.5722
    2522             1               38         2.9544        17.4052
    2523             1               44         3.0032        17.3345
    2524             0               24         2.8908        17.6088
    2525             0               37         2.7863        17.7044
    2526             1               43         2.8356        17.8820
    2527             1               36         2.8195        18.1707
    2528             1               26         3.0554        18.3664
    2529             0               33         3.1716        17.2173
    2530             1               41         3.0804        17.0011
    2531             2               43         2.8084        17.6348
    2532             3               36         2.8005        18.0039
    2533             1               35         3.0857        17.8679
    2534             1               36         3.0273        17.2208
    2535             1               36         2.7492        17.6941
    2536             1               43         2.9817        17.5243
    2537             0               19         3.3420        17.8319
    2538             0               32         3.1442        17.4822
    2539             0               40         3.1372        17.0607
    2540             2               38         3.0119        17.2632
    2541             1               26         3.1099        17.6397
    2542             1               23         3.1392        17.8878
    2543             1               41         3.1957        17.0299
    2544             0               44         3.0059        17.6911
    2545             0               32         3.0608        17.9818
    2546             1               36         3.0809        18.0171
    2547             3               35         2.8500        18.1788
    2548             2               41         2.9855        17.8898
    2549             2               48         2.9112        16.5918
    2550             1               28         3.1763        16.7404
    2551             1               35         2.9909        16.9404
    2552             3               31         3.0432        17.6016
    2553             3               32         3.0260        18.1808
    2554             3               42         3.1245        17.7587
    2555             3               32         2.9967        18.4777
    2556             0               21         3.3007        19.0118
    2557             3               27         3.2751        18.2593
    2558             2               30         3.2538        18.6810
    2559             3               36         3.2156        17.8259
    2560             2               45         3.0624        17.9858
    2561             3               38         3.1058        18.2982
    2562             0               30         3.2006        17.9669
    2563             0               24         3.2547        18.7161
    2564             1               32         2.9188        17.9781
    2565             1               39         3.0442        17.4318
    2566             1               27         2.9199        17.6333
    2567             1               28         3.0166        17.8896
    2568             2               33         3.0322        18.0924
    2569             3               30         2.9534        18.6988
    2570             0               20         3.1286        18.6944
    2571             0               18         3.3897        19.2472
    2572             3               27         3.1918        19.2837
    2573             0               26         3.2917        18.6579
    2574             2               30         2.9114        18.4958
    2575             1               32         2.7506        17.9718
    2576             1               36         2.9187        18.0228
    2577             1               29         3.2294        18.3254
    2578             1               42         3.0648        17.8846
    2579             1               39         3.0834        17.3918
    2580             2               29         2.9426        17.1912
    2581             1               28         2.8854        17.7751
    2582             0               34         2.9459        18.3076
    2583             1               30         3.1357        18.4556
    2584             0               34         3.2179        17.8036
    2585             1               24         2.8172        18.1746
    2586             0               25         3.1426        18.1880
    2587             1               30         2.9492        18.1610
    2588             1               26         2.9565        18.0529
    2589             2               41         2.8949        17.4551
    2590             3               39         3.0205        17.1878
    2591             1               27         3.0627        18.1675
    2592             1               27         3.0213        18.1558
    2593             1               36         3.0424        17.7054
    2594             0               38         3.0234        17.9199
    2595             3               30         3.0262        18.6259
    2596             3               39         3.0058        19.0392
    2597             2               23         3.1477        18.3127
    2598             2               29         3.1139        17.8778
    2599             3               27         2.9912        17.9397
    2600             1               27         3.2702        17.7569
    2601             3               35         3.1139        17.9782
    2602             3               27         2.9602        17.5736
    2603             4               33         3.1851        17.7498
    2604             3               25         3.0985        17.9080
    2605             2               28         3.2821        19.0067
    2606             2               31         3.3370        18.3462
    2607             2               35         3.2167        18.1667
    2608             2               37         2.8136        16.8249
    2609             3               31         2.7368        17.8911
    2610             2               40         3.2129        18.4372
    2611             2               28         3.1578        18.0410
    2612             4               30         2.8540        18.0820
    2613             1               21         3.3095        17.4857
    2614             0               32         3.1516        16.8298
    2615             2               33         2.8386        17.4010
    2616             1               34         2.9187        17.0367
    2617             3               33         2.9355        16.4973
    2618             1               32         2.9048        16.9743
    2619             0               26         3.0202        17.4614
    2620             1               25         3.5170        17.9083
    2621             3               32         3.2899        17.5062
    2622             1               35         3.2579        17.9190
    2623             0               35         3.1083        18.0290
    2624             3               31         3.0529        17.8286
    2625             1               34         3.0501        17.9796
    2626             1               40         2.9849        17.7043
    2627             0               15         3.1224        18.7424
    2628             1               28         3.3390        18.5935
    2629             0               13         3.1773        18.3770
    2630             3               29         2.9852        17.8296
    2631             0               21         3.4161        18.5598
    2632             1               33         2.9168        17.8967
    2633             3               36         2.9890        18.2973
    2634             0               22         3.4292        18.9228
    2635             1               36         3.1866        17.6788
    2636             1               38         3.0322        17.5686
    2637             0               30         3.0184        17.2647
    2638             2               39         2.9912        17.7713
    2639             1               37         2.9056        17.6110
    2640             3               33         2.9785        18.0955
    2641             3               36         3.0723        18.1227
    2642             2               35         2.8200        17.6158
    2643             2               24         3.5375        18.1635
    2644             3               29         3.2879        17.7859
    2645             4               37         3.1025        18.0537
    2646             3               33         2.9111        17.6407
    2647             3               32         2.9914        17.5258
    2648             2               35         3.0731        17.4914
    2649             2               36         3.4090        17.4414
    2650             3               30         3.1854        17.3539
    2651             3               28         2.9733        18.2535
    2652             2               35         2.9503        17.8637
    2653             3               33         3.3002        18.3554
    2654             1               25         3.3127        17.8509
    2655             3               35         3.0159        17.7250
    2656             1               25         3.1669        18.1730
    2657             2               18         3.1435        17.9347
    2658             0               30         3.1321        17.5710
    2659             1               30         3.2648        17.6421
    2660             3               34         2.7835        17.4472
    2661             1               20         3.1757        17.8187
    2662             3               32         2.8789        17.6404
    2663             1               35         3.1326        17.5547
    2664             3               34         3.1266        17.6014
    2665             2               51         2.8953        17.2793
    2666             1               36         3.1578        18.1618
    2667             3               38         2.8550        18.2066
    2668             1               35         2.9715        17.7802
    2669             0               19         3.2714        17.4366
    2670             0               29         3.2424        18.0680
    2671             3               37         2.8553        18.0074
    2672             1               16         3.2328        17.0765
    2673             3               26         2.8098        17.1748
    2674             1               21         3.1596        17.5559
    2675             3               28         2.9157        17.8285
    2676             0               19         3.1434        17.1743
    2677             2               33         2.9488        17.2446
    2678             3               29         2.9934        17.8667
    2679             2               25         3.2617        18.4687
    2680             1               33         3.1119        17.2375
    2681             3               29         3.0157        17.4913
    2682             1               32         3.2657        17.9960
    2683             2               38         2.8835        18.1675
    2684             2               32         2.8955        17.2829
    2685             3               40         2.9721        17.9380
    2686             3               39         2.9731        17.8315
    2687             2               36         3.0421        18.2624
    2688             3               43         2.9122        17.8865
    2689             1               25         3.1604        17.9134
    2690             1               26         3.1567        16.7735
    2691             0               36         3.2025        17.4099
    2692             0               34         3.1600        17.7151
    2693             1               28         2.9888        17.1055
    2694             1               36         2.9510        17.0010
    2695             1               37         2.8912        17.0576
    2696             1               39         2.8753        16.4360
    2697             0               35         3.1099        17.5275
    2698             1               38         2.8665        17.5596
    2699             1               31         2.8620        18.2318
    2700             1               35         2.9123        17.8004
    2701             3               26         2.9619        18.4159
    2702             1               39         3.1247        17.5821
    2703             1               40         2.7442        17.8054
    2704             1               35         2.9493        17.7002
    2705             1               43         3.0407        17.4175
    2706             1               41         2.9371        17.4393
    2707             0               21         3.3866        18.0462
    2708             2               20         3.1069        18.6011
    2709             1               32         3.0017        17.1607
    2710             1               26         2.8995        17.3713
    2711             1               38         2.9218        17.4799
    2712             1               38         2.8590        17.9456
    2713             1               35         2.8528        17.5121
    2714             1               26         2.9835        17.1758
    2715             0               28         3.1014        17.8515
    2716             1               27         3.0336        17.3762
    2717             0               25         3.1258        17.2947
    2718             1               28         3.0015        17.7336
    2719             3               34         2.9389        17.8665
    2720             1               31         3.4520        17.9116
    2721             3               36         3.0833        17.9398
    2722             0               25         3.3092        16.9639
    2723             3               22         2.9531        17.3633
    2724             3               29         3.0169        17.9728
    2725             1               18         3.3767        17.8868
    2726             2               29         3.0330        18.0178
    2727             3               40         2.9330        17.6921
    2728             0               30         3.2026        17.6260
    2729             1               27         3.0999        17.7947
    2730             2               29         3.1190        17.4411
    2731             1               38         2.8593        16.6227
    2732             3               35         3.1725        17.6812
    2733             1               38         3.0534        17.0086
    2734             0               17         3.2646        16.8936
    2735             3               30         2.9297        16.7013
    2736             1               29         2.9671        16.3202
    2737             2               24         3.0578        16.7357
    2738             0               30         3.1521        16.9586
    2739             3               27         3.1722        18.2152
    2740             3               27         2.8528        17.7980
    2741             3               23         3.0308        17.1785
    2742             1               21         3.1657        17.4662
    2743             2               35         3.2287        17.8641
    2744             3               25         3.0912        17.8137
    2745             3               15         3.0152        17.6432
    2746             1               34         2.9812        17.6564
    2747             1               32         2.9120        17.1681
    2748             1               30         3.0271        17.4859
    2749             1               37         2.8136        16.9885
    2750             1               22         3.0494        17.0466
    2751             1               32         3.2419        17.2494
    2752             0               27         2.9582        16.7687
    2753             2               32         2.9086        17.4035
    2754             3               34         2.8363        16.3921
    2755             2               33         3.0009        16.9290
    2756             1               27         2.9067        17.3464
    2757             0               23         3.0793        17.2576
    2758             0               20         3.1641        17.5830
    2759             3               24         3.0960        17.8327
    2760             3               36         3.1248        17.9617
    2761             2               42         2.7217        17.3432
    2762             3               35         2.7070        17.6429
    2763             1               40         3.0877        17.8850
    2764             3               28         2.9894        17.9804
    2765             3               31         3.1141        18.4925
    2766             2               29         3.1974        17.8599
    2767             2               30         3.2659        18.4821
    2768             3               35         3.0756        18.6929
    2769             2               28         3.0684        19.0130
    2770             2               15         2.9735        19.2373
    2771             2               31         3.1261        19.5446
    2772             2               24         3.0435        19.3528
    2773             3               27         3.0364        19.1319
    2774             2               23         3.2073        19.0376
    2775             2               19         3.2526        18.4033
    2776             4               33         2.9494        18.6026
    2777             2               29         3.1918        18.9334
    2778             3               32         3.0549        18.0221
    2779             1               30         3.0477        18.5032
    2780             2               32         2.9776        18.6399
    2781             3               33         3.0735        17.6985
    2782             0               26         2.9618        16.8813
    2783             1               25         2.9594        17.1961
    2784             1               38         2.9264        17.0712
    2785             2               33         2.9358        17.3037
    2786             1               23         3.2823        17.2936
    2787             1               36         3.1129        17.1855
    2788             3               21         3.0228        17.2752
    2789             1               17         3.3457        18.0132
    2790             2               21         2.8908        16.8569
    2791             2               13         3.1540        17.5633
    2792             3               25         2.9126        17.6991
    2793             1               24         2.9521        17.1253
    2794             2               24         2.9810        17.2278
    2795             0               14         3.1154        17.6831
    2796             3               34         3.0899        18.1686
    2797             3               29         2.8429        17.2791
    2798             0               20         2.8608        17.4399
    2799             1               17         3.3800        18.1195
    2800             3               23         3.1087        18.1800
    2801             2               26         3.0733        18.2395
    2802             2               25         3.1343        18.2244
    2803             2               20         3.2002        19.1604
    2804             3               37         3.0573        18.2542
    2805             2               20         3.0577        17.3920
    2806             2               17         3.3305        18.8960
    2807             4               43         3.0144        18.2933
    2808             0               23         3.3203        19.0565
    2809             3               19         2.9704        19.0494
    2810             4               27         2.8568        18.8638
    2811             2               19         3.1404        19.7155
    2812             2               24         3.0393        19.3912
    2813             3               26         3.0317        20.0272
    2814             3               29         3.0858        19.8802
    2815             2               22         3.2960        18.9926
    2816             3               33         2.9794        17.9661
    2817             2               35         2.8728        17.9206
    2818             2               35         2.9663        17.8833
    2819             2               25         2.9970        19.2786
    2820             1               22         3.0042        18.7397
    2821             1               39         2.8919        18.1716
    2822             1               26         2.9301        18.1845
    2823             1               25         3.0151        18.4500
    2824             1               23         2.9101        17.8416
    2825             3               44         2.8004        17.6190
    2826             2               20         3.0656        17.3846
    2827             3               36         2.8123        17.8013
    2828             1               35         3.0506        17.5135
    2829             1               31         3.0526        17.1194
    2830             0               36         3.0500        17.3328
    2831             1               35         2.9109        17.5940
    2832             0               25         3.2737        18.0299
    2833             1               45         3.0701        17.9056
    2834             1               40         2.8825        17.4586
    2835             0               34         3.0809        17.8477
    2836             0               16         3.2847        17.3035
    2837             2               33         2.8020        17.7456
    2838             2               27         3.0347        17.4027
    2839             1               32         2.9187        17.9433
    2840             1               37         3.0478        17.5571
    2841             3               29         3.0759        18.9484
    2842             2               25         2.8664        18.4286
    2843             1               21         2.9762        17.9854
    2844             1               40         3.2440        18.1519
    2845             3               27         2.9969        18.8771
    2846             1               34         2.7668        17.8258
    2847             1               39         3.0807        18.0561
    2848             1               23         2.9761        17.9686
    2849             1               28         3.3218        17.5151
    2850             1               30         2.9676        17.3992
    2851             0               30         2.8881        17.1523
    2852             1               33         3.0944        17.7389
    2853             2               28         2.9074        18.1435
    2854             2               38         2.8769        17.1232
    2855             1               27         3.1131        17.9206
    2856             1               28         2.9678        17.7978
    2857             0               36         2.9627        16.7766
    2858             1               33         3.0328        16.9102
    2859             2               39         2.9252        16.8951
    2860             0               23         3.2449        17.9810
    2861             1               37         3.1237        18.0475
    2862             1               28         2.9097        18.0393
    2863             1               37         3.0277        18.1107
    2864             1               32         3.0506        18.2870
    2865             1               30         3.0311        17.4964
    2866             0               33         3.2170        18.1588
    2867             0               21         3.1119        16.8484
    2868             1               32         2.9997        17.7719
    2869             1               24         3.0171        17.6161
    2870             1               14         3.1386        17.9679
    2871             1               37         3.0768        17.7985
    2872             1               29         2.9161        17.2432
    2873             2               35         2.9161        17.4960
    2874             1               26         3.1071        17.7947
    2875             3               45         2.9919        17.8956
    2876             1               32         2.9148        17.2821
    2877             3               22         3.0835        17.8397
    2878             3               32         2.9842        17.9523
    2879             1               39         3.3026        17.6980
    2880             2               39         2.8847        17.6782
    2881             2               36         2.7257        17.3349
    2882             1               45         2.9150        17.1461
    2883             2               38         2.9188        17.6592
    2884             1               38         3.1927        17.2040
    2885             1               28         3.0861        18.6437
    2886             1               47         2.8665        17.8133
    2887             3               29         2.8359        17.9717
    2888             2               40         3.0050        17.6199
    2889             0               36         3.2176        18.2014
    2890             2               39         3.2062        18.1557
    2891             0               34         2.7763        17.9036
    2892             3               37         2.8470        18.3862
    2893             1               27         3.2456        17.4259
    2894             2               43         2.9332        17.6198
    2895             0               39         2.8729        17.6085
    2896             1               35         3.0013        17.7898
    2897             1               36         2.6954        17.3526
    2898             0               40         3.2997        17.6987
    2899             1               29         2.8721        17.6783
    2900             1               34         2.9194        17.6362
    2901             0               33         3.1171        17.7919
    2902             1               34         3.2589        18.0337
    2903             0               30         3.2131        17.5121
    2904             0               22         3.2412        18.4948
    2905             1               44         3.0600        16.9464
    2906             1               31         3.0936        18.0855
    2907             2               23         3.2122        16.7508
    2908             2               38         3.0615        16.9171
    2909             1               41         2.9351        17.3164
    2910             1               29         2.9291        17.9589
    2911             1               17         3.1711        17.8802
    2912             1               34         2.9160        17.4218
    2913             0               34         3.0858        17.2371
    2914             2               31         3.0353        18.5308
    2915             1               31         2.8232        18.7556
    2916             3               42         3.0529        17.1212
    2917             2               42         2.9156        17.4863
    2918             3               29         3.1031        17.0224
    2919             0               33         2.8198        17.5477
    2920             0               28         3.1143        17.5569
    2921             1               29         3.0690        17.2300
    2922             1               27         3.1019        17.1307
    2923             2               34         2.9812        17.5887
    2924             3               34         2.7216        17.9671
    2925             1               28         2.9893        17.5906
    2926             1               21         3.0396        16.6023
    2927             1               42         2.9095        17.5257
    2928             1               29         3.1741        17.5828
    2929             2               27         2.9686        17.6845
    2930             1               38         2.9285        17.5097
    2931             1               29         2.9781        16.7619
    2932             1               49         2.8553        17.4905
    2933             1               34         3.0869        17.1826
    2934             0               28         3.5060        17.3072
    2935             0               21         3.2294        18.3421
    2936             0               34         3.1330        18.0690
    2937             0               25         3.4966        17.8674
    2938             3               30         3.2443        18.3896
    2939             2               34         3.1208        17.6378
    2940             0               24         3.3407        17.8431
    2941             1               22         3.2552        17.8851
    2942             1               42         2.9924        17.5775
    2943             3               35         3.1258        18.4870
    2944             1               27         3.0592        17.8847
    2945             1               36         3.1254        17.6041
    2946             2               41         2.8913        17.1028
    2947             1               35         2.9558        17.2762
    2948             1               36         3.1045        17.1165
    2949             1               37         2.8208        17.6281
    2950             1               31         3.0085        17.6697
    2951             3               33         2.8925        17.4846
    2952             0               28         2.8923        16.9640
    2953             2               31         3.0023        17.1122
    2954             1               23         3.2148        18.1269
    2955             0               44         3.1488        17.3803
    2956             2               29         2.8232        17.6898
    2957             2               45         2.9800        17.4323
    2958             1               24         2.8370        17.5182
    2959             0               38         3.0499        17.3119
    2960             1               38         3.1875        17.1833
    2961             0               30         3.2893        17.0546
    2962             1               48         2.9716        17.0685
    2963             2               40         2.9872        17.7387
    2964             0               26         3.1246        17.4405
    2965             0               26         3.1139        16.5571
    2966             3               30         2.9514        17.8696
    2967             3               34         3.0241        17.5629
    2968             3               28         2.8628        17.9260
    2969             3               21         3.1744        18.1420
    2970             1               31         3.0035        17.4611
    2971             1               28         3.1171        17.3008
    2972             2               39         2.9129        17.7411
    2973             2               37         2.9922        17.0412
    2974             3               39         2.9205        17.4797
    2975             1               23         3.1990        18.5609
    2976             1               36         2.8981        17.8164
    2977             3               27         2.9856        17.9276
    2978             3               23         2.8154        17.5097
    2979             1               35         2.8937        16.8296
    2980             1               23         3.1628        17.5360
    2981             0               17         3.1908        16.8375
    2982             1               22         3.0497        17.3214
    2983             2               30         2.9677        18.0578
    2984             1               28         2.9049        17.3327
    2985             1               29         2.8388        17.4630
    2986             0               23         3.2513        17.3510
    2987             1               22         3.3019        17.6268
    2988             1               23         3.3735        18.5419
    2989             3               25         2.9238        17.7454
    2990             2               29         2.9992        17.2454
    2991             3               37         2.8691        17.1695
    2992             2               23         3.0345        16.8606
    2993             1               23         2.9712        17.1935
    2994             0               26         3.2971        16.5444
    2995             1               37         3.0303        17.1697
    2996             2               39         2.9460        17.3190
    2997             1               31         2.9866        18.0787
    2998             0               32         2.9511        18.7083
    2999             1               36         3.3114        17.9200
    3000             1               29         2.7430        17.6097
    3001             2               38         2.8001        17.4688
    3002             0               37         3.2497        18.6421
    3003             1               31         3.0015        18.0496
    3004             1               34         3.0329        18.1585
    3005             1               34         2.9358        17.8513
    3006             1               36         3.0510        19.2017
    3007             1               30         2.7326        17.5466
    3008             1               26         3.1777        18.3672
    3009             1               39         3.0151        18.2436
    3010             0               19         3.2448        18.8431
    3011             0               27         3.3271        17.5807
    3012             1               22         3.0781        18.8013
    3013             1               39         2.9167        18.4965
    3014             0               39         3.2420        19.1094
    3015             1               28         2.8029        18.4635
    3016             1               24         2.9702        18.6560
    3017             3               30         3.0041        18.4188
    3018             1               29         3.1534        17.9644
    3019             3               37         3.0096        18.9020
    3020             2               25         3.2505        18.9140
    3021             0               22         3.1395        18.9805
    3022             1               17         3.0857        19.1198
    3023             1               27         3.3654        19.5385
    3024             1               15         3.4215        18.8405
    3025             2               18         3.1852        19.7139
    3026             3               28         3.2233        19.1033
    3027             3               34         3.0705        18.6680
    3028             1               30         3.1563        18.0844
    3029             3               27         2.8992        18.1896
    3030             1               30         3.1020        17.2004
    3031             0               32         3.1132        16.9345
    3032             1               38         2.9983        17.3022
    3033             1               34         3.1616        18.0163
    3034             1               37         3.0118        17.3325
    3035             0               23         2.9957        16.7839
    3036             0               37         3.0108        16.9695
    3037             1               42         2.9561        16.5179
    3038             1               27         3.0800        17.3467
    3039             0               36         3.0156        17.0129
    3040             1               42         3.0404        17.0688
    3041             1               27         2.8916        17.6109
    3042             3               53         2.9085        17.9579
    3043             2               41         2.8341        17.8848
    3044             2               30         2.7689        17.4759
    3045             1               30         2.8941        18.0781
    3046             2               45         2.8678        17.1911
    3047             1               35         2.9363        17.1946
    3048             1               34         2.8825        17.3832
    3049             0               30         3.3601        17.5433
    3050             1               38         2.9866        17.5935
    3051             2               37         3.1097        17.1172
    3052             1               40         3.1048        17.8054
    3053             3               30         2.9311        18.5476
    3054             1               36         2.7736        17.8913
    3055             1               37         3.0319        17.5673
    3056             0               36         3.4204        18.0805
    3057             1               26         3.0533        17.5501
    3058             2               43         2.8744        17.1740
    3059             1               33         3.0181        17.4764
    3060             1               34         2.9778        17.8426
    3061             1               22         3.0215        16.9648
    3062             2               41         2.8813        16.7456
    3063             2               45         3.0000        16.8402
    3064             1               37         3.0381        16.7767
    3065             1               25         2.9807        17.3268
    3066             1               27         3.0104        16.7966
    3067             1               28         3.0073        16.9158
    3068             3               35         2.9548        17.0186
    3069             0               22         3.0851        17.8496
    3070             1               43         2.9575        17.3857
    3071             0               27         3.1269        18.5431
    3072             1               34         3.1785        18.3082
    3073             3               47         2.8047        17.5602
    3074             3               29         3.0036        17.8753
    3075             1               36         3.0161        17.8310
    3076             1               32         2.9506        17.6284
    3077             1               32         2.9358        18.2681
    3078             1               34         3.0775        17.5613
    3079             1               30         2.9191        17.7830
    3080             2               23         2.7504        17.6204
    3081             1               35         3.0222        17.9944
    3082             1               36         2.9724        18.6125
    3083             3               41         2.8476        17.7054
    3084             0               13         3.1829        18.4072
    3085             1               27         3.1870        19.5321
    3086             1               17         2.9676        18.1949
    3087             1               24         3.2525        18.7999
    3088             3               29         3.1130        18.3932
    3089             3               32         2.8690        18.4327
    3090             3               32         2.9414        19.6693
    3091             2               39         3.0385        18.4506
    3092             1               19         3.2213        18.3745
    3093             3               25         3.1648        18.7927
    3094             2               37         3.1607        18.9049
    3095             0               37         2.9845        20.1860
    3096             0               27         3.1298        19.4259
    3097             3               24         2.9667        19.8881
    3098             3               23         3.2179        19.2587
    3099             2               25         3.2216        18.7604
    3100             2               43         3.0566        17.4895
    3101             1               24         3.0077        17.3357
    3102             1               33         2.7649        17.5832
    3103             1               20         2.9023        18.0911
    3104             1               29         3.0805        17.7621
    3105             2               32         2.9284        17.5864
    3106             0               29         3.0924        18.2818
    3107             1               29         2.9620        18.5442
    3108             1               40         2.7995        17.9415
    3109             1               30         2.8637        18.7817
    3110             2               35         2.8899        18.4625
    3111             1               22         3.0882        17.6448
    3112             1               33         2.9349        18.6742
    3113             1               16         3.1006        17.6520
    3114             1               39         2.9960        18.3571
    3115             2               34         2.9589        18.2228
    3116             3               39         3.1414        18.0080
    3117             2               27         2.9537        17.7841
    3118             3               37         2.8730        16.9302
    3119             3               30         2.9736        16.5021
    3120             1               33         2.9454        17.5189
    3121             0               34         2.9269        17.9360
    3122             1               35         3.1613        17.1482
    3123             0               25         3.1534        17.4289
    3124             1               26         2.8663        17.6889
    3125             1               35         2.9906        17.9881
    3126             1               37         3.0258        18.6226
    3127             0               53         2.9916        17.8220
    3128             1               45         2.9404        17.7504
    3129             1               49         2.9352        17.8082
    3130             1               50         2.9537        17.9661
    3131             3               42         2.8780        19.3421
    3132             2               28         3.1344        18.3268
    3133             4               22         3.2041        19.3405
    3134             3               32         3.0319        19.2710
    3135             3               17         2.8999        18.3768
    3136             1               27         2.9735        17.7808
    3137             3               35         3.0616        18.5602
    3138             1               34         3.0607        18.3865
    3139             3               22         2.9834        18.2455
    3140             1               45         3.0356        17.8794
    3141             1               39         2.9803        17.7657
    3142             1               36         2.8586        17.8568
    3143             1               27         3.1316        19.2768
    3144             1               26         2.9740        17.3997
    3145             1               28         3.0257        18.1308
    3146             1               27         2.9534        17.9936
    3147             1               39         3.2233        18.2001
    3148             0               32         3.0535        17.7612
    3149             1               21         3.1588        18.5097
    3150             1               34         2.9481        17.6676
    3151             1               36         2.9281        17.5589
    3152             1               36         2.9991        17.7589
    3153             2               33         3.2488        17.0586
    3154             1               21         3.0618        17.4965
    3155             1               35         3.0932        18.3697
    3156             1               34         3.0182        18.4142
    3157             1               31         2.9291        17.0957
    3158             1               20         3.1127        17.8114
    3159             1               32         3.0921        17.2152
    3160             1               32         3.2499        17.5136
    3161             0               41         2.9703        17.4860
    3162             1               32         3.0411        17.6545
    3163             0               24         3.3799        17.1248
    3164             0               41         3.1466        17.6565
    3165             0               28         3.1027        17.6581
    3166             1               38         3.2104        17.2524
    3167             0               27         3.0597        18.2069
    3168             0               38         3.2392        17.4942
    3169             0               14         3.7738        16.9895
    3170             0               43         3.0712        17.1481
    3171             1               29         3.2447        17.3941
    3172             1               28         3.0263        17.9075
    3173             1               35         3.0920        17.7833
    3174             0               32         2.9026        18.8185
    3175             1               40         3.0091        18.6462
    3176             0               46         2.8861        18.2985
    3177             0               24         2.9621        18.3608
    3178             1               38         2.9131        18.2634
    3179             0               25         2.8969        18.5168
    3180             1               27         2.8021        18.0202
    3181             0               27         2.7554        18.0335
    3182             1               46         2.9253        17.7890
    3183             0               47         2.7394        17.1279
    3184             0               33         2.6335        17.4662
    3185             1               49         2.9330        17.4332
    3186             0               22         2.8076        17.9748
    3187             1               24         2.7755        17.7749
    3188             3               47         2.8889        17.0093
    3189             2               40         2.9333        16.8839
    3190             1               39         2.8237        17.5540
    3191             0               37         3.2450        18.1747
    3192             1               31         3.0298        17.7049
    3193             1               34         2.6974        17.5643
    3194             1               40         3.1093        17.6890
    3195             1               39         2.9728        17.5910
    3196             1               31         3.2499        16.4562
    3197             1               33         2.9833        17.6229
    3198             0               29         2.8974        18.3031
    3199             0               11         3.4116        17.5582
    3200             1               37         2.9523        17.5257
    3201             1               37         3.0503        17.5650
    3202             0               34         3.0684        17.0600
    3203             1               31         2.8232        17.3750
    3204             1               24         2.9542        17.5795
    3205             1               29         3.1192        18.1611
    3206             1               27         2.9429        18.1815
    3207             0               24         3.0595        18.4543
    3208             1               30         3.0906        18.5539
    3209             1               39         3.0225        17.9637
    3210             0               42         3.0778        18.5484
    3211             0               16         3.4212        19.6029
    3212             0               15         3.1920        19.2154
    3213             0               27         3.0788        19.3629
    3214             0               20         3.2800        19.5997
    3215             0               24         3.2937        19.4489
    3216             0               15         3.0022        19.6498
    3217             1               31         3.0580        18.1493
    3218             0               13         3.3410        18.5595
    3219             1               43         3.0015        18.1641
    3220             0               28         3.1251        17.8442
    3221             1               19         3.0477        18.3411
    3222             1               25         3.0516        18.4781
    3223             0               25         3.1621        18.1089
    3224             0               14         3.5077        18.3257
    3225             1               23         3.0735        18.6266
    3226             0               16         3.3867        18.0899
    3227             0               31         3.0957        17.7181
    3228             0               29         3.1685        19.0680
    3229             0               24         3.3508        19.2822
    3230             0               26         3.0967        19.3711
    3231             0               31         2.9870        19.0235
    3232             1               32         3.0014        18.6478
    3233             0               29         3.3798        19.1523
    3234             1               28         2.9138        18.0824
    3235             1               33         2.9976        18.1892
    3236             0               35         3.2282        18.8620
    3237             1               27         3.1065        18.1385
    3238             1               36         2.9885        18.3149
    3239             1               33         2.8412        18.1689
    3240             1               37         2.9607        17.9914
    3241             0               28         2.7816        18.7368
    3242             1               33         2.6978        17.1866
    3243             1               45         2.7691        17.3566
    3244             0               33         3.2592        18.1777
    3245             1               20         3.1256        18.1586
    3246             1               33         3.2465        17.8181
    3247             1               37         3.1750        17.5112
    3248             1               32         2.9174        17.9206
    3249             0               18         3.4052        18.3843
    3250             1               28         2.9866        17.8573
    3251             0               31         3.0103        18.5417
    3252             0               29         3.0481        18.2733
    3253             1               31         2.9917        18.8110
    3254             0               22         3.1715        18.1530
    3255             1               30         3.0079        18.7187
    3256             1               19         3.0188        18.6633
    3257             0               25         3.1985        18.5347
    3258             1               20         3.1744        18.2929
    3259             0               10         3.3568        18.0658
    3260             1               20         2.9804        17.6088
    3261             1               29         3.2225        18.3691
    3262             1               35         3.0160        17.5025
    3263             0               30         2.9772        18.1063
    3264             1               45         2.9916        17.6378
    3265             1               34         3.0096        18.2174
    3266             1               20         3.0154        18.7110
    3267             0               26         3.0464        17.8880
    3268             1               31         3.3132        17.8853
    3269             1               28         2.9796        18.2931
    3270             1               33         2.6151        17.8659
    3271             2               27         2.8045        16.7972
    3272             1               30         2.9777        17.4561
    3273             1               30         2.8182        17.0253
    3274             1               32         3.1273        16.4479
    3275             1               29         3.0054        17.8939
    3276             1               28         3.0811        17.2896
    3277             1               34         2.9824        16.7266
    3278             1               49         2.7825        17.0263
    3279             1               36         3.1267        16.3170
    3280             1               41         3.0998        16.3726
    3281             1               41         2.9427        16.6733
    3282             1               40         2.9383        17.2419
    3283             2               40         2.7517        16.7864
    3284             1               34         3.0472        17.1367
    3285             2               44         2.9115        16.9708
    3286             2               28         2.9089        17.0776
    3287             0               25         3.0576        17.4086
    3288             1               21         3.0049        17.6504
    3289             1               39         2.8915        17.8994
    3290             1               36         2.7679        17.2064
    3291             0               46         2.8571        18.0563
    3292             0               39         2.6805        17.5436
    3293             1               49         2.9305        17.7776
    3294             2               43         2.7818        17.4747
    3295             1               42         2.7355        17.7295
    3296             1               44         2.9363        16.5746
    3297             1               37         3.3508        17.7948
    3298             1               21         3.0828        17.4679
    3299             1               43         2.9321        17.6225
    3300             2               42         3.0487        17.0020
    3301             2               45         3.0785        16.6589
    3302             1               23         3.1420        17.6084
    3303             2               32         3.0104        16.6793
    3304             1               26         3.1082        17.3176
    3305             1               23         2.7753        17.8275
    3306             2               46         3.1735        17.2795
    3307             1               39         2.9823        18.3256
    3308             1               40         2.9610        16.9895
    3309             1               37         2.9664        17.1809
    3310             0               37         2.8392        17.3733
    3311             1               26         2.9781        17.6294
    3312             0               38         3.2051        17.9184
    3313             1               12         3.2570        17.7672
    3314             1               43         2.9125        19.0419
    3315             2               22         3.0101        17.8879
    3316             2               36         3.0119        18.4762
    3317             1               36         3.1292        18.1670
    3318             2               43         3.0030        17.4291
    3319             2               23         2.9588        17.5778
    3320             2               38         3.1738        17.7858
    3321             1               39         2.9783        17.3586
    3322             1               27         3.0797        18.0255
    3323             2               33         2.9287        16.9496
    3324             1               23         3.0439        18.8248
    3325             0               21         3.3268        17.8647
    3326             1               40         3.0801        17.9259
    3327             1               35         3.0991        18.5164
    3328             0               21         3.4314        18.5074
    3329             0               21         3.2805        18.4942
    3330             0               37         3.1784        18.0339
    3331             0               31         3.1239        17.9774
    3332             2               43         3.0588        16.5746
    3333             1               23         3.0391        17.6744
    3334             1               23         3.0304        17.1396
    3335             1               34         2.8803        18.0557
    3336             2               36         3.0574        16.9892
    3337             1               21         3.0519        17.6842
    3338             0               19         3.1178        16.8840
    3339             2               41         3.0369        17.3677
    3340             1               30         3.3464        17.4744
    3341             2               37         3.0402        17.8302
    3342             0               25         3.0068        17.2408
    3343             2               39         2.9923        17.7525
    3344             1               27         3.2504        17.4788
    3345             3               38         3.0301        18.7669
    3346             2               31         2.9661        17.5940
    3347             3               20         2.9919        17.9001
    3348             1               31         2.9097        17.6411
    3349             3               37         3.0541        17.6762
    3350             1               33         2.9406        18.2254
    3351             1               38         2.8894        17.5405
    3352             1               29         2.8599        18.5119
    3353             1               38         2.7918        18.1125
    3354             1               44         3.0402        16.8859
    3355             1               42         3.0310        17.5720
    3356             0               27         3.0983        16.7030
    3357             2               36         2.9249        17.3794
    3358             1               39         2.9215        17.4673
    3359             1               43         2.9398        17.0286
    3360             1               42         3.0021        18.2608
    3361             1               31         3.0018        18.1463
    3362             1               39         2.8533        19.0376
    3363             3               36         2.9353        19.3496
    3364             3               51         2.9270        18.2617
    3365             3               33         3.0253        18.8358
    3366             1               33         3.2000        17.9369
    3367             1               39         2.8507        17.6724
    3368             1               32         3.0220        18.1920
    3369             1               23         2.9620        18.5263
    3370             3               30         3.0629        18.3734
    3371             3               43         2.9528        18.8139
    3372             3               34         2.7878        18.4584
    3373             2               33         3.1048        18.2950
    3374             1               31         2.9913        18.2652
    3375             1               25         2.9556        17.9469
    3376             2               23         3.1571        18.1429
    3377             2               27         3.0040        18.3037
    3378             1               25         3.1100        18.0227
    3379             1               23         2.9856        18.1800
    3380             1               22         3.1422        18.2065
    3381             2               25         3.0093        18.4268
    3382             1               22         3.0789        18.0112
    3383             1               41         2.9123        18.0442
    3384             2               43         2.9630        18.0632
    3385             3               46         2.9486        17.3404
    3386             1               33         3.0628        18.7639
    3387             1               35         2.7515        18.4422
    3388             3               33         3.0217        17.6140
    3389             2               41         3.0169        18.6967
    3390             3               45         3.0316        17.9585
    3391             0               37         3.1131        17.5924
    3392             1               39         2.9676        17.5685
    3393             3               40         2.9558        17.2739
    3394             1               38         2.9154        17.5376
    3395             0               31         2.9980        17.4289
    3396             1               37         3.0093        17.4395
    3397             1               36         2.9605        17.0587
    3398             2               33         2.8591        17.0666
    3399             2               29         2.8910        17.0087
    3400             0               36         3.1803        17.5700
    3401             1               33         3.0878        17.5893
    3402             1               38         2.9864        17.0786
    3403             2               41         2.8217        16.9708
    3404             1               35         2.9956        16.9876
    3405             2               25         2.8950        17.2960
    3406             1               22         2.9967        17.0073
    3407             2               23         2.9668        16.9464
    3408             2               31         2.8533        16.9251
    3409             0               42         2.9381        17.0072
    3410             1               39         2.8365        17.2351
    3411             0               36         2.9735        16.9471
    3412             2               43         2.9278        16.8965
    3413             1               30         2.9475        17.3055
    3414             1               43         2.9873        17.2328
    3415             1               46         3.0681        17.0907
    3416             2               39         3.0354        16.8326
    3417             1               36         3.0741        16.6352
    3418             1               29         2.9573        17.1214
    3419             1               33         3.1219        17.0642
    3420             0               35         3.1367        16.9307
    3421             1               27         2.9509        17.5931
    3422             0               39         3.1158        17.2094
    3423             2               41         2.9751        16.6507
    3424             3               31         2.8077        17.1821
    3425             3               38         3.2020        16.8925
    3426             1               41         3.0774        16.7670
    3427             3               33         2.8230        16.8083
    3428             2               24         3.0122        16.8082
    3429             3               27         2.9637        17.6587
    3430             2               34         3.2024        18.3080
    3431             3               34         2.8933        18.9843
    3432             3               32         3.2387        18.4408
    3433             3               37         2.9416        17.6002
    3434             2               25         3.3021        17.9397
    3435             4               27         3.0743        17.5676
    3436             2               24         2.9000        17.0460
    3437             4               22         3.0339        18.3911
    3438             4               17         3.0874        18.9974
    3439             4               35         3.0820        17.7587
    3440             4               43         3.0354        18.6143
    3441             3               39         3.0958        18.0131
    3442             2               30         3.0617        17.3802
    3443             3               35         3.0021        17.7519
    3444             2               29         3.2262        17.1049
    3445             1               24         3.2647        17.2623
    3446             2               35         2.9491        17.0256
    3447             2               28         2.8003        17.2319
    3448             1               44         2.9557        16.8533
    3449             2               37         2.9614        15.7007
    3450             2               22         2.8596        16.5457
    3451             1               24         2.7384        16.7726
    3452             2               31         3.2025        17.3924
    3453             2               27         2.9973        17.9595
    3454             2               26         2.7684        18.3583
    3455             3               41         2.9128        18.0902
    3456             3               37         3.1642        18.2418
    3457             2               34         3.1603        18.9194
    3458             0               21         3.2331        18.9284
    3459             3               28         2.8662        18.0691
    3460             3               40         2.8713        17.5312
    3461             3               35         2.8643        17.8428
    3462             2               28         3.1443        18.4852
    3463             4               40         3.0228        17.8212
    3464             0               25         3.2822        17.9195
    3465             0               24         2.9951        17.0671
    3466             2               48         2.9596        16.3377
    3467             1               36         2.8879        16.9615
    3468             2               29         2.9270        17.4597
    3469             1               21         2.7722        17.9615
    3470             2               24         2.8033        17.5177
    3471             1               35         2.8882        17.4335
    3472             2               38         2.9121        17.4246
    3473             1               30         3.1118        17.7600
    3474             1               27         3.3244        17.7679
    3475             1               31         2.9617        17.8156
    3476             3               34         3.0428        18.6954
    3477             2               32         3.0155        16.6160
    3478             3               37         3.0809        18.7581
    3479             3               38         2.8634        17.6952
    3480             0               31         3.0292        17.5889
    3481             1               34         3.1415        17.8084
    3482             3               34         2.9108        18.2412
    3483             1               17         2.9855        17.8633
    3484             2               30         2.9463        18.2899
    3485             1               28         3.2364        17.7524
    3486             0               25         3.0023        17.6308
    3487             0               22         3.0794        16.9664
    3488             1               30         3.1939        18.0503
    3489             1               39         3.1657        17.9592
    3490             1               26         2.8286        17.6198
    3491             1               36         2.8193        18.1788
    3492             0               20         3.4034        17.2631
    3493             1               28         2.9749        17.7436
    3494             2               35         3.1514        17.8680
    3495             1               44         2.9506        18.5552
    3496             2               27         2.9702        17.9261
    3497             1               38         2.9534        17.4600
    3498             1               37         2.9752        17.9837
    3499             1               39         3.1744        17.9470
    3500             1               28         2.9810        18.0639
    3501             0               38         3.1362        17.8911
    3502             1               47         3.0389        18.1184
    3503             1               33         2.9361        18.3707
    3504             1               35         2.9491        18.1096
    3505             3               37         3.0244        18.6438
    3506             1               36         3.0389        17.8002
    3507             3               38         2.7838        18.3260
    3508             2               35         3.2111        18.5392
    3509             3               41         2.9900        18.0144
    3510             1               40         3.0372        17.9700
    3511             3               28         2.8350        17.5847
    3512             2               43         3.0757        18.3478
    3513             1               34         2.9959        18.4139
    3514             1               41         2.9180        18.1764
    3515             1               34         2.9072        17.7903
    3516             3               38         3.0282        18.3716
    3517             3               32         2.9229        18.8588
    3518             2               31         3.1253        18.7181
    3519             2               34         2.9881        18.8456
    3520             2               37         2.8175        18.4577
    3521             3               26         3.1377        19.1582
    3522             1               41         3.1780        18.0071
    3523             1               35         3.0487        18.4944
    3524             3               24         2.8630        18.5313
    3525             1               33         3.1749        18.9058
    3526             1               38         2.9680        17.7607
    3527             1               30         3.0537        17.9928
    3528             3               34         2.8473        18.0530
    3529             3               33         3.0190        18.7337
    3530             3               32         3.1763        19.8198
    3531             3               26         2.9378        18.7060
    3532             2               27         3.0711        18.4102
    3533             1               45         2.9950        17.5915
    3534             2               40         2.6695        17.8932
    3535             1               43         2.9518        17.9614
    3536             2               28         2.8733        18.6479
    3537             1               27         2.8592        17.8768
    3538             3               32         2.8310        19.4590
    3539             3               35         2.9205        18.5722
    3540             1               41         2.7999        17.9665
    3541             0               30         3.1378        17.6449
    3542             1               37         2.8855        17.3778
    3543             2               45         2.8436        17.6610
    3544             1               41         3.0006        17.9975
    3545             1               33         2.9246        16.7568
    3546             3               23         3.2513        17.8143
    3547             3               31         3.2485        17.4603
    3548             1               26         3.1625        17.6369
    3549             1               29         3.4280        17.1465
    3550             3               28         2.8570        16.7133
    3551             1               39         3.0061        17.4534
    3552             3               31         2.8039        17.7677
    3553             1               38         2.9025        17.4128
    3554             1               33         2.9121        18.1674
    3555             1               37         2.8688        17.2493
    3556             1               34         3.2360        16.9591
    3557             1               37         3.1095        17.1925
    3558             1               35         2.8326        18.1004
    3559             0               33         3.1575        17.5821
    3560             2               35         2.9330        17.7988
    3561             1               34         3.0093        18.2319
    3562             3               34         2.8443        18.2503
    3563             2               32         3.1350        18.1018
    3564             1               30         2.9121        17.5806
    3565             1               26         3.2523        17.3771
    3566             0               36         3.1455        18.1000
    3567             3               44         2.9084        17.3807
    3568             0               22         3.1197        17.0531
    3569             1               33         3.2884        17.3997
    3570             2               28         2.8804        17.1753
    3571             1               13         3.2776        17.4296
    3572             0               24         3.4752        17.8679
    3573             0               20         3.1147        18.2174
    3574             1               29         3.4044        17.3828
    3575             1               37         3.0518        16.8342
    3576             2               32         3.1745        18.2416
    3577             3               36         2.9715        17.9103
    3578             1               27         3.1412        17.5664
    3579             1               42         2.9610        16.8646
    3580             1               25         3.2693        17.4564
    3581             2               43         2.8898        16.7436
    3582             0               31         3.1932        16.8976
    3583             2               30         3.0063        17.5513
    3584             1               43         2.8524        16.7421
    3585             2               38         3.0283        17.0008
    3586             1               41         2.8112        17.1281
    3587             1               43         2.9868        17.1905
    3588             1               30         3.1586        16.1910
    3589             1               42         2.8057        16.3746
    3590             1               25         3.0648        16.5323
    3591             2               41         2.8388        17.0500
    3592             3               35         2.9403        17.1282
    3593             3               29         3.2445        17.8197
    3594             3               23         3.0067        17.8269
    3595             1               41         2.7636        17.3841
    3596             2               37         2.9429        18.1201
    3597             1               41         2.7837        17.6082
    3598             3               33         2.7621        16.8973
    3599             3               23         2.7778        17.7709
    3600             0               43         3.0999        16.7207
    3601             0               42         2.9713        16.9928
    3602             2               32         3.0160        16.7047
    3603             1               45         2.8141        16.8972
    3604             2               36         2.9094        17.7798
    3605             1               32         2.9911        16.9828
    3606             1               43         2.7825        17.2843
    3607             0               27         3.2110        17.3364
    3608             2               34         3.1602        16.6514
    3609             1               40         3.1167        17.0271
    3610             1               42         3.1077        17.3717
    3611             3               41         2.9179        17.2328
    3612             1               46         2.9307        17.3517
    3613             1               48         2.9213        17.2148
    3614             1               40         3.0065        17.3843
    3615             1               46         2.8783        16.8110
    3616             2               37         2.7595        17.6854
    3617             2               39         2.7960        16.8858
    3618             1               40         2.8422        17.0445
    3619             1               28         3.0468        16.5658
    3620             0               22         3.3828        17.4681
    3621             2               30         2.8712        17.1588
    3622             1               45         2.8977        16.7919
    3623             1               31         3.0154        16.7778
    3624             1               48         3.0490        16.6577
    3625             0               27         3.0397        16.9198
    3626             1               36         2.9689        17.2833
    3627             2               26         2.8932        17.5901
    3628             1               39         2.8607        17.0822
    3629             2               33         3.0312        16.7621
    3630             1               36         2.9257        16.9329
    3631             0               29         3.0452        16.9424
    3632             1               40         2.9026        17.4209
    3633             3               32         2.9708        17.0128
    3634             1               35         3.0064        17.0461
    3635             1               29         3.0937        16.9896
    3636             1               36         2.9688        17.1747
    3637             1               32         2.9447        16.8023
    3638             1               37         2.9533        16.6573
    3639             0               36         3.0276        15.8553
    3640             0               32         3.2741        16.7157
    3641             1               40         2.8598        16.8058
    3642             1               41         2.9968        16.9469
    3643             2               51         2.8585        17.2523
    3644             1               44         3.0305        16.8160
    3645             1               36         3.0608        16.9485
    3646             1               36         3.1328        16.1032
    3647             1               29         2.9738        16.1881
    3648             1               36         2.8336        16.8413
    3649             1               36         2.8997        16.5558
    3650             2               33         3.1658        16.3725
    3651             0               39         2.9262        16.6874
    3652             0               25         3.3856        16.2180
    3653             1               48         2.9220        16.5738
    3654             1               54         3.0311        16.8545
    3655             1               34         3.0630        17.1811
    3656             1               40         2.7772        16.8958
    3657             1               41         2.8405        17.2742
    3658             1               34         3.0973        16.7268
    3659             1               39         2.9674        16.8941
    3660             1               42         2.9602        16.4879
    3661             1               37         2.8758        17.0807
    3662             1               31         3.1004        16.4908
    3663             1               32         2.9453        16.8407
    3664             1               35         3.0349        16.3315
    3665             2               39         3.0963        16.6651
    3666             1               41         3.0814        16.9081
    3667             1               41         2.8539        16.5439
    3668             0               46         2.9991        16.4933
    3669             0               22         3.1866        16.4686
    3670             1               32         3.1488        16.5308
    3671             1               31         2.9657        16.8333
    3672             1               37         3.0577        16.1826
    3673             0               48         3.1419        16.8253
    3674             0               25         3.2597        16.8431
    3675             0               34         3.0842        16.6959
    3676             1               32         3.1520        16.6652
    3677             0               30         3.3063        17.1236
    3678             2               47         3.0907        16.9596
    3679             1               37         3.1591        17.1598
    3680             0               26         3.0779        17.8687
    3681             1               52         3.1085        17.2034
    3682             1               44         2.7929        16.8527
    3683             1               36         2.8761        17.7153
    3684             1               35         2.9346        17.6390
    3685             1               35         3.0168        17.0905
    3686             2               28         3.0076        17.3101
    3687             1               38         2.8732        16.7793
    3688             1               36         2.9671        17.7460
    3689             1               36         3.0004        16.8455
    3690             2               34         2.9769        17.6851
    3691             1               32         3.2071        17.0462
    3692             1               24         3.1695        17.5643
    3693             1               36         2.9398        17.0780
    3694             1               44         3.0358        17.1783
    3695             2               40         2.9023        17.1178
    3696             1               46         2.9256        16.6909
    3697             1               38         2.9255        16.9621
    3698             1               34         3.0921        17.5949
    3699             2               46         2.9505        17.2951
    3700             2               27         3.0387        17.6623
    3701             1               35         2.9781        18.3438
    3702             1               38         3.0889        17.9959
    3703             3               33         3.2073        17.8648
    3704             1               32         2.9110        17.0692
    3705             2               28         3.1600        17.1269
    3706             1               27         3.1287        17.2692
    3707             1               28         2.9210        17.6842
    3708             1               29         2.8499        17.5809
    3709             1               34         3.0544        17.6794
    3710             0               36         3.3246        17.1577
    3711             1               32         2.9443        17.3977
    3712             1               45         2.8572        17.0384
    3713             0               35         2.9817        17.5581
    3714             2               35         2.7537        17.8128
    3715             1               35         2.9203        17.4156
    3716             1               26         3.1416        16.1290
    3717             0               43         3.0169        16.8300
    3718             1               37         3.1411        17.2925
    3719             2               43         2.9096        17.2100
    3720             0               37         3.1077        17.5682
    3721             0               40         2.9483        16.8098
    3722             2               34         2.9320        17.7153
    3723             0               27         3.2570        17.7220
    3724             3               39         3.0854        18.1479
    3725             0               27         2.8912        17.6018
    3726             1               30         3.1267        17.8016
    3727             1               37         2.8181        17.6650
    3728             1               17         3.2838        17.7196
    3729             2               39         3.0783        17.9641
    3730             2               34         2.8959        17.7328
    3731             0               24         2.7718        18.5003
    3732             3               43         2.9396        17.5851
    3733             1               20         3.1953        18.0891
    3734             1               39         3.0954        17.9230
    3735             3               34         2.8688        17.8550
    3736             3               41         3.0543        18.3464
    3737             1               42         3.0817        18.0396
    3738             2               43         2.8503        17.3348
    3739             3               25         2.8956        17.7344
    3740             1               35         3.1438        17.8436
    3741             1               30         3.1789        18.3468
    3742             1               40         2.8303        17.4772
    3743             1               34         2.9514        17.7887
    3744             1               41         2.9974        17.5704
    3745             1               33         2.9867        17.9723
    3746             1               40         3.1004        17.5344
    3747             2               49         3.0020        17.6703
    3748             3               38         2.8609        17.8105
    3749             1               42         3.1071        17.3751
    3750             1               28         2.9024        17.6586
    3751             1               37         2.8855        16.7789
    3752             2               48         3.0942        16.7699
    3753             1               43         3.0547        17.2559
    3754             1               38         2.9206        17.8612
    3755             3               46         2.8422        17.5526
    3756             1               38         3.1491        17.1905
    3757             2               35         3.1313        18.2488
    3758             1               45         3.1282        17.6039
    3759             0               35         2.8639        17.5707
    3760             1               34         3.0490        18.0080
    3761             1               40         3.0584        17.8781
    3762             0               36         3.2240        17.4646
    3763             0               23         3.3073        17.0887
    3764             1               45         2.9088        17.4671
    3765             1               36         2.9741        18.4955
    3766             1               30         3.0570        17.2792
    3767             2               36         2.8094        17.3530
    3768             0               37         2.8716        17.3720
    3769             1               30         3.0111        17.3538
    3770             1               36         3.2521        17.7798
    3771             1               31         3.1010        18.8101
    3772             1               31         3.1407        18.3023
    3773             3               39         3.0467        18.4714
    3774             2               34         3.1812        18.1960
    3775             0               27         3.0872        17.8567
    3776             1               31         3.1623        18.6900
    3777             2               32         3.0775        17.6730
    3778             2               20         2.9022        17.5798
    3779             3               27         3.0173        18.5038
    3780             3               29         3.2566        18.4831
    3781             3               38         2.7803        17.8804
    3782             0               37         3.1180        17.6962
    3783             1               33         2.8031        18.0005
    3784             1               28         3.0130        17.8092
    3785             1               34         2.9467        17.0035
    3786             1               28         2.9725        16.6758
    3787             1               38         2.7786        17.0222
    3788             0               38         2.9342        17.5249
    3789             1               30         2.9461        17.0513
    3790             1               29         3.2164        16.8913
    3791             1               29         2.8636        16.8165
    3792             1               41         3.1210        17.1306
    3793             3               36         3.0845        17.4378
    3794             2               30         3.4145        17.8239
    3795             2               34         3.1182        18.1042
    3796             3               30         2.9441        16.8149
    3797             2               25         2.9649        16.5949
    3798             1               19         3.0799        17.3845
    3799             3               40         2.8193        16.5471
    3800             2               24         3.0680        18.0868
    3801             0               19         3.3939        18.0485
    3802             1               30         2.9111        16.9852
    3803             0               28         3.1433        18.1421
    3804             3               21         3.0102        18.4515
    3805             1               21         3.0387        16.8911
    3806             1               30         2.9835        16.5442
    3807             1               23         2.9121        16.6185
    3808             2               44         2.7268        16.2238
    3809             1               28         2.9932        17.1927
    3810             1               41         2.8709        17.2706
    3811             1               39         3.2074        17.1463
    3812             0               24         3.1520        17.1921
    3813             1               48         2.9600        16.8104
    3814             3               43         2.8909        17.1130
    3815             3               48         2.9322        16.8625
    3816             3               24         2.8157        16.7652
    3817             1               37         2.9923        16.0953
    3818             1               32         2.7885        16.6632
    3819             2               30         3.0506        17.3186
    3820             1               32         3.0223        16.6711
    3821             1               28         3.0637        17.3053
    3822             1               31         2.9921        17.3929
    3823             3               32         3.0663        17.5126
    3824             0               24         3.2524        17.3458
    3825             2               23         2.8854        17.2413
    3826             2               29         2.7692        16.1759
    3827             2               35         2.9155        16.8438
    3828             1               31         3.0879        16.9615
    3829             1               16         3.0523        16.9267
    3830             1               37         3.0520        17.7151
    3831             1               30         3.2288        16.9745
    3832             2               22         2.9855        16.6054
    3833             0               23         3.2540        16.4738
    3834             2               38         2.7958        16.4859
    3835             3               21         2.9325        15.9147
    3836             1               28         2.9529        16.3657
    3837             3               28         3.2268        17.6821
    3838             3               35         2.8177        17.7763
    3839             3               39         2.8751        17.1097
    3840             0               38         3.0465        16.5616
    3841             3               25         2.9615        16.9452
    3842             2               28         3.4101        17.9098
    3843             3               22         3.2372        17.5945
    3844             2               44         2.6794        16.7464
    3845             3               40         2.9087        16.8917
    3846             3               41         3.1209        17.3084
    3847             4               32         2.9496        17.6660
    3848             3               40         3.0552        17.3240
    3849             3               24         2.9503        16.8953
    3850             2               40         3.0930        17.9259
    3851             1               38         3.2619        17.2473
    3852             2               41         3.0597        17.0699
    3853             3               35         3.0871        17.5502
    3854             3               39         3.2162        17.7926
    3855             3               32         2.9239        17.8427
    3856             0               33         3.1880        17.4534
    3857             3               39         3.1269        17.6763
    3858             1               35         3.1239        17.5225
    3859             3               31         3.0535        17.8167
    3860             3               37         3.0527        18.2894
    3861             1               28         3.0679        16.8866
    3862             2               43         2.7992        16.5595
    3863             1               56         3.0096        17.0753
    3864             0               32         3.1732        17.1169
    3865             3               27         2.9792        17.7411
    3866             0               32         3.1309        16.7345
    3867             0               38         3.1734        15.8387
    3868             0               25         3.3864        16.1341
    3869             2               35         2.9799        16.4496
    3870             0               19         3.2667        16.4783
    3871             1               25         3.1329        17.0702
    3872             1               30         3.1334        17.3427
    3873             1               30         3.0902        17.9274
    3874             0               26         3.0709        17.6465
    3875             3               34         2.7538        17.1006
    3876             1               31         2.9482        16.4411
    3877             1               38         3.1364        17.5868
    3878             1               40         2.9607        17.1930
    3879             0               28         3.3815        17.0451
    3880             3               29         3.1639        17.4488
    3881             0               30         3.2348        17.1062
    3882             1               35         2.8786        16.8275
    3883             1               34         3.2910        17.1798
    3884             1               37         2.9139        17.4167
    3885             2               32         2.9610        17.6536
    3886             0               36         2.9094        18.1161
    3887             0               36         3.1163        17.8610
    3888             0               25         3.1980        17.1498
    3889             1               31         3.0393        16.1718
    3890             1               24         2.7712        16.9053
    3891             1               35         3.1160        17.2117
    3892             1               27         2.9434        16.1215
    3893             1               27         2.9885        16.2614
    3894             1               25         2.8149        17.3825
    3895             1               25         2.9623        16.6089
    3896             0               11         3.2689        17.8348
    3897             0               25         3.2008        17.4474
    3898             2               30         2.8505        16.5223
    3899             0               23         3.2172        16.0863
    3900             1               31         2.9540        16.5252
    3901             0               34         3.0654        16.9411
    3902             1               29         3.0625        16.4163
    3903             0               22         3.1396        16.2152
    3904             1               17         3.1954        15.7226
    3905             0               15         3.2998        16.8762
    3906             0               23         3.1158        17.1876
    3907             0               12         3.0776        17.2790
    3908             0               21         3.0963        18.0314
    3909             0               15         3.3238        17.9455
    3910             0               22         3.2093        18.0180
    3911             0                9         3.1259        16.8984
    3912             0               18         3.1363        17.3129
    3913             0                9         3.5101        16.6867
    3914             0               15         3.4302        17.7845
    3915             0               17         3.3860        17.9777
    3916             0               26         3.1833        17.3105
    3917             0                9         3.2588        18.0105
    3918             2               34         2.9613        17.3669
    3919             0               22         3.3212        18.3657
    3920             1               13         3.3627        18.2349
    3921             1               16         3.2757        17.4529
    3922             1               13         3.2803        18.3720
    3923             2               20         3.3792        17.2024
    3924             0               22         3.2565        17.1487
    3925             1               15         3.3579        18.7109
    3926             1               23         3.2042        19.3015
    3927             1               23         3.0168        19.0934
    3928             2               31         3.0123        18.8087
    3929             2               25         3.1134        18.7405
    3930             1               15         3.5238        19.3632
    3931             0               13         3.3463        19.9146
    3932             0               17         3.0019        19.2504
    3933             2               27         2.9470        19.4407
    3934             3               31         2.8687        18.3384
    3935             1               31         3.2268        18.9168
    3936             2               20         3.1622        18.1775
    3937             0               17         3.2215        19.2715
    3938             3               38         3.0432        19.0975
    3939             2               34         3.0997        18.7049
    3940             1               25         3.4411        18.9434
    3941             0               33         2.9614        17.7197
    3942             0               20         3.0354        18.3471
    3943             3               38         2.9502        19.1687
    3944             0               19         3.1340        17.9328
    3945             1               34         3.0287        17.4431
    3946             0               27         3.2028        18.0345
    3947             3               42         2.8358        17.8457
    3948             1               48         2.8478        17.3594
    3949             1               43         2.7488        17.6861
    3950             0               26         3.2136        16.9860
    3951             1               32         3.2212        17.7880
    3952             1               46         3.0768        17.1010
    3953             0               39         3.0686        17.1371
    3954             0               31         3.0114        17.2254
    3955             0               26         3.1870        17.5114
    3956             1               39         2.9673        17.4465
    3957             1               48         3.1117        17.1308
    3958             1               36         3.3475        17.1482
    3959             1               31         3.2372        16.6612
    3960             0               40         3.1391        17.2778
    3961             0               29         3.1472        17.0615
    3962             1               50         3.1451        16.9715
    3963             1               41         3.0833        17.2905
    3964             1               49         3.3052        16.4348
    3965             2               42         2.8525        16.7656
    3966             1               37         3.1186        16.3805
    3967             1               48         3.0766        17.0478
    3968             2               45         3.1336        16.8960
    3969             1               37         2.8520        17.5929
    3970             0               35         3.3362        16.4112
    3971             0               30         3.0820        16.2123
    3972             2               40         2.7706        16.2765
    3973             0               33         2.8762        15.6290
    3974             0               34         2.6279        15.3739
    3975             0               32         2.9274        16.2800
    3976             0               21         3.3307        16.1902
    3977             2               38         2.7194        15.9353
    3978             2               37         2.9883        15.9261
    3979             1               30         2.8927        15.7783
    3980             1               29         3.2420        15.6502
    3981             2               30         3.2240        15.0995
    3982             3               37         3.0814        15.1095
    3983             0               25         3.0534        14.9467
    3984             0               22         3.0448        14.8914
    3985             2               22         3.4258        14.6573
    3986             3               20         3.4375        14.7535
    3987             2               24         3.3059        14.9462
    3988             0               24         3.1643        14.9781
    3989             0               28         3.3955        14.4680
    3990             0               28         3.3947        14.4273
    3991             3               31         3.2496        14.8466
    3992             1               22         3.2599        15.1468
    3993             0               12         3.5308        15.1905
    3994             3               27         2.9853        15.1880
    3995             2               24         3.4547        14.8802
    3996             1               31         3.3653        15.1747
    3997             2               37         3.3205        14.8759
    3998             0               16         3.2687        16.0836
    3999             0               28         3.3172        15.6758
    4000             3               32         3.2963        14.6954
    4001             3               35         3.3531        15.1700
    4002             3               34         3.0413        15.8404
    4003             0               20         3.1664        15.8930
    4004             0               27         2.9806        15.9130
    4005             1               22         3.1425        15.0421
    4006             0               26         3.3854        15.5421
    4007             0               35         3.2251        15.5606
    4008             1               31         3.0800        14.5123
    4009             3               32         3.2872        14.6566
    4010             3               24         3.1128        15.4223
    4011             3               28         3.3166        14.9764
    4012             3               38         3.1498        14.9235
    4013             2               35         3.2796        14.9807
    4014             0               34         3.1866        15.4590
    4015             3               23         3.5322        14.8416
    4016             3               31         3.4766        15.0396
    4017             2               39         3.0282        14.8638
    4018             0               23         3.2940        14.9768
    4019             2               35         3.1508        14.5514
    4020             0               39         3.0304        14.1416
    4021             0               27         3.3849        14.3355
    4022             0               20         3.1275        14.3349
    4023             3               30         3.3084        14.6087
    4024             3               22         3.2904        14.4680
    4025             1               34         3.3949        15.3518
    4026             1               32         2.8992        14.6866
    4027             2               38         3.1162        14.4460
    4028             0               27         3.1918        15.1618
    4029             3               40         3.1633        14.6568
    4030             0               16         3.6852        15.6979
    4031             2               20         3.0417        15.2761
    4032             1               15         3.5729        16.3725
    4033             1               14         3.1494        15.5181
    4034             3               28         3.2948        15.5949
    4035             3               19         3.2605        15.0185
    4036             1               15         3.5574        16.6996
    4037             1               21         3.2879        16.6379
    4038             2               22         3.3217        16.6568
    4039             0               20         3.4296        16.0015
    4040             1               14         3.4947        16.2341
    4041             1               19         3.3075        16.0324
    4042             2               30         3.3710        15.9409
    4043             1               21         3.2669        16.8321
    4044             0               20         3.2581        17.7510
    4045             1               19         3.4206        15.8132
    4046             5               36         3.2464        15.4654
    4047             2               14         3.2970        16.0923
    4048             3               39         3.0553        15.4428
    4049             0               14         3.3686        16.2347
    4050             0               16         3.3141        16.2916
    4051             0                6         3.5806        17.1501
    4052             0               12         3.3701        15.7670
    4053             4               25         3.2862        15.3397
    4054             3               22         3.3649        15.5258
    4055             1               25         3.2128        15.2906
    4056             0               14         3.4481        15.6612
    4057             1                8         3.7587        16.1416
    4058             0               15         3.3738        15.5436
    4059             0               10         3.1963        16.4029
    4060             2               25         3.3664        16.5613
    4061             0               20         3.5162        16.7000
    4062             0               18         3.3813        16.0173
    4063             2               13         3.3815        16.7009
    4064             0               23         3.3712        16.8933
    4065             4               19         3.3609        17.3006
    4066             2               16         3.6012        16.6354
    4067             0               16         3.3112        16.4935
    4068             0               15         3.3090        16.3959
    4069             1               20         3.0337        17.0118
    4070             0               18         3.3908        16.9457
    4071             0               12         3.3215        16.5069
    4072             0               21         3.1385        15.5214
    4073             0               26         3.2619        14.7256
    4074             0               19         3.4976        15.5395
    4075             0                7         3.8332        17.1657
    4076             0               20         3.2999        15.4970
    4077             0               18         3.0085        16.1284
    4078             0               14         3.5805        16.3227
    4079             0               13         3.4690        16.7147
    4080             0               26         3.2824        17.7968
    4081             0               11         3.4636        17.7258
    4082             0               21         3.3658        17.7686
    4083             0               18         3.4085        17.9112
    4084             0               19         3.4439        18.8536
    4085             0               26         3.0339        17.7409
    4086             0               12         3.2362        18.1113
    4087             0               22         3.2345        17.6265
    4088             0               10         3.5457        17.2181
    4089             0               22         3.0508        16.8655
    4090             0               25         3.3174        17.1806
    4091             0               14         3.4092        16.6156
    4092             0               15         3.3085        17.4718
    4093             0               15         3.0426        16.8508
    4094             0               16         3.1851        18.3543
    4095             0               24         3.3991        17.1936
    4096             0               16         3.4256        18.0573
    4097             0               18         3.2932        18.2050
    4098             0               20         3.3749        17.5606
    4099             0               17         2.7651        17.6944
    4100             0               18         3.0981        17.6666
    4101             0               26         3.2078        15.3936
    4102             0               23         3.1622        15.0286
    4103             0               20         3.3383        14.9624
    4104             0               28         3.2341        14.4162
    4105             0               24         2.9812        15.5466
    4106             0               15         3.0905        15.8661
    4107             0               24         3.2934        16.6217
    4108             0               24         3.2747        15.5875
    4109             0               27         3.0884        15.0238
    4110             0               26         3.2650        15.8663
    4111             0               32         3.0742        16.2816
    4112             0               12         3.2429        15.4232
    4113             0               26         3.5007        15.4670
    4114             0               33         3.0554        15.0906
    4115             0               34         3.2157        16.0727
    4116             0               36         2.9466        16.2592
    4117             0               26         3.3531        15.7217
    4118             0               23         3.0319        16.1624
    4119             0               33         2.9108        16.1636
    4120             0               23         2.8654        15.5300
    4121             0               25         2.7312        16.0559
    4122             0               24         3.3522        15.8434
    4123             0               19         3.0069        16.4992
    4124             0               30         3.1106        16.1425
    4125             0               23         3.2282        15.7334
    4126             0               10         3.3173        16.7532
    4127             0               28         3.3243        16.3811
    4128             0               31         3.1101        15.5442
    4129             0               25         3.4143        15.9493
    4130             0               37         3.2336        15.5995
    4131             0               20         3.4809        15.6810
    4132             0               25         3.2800        16.2822
    4133             0               26         3.3548        15.4753
    4134             0               31         3.1404        15.7483
    4135             0               17         3.5468        16.7519
    4136             0                9         3.4609        16.4060
    4137             0               17         3.3643        17.3128
    4138             0               15         3.5050        16.2101
    4139             0               18         3.5563        15.3783
    4140             0               16         3.5631        15.8596
    4141             0               20         2.8612        15.9054
    4142             0               17         3.3015        15.8126
    4143             0               22         3.3709        15.9148
    4144             0               22         3.2911        15.9268
    4145             0               29         3.1309        16.0185
    4146             0               24         3.1195        17.3783
    4147             0               16         3.3006        16.2214
    4148             0               30         3.2495        17.2832
    4149             0               22         2.9544        16.6201
    4150             0               28         3.3128        15.7760
    4151             0               28         3.4463        15.1660
    4152             0               23         3.5407        15.6800
    4153             0               39         3.3712        15.7575
    4154             0               31         3.2380        15.2633
    4155             0               40         2.9054        15.8726
    4156             0               15         3.6619        15.8524
    4157             0               40         3.2127        16.2586
    4158             0               34         3.1875        15.4768
    4159             0               23         3.0039        14.7372
    4160             0               30         3.2906        15.6353
    4161             0               21         3.4820        16.0615
    4162             0               34         3.2144        15.8381
    4163             0               30         3.3070        15.4681
    4164             0               31         3.3155        15.1048
    4165             0               19         3.3791        15.2247
    4166             0               14         3.3950        16.8161
    4167             0               12         3.6171        15.9485
    4168             0               24         3.3706        16.3756
    4169             0               28         3.2318        16.9202
    4170             0               32         3.2376        16.4298
    4171             0               36         3.2939        16.8660
    4172             0               20         3.0442        16.7607
    4173             0               28         3.4186        16.2002
    4174             0               38         3.0663        15.6666
    4175             0               38         3.2513        14.6785
    4176             0               44         2.9102        14.9906
    4177             0               19         2.6859        14.8497
    4178             0               29         3.2280        14.6714
    4179             0               44         3.1735        15.2192
    4180             0               27         3.0024        15.0806
    4181             0               37         3.1986        15.8766
    4182             0               34         3.0324        14.8674
    4183             0               24         3.0112        15.5901
    4184             0               28         3.2679        15.1457
    4185             0               38         3.3846        15.7584
    4186             0               43         2.8263        15.9068
    4187             0               38         3.0069        16.0935
    4188             0               39         3.1023        16.3225
    4189             0               21         3.4970        16.4846
    4190             0               39         2.9649        16.7731
    4191             0               21         3.3410        18.5769
    4192             0               46         3.0209        16.0514
    4193             0               30         3.1862        16.4240
    4194             0               35         2.9731        15.9587
    4195             0               25         3.3164        15.4926
    4196             0               35         3.2012        15.2010
    4197             0               26         3.0967        17.4633
    4198             0               25         3.0660        16.2137
    4199             0               16         2.9676        16.8186
    4200             0               27         3.1698        16.0466
    4201             0               43         3.2171        15.9482
    4202             0               36         2.9614        15.9932
    4203             0               34         3.0474        16.8375
    4204             0               35         3.1215        16.3999
    4205             0               24         3.6068        17.0085
    4206             0               36         2.7913        16.6885
    4207             0               23         3.1124        16.1822
    4208             0               14         2.9528        17.2011
    4209             0               33         2.9478        17.0160
    4210             0               15         2.8996        17.3772
    4211             0               34         2.7255        16.8294
    4212             0               34         2.7605        17.4586
    4213             0               28         2.8718        17.2939
    4214             0               17         2.9538        17.4589
    4215             1               33         2.8314        17.1593
    4216             0               34         2.9269        17.2716
    4217             0               25         2.5678        17.0444
    4218             0               30         3.2300        17.1478
    4219             0               38         3.1518        16.7849
    4220             0               34         3.0920        16.5282
    4221             0               31         2.7786        16.8357
    4222             1               21         3.3445        15.8820
    4223             0               14         2.9290        15.7496
    4224             0               30         3.1940        15.8561
    4225             1               41         2.9769        15.0020
    4226             1               30         2.8291        15.2031
    4227             0               22         3.4011        15.4475
    4228             2               32         2.9385        15.5823
    4229             0               25         2.8380        15.6774
    4230             0               29         3.2130        15.6429
    4231             0               34         2.8316        16.4175
    4232             1               41         3.1139        15.6077
    4233             2               30         3.1223        15.0160
    4234             0               29         2.7451        15.2289
    4235             1               31         3.0782        15.7332
    4236             0               24         3.1584        15.3466
    4237             0               26         2.7080        16.0010
    4238             0               21         3.2894        14.8570
    4239             0               15         3.0928        15.1727
    4240             0               25         3.4702        14.4235
    4241             2               28         2.9575        15.3370
    4242             0               23         2.9413        14.6650
    4243             0               37         2.7834        14.4480
    4244             3               34         2.7889        16.4944
    4245             1               23         3.0704        15.6532
    4246             0               16         3.3973        16.2590
    4247             2               23         3.0453        15.0735
    4248             0               17         3.5074        15.5875
    4249             1               13         3.2753        15.7465
    4250             0               20         3.1485        15.5159
    4251             1               20         3.1183        15.6490
    4252             0                9         3.4256        15.9898
    4253             0                9         3.1387        15.6519
    4254             0               16         3.3567        16.0737
    4255             0               16         3.1624        16.2346
    4256             0               35         2.8899        15.2541
    4257             0               33         3.1787        15.0281
    4258             0               34         3.3680        16.6573
    4259             0               29         3.1266        15.7328
    4260             0               26         3.3273        16.6850
    4261             0               31         3.2052        16.8454
    4262             0               41         2.9057        16.2298
    4263             0               28         3.2236        16.7958
    4264             0               13         3.1492        16.4680
    4265             0               16         3.1539        16.8727
    4266             0               19         2.8277        16.6544
    4267             0               37         3.2110        17.4150
    4268             0               25         2.9450        16.8614
    4269             0               28         3.3134        16.1078
    4270             0               23         3.2281        16.8123
    4271             0               20         3.2510        16.4233
    4272             0               27         2.7693        16.6641
    4273             0               23         3.2215        16.9567
    4274             0               26         3.1850        17.4056
    4275             1               25         2.9781        17.6331
    4276             0               29         3.2794        17.3308
    4277             0               35         2.9373        17.1196
    4278             0               12         2.9716        17.6416
    4279             0               17         3.1695        17.5311
    4280             0               26         3.2601        17.2555
    4281             0               28         2.7696        17.3522
    4282             0               39         2.9292        17.2582
    4283             0               23         3.3181        16.7785
    4284             0               24         2.9423        17.6185
    4285             0               31         2.7067        17.1431
    4286             0               39         2.6906        17.2112
    4287             0               35         2.7128        17.0869
    4288             0               39         2.8849        16.9901
    4289             0               32         3.1260        16.7914
    4290             1               22         2.7168        16.5812
    4291             0               34         2.9806        17.0073
    4292             0               38         2.7056        16.7139
    4293             0               33         3.0681        16.7010
    4294             0               30         2.9411        17.2052
    4295             0               17         2.8826        18.2435
    4296             0               27         3.0393        18.7797
    4297             0               37         2.8799        18.4289
    4298             0               38         2.8524        18.4970
    4299             0               33         3.0204        17.4550
    4300             0               35         2.9707        16.8807
    4301             0               32         3.1384        17.3336
    4302             0               31         3.0300        18.6180
    4303             0               39         2.8106        19.0351
    4304             0               33         3.1020        18.4223
    4305             0               17         3.1768        17.4889
    4306             0               37         2.9785        18.8812
    4307             0               41         2.9609        17.6444
    4308             0               30         2.9313        17.1213
    4309             0               19         3.0789        17.2221
    4310             0               35         2.9947        18.1602
    4311             0               23         2.7539        16.3293
    4312             0               21         2.9013        16.1980
    4313             0               33         3.0893        17.2496
    4314             0               29         2.8553        18.8163
    4315             0               37         2.9137        18.9351
    4316             0               31         2.7911        19.4196
    4317             0               25         2.9504        18.7697
    4318             0               28         2.8890        19.4396
    4319             0               30         2.9676        19.7099
    4320             0               27         3.1172        20.1966
    4321             0               26         3.1376        20.4377
    4322             0               28         2.9324        19.1919
    4323             0               36         3.0654        20.0104
    4324             0               26         2.8529        19.9087
    4325             0               31         2.9371        19.9871
    4326             0               36         2.8437        19.0812
    4327             0               27         2.9520        18.5321
    4328             0               24         3.1131        18.1074
    4329             0               18         3.0001        19.9371
    4330             0               21         3.1040        19.1683
    4331             0               18         2.9852        20.0543
    4332             0               38         2.7743        18.8374
    4333             0               26         2.7730        19.5248
    4334             0               35         3.0683        19.7812
    4335             0               29         2.9913        18.3866
    4336             0               27         2.9605        18.5147
    4337             0               27         2.8725        18.9932
    4338             0               31         2.9125        19.4810
    4339             0               22         3.1270        19.2977
    4340             0               21         2.9801        20.2096
    4341             0               22         2.9565        19.9954
    4342             0               29         2.8612        20.6246
    4343             0               32         2.9747        20.1873
    4344             0               38         2.9080        20.2539
    4345             0               42         2.7555        20.0618
    4346             0               24         3.0812        20.3738
    4347             0               19         3.0861        20.4243
    4348             0               23         2.8988        20.3503
    4349             0               28         2.8211        20.1079
    4350             0               16         3.2276        20.6261
    4351             0               23         3.0142        19.4755
    4352             0               32         2.7617        18.9901
    4353             0               22         2.9387        19.8455
    4354             0               27         2.7131        19.8921
    4355             0               28         2.7397        20.5505
    4356             0               25         2.9413        20.2475
    4357             0               31         2.8968        17.7088
    4358             0               24         2.8458        17.8387
    4359             0               40         2.8312        18.7597
    4360             0               27         2.8347        18.2618
    4361             0               20         2.9157        17.9793
    4362             0               20         2.8207        18.7661
    4363             0               29         2.8964        20.3591
    4364             0               28         2.9186        19.9949
    4365             0               28         3.0398        18.4833
    4366             0               31         2.7909        17.6190
    4367             0               30         3.0187        17.4968
    4368             0               29         2.9164        17.3641
    4369             1               36         2.8381        16.2614
    4370             0               19         2.7258        20.1461
    4371             0               26         2.9609        18.5779
    4372             0               26         2.7892        16.9533
    4373             0               31         2.8251        18.6134
    4374             0               30         2.7336        18.9026
    4375             0               20         2.7096        19.7514
    4376             0               23         2.7834        18.9829
    4377             0               24         2.7641        19.2719
    4378             0               15         3.0540        20.1047
    4379             0               17         2.9046        19.7801
    4380             0               21         2.9634        19.4163
    4381             0               13         3.2747        19.1514
    4382             0               23         2.8120        19.7504
    4383             0               20         2.9966        19.6582
    4384             0               21         2.8433        19.6622
    4385             0               17         2.9598        20.0946
    4386             0               15         2.9203        20.2466
    4387             0               11         3.1366        21.0713
    4388             0               12         3.0485        21.3880
    4389             0               20         2.8421        22.3800
    4390             0               19         2.8404        21.9150
    4391             0               13         3.0842        22.1213
    4392             0               23         2.9846        21.9112
    4393             0               19         2.7964        20.5139
    4394             0               22         2.7480        20.7165
    4395             0               31         2.8125        19.7970
    4396             0               28         2.7639        20.3396
    4397             0               28         2.7844        20.1448
    4398             0               26         2.8067        20.4299
    4399             0               25         3.1084        20.2751
    4400             0               18         3.1454        20.5713
    4401             0               25         3.0699        20.7902
    4402             0               23         2.9019        20.6957
    4403             0               18         2.7114        20.1548
    4404             0               16         3.0093        20.2462
    4405             0               17         2.9050        20.1132
    4406             0               24         2.8319        19.7616
    4407             0               19         2.8243        19.6796
    4408             0               27         2.9003        20.0507
    4409             0               21         2.8352        19.6754
    4410             0               19         2.9558        19.6165
    4411             0               23         2.8080        19.7363
    4412             0               18         2.9165        20.3040
    4413             0               21         2.9312        19.0669
    4414             0               21         2.7504        19.4847
    4415             0               13         3.0035        18.9794
    4416             0               21         2.8403        19.3002
    4417             0               20         2.8862        19.9181
    4418             0               16         2.8473        18.1540
    4419             0               21         2.7784        18.7963
    4420             0               17         2.8064        19.9790
    4421             0               22         2.9646        18.6099
    4422             0               14         3.0533        20.3389
    4423             0               11         3.2316        20.4773
    4424             0               19         2.9171        20.0293
    4425             0               17         2.9080        19.6502
    4426             0               22         2.8573        19.9729
    4427             0               16         2.8924        19.8117
    4428             0               15         2.8300        20.1456
    4429             0               26         2.8352        20.7331
    4430             0               19         2.8669        20.1267
    4431             0               20         2.7948        20.9401
    4432             0               19         2.9838        20.8586
    4433             0               21         2.7649        20.7152
    4434             0               17         2.7357        21.0154
    4435             0               19         3.0702        20.5495
    4436             0               14         3.0042        20.4015
    4437             0               20         2.8193        21.0528
    4438             0               33         2.7791        20.2815
    4439             0               29         2.8063        20.6814
    4440             0               40         2.8657        20.9184
    4441             0               20         3.2304        20.8048
    4442             0               28         3.0551        20.9944
    4443             0               31         3.0218        20.9291
    4444             0               29         2.9770        21.1954
    4445             0               31         2.7456        20.9369
    4446             0               23         2.8812        21.1047
    4447             0               31         2.8161        21.6849
    4448             0               22         2.8260        20.9030
    4449             0               20         2.8041        20.3093
    4450             0               22         3.0029        20.1446
    4451             0               26         2.8084        20.4824
    4452             0               29         2.8019        19.1937
    4453             0               20         2.8662        21.6687
    4454             0               23         3.0663        21.5823
    4455             0               26         3.1946        20.8893
    4456             0               23         2.8915        20.9030
    4457             0               22         3.1348        21.1781
    4458             0               23         3.1616        19.8727
    4459             0               23         2.8949        19.5358
    4460             0               28         2.8271        19.9896
    4461             0               31         2.7126        20.0515
    4462             0               26         3.0687        18.9331
    4463             0               27         2.9376        18.8979
    4464             0               19         3.0722        19.0602
    4465             0               30         2.8425        19.2405
    4466             0               22         2.9345        19.5461
    4467             0               27         2.9799        19.5900
    4468             0               26         2.9331        18.7951
    4469             1               20         2.9711        19.0578
    4470             0               16         2.9312        17.7338
    4471             1               31         2.7461        16.8988
    4472             0               33         2.8806        17.8088
    4473             0               32         2.8495        18.5558
    4474             0               32         2.9412        18.1576
    4475             1               28         2.9367        16.9131
    4476             1               20         3.0099        17.1207
    4477             0               40         2.7883        17.9388
    4478             0               23         2.8173        17.9313
    4479             0               24         2.7626        17.9132
    4480             0               23         3.0617        17.5860
    4481             0               26         2.8901        17.8154
    4482             0               22         2.9412        17.7438
    4483             0               14         2.8536        16.9712
    4484             0               19         2.8739        17.2648
    4485             0               21         3.0540        18.9571
    4486             0               14         3.0776        18.5412
    4487             0               12         2.8630        17.7151
    4488             0               15         2.9061        19.3893
    4489             0               24         2.7920        18.2597
    4490             0               11         2.6937        18.2547
    4491             0                6         3.4724        17.4582
    4492             0               10         2.8852        17.8610
    4493             0                9         2.9469        19.0112
    4494             0               17         2.8144        18.5747
    4495             0                9         2.7934        18.1147
    4496             0               17         2.8905        16.5027
    4497             0               17         2.7617        16.5235
    4498             0               16         2.8005        16.2235
    4499             0               17         2.9057        15.6391
    4500             0               16         2.8712        14.8282
    4501             0               21         2.6637        15.8117
    4502             0               13         3.1673        16.7493
    4503             1               12         2.9485        16.5306
    4504             0               18         2.7840        17.2622
    4505             0               15         3.2041        16.4726
    4506             0               20         3.1346        16.9546
    4507             1               16         2.7121        17.3146
    4508             0               14         2.8730        16.9190
    4509             2               20         2.8763        18.1487
    4510             1                7         2.9112        16.6305
    4511             1               16         2.8803        16.8211
    4512             0               12         3.0758        16.5267
    4513             0               14         2.8469        16.3093
    4514             0               17         2.8904        16.4144
    4515             1               17         3.1804        17.0192
    4516             0               15         2.8905        16.3936
    4517             0               16         2.7394        16.2107
    4518             0               10         2.9146        16.6424
    4519             0               11         3.0875        15.8553
    4520             0               13         2.8494        15.1860
    4521             0               11         2.9556        16.1332
    4522             0               16         2.8408        16.1611
    4523             0               20         2.6853        17.0794
    4524             0               17         2.7883        15.6845
    4525             0               18         2.8977        16.3679
    4526             0               28         2.8982        15.7259
    4527             0               19         2.7982        16.8197
    4528             0               20         2.9201        15.5767
    4529             0               23         2.8330        15.6780
    4530             0               15         3.2856        15.1546
    4531             0               23         2.7723        15.9583
    4532             0               19         2.7651        17.8569
    4533             0               21         2.8549        18.1048
    4534             0               24         2.8288        17.4571
    4535             0               23         2.8883        16.8187
    4536             0               16         2.9341        16.5739
    4537             0                9         3.2466        16.8557
    4538             0               24         2.9230        16.4126
    4539             0               19         2.7196        17.0451
    4540             0               24         2.8745        17.7634
    4541             0               26         2.7181        17.8864
    4542             0               27         2.8516        18.1270
    4543             0               25         3.0439        19.0528
    4544             0               20         2.8125        18.3788
    4545             0               23         2.7156        19.5218
    4546             0               34         2.7535        18.8058
    4547             0               17         2.8436        19.3879
    4548             0               17         3.0011        19.4242
    4549             0               25         2.8086        18.6411
    4550             0               26         2.7690        18.7220
    4551             0               26         2.9100        18.4630
    4552             0               12         3.0480        17.2589
    4553             0               25         2.9649        18.6598
    4554             0               16         3.1077        19.9078
    4555             0               26         2.9950        20.9765
    4556             0               24         2.9470        20.8000
    4557             0               23         2.9804        20.5745
    4558             0                9         3.0828        21.2562
    4559             0               22         3.1342        20.2166
    4560             0               24         2.8390        20.9281
    4561             0               26         3.0335        20.8721
    4562             0               19         2.7620        21.7652
    4563             0               20         2.9054        21.2844
    4564             0               18         2.8911        21.2795
    4565             0               21         3.0254        20.8089
    4566             0               22         2.8359        21.4554
    4567             0               18         2.8771        21.9511
    4568             0               23         2.7737        21.0755
    4569             0               22         2.7139        20.6579
    4570             0               19         3.1478        20.5684
    4571             0               23         3.0475        20.4549
    4572             0               18         2.8922        19.4110
    4573             0               19         3.1523        20.4222
    4574             0               20         2.8514        21.0023
    4575             0               22         2.8608        20.5192
    4576             0               18         3.2072        20.5024
    4577             0               24         2.8980        20.5812
    4578             0               24         2.7880        19.9920
    4579             0               27         3.0452        20.6247
    4580             0               19         3.0578        21.2615
    4581             0               23         2.8878        21.0856
    4582             0               21         2.9114        20.6076
    4583             0               15         3.3180        21.0144
    4584             0                9         2.9633        20.3902
    4585             0               11         2.8723        20.5678
    4586             0               16         2.7041        21.6628
    4587             0               10         3.0015        21.4001
    4588             0               16         2.9806        22.3061
    4589             0               17         2.8763        22.7477
    4590             0               16         3.0758        22.1663
    4591             0               10         2.9319        22.3057
    4592             0               11         3.0311        21.7064
    4593             0               17         2.8933        21.5669
    4594             0               12         2.8590        21.5849
    4595             0               18         2.7306        21.3797
    4596             0               23         2.7035        20.0109
    4597             0               23         2.7633        21.1969
    4598             0               29         2.9757        20.6575
    4599             0               25         3.0652        20.7425
    4600             0               22         2.7165        20.3944
    4601             0               17         3.1587        22.1600
    4602             0               17         2.9721        20.8499
    4603             0               22         2.8156        20.7712
    4604             0               21         2.8244        21.0311
    4605             0               21         2.8542        20.3338
    4606             0               14         2.9335        21.5257
    4607             0               18         2.8519        19.9552
    4608             0               19         2.7866        21.5169
    4609             0               29         2.8022        21.7590
    4610             0               32         2.6706        20.6934
    4611             0               26         2.9070        20.4946
    4612             0               33         2.9938        20.2122
    4613             0               33         2.7582        20.4191
    4614             0               18         3.4380        19.6216
    4615             0               15         3.4819        19.6765
    4616             0               18         3.2307        19.5382
    4617             0               11         3.2414        19.0284
    4618             0               13         3.6186        19.3816
    4619             0               14         3.2049        18.8009
    4620             0               14         3.1451        18.7108
    4621             0               10         3.2202        20.3229
    4622             0                8         3.2277        20.1738
    4623             0                2         3.1461        20.2932
    4624             0               11         3.1074        20.1804
    4625             0               16         3.2958        19.4437
    4626             0                9         3.2665        19.3800
    4627             0                8         3.1473        18.0670
    4628             0                9         3.6207        18.6678
    4629             0               19         2.9724        19.3597
    4630             0               15         3.3666        19.7108
    4631             0                7         3.4209        20.2134
    4632             0               12         3.2483        19.3188
    4633             0               19         3.1609        18.5923
    4634             0                6         3.2173        18.7339
    4635             0               15         3.3852        18.2918
    4636             0               13         3.3761        17.3094
    4637             0                8         3.3030        17.4198
    4638             0                8         3.5592        19.1757
    4639             0               12         3.3349        18.5009
    4640             0                9         3.3979        18.7913
    4641             0               18         3.0869        18.6933
    4642             0               10         3.5063        19.5341
    4643             0                7         3.3669        18.0423
    4644             0                6         3.1575        17.5701
    4645             0               13         3.3864        18.4812
    4646             0               11         3.4756        18.6896
    4647             0                6         3.5038        18.3768
    4648             0               11         3.2957        16.9660
    4649             0               15         3.1176        15.9332
    4650             0                7         3.4317        16.1514
    4651             0                9         3.3371        15.1389
    4652             0               12         3.3446        16.4140
    4653             0                9         3.5718        16.9744
    4654             0                8         3.3462        17.1824
    4655             0                9         3.4216        16.3220
    4656             0               11         3.2398        18.2820
    4657             0               19         3.2588        16.5200
    4658             0               16         3.4294        17.0069
    4659             0               21         3.3937        16.6819
    4660             0                9         3.4667        15.9667
    4661             0               24         3.4618        16.2992
    4662             0               12         3.2393        17.1082
    4663             0                9         3.1171        17.3529
    4664             0               24         3.3595        16.9871
    4665             0               19         3.0966        16.7947
    4666             0               13         3.3816        17.1513
    4667             1               29         3.2100        16.4848
    4668             0               35         3.1231        17.3120
    4669             0               16         3.4521        17.2578
    4670             0               23         3.2169        15.7576
    4671             0               13         3.6053        16.5200
    4672             0               14         3.2409        16.5656
    4673             0               30         3.1061        17.2170
    4674             0               22         3.2969        17.2879
    4675             0               19         3.3820        16.6473
    4676             1               36         2.9960        17.1440
    4677             0               19         3.1649        16.2099
    4678             0               15         3.4207        16.2961
    4679             0               12         3.5549        16.7973
    4680             0               25         3.0105        16.0561
    4681             0               12         3.5455        15.8252
    4682             0               21         3.4042        16.0826
    4683             0               15         3.2061        15.5673
    4684             0               22         3.3108        15.5038
    4685             0                7         3.5249        16.1185
    4686             0               22         3.4572        15.2021
    4687             0               12         3.5616        16.5605
    4688             0               22         3.4228        16.4423
    4689             0               11         3.3009        15.9410
    4690             0               17         3.2978        15.7832
    4691             0               13         3.3546        16.2747
    4692             0                6         3.5798        17.3357
    4693             0               20         3.4036        16.7001
    4694             0               13         3.2580        15.0317
    4695             1               15         3.4140        15.8314
    4696             0               20         3.2977        14.9839
    4697             0               17         3.3645        15.0297
    4698             0               14         3.5608        15.9634
    4699             0               15         3.3612        15.3069
    4700             0               21         3.2132        15.1337
    4701             0               21         3.3270        16.0018
    4702             0               23         3.0704        16.6855
    4703             0               24         3.2333        15.5490
    4704             0               18         3.0979        16.6100
    4705             0               15         3.3771        15.5686
    4706             0               19         3.3196        15.2441
    4707             0               12         3.3962        15.5351
    4708             0               14         3.3835        15.5975
    4709             0               15         3.2185        16.0272
    4710             0                9         3.4476        16.7022
    4711             0               14         3.4540        16.1661
    4712             0                8         3.3717        15.2323
    4713             0               12         3.5146        15.8255
    4714             0                9         3.4409        15.7470
    4715             0               14         3.2766        15.5064
    4716             0               11         3.1383        15.3760
    4717             1               19         3.0267        15.8452
    4718             0               10         3.5169        16.3866
    4719             0               16         3.4658        15.5195
    4720             0               21         3.1749        15.6109
    4721             0               11         3.5552        15.6693
    4722             1               25         3.3472        15.9335
    4723             0               15         3.0249        14.5517
    4724             0               22         3.3016        15.2584
    4725             1               33         3.1974        16.4477
    4726             2               30         3.2821        15.2948
    4727             2               36         3.2694        15.6562
    4728             0               23         3.2612        15.4792
    4729             1               31         3.2873        15.8084
    4730             2               45         3.1336        16.0240
    4731             0               26         3.0842        15.5792
    4732             0               30         3.0990        15.2302
    4733             0                8         3.4138        16.5982
    4734             0               15         3.2745        16.0542
    4735             0               22         2.9531        14.4019
    4736             0               14         3.6591        16.8256
    4737             2               27         2.9106        15.3817
    4738             2               20         3.3375        15.4125
    4739             1               37         3.2912        15.9106
    4740             0               19         3.4228        16.3273
    4741             0               18         3.4931        15.8578
    4742             2               35         3.1963        16.8783
    4743             0               19         3.1252        15.9750
    4744             2               36         3.2791        16.0307
    4745             1               22         3.4799        17.1662
    4746             1               28         3.3162        16.6694
    4747             1               20         3.2889        16.6351
    4748             0               36         2.9589        16.6477
    4749             1               24         3.1339        15.4139
    4750             2               22         3.0559        15.6101
    4751             0               30         3.3802        16.9647
    4752             1               20         3.4473        17.7758
    4753             0               34         3.2148        15.6338
    4754             0               27         3.5237        15.1060
    4755             2               26         3.2649        16.2984
    4756             1               24         3.0915        16.0409
    4757             0               26         2.9810        15.7168
    4758             0               18         3.3110        16.3467
    4759             2               34         3.0744        16.5675
    4760             0               25         3.3176        16.8062
    4761             2               26         3.2576        16.1610
    4762             1                8         3.5665        17.0109
    4763             1               14         3.3497        16.3621
    4764             1               26         3.0279        17.2197
    4765             2               24         3.0213        17.2708
    4766             2               11         3.3866        17.6818
    4767             1               24         3.3390        17.1464
    4768             1               24         3.2418        17.5216
    4769             1               32         3.0577        15.1015
    4770             1               19         3.3604        15.1187
    4771             1               21         3.6334        16.4269
    4772             1               19         3.5038        16.1715
    4773             2               27         3.2139        15.9088
    4774             1               18         3.4725        16.2068
    4775             1               20         3.3114        16.0833
    4776             0               20         3.2647        16.3196
    4777             3               24         2.8116        17.2643
    4778             1               15         3.3548        17.5257
    4779             2               27         2.8623        16.4753
    4780             1               22         3.1457        17.1363
    4781             1               23         3.1655        17.4146
    4782             1               24         2.9973        17.9466
    4783             1               26         3.2135        18.2456
    4784             2               32         3.0180        16.0784
    4785             0               39         2.8491        17.8900
    4786             0               30         3.2342        17.3694
    4787             3               35         3.1916        17.3126
    4788             0               27         3.3141        16.7613
    4789             0               28         3.4455        17.0556
    4790             2               21         2.9463        16.3401
    4791             2               20         3.0402        15.8900
    4792             1               26         3.3377        15.6162
    4793             0               22         3.2447        16.2008
    4794             0               31         3.2063        15.7844
    4795             0               21         3.0565        16.0221
    4796             3               47         2.9856        15.8340
    4797             0               14         3.3604        15.2793
    4798             1               31         3.2600        15.2919
    4799             1               30         3.2513        16.0472
    4800             1               27         2.8663        15.3366
    4801             0               18         2.6428        16.2910
    4802             1               26         2.7565        15.7616
    4803             0               24         3.2703        15.3791
    4804             1               28         3.1806        14.6882
    4805             0               24         3.1935        15.2981
    4806             0               29         3.3297        15.2061
    4807             0               19         3.4706        16.3761
    4808             0               30         3.3046        16.7169
    4809             0               31         3.1011        16.2995
    4810             0               32         2.9596        14.9369
    4811             0               18         3.2456        15.9842
    4812             0               22         3.1892        15.6766
    4813             0               22         3.2993        15.2999
    4814             0               27         3.1807        16.5512
    4815             0               23         3.4207        15.6500
    4816             0               37         3.3103        15.2310
    4817             0               23         3.0396        15.2364
    4818             0               20         3.1756        16.5364
    4819             0               17         3.1458        15.4620
    4820             0               40         3.0947        16.1301
    4821             0               22         3.3728        16.4680
    4822             0               26         3.2678        15.8330
    4823             0               17         3.0478        16.4586
    4824             0               23         3.2115        17.1832
    4825             0               24         3.2831        16.7572
    4826             3               20         3.3067        17.7099
    4827             2               34         2.7880        18.1044
    4828             2               19         3.3309        19.0588
    4829             1               28         3.0988        17.6292
    4830             1               20         3.1776        17.8511
    4831             0                9         3.1830        17.9230
    4832             0               27         3.0704        17.8521
    4833             3               30         3.1776        18.9463
    4834             3               15         3.1008        17.3780
    4835             0               19         3.0689        17.7878
    4836             2               22         3.0619        18.7240
    4837             3               20         3.2065        18.7784
    4838             3               25         3.3441        18.4746
    4839             1               12         3.2709        17.9521
    4840             2               21         2.9766        18.8822
    4841             1               32         3.0866        18.3402
    4842             1               32         3.1436        17.0935
    4843             0               19         3.3295        16.6487
    4844             1               30         3.2111        17.3938
    4845             1               28         3.1135        16.6016
    4846             0               26         3.0961        17.4746
    4847             0               14         3.3627        17.3953
    4848             2               17         3.2352        18.6042
    4849             1               17         3.4917        16.8340
    4850             2               24         3.3160        18.3066
    4851             2               24         3.1351        18.1519
    4852             0               28         3.1278        17.9805
    4853             2               28         3.2616        18.4926
    4854             1               33         3.1910        17.9359
    4855             1               22         2.8796        18.9316
    4856             2               35         3.1670        17.1409
    4857             2               27         3.0397        17.9274
    4858             1               36         2.8779        18.7532
    4859             1               31         3.0343        19.1298
    4860             1               33         3.1397        17.6705
    4861             0               11         3.4515        16.4295
    4862             2               48         3.1411        16.7082
    4863             1               28         3.4391        16.2040
    4864             2               27         3.1843        16.7584
    4865             0               36         3.2639        16.1519
    4866             3               43         3.0883        15.8925
    4867             0               42         2.9984        15.5001
    4868             2               38         3.1580        16.1728
    4869             0               36         3.0153        16.8667
    4870             2               19         3.4274        17.1602
    4871             0               20         3.3573        18.4800
    4872             1               21         3.2144        17.6475
    4873             1               16         3.4109        16.1082
    4874             1               36         2.9068        15.9370
    4875             0               13         3.4974        15.0157
    4876             0               23         3.3423        15.3586
    4877             2               22         3.0465        16.4421
    4878             1               30         3.0860        16.3573
    4879             3               30         2.9182        16.6723
    4880             1               34         3.1828        16.7106
    4881             0               22         3.2552        17.0558
    4882             1               18         3.1531        16.2489
    4883             1               27         3.0421        15.9769
    4884             0               40         3.1491        15.6213
    4885             1               20         3.1524        15.8991
    4886             0               24         3.2997        15.2362
    4887             0               26         3.3144        14.8289
    4888             1               34         3.0775        17.1010
    4889             0               16         3.2068        16.8402
    4890             0               24         2.9768        15.3957
    4891             3               27         3.3416        15.4756
    4892             3               32         3.1649        15.2124
    4893             0               20         3.3442        15.4318
    4894             0               28         3.3003        14.1444
    4895             0               32         3.2876        15.2668
    4896             0               27         3.1834        14.6932
    4897             1               33         3.3502        15.5754
    4898             2               35         3.1072        15.6558
    4899             1               30         3.2878        14.6619
    4900             0               18         3.4387        15.1028
    4901             0               23         3.3168        15.0596
    4902             0               32         3.1320        15.2830
    4903             0               32         3.2298        15.7547
    4904             0               35         2.9410        14.6443
    4905             0               21         3.4916        15.1324
    4906             0               24         3.0607        15.2385
    4907             0               19         3.5102        15.7514
    4908             0               23         3.1481        15.2893
    4909             0               23         3.0686        15.7347
    4910             0               13         3.2753        17.3444
    4911             0               31         2.9082        17.7019
    4912             0               31         2.9628        17.1538
    4913             1               21         2.7645        17.0411
    4914             0               29         2.8317        17.2374
    4915             0               15         3.3476        18.0507
    4916             1               28         3.0901        17.3658
    4917             2               21         3.0494        17.6073
    4918             1               14         3.0207        16.4336
    4919             0               28         3.3833        17.6459
    4920             0               31         3.0180        17.1022
    4921             0               39         2.8787        18.2818
    4922             0               35         3.0284        17.4194
    4923             0               28         3.0765        18.0086
    4924             0               25         2.8784        17.4698
    4925             1               18         3.0211        16.4645
    4926             0               15         2.9725        17.6615
    4927             0               10         2.9551        17.3757
    4928             0               10         3.0625        17.5648
    4929             0               14         2.9360        15.9354
    4930             2               18         2.7479        16.9492
    4931             0               15         2.8789        17.3368
    4932             0                9         3.3398        17.8213
    4933             0               10         3.2034        18.0257
    4934             0                7         3.3721        19.4793
    4935             0               12         3.2246        19.1133
    4936             0                9         3.4313        18.3499
    4937             1               14         3.3687        20.1492
    4938             0                8         3.4229        17.7530
    4939             1               17         3.2727        19.6342
    4940             0                7         3.4025        19.0405
    4941             1                2         3.7848        20.1064
    4942             1                6         3.7328        19.5867
    4943             1                4         3.5786        20.1786
    4944             0                4         3.4232        20.1389
    4945             0                2         3.8169        20.1118
    4946             1                9         3.4130        18.9524
    4947             1                6         3.4751        20.1998
    4948             0                2         3.8450        19.9410
    4949             0                6         3.6086        19.5285
    4950             1                5         3.3963        19.9201
    4951             1               15         3.3970        19.8514
    4952             0                8         3.4282        19.9329
    4953             1               11         3.2503        19.0919
    4954             0                4         3.5772        18.6345
    4955             1                4         3.6329        18.3626
    4956             0                7         3.1752        18.1812
    4957             1                9         3.2168        18.9803
    4958             1               22         3.4201        17.8329
    4959             0                7         3.4679        16.4794
    4960             0                3         3.2369        17.9372
    4961             0               13         3.2663        16.6988
    4962             0                9         3.0966        19.1450
    4963             0                4         3.2883        20.0534
    4964             0                9         3.4097        19.2837
    4965             0                9         3.7253        19.4886
    4966             0               13         3.0440        18.9362
    4967             0               14         3.5693        18.5113
    4968             0               15         3.1294        18.4005
    4969             0               10         3.3380        18.3903
    4970             2               31         2.9839        18.3535
    4971             4               17         2.8641        19.8744
    4972             0               13         3.2635        19.0237
    4973             0               20         3.3093        18.6692
    4974             0                8         3.4702        19.4066
    4975             0               13         3.3107        18.3815
    4976             1               25         3.0393        19.7897
    4977             0               17         3.3889        19.2240
    4978             1               18         3.0288        19.4727
    4979             2               28         2.8645        18.3622
    4980             0                9         3.4617        17.5664
    4981             0               17         3.3473        18.3132
    4982             0               21         3.1129        18.1186
    4983             2               27         2.8112        17.0876
    4984             1               12         3.2114        17.9839
    4985             1               15         3.1845        17.5952
    4986             1               26         2.9946        17.4517
    4987             0               27         3.1469        17.3824
    4988             1               29         2.9973        17.4127
    4989             0                9         2.9080        16.6772
    4990             1               18         3.0150        18.2561
    4991             1               33         3.1896        17.9966
    4992             1               25         3.1452        17.2928
    4993             1               28         3.0941        17.4754
    4994             2               30         3.0156        17.4663
    4995             0               15         3.3049        17.4326
    4996             1               32         2.9279        17.5334
    4997             1               26         3.2213        17.8207
    4998             1               30         3.0306        17.4091
    4999             2               28         3.3718        17.5909
    5000             0               23         3.1000        17.8533
