#Frame     PEPTIDE_BB
       1       0.0000
       2       0.7283
       3       0.8736
       4       0.8977
       5       1.0309
       6       1.4793
       7       1.4090
       8       0.9952
       9       1.2689
      10       1.2006
      11       1.3020
      12       0.8239
      13       0.8326
      14       0.8335
      15       0.8131
      16       0.9275
      17       1.1123
      18       1.2423
      19       1.0711
      20       0.9330
      21       1.1314
      22       1.2592
      23       1.3343
      24       1.4169
      25       1.6290
      26       1.5583
      27       1.4311
      28       1.2291
      29       1.1624
      30       1.0724
      31       1.2681
      32       1.3237
      33       1.3136
      34       1.2863
      35       1.3660
      36       0.8487
      37       1.1337
      38       1.3788
      39       1.1809
      40       1.0951
      41       1.2566
      42       1.6665
      43       1.5295
      44       1.6342
      45       1.6448
      46       1.5947
      47       1.4379
      48       1.2829
      49       1.2647
      50       1.4190
      51       1.2618
      52       1.4459
      53       1.5066
      54       1.5106
      55       1.7471
      56       1.3543
      57       1.6229
      58       1.7688
      59       2.1817
      60       1.9947
      61       2.2186
      62       1.9042
      63       1.6892
      64       2.0938
      65       2.1753
      66       1.9950
      67       1.8509
      68       1.6640
      69       2.0162
      70       1.9973
      71       2.1325
      72       1.8420
      73       1.6531
      74       1.9009
      75       1.8130
      76       1.9150
      77       2.0399
      78       2.1618
      79       2.5935
      80       2.5427
      81       2.2610
      82       2.2287
      83       2.4671
      84       2.6414
      85       2.4321
      86       2.3795
      87       2.6390
      88       2.5167
      89       2.1613
      90       2.1376
      91       2.3052
      92       1.8716
      93       1.6885
      94       1.8539
      95       1.9313
      96       1.7009
      97       1.7737
      98       1.6739
      99       1.9303
     100       1.6286
     101       1.6065
     102       1.5485
     103       1.6813
     104       1.6572
     105       1.3867
     106       1.2945
     107       1.3604
     108       1.3289
     109       1.7812
     110       1.7789
     111       1.6390
     112       1.8888
     113       1.9582
     114       2.1063
     115       2.3624
     116       2.1268
     117       1.7744
     118       1.4523
     119       1.6148
     120       1.8449
     121       1.9493
     122       1.7197
     123       2.0330
     124       1.8337
     125       2.0035
     126       1.7950
     127       1.7800
     128       1.7052
     129       2.1346
     130       1.9646
     131       2.1761
     132       2.4613
     133       2.4116
     134       2.4459
     135       1.9861
     136       2.0002
     137       2.0587
     138       2.4118
     139       2.3134
     140       2.1742
     141       2.1794
     142       1.7988
     143       1.5142
     144       1.9922
     145       1.9578
     146       1.8033
     147       1.7313
     148       1.8060
     149       1.9449
     150       2.3219
     151       2.5259
     152       2.3655
     153       2.0804
     154       2.2248
     155       1.9888
     156       2.2343
     157       2.4623
     158       2.5725
     159       2.5088
     160       2.5517
     161       2.4307
     162       2.4061
     163       2.4749
     164       2.6061
     165       2.5402
     166       2.1133
     167       2.1740
     168       2.0860
     169       1.8681
     170       1.6873
     171       1.7805
     172       1.9253
     173       1.7539
     174       1.7780
     175       1.3368
     176       1.1831
     177       1.5234
     178       1.9425
     179       1.8132
     180       1.6578
     181       1.7556
     182       1.4487
     183       1.5786
     184       1.8745
     185       1.7136
     186       1.9247
     187       1.8883
     188       2.0057
     189       1.9983
     190       1.8484
     191       2.1056
     192       2.0666
     193       2.2056
     194       2.0992
     195       2.2722
     196       2.3162
     197       2.3486
     198       2.3436
     199       2.4300
     200       2.2668
     201       2.1988
     202       2.0624
     203       2.0857
     204       2.2065
     205       2.3510
     206       2.1347
     207       2.1306
     208       1.8729
     209       1.8753
     210       2.0613
     211       2.1151
     212       1.9977
     213       2.3749
     214       2.3244
     215       2.4718
     216       2.3064
     217       2.1650
     218       2.1835
     219       2.2204
     220       2.1646
     221       2.0268
     222       2.0147
     223       2.1483
     224       2.2833
     225       2.1890
     226       2.1900
     227       2.2790
     228       2.3744
     229       2.6314
     230       2.3052
     231       2.2471
     232       1.9049
     233       2.4474
     234       2.0455
     235       2.1016
     236       2.3161
     237       2.1351
     238       2.4070
     239       2.0730
     240       2.2101
     241       2.1761
     242       2.4802
     243       2.3735
     244       2.5939
     245       2.7465
     246       2.8740
     247       2.9819
     248       3.0733
     249       2.8928
     250       2.7422
     251       2.9092
     252       2.9016
     253       2.9193
     254       2.7802
     255       2.7663
     256       2.6872
     257       2.8904
     258       2.8171
     259       2.7225
     260       2.8228
     261       2.7761
     262       2.7847
     263       2.6758
     264       2.3713
     265       2.2805
     266       2.2550
     267       2.5354
     268       2.3697
     269       2.2308
     270       2.2157
     271       2.0358
     272       2.0351
     273       1.6810
     274       1.8390
     275       2.1375
     276       2.2050
     277       2.0685
     278       2.3223
     279       2.4568
     280       2.2483
     281       2.3511
     282       2.3922
     283       2.1275
     284       2.0440
     285       2.2760
     286       2.5054
     287       2.1354
     288       2.3338
     289       2.1050
     290       2.3939
     291       2.4797
     292       2.3269
     293       2.4079
     294       2.5923
     295       2.4261
     296       2.5073
     297       2.5028
     298       2.3872
     299       2.3033
     300       2.1516
     301       2.1710
     302       2.4738
     303       2.4779
     304       2.2789
     305       2.3396
     306       2.5329
     307       2.4857
     308       2.5554
     309       2.6174
     310       2.5430
     311       2.5164
     312       2.3273
     313       2.4122
     314       2.5573
     315       2.6332
     316       2.4955
     317       2.7373
     318       2.2068
     319       2.2542
     320       2.3791
     321       2.2419
     322       1.7672
     323       1.7577
     324       1.8190
     325       1.8223
     326       1.8940
     327       1.9260
     328       1.7079
     329       1.8460
     330       2.0124
     331       2.1244
     332       1.9692
     333       1.5683
     334       1.8316
     335       1.4828
     336       1.6442
     337       1.6235
     338       1.5471
     339       1.5516
     340       1.6690
     341       1.5588
     342       1.5057
     343       1.8074
     344       1.7757
     345       1.8476
     346       1.6724
     347       2.3600
     348       2.3199
     349       2.6185
     350       2.4628
     351       2.0625
     352       2.2178
     353       2.0879
     354       2.2219
     355       2.3366
     356       2.2111
     357       2.2232
     358       2.4641
     359       2.1064
     360       1.9140
     361       2.2356
     362       1.9633
     363       1.9267
     364       1.8804
     365       1.9098
     366       1.9922
     367       2.0213
     368       1.7886
     369       1.5701
     370       1.7510
     371       1.5533
     372       1.5759
     373       1.7330
     374       1.9730
     375       1.8720
     376       1.6639
     377       1.7164
     378       1.8423
     379       1.7704
     380       1.8449
     381       1.9604
     382       1.9553
     383       1.9174
     384       1.7530
     385       1.8844
     386       1.9416
     387       1.8486
     388       2.0061
     389       2.0064
     390       1.8911
     391       1.9891
     392       1.8338
     393       1.8136
     394       1.9637
     395       1.9613
     396       2.0191
     397       2.1468
     398       2.1020
     399       2.0620
     400       2.1907
     401       2.1044
     402       1.8594
     403       2.1082
     404       1.8810
     405       1.8450
     406       1.8832
     407       1.9789
     408       1.9652
     409       1.8763
     410       2.0189
     411       2.2879
     412       2.2747
     413       2.0409
     414       2.3279
     415       2.4260
     416       2.3346
     417       2.0258
     418       2.2926
     419       2.2109
     420       2.1183
     421       2.5420
     422       2.7803
     423       2.4974
     424       2.7155
     425       2.8483
     426       2.7766
     427       2.8382
     428       2.6086
     429       2.8220
     430       2.8789
     431       2.9532
     432       3.2080
     433       3.0289
     434       2.9160
     435       2.9672
     436       3.0573
     437       2.9898
     438       3.3481
     439       3.2792
     440       3.4414
     441       3.2202
     442       3.5582
     443       4.0782
     444       4.3642
     445       4.2319
     446       4.0252
     447       3.7147
     448       3.4733
     449       3.2745
     450       3.2446
     451       3.3452
     452       3.1442
     453       3.2037
     454       3.5161
     455       3.1942
     456       3.6562
     457       3.8756
     458       3.8121
     459       3.8838
     460       3.9330
     461       3.6287
     462       3.6599
     463       3.5355
     464       3.7437
     465       3.3668
     466       3.2316
     467       3.2278
     468       3.1987
     469       3.2838
     470       3.2363
     471       3.0026
     472       3.1281
     473       3.2347
     474       3.0739
     475       3.0769
     476       3.1469
     477       2.9753
     478       3.1097
     479       3.3635
     480       3.1577
     481       3.1666
     482       3.0154
     483       2.7913
     484       3.2786
     485       3.1065
     486       3.2551
     487       3.3189
     488       2.6774
     489       2.9656
     490       2.9999
     491       3.5511
     492       3.9191
     493       3.8043
     494       3.6631
     495       3.5000
     496       3.5022
     497       3.3440
     498       3.6872
     499       3.6316
     500       3.0551
     501       3.1873
     502       2.8844
     503       2.8625
     504       3.0100
     505       3.1850
     506       3.0512
     507       2.8809
     508       2.6009
     509       2.9318
     510       3.3380
     511       3.7249
     512       3.4364
     513       3.4756
     514       3.6264
     515       3.8220
     516       4.1822
     517       3.8931
     518       3.6642
     519       3.7418
     520       3.6890
     521       3.0720
     522       3.2977
     523       3.1234
     524       2.5726
     525       2.8920
     526       2.9521
     527       2.8292
     528       2.7022
     529       2.5660
     530       2.7634
     531       2.7498
     532       2.7814
     533       2.9218
     534       2.6825
     535       2.6539
     536       2.6934
     537       2.5697
     538       2.5246
     539       2.6305
     540       2.7747
     541       2.5389
     542       2.5261
     543       2.8400
     544       2.2142
     545       2.6977
     546       2.9140
     547       3.4029
     548       3.6072
     549       3.7739
     550       3.7968
     551       3.6200
     552       3.6919
     553       3.9472
     554       3.7393
     555       3.7770
     556       4.0821
     557       4.2637
     558       4.2421
     559       4.5256
     560       4.6484
     561       4.5838
     562       4.3860
     563       4.6002
     564       4.8440
     565       4.6799
     566       4.6046
     567       4.5885
     568       4.7546
     569       4.5949
     570       4.6947
     571       4.6387
     572       4.3042
     573       4.5905
     574       4.2753
     575       4.3141
     576       4.2677
     577       4.1969
     578       3.9220
     579       3.9805
     580       4.1469
     581       4.1130
     582       4.4001
     583       4.3162
     584       4.1422
     585       4.0641
     586       4.3094
     587       4.2554
     588       4.1108
     589       4.1926
     590       4.4428
     591       3.9476
     592       3.6305
     593       3.9028
     594       3.9435
     595       4.2132
     596       4.1094
     597       4.1467
     598       3.8054
     599       4.2290
     600       4.7395
     601       4.9309
     602       4.7828
     603       4.6447
     604       4.4650
     605       4.2638
     606       4.2839
     607       4.5538
     608       4.8254
     609       4.6255
     610       4.6714
     611       4.8424
     612       4.8096
     613       4.5452
     614       4.7149
     615       4.4906
     616       4.4614
     617       4.4204
     618       4.2513
     619       4.0600
     620       4.2648
     621       4.8040
     622       4.8456
     623       4.6914
     624       4.9936
     625       4.8232
     626       4.3534
     627       4.4749
     628       4.5082
     629       3.9522
     630       4.0116
     631       3.5410
     632       3.4743
     633       3.9420
     634       3.8931
     635       4.2282
     636       4.1269
     637       4.3239
     638       4.2203
     639       4.4655
     640       4.6023
     641       4.4694
     642       4.4448
     643       4.4581
     644       4.8796
     645       4.7139
     646       5.1506
     647       4.5652
     648       4.0625
     649       4.1017
     650       4.0271
     651       4.2520
     652       4.3014
     653       4.4386
     654       4.5422
     655       4.8435
     656       5.0611
     657       5.0410
     658       4.9635
     659       5.1196
     660       4.9388
     661       5.2195
     662       5.3977
     663       5.4597
     664       5.7174
     665       5.6749
     666       5.4968
     667       5.5904
     668       5.2924
     669       5.1728
     670       5.0146
     671       5.1145
     672       5.0339
     673       4.9601
     674       4.7782
     675       4.6539
     676       4.5566
     677       4.6342
     678       4.6174
     679       4.8053
     680       4.9676
     681       4.9822
     682       4.9847
     683       4.8569
     684       4.6039
     685       4.7847
     686       4.6516
     687       4.7849
     688       4.4205
     689       4.3886
     690       4.6791
     691       4.4582
     692       4.4811
     693       4.6660
     694       4.7264
     695       5.0973
     696       5.1874
     697       5.0572
     698       5.1208
     699       5.1234
     700       5.4095
     701       5.0089
     702       5.2265
     703       5.6626
     704       5.6172
     705       5.8802
     706       5.7295
     707       5.9338
     708       5.6682
     709       5.8410
     710       5.8425
     711       5.8424
     712       5.8788
     713       5.9845
     714       6.0102
     715       5.9164
     716       5.7983
     717       5.7477
     718       5.7762
     719       5.9155
     720       5.8445
     721       6.2348
     722       6.1307
     723       6.2027
     724       6.3171
     725       6.3918
     726       6.3727
     727       6.5746
     728       6.5564
     729       6.5771
     730       6.4534
     731       6.0237
     732       6.1889
     733       6.1159
     734       6.3515
     735       5.8231
     736       6.0159
     737       6.1824
     738       6.0977
     739       5.9340
     740       5.9020
     741       5.2275
     742       4.9074
     743       5.0904
     744       4.5885
     745       4.5319
     746       4.1589
     747       4.5013
     748       4.4880
     749       4.8473
     750       5.0023
     751       4.8940
     752       4.7141
     753       4.5487
     754       4.3464
     755       4.7617
     756       4.2883
     757       4.0285
     758       4.0048
     759       4.1669
     760       4.0063
     761       4.1980
     762       4.0791
     763       3.7818
     764       3.7297
     765       4.0287
     766       3.9811
     767       4.0043
     768       3.8784
     769       4.3292
     770       4.5821
     771       4.8438
     772       4.1054
     773       3.8911
     774       4.1037
     775       5.0261
     776       4.8012
     777       4.7586
     778       4.6937
     779       4.5829
     780       4.3167
     781       4.2295
     782       4.1895
     783       4.0411
     784       3.9932
     785       3.9765
     786       4.2300
     787       4.0431
     788       3.9223
     789       3.8778
     790       3.7893
     791       4.0025
     792       3.7787
     793       4.1596
     794       4.0737
     795       4.2570
     796       4.5283
     797       4.2744
     798       4.2085
     799       4.1491
     800       4.4263
     801       4.3893
     802       4.7492
     803       4.2238
     804       4.3740
     805       4.2891
     806       4.6096
     807       4.3551
     808       4.4805
     809       4.7356
     810       4.5021
     811       4.9242
     812       4.6614
     813       4.5323
     814       4.5934
     815       4.5657
     816       4.5863
     817       4.7088
     818       4.6678
     819       4.7922
     820       4.6831
     821       4.4937
     822       4.9640
     823       4.5169
     824       4.3917
     825       4.4269
     826       3.9527
     827       4.2157
     828       3.9324
     829       3.8213
     830       4.2102
     831       3.9915
     832       3.7320
     833       3.9410
     834       3.5044
     835       3.6457
     836       3.3103
     837       3.6553
     838       3.5971
     839       3.6863
     840       3.7435
     841       4.4397
     842       4.4691
     843       4.1391
     844       4.3574
     845       4.5525
     846       4.7825
     847       5.0675
     848       4.8914
     849       4.7959
     850       4.9526
     851       5.0190
     852       5.1681
     853       4.9226
     854       4.5368
     855       4.6315
     856       4.2727
     857       4.4960
     858       4.1383
     859       4.4640
     860       4.4890
     861       4.4110
     862       4.3560
     863       4.2825
     864       3.9403
     865       4.3813
     866       4.1387
     867       4.5210
     868       4.6230
     869       4.4807
     870       4.7247
     871       5.1231
     872       5.1363
     873       4.8715
     874       5.0169
     875       5.1534
     876       5.3179
     877       5.1653
     878       4.8975
     879       5.3518
     880       5.2078
     881       5.1130
     882       5.1086
     883       5.3652
     884       5.3609
     885       5.2446
     886       5.2467
     887       4.9883
     888       4.9229
     889       4.9561
     890       4.7827
     891       4.8060
     892       4.4435
     893       4.4877
     894       4.3835
     895       4.2305
     896       4.5378
     897       4.4842
     898       4.2637
     899       4.3445
     900       4.5289
     901       4.5888
     902       4.5716
     903       4.6560
     904       4.9482
     905       4.8898
     906       5.0274
     907       5.1770
     908       5.1392
     909       5.3281
     910       5.0125
     911       5.2234
     912       4.8880
     913       4.6751
     914       4.3956
     915       4.7030
     916       4.6676
     917       4.8274
     918       4.7508
     919       4.9509
     920       4.6269
     921       4.7164
     922       4.7952
     923       4.8269
     924       5.2486
     925       5.0110
     926       4.9151
     927       5.0063
     928       4.7791
     929       4.4212
     930       3.8979
     931       3.9856
     932       4.2090
     933       4.1900
     934       4.5571
     935       4.3948
     936       4.5661
     937       4.5764
     938       4.6423
     939       4.9048
     940       4.6114
     941       4.4437
     942       4.4945
     943       4.6843
     944       4.8545
     945       4.3572
     946       4.7502
     947       5.0923
     948       5.2810
     949       5.2106
     950       5.2113
     951       5.2015
     952       5.0951
     953       5.0849
     954       5.1215
     955       5.1148
     956       5.0420
     957       5.1989
     958       5.0145
     959       4.8433
     960       4.9747
     961       4.9357
     962       4.8617
     963       5.0249
     964       5.3433
     965       4.9740
     966       5.0618
     967       4.8082
     968       4.8950
     969       4.8966
     970       4.8298
     971       4.5812
     972       4.8391
     973       4.5685
     974       4.5358
     975       4.4136
     976       4.1935
     977       4.4125
     978       4.6913
     979       4.7582
     980       4.8704
     981       4.7344
     982       4.7250
     983       4.6207
     984       4.5759
     985       4.4022
     986       4.4484
     987       4.5258
     988       3.9605
     989       3.8901
     990       3.6577
     991       3.4923
     992       3.3991
     993       3.6750
     994       3.6056
     995       3.5623
     996       3.7668
     997       3.6406
     998       3.7006
     999       3.7575
    1000       3.6509
    1001       4.1589
    1002       4.3413
    1003       3.9597
    1004       4.0514
    1005       4.0509
    1006       4.3314
    1007       4.5109
    1008       4.0960
    1009       4.1984
    1010       4.4531
    1011       4.3516
    1012       4.4640
    1013       4.4096
    1014       4.3571
    1015       4.3095
    1016       4.2516
    1017       4.0841
    1018       4.0107
    1019       4.1240
    1020       4.3620
    1021       4.3423
    1022       4.4990
    1023       4.4490
    1024       4.2853
    1025       4.3230
    1026       4.0744
    1027       4.0827
    1028       4.1216
    1029       3.9903
    1030       3.9127
    1031       3.8479
    1032       3.8943
    1033       4.0610
    1034       3.6596
    1035       3.7835
    1036       3.6527
    1037       3.7214
    1038       3.7556
    1039       3.5890
    1040       3.8657
    1041       3.4644
    1042       3.5068
    1043       3.4346
    1044       3.2124
    1045       3.0889
    1046       2.8111
    1047       3.0717
    1048       3.2537
    1049       3.3230
    1050       3.3733
    1051       3.1936
    1052       3.2618
    1053       3.2996
    1054       3.2872
    1055       3.2150
    1056       3.1250
    1057       3.0132
    1058       2.9927
    1059       2.7570
    1060       2.6365
    1061       2.6623
    1062       2.7620
    1063       2.9786
    1064       2.8401
    1065       2.9101
    1066       2.9987
    1067       2.9641
    1068       2.9226
    1069       3.0949
    1070       3.1428
    1071       3.1177
    1072       3.1633
    1073       3.2196
    1074       3.2637
    1075       3.3297
    1076       3.3764
    1077       3.1761
    1078       3.1788
    1079       3.1704
    1080       3.1000
    1081       3.5975
    1082       3.5886
    1083       3.3551
    1084       3.2374
    1085       3.2892
    1086       3.1947
    1087       3.4246
    1088       3.1921
    1089       3.2173
    1090       3.1420
    1091       2.7183
    1092       2.8356
    1093       2.5342
    1094       2.8102
    1095       2.7220
    1096       2.6490
    1097       2.6752
    1098       2.4639
    1099       2.2731
    1100       2.3250
    1101       2.3070
    1102       2.4145
    1103       2.5386
    1104       2.3775
    1105       2.3486
    1106       2.4571
    1107       2.3978
    1108       2.3808
    1109       2.3437
    1110       2.0974
    1111       2.3985
    1112       2.5333
    1113       2.4899
    1114       2.9483
    1115       3.1085
    1116       3.0167
    1117       3.2540
    1118       2.9167
    1119       3.0255
    1120       2.9383
    1121       2.9570
    1122       3.0856
    1123       2.8304
    1124       3.2176
    1125       3.0668
    1126       3.3121
    1127       3.2322
    1128       3.4089
    1129       3.4481
    1130       3.4984
    1131       3.5581
    1132       3.6082
    1133       3.5820
    1134       3.8287
    1135       3.6342
    1136       3.5727
    1137       3.5361
    1138       3.8479
    1139       3.6727
    1140       3.7782
    1141       3.9977
    1142       3.7541
    1143       3.5422
    1144       3.4758
    1145       3.7158
    1146       3.7436
    1147       3.9032
    1148       3.9357
    1149       4.1472
    1150       4.1441
    1151       3.7985
    1152       3.7782
    1153       3.3363
    1154       3.4647
    1155       3.2167
    1156       3.1586
    1157       3.1082
    1158       2.8813
    1159       3.0246
    1160       2.9404
    1161       3.0830
    1162       2.9553
    1163       3.1695
    1164       3.3809
    1165       3.4680
    1166       3.7935
    1167       3.6186
    1168       3.5803
    1169       3.4350
    1170       3.2491
    1171       3.2290
    1172       3.1921
    1173       3.2994
    1174       3.1059
    1175       3.1680
    1176       2.9159
    1177       2.9465
    1178       2.8922
    1179       2.8136
    1180       2.7836
    1181       2.8868
    1182       2.8838
    1183       2.8486
    1184       2.6853
    1185       2.8247
    1186       3.0644
    1187       2.8056
    1188       2.6891
    1189       2.5708
    1190       2.4590
    1191       2.5750
    1192       2.5205
    1193       2.5550
    1194       2.5252
    1195       2.5975
    1196       2.4474
    1197       2.5285
    1198       2.6798
    1199       2.1838
    1200       2.4898
    1201       2.5158
    1202       2.6039
    1203       2.8394
    1204       3.0754
    1205       3.0460
    1206       2.8186
    1207       2.8993
    1208       2.7833
    1209       2.7176
    1210       2.8756
    1211       3.0135
    1212       2.8751
    1213       3.2088
    1214       3.4187
    1215       3.4909
    1216       3.3347
    1217       3.3941
    1218       3.4237
    1219       3.2507
    1220       3.3322
    1221       3.4387
    1222       3.3582
    1223       3.2373
    1224       3.3689
    1225       3.0163
    1226       3.1638
    1227       3.0692
    1228       3.6155
    1229       3.7548
    1230       3.5113
    1231       3.5010
    1232       3.4870
    1233       3.9227
    1234       3.8056
    1235       3.7219
    1236       4.0328
    1237       3.6829
    1238       3.6755
    1239       3.6119
    1240       3.3003
    1241       3.6337
    1242       3.7821
    1243       3.6121
    1244       3.5708
    1245       3.3768
    1246       3.4891
    1247       3.2572
    1248       3.5463
    1249       4.0011
    1250       3.8001
    1251       3.7251
    1252       3.8134
    1253       3.8588
    1254       3.5352
    1255       3.7047
    1256       3.7774
    1257       3.6965
    1258       3.5607
    1259       3.6812
    1260       3.8839
    1261       3.6689
    1262       3.9878
    1263       4.5152
    1264       5.0270
    1265       4.7221
    1266       4.6290
    1267       4.9578
    1268       4.5055
    1269       4.3645
    1270       4.4098
    1271       4.3340
    1272       4.0083
    1273       4.0580
    1274       3.8874
    1275       4.0953
    1276       4.0641
    1277       4.4542
    1278       4.1588
    1279       4.4719
    1280       4.1445
    1281       4.5041
    1282       4.6535
    1283       4.5167
    1284       4.7170
    1285       4.6825
    1286       4.4215
    1287       4.2889
    1288       4.3423
    1289       4.2110
    1290       4.0446
    1291       4.0581
    1292       3.7984
    1293       3.8599
    1294       3.6579
    1295       3.7465
    1296       4.0012
    1297       4.3814
    1298       4.1583
    1299       4.1007
    1300       4.0841
    1301       4.0717
    1302       4.0193
    1303       4.0359
    1304       4.1100
    1305       4.0277
    1306       4.1607
    1307       4.2720
    1308       4.4836
    1309       4.2505
    1310       4.4644
    1311       4.3938
    1312       4.5658
    1313       4.1946
    1314       4.0332
    1315       4.1263
    1316       4.0665
    1317       4.1273
    1318       4.0680
    1319       4.0377
    1320       4.0038
    1321       4.0055
    1322       3.9740
    1323       4.1264
    1324       4.0739
    1325       4.2176
    1326       4.1322
    1327       4.0799
    1328       4.0072
    1329       3.9653
    1330       4.1217
    1331       4.1660
    1332       4.3447
    1333       4.1674
    1334       3.9936
    1335       4.2647
    1336       4.1048
    1337       4.1559
    1338       4.0216
    1339       4.1992
    1340       4.2431
    1341       4.1723
    1342       4.2003
    1343       4.0619
    1344       3.9568
    1345       4.1157
    1346       4.1325
    1347       4.2670
    1348       4.1345
    1349       4.1968
    1350       4.2178
    1351       4.4098
    1352       4.3559
    1353       4.1674
    1354       4.0937
    1355       4.1330
    1356       4.2652
    1357       4.2434
    1358       4.1506
    1359       4.0448
    1360       4.0045
    1361       3.9996
    1362       3.9037
    1363       3.9732
    1364       3.9956
    1365       4.3498
    1366       4.0131
    1367       4.2886
    1368       4.3763
    1369       4.3598
    1370       4.3114
    1371       4.3453
    1372       4.5420
    1373       4.5040
    1374       4.4211
    1375       4.2222
    1376       4.4964
    1377       4.4233
    1378       4.5507
    1379       4.6087
    1380       4.6516
    1381       4.5552
    1382       4.6323
    1383       4.8029
    1384       4.7999
    1385       5.0699
    1386       4.9792
    1387       5.0772
    1388       4.8752
    1389       4.8418
    1390       4.8028
    1391       4.8997
    1392       5.0578
    1393       5.0571
    1394       5.1031
    1395       4.9907
    1396       5.0784
    1397       5.3276
    1398       5.3372
    1399       5.4205
    1400       5.4385
    1401       5.2071
    1402       5.2765
    1403       5.1432
    1404       5.0778
    1405       5.0487
    1406       5.0069
    1407       5.0848
    1408       4.9400
    1409       5.0572
    1410       4.9686
    1411       4.8503
    1412       4.8933
    1413       5.2377
    1414       5.3841
    1415       5.3841
    1416       5.5008
    1417       5.1377
    1418       4.8958
    1419       4.9717
    1420       4.9752
    1421       4.9224
    1422       5.0938
    1423       4.9816
    1424       4.7650
    1425       4.7630
    1426       5.0394
    1427       4.8103
    1428       4.6810
    1429       5.0330
    1430       5.1756
    1431       5.0311
    1432       5.5287
    1433       5.3679
    1434       5.2009
    1435       5.5979
    1436       5.5011
    1437       5.4408
    1438       5.2793
    1439       5.3033
    1440       5.2933
    1441       4.9348
    1442       4.8406
    1443       4.7076
    1444       4.9524
    1445       4.8564
    1446       4.8193
    1447       4.8097
    1448       4.8106
    1449       4.8689
    1450       4.9406
    1451       5.0631
    1452       5.1021
    1453       5.1534
    1454       5.2136
    1455       5.0018
    1456       5.1230
    1457       4.8250
    1458       4.7267
    1459       4.8322
    1460       4.8939
    1461       4.7695
    1462       4.7012
    1463       4.3473
    1464       4.1520
    1465       4.0521
    1466       4.0354
    1467       3.7645
    1468       3.9470
    1469       3.8251
    1470       4.0369
    1471       3.8921
    1472       3.6293
    1473       3.6757
    1474       3.1243
    1475       2.9819
    1476       3.0252
    1477       3.1243
    1478       3.3661
    1479       3.1676
    1480       3.3584
    1481       3.5587
    1482       3.7648
    1483       3.6775
    1484       3.4192
    1485       3.4268
    1486       3.2725
    1487       3.2629
    1488       3.5821
    1489       3.5067
    1490       3.5458
    1491       3.5522
    1492       3.6913
    1493       3.6797
    1494       4.0430
    1495       3.8508
    1496       3.8175
    1497       3.8222
    1498       3.8815
    1499       4.0943
    1500       4.0986
    1501       3.9887
    1502       4.1725
    1503       4.3060
    1504       4.6518
    1505       4.6846
    1506       4.5700
    1507       4.8092
    1508       4.6401
    1509       4.5988
    1510       4.6780
    1511       4.8047
    1512       4.8870
    1513       4.9026
    1514       4.7993
    1515       4.7163
    1516       4.5845
    1517       4.3111
    1518       4.3861
    1519       4.1981
    1520       4.5531
    1521       4.6199
    1522       4.5145
    1523       4.6980
    1524       4.4498
    1525       4.7565
    1526       4.5218
    1527       4.5080
    1528       4.2117
    1529       4.1246
    1530       4.1706
    1531       4.2125
    1532       4.0757
    1533       4.1472
    1534       4.1302
    1535       4.5186
    1536       4.2576
    1537       4.0416
    1538       4.1600
    1539       4.0375
    1540       4.1116
    1541       4.0270
    1542       4.0264
    1543       4.0244
    1544       3.9618
    1545       4.0485
    1546       4.2408
    1547       3.8201
    1548       3.9486
    1549       4.3150
    1550       4.1796
    1551       4.1802
    1552       3.9313
    1553       4.0607
    1554       3.9151
    1555       3.7448
    1556       3.8923
    1557       3.8307
    1558       3.9068
    1559       3.9902
    1560       3.8279
    1561       3.8082
    1562       4.0297
    1563       3.7408
    1564       3.9239
    1565       3.8810
    1566       3.5645
    1567       3.6350
    1568       3.5514
    1569       3.6870
    1570       3.6544
    1571       3.3939
    1572       3.2323
    1573       3.1287
    1574       3.2378
    1575       3.4957
    1576       3.3527
    1577       3.4643
    1578       3.5553
    1579       3.5498
    1580       3.5196
    1581       3.3059
    1582       3.4258
    1583       3.1761
    1584       3.2754
    1585       3.2948
    1586       3.3455
    1587       3.3691
    1588       3.1134
    1589       3.2419
    1590       3.2678
    1591       3.5289
    1592       3.3156
    1593       3.3464
    1594       3.1656
    1595       3.3298
    1596       3.1831
    1597       3.4035
    1598       3.5620
    1599       3.5581
    1600       3.5967
    1601       3.6380
    1602       3.5603
    1603       3.2296
    1604       3.2042
    1605       3.0944
    1606       3.1750
    1607       3.1644
    1608       3.1180
    1609       3.1828
    1610       3.2531
    1611       3.2684
    1612       3.1100
    1613       3.0031
    1614       3.0173
    1615       3.1037
    1616       3.1829
    1617       3.1104
    1618       3.1195
    1619       3.0874
    1620       3.1398
    1621       2.9026
    1622       3.0627
    1623       3.1447
    1624       3.3364
    1625       3.4337
    1626       3.7019
    1627       3.7940
    1628       3.7119
    1629       3.5061
    1630       3.5035
    1631       3.6528
    1632       3.6156
    1633       3.6730
    1634       3.6261
    1635       3.6225
    1636       3.6222
    1637       3.3771
    1638       3.2362
    1639       3.3685
    1640       3.4217
    1641       3.3503
    1642       3.4508
    1643       3.3726
    1644       3.2521
    1645       3.3176
    1646       3.2407
    1647       3.1253
    1648       3.3186
    1649       3.5436
    1650       3.5110
    1651       3.4679
    1652       3.2808
    1653       3.1861
    1654       3.2039
    1655       3.3064
    1656       3.3175
    1657       3.1919
    1658       3.0682
    1659       3.1274
    1660       3.0384
    1661       3.2121
    1662       3.3730
    1663       3.3512
    1664       3.2951
    1665       3.3954
    1666       3.3026
    1667       3.3425
    1668       3.4607
    1669       3.7218
    1670       3.5998
    1671       3.5829
    1672       4.1043
    1673       4.1044
    1674       4.1445
    1675       4.4524
    1676       4.7850
    1677       4.7494
    1678       4.8729
    1679       4.7886
    1680       4.8743
    1681       4.9349
    1682       5.2052
    1683       5.1711
    1684       4.9936
    1685       5.2496
    1686       4.9480
    1687       5.2916
    1688       4.7020
    1689       4.6885
    1690       4.5860
    1691       4.5149
    1692       4.5671
    1693       4.5984
    1694       4.8666
    1695       4.7809
    1696       4.7776
    1697       4.5814
    1698       4.7901
    1699       4.8482
    1700       5.0649
    1701       4.8532
    1702       4.7598
    1703       5.0819
    1704       5.1113
    1705       4.7758
    1706       4.8799
    1707       4.5722
    1708       4.6829
    1709       4.3714
    1710       4.6564
    1711       4.7534
    1712       4.7837
    1713       4.6131
    1714       4.6201
    1715       4.8344
    1716       4.7006
    1717       5.0589
    1718       4.9107
    1719       4.6973
    1720       4.8113
    1721       4.5846
    1722       4.5799
    1723       4.7931
    1724       4.7980
    1725       4.7764
    1726       4.5399
    1727       4.9762
    1728       4.9726
    1729       5.2060
    1730       4.9443
    1731       4.5443
    1732       4.6809
    1733       5.0146
    1734       4.9037
    1735       5.0228
    1736       5.0577
    1737       5.2079
    1738       5.0792
    1739       4.9749
    1740       5.3535
    1741       5.2535
    1742       4.8606
    1743       5.1865
    1744       4.9566
    1745       4.8940
    1746       5.2465
    1747       5.1156
    1748       5.1384
    1749       4.9781
    1750       4.6906
    1751       4.6037
    1752       4.4598
    1753       4.4635
    1754       4.3751
    1755       4.3121
    1756       4.2474
    1757       4.4877
    1758       4.2765
    1759       4.2484
    1760       4.0553
    1761       4.1944
    1762       4.3664
    1763       4.0639
    1764       3.9055
    1765       4.0735
    1766       4.2475
    1767       4.1162
    1768       4.5194
    1769       4.3518
    1770       3.8911
    1771       4.0805
    1772       4.1223
    1773       4.3929
    1774       4.3800
    1775       4.3707
    1776       4.1858
    1777       4.3889
    1778       4.7889
    1779       4.3923
    1780       4.6866
    1781       4.0749
    1782       4.5276
    1783       4.6511
    1784       4.7004
    1785       4.6418
    1786       4.6988
    1787       4.9190
    1788       4.8127
    1789       4.8714
    1790       4.5287
    1791       4.7154
    1792       4.5839
    1793       4.5553
    1794       4.6184
    1795       4.4314
    1796       4.7486
    1797       4.8121
    1798       4.9403
    1799       4.8551
    1800       4.7087
    1801       4.4798
    1802       4.4853
    1803       4.6851
    1804       4.7759
    1805       4.7184
    1806       4.5760
    1807       4.6737
    1808       4.7100
    1809       4.4305
    1810       4.6112
    1811       4.6759
    1812       4.5400
    1813       4.4589
    1814       4.4627
    1815       4.6429
    1816       4.5191
    1817       4.5935
    1818       4.3820
    1819       4.4925
    1820       4.4535
    1821       5.2104
    1822       5.0450
    1823       4.9199
    1824       5.2120
    1825       5.0216
    1826       5.0092
    1827       4.8811
    1828       4.8341
    1829       4.9397
    1830       4.6798
    1831       5.0594
    1832       4.7002
    1833       4.8160
    1834       4.5015
    1835       4.5217
    1836       4.7626
    1837       4.6958
    1838       4.5510
    1839       4.8101
    1840       4.6693
    1841       4.7772
    1842       5.0918
    1843       5.1673
    1844       5.2870
    1845       4.9091
    1846       5.0847
    1847       4.9082
    1848       4.9759
    1849       5.3688
    1850       5.0709
    1851       4.8496
    1852       4.6705
    1853       4.9414
    1854       4.8681
    1855       4.3005
    1856       4.6923
    1857       5.1014
    1858       5.0683
    1859       5.0965
    1860       4.9301
    1861       4.9056
    1862       5.0526
    1863       5.1674
    1864       5.0256
    1865       5.0885
    1866       5.0497
    1867       4.8716
    1868       5.3083
    1869       5.3791
    1870       4.8565
    1871       4.9591
    1872       4.6720
    1873       4.7294
    1874       4.9577
    1875       5.0692
    1876       4.9534
    1877       5.0153
    1878       5.1069
    1879       5.0747
    1880       4.6396
    1881       5.1204
    1882       5.4528
    1883       5.3921
    1884       5.3473
    1885       5.3712
    1886       5.5524
    1887       5.5618
    1888       5.5941
    1889       5.3745
    1890       5.4661
    1891       5.2292
    1892       5.3934
    1893       5.5623
    1894       5.4196
    1895       5.3995
    1896       5.3069
    1897       5.4157
    1898       5.5594
    1899       5.2314
    1900       5.1398
    1901       4.9458
    1902       4.9512
    1903       5.2202
    1904       5.1914
    1905       5.1266
    1906       4.8946
    1907       4.5539
    1908       4.6695
    1909       4.4240
    1910       4.0823
    1911       4.3998
    1912       4.5015
    1913       4.9409
    1914       5.1824
    1915       5.0073
    1916       5.1853
    1917       5.3217
    1918       5.1342
    1919       5.0311
    1920       5.0698
    1921       4.8327
    1922       4.8530
    1923       4.8807
    1924       4.7425
    1925       5.1371
    1926       5.0100
    1927       5.2789
    1928       5.0714
    1929       5.0898
    1930       5.2177
    1931       5.0331
    1932       5.0720
    1933       5.1475
    1934       5.1021
    1935       5.1318
    1936       4.8718
    1937       4.9568
    1938       5.2286
    1939       4.8854
    1940       4.7913
    1941       4.7968
    1942       4.4043
    1943       4.4274
    1944       4.4714
    1945       4.4709
    1946       4.8745
    1947       4.7984
    1948       4.7796
    1949       5.0866
    1950       5.1717
    1951       5.0667
    1952       5.1308
    1953       5.3602
    1954       5.3611
    1955       5.4041
    1956       5.4975
    1957       5.0888
    1958       5.2838
    1959       5.2556
    1960       5.1420
    1961       4.8389
    1962       4.6092
    1963       4.9390
    1964       4.9486
    1965       4.9948
    1966       5.0542
    1967       4.9445
    1968       4.8271
    1969       4.6195
    1970       4.6678
    1971       4.5805
    1972       4.5223
    1973       4.9064
    1974       4.6958
    1975       4.7168
    1976       4.8021
    1977       4.6681
    1978       4.4479
    1979       4.5441
    1980       4.5625
    1981       4.4697
    1982       4.4290
    1983       4.6272
    1984       4.5135
    1985       4.3533
    1986       4.3140
    1987       4.2447
    1988       4.2385
    1989       4.0242
    1990       4.2780
    1991       4.7238
    1992       4.6352
    1993       4.5905
    1994       4.6348
    1995       4.9621
    1996       4.9280
    1997       5.0802
    1998       4.9812
    1999       5.4551
    2000       5.6104
    2001       5.5823
    2002       5.6283
    2003       5.5442
    2004       5.2008
    2005       5.3648
    2006       5.1499
    2007       4.9674
    2008       5.1629
    2009       5.1556
    2010       5.0155
    2011       5.1547
    2012       5.1147
    2013       5.2194
    2014       5.0371
    2015       4.8819
    2016       4.8413
    2017       5.0933
    2018       5.1894
    2019       5.0882
    2020       5.1583
    2021       5.1868
    2022       5.4189
    2023       5.2348
    2024       5.3462
    2025       5.2226
    2026       5.3780
    2027       5.2490
    2028       5.1804
    2029       5.5558
    2030       5.4358
    2031       5.3416
    2032       5.7812
    2033       5.6929
    2034       5.6342
    2035       5.6344
    2036       5.3876
    2037       5.7384
    2038       5.7317
    2039       5.7431
    2040       5.4244
    2041       5.3793
    2042       5.3614
    2043       5.2723
    2044       4.8988
    2045       5.0114
    2046       4.4778
    2047       4.2192
    2048       4.4008
    2049       4.1491
    2050       4.1618
    2051       3.9807
    2052       3.9994
    2053       4.6074
    2054       4.8799
    2055       4.5530
    2056       4.3317
    2057       4.1566
    2058       3.9108
    2059       4.0008
    2060       4.3556
    2061       4.1899
    2062       4.0496
    2063       4.2674
    2064       4.2701
    2065       4.2980
    2066       4.1115
    2067       4.1406
    2068       4.0580
    2069       4.1621
    2070       4.0911
    2071       4.1127
    2072       4.2859
    2073       4.3157
    2074       4.4537
    2075       4.4592
    2076       4.0317
    2077       4.3095
    2078       4.2915
    2079       4.1163
    2080       4.3514
    2081       3.9206
    2082       3.8951
    2083       4.2783
    2084       4.2858
    2085       4.6269
    2086       4.2431
    2087       4.1337
    2088       3.8742
    2089       4.2755
    2090       4.4429
    2091       4.2104
    2092       4.0915
    2093       4.2385
    2094       3.8688
    2095       4.2725
    2096       4.0187
    2097       4.4607
    2098       4.4190
    2099       4.3883
    2100       4.8495
    2101       4.7046
    2102       4.7601
    2103       5.2423
    2104       5.5032
    2105       5.4341
    2106       5.2768
    2107       5.3392
    2108       5.2955
    2109       5.3377
    2110       5.1312
    2111       5.2984
    2112       5.3045
    2113       4.9731
    2114       5.1782
    2115       5.0058
    2116       5.1101
    2117       5.1761
    2118       4.8024
    2119       4.9582
    2120       5.1635
    2121       5.2527
    2122       4.8870
    2123       5.0136
    2124       5.1520
    2125       5.0558
    2126       5.1329
    2127       5.4172
    2128       5.3846
    2129       5.5775
    2130       5.3656
    2131       5.2556
    2132       5.0396
    2133       4.8610
    2134       5.3151
    2135       5.1864
    2136       5.2419
    2137       5.3179
    2138       5.4013
    2139       5.1667
    2140       5.3998
    2141       5.3004
    2142       5.0913
    2143       5.2307
    2144       5.0642
    2145       5.3380
    2146       5.3625
    2147       5.4305
    2148       5.7296
    2149       5.6108
    2150       5.4582
    2151       5.3586
    2152       5.2998
    2153       5.1847
    2154       5.0483
    2155       4.7809
    2156       4.5660
    2157       4.5385
    2158       4.3580
    2159       4.1961
    2160       4.2657
    2161       4.0788
    2162       4.2005
    2163       4.3386
    2164       4.4184
    2165       4.1135
    2166       4.3949
    2167       4.5309
    2168       4.3516
    2169       4.4424
    2170       4.6130
    2171       4.2840
    2172       4.5541
    2173       4.5200
    2174       4.6355
    2175       4.6767
    2176       4.6812
    2177       4.3606
    2178       4.2601
    2179       4.1336
    2180       4.4006
    2181       4.2657
    2182       4.4332
    2183       4.3133
    2184       3.9749
    2185       3.5872
    2186       3.8792
    2187       3.9308
    2188       3.9916
    2189       3.8868
    2190       3.6857
    2191       3.7247
    2192       3.6882
    2193       4.0700
    2194       3.6321
    2195       3.7811
    2196       4.0932
    2197       3.8777
    2198       3.9926
    2199       4.2929
    2200       4.4656
    2201       4.5039
    2202       4.3923
    2203       4.3819
    2204       4.2617
    2205       4.2212
    2206       4.2135
    2207       4.7639
    2208       4.7926
    2209       4.7513
    2210       4.6268
    2211       4.9576
    2212       4.9645
    2213       5.0693
    2214       5.4422
    2215       5.0453
    2216       4.8593
    2217       4.7711
    2218       4.9169
    2219       4.6271
    2220       4.5620
    2221       4.2986
    2222       4.0902
    2223       4.1285
    2224       3.8223
    2225       3.8507
    2226       3.8375
    2227       3.7268
    2228       3.9768
    2229       3.7489
    2230       4.1513
    2231       4.0892
    2232       3.9357
    2233       4.1857
    2234       4.2562
    2235       3.8978
    2236       4.0247
    2237       3.9796
    2238       3.9004
    2239       4.1914
    2240       4.2741
    2241       4.4903
    2242       4.2474
    2243       4.0058
    2244       3.9680
    2245       4.1829
    2246       4.0907
    2247       4.1598
    2248       3.9736
    2249       4.2757
    2250       4.3086
    2251       4.2597
    2252       4.1676
    2253       4.1514
    2254       4.5501
    2255       4.3438
    2256       4.5275
    2257       4.6189
    2258       4.8719
    2259       4.5651
    2260       4.6164
    2261       4.4339
    2262       4.1182
    2263       3.7192
    2264       3.6653
    2265       3.5171
    2266       3.9751
    2267       3.6953
    2268       3.9711
    2269       3.9984
    2270       3.8923
    2271       4.0345
    2272       3.8249
    2273       3.9228
    2274       3.8338
    2275       3.7017
    2276       3.7488
    2277       3.6640
    2278       4.0387
    2279       3.9941
    2280       3.9568
    2281       3.7558
    2282       3.8250
    2283       3.7379
    2284       3.6284
    2285       3.7288
    2286       3.6903
    2287       3.6650
    2288       3.6728
    2289       3.7521
    2290       3.5796
    2291       3.6191
    2292       3.8395
    2293       3.7537
    2294       3.6497
    2295       3.6017
    2296       3.6871
    2297       3.5333
    2298       3.3975
    2299       3.5818
    2300       3.7888
    2301       3.6991
    2302       3.7637
    2303       3.4918
    2304       3.3990
    2305       3.7115
    2306       3.2689
    2307       3.2555
    2308       3.2718
    2309       3.4637
    2310       3.3057
    2311       3.5901
    2312       3.0653
    2313       3.3201
    2314       3.0576
    2315       3.0107
    2316       3.0511
    2317       3.0651
    2318       2.8554
    2319       2.5620
    2320       2.4183
    2321       2.5357
    2322       2.5652
    2323       2.4991
    2324       2.6086
    2325       2.5602
    2326       2.3977
    2327       2.5673
    2328       2.5477
    2329       2.5048
    2330       2.7025
    2331       2.4984
    2332       2.5811
    2333       2.6054
    2334       2.8788
    2335       2.7035
    2336       2.7802
    2337       2.8227
    2338       2.6719
    2339       2.5739
    2340       2.5161
    2341       2.5943
    2342       2.4876
    2343       2.7138
    2344       2.7959
    2345       2.6741
    2346       2.7976
    2347       2.8042
    2348       2.6991
    2349       2.7011
    2350       2.6829
    2351       2.7965
    2352       2.6544
    2353       2.4865
    2354       2.6822
    2355       2.6948
    2356       2.5770
    2357       2.5650
    2358       2.4667
    2359       2.4776
    2360       2.3059
    2361       2.3053
    2362       2.2520
    2363       2.3493
    2364       2.3335
    2365       2.5763
    2366       2.6213
    2367       2.7447
    2368       2.6996
    2369       2.4713
    2370       2.6125
    2371       2.9624
    2372       2.6928
    2373       2.6354
    2374       2.9474
    2375       2.9461
    2376       2.9861
    2377       2.9281
    2378       2.8086
    2379       2.7384
    2380       2.7915
    2381       2.8840
    2382       2.7963
    2383       2.6505
    2384       2.8822
    2385       2.7489
    2386       2.8077
    2387       2.7739
    2388       2.7097
    2389       2.6552
    2390       2.6886
    2391       2.5386
    2392       2.6069
    2393       2.4557
    2394       2.5221
    2395       2.3047
    2396       2.3715
    2397       2.4051
    2398       2.4256
    2399       2.4081
    2400       2.4010
    2401       2.2749
    2402       2.3814
    2403       2.4835
    2404       2.2085
    2405       2.2507
    2406       2.2036
    2407       2.0181
    2408       2.1501
    2409       2.2754
    2410       2.4594
    2411       2.3405
    2412       2.1695
    2413       2.4088
    2414       2.5523
    2415       2.4518
    2416       2.3377
    2417       2.2598
    2418       2.2884
    2419       2.3768
    2420       2.1781
    2421       2.3269
    2422       2.2398
    2423       2.1018
    2424       2.1476
    2425       2.3492
    2426       2.2352
    2427       2.0615
    2428       2.0471
    2429       2.1528
    2430       2.0473
    2431       2.1260
    2432       2.0435
    2433       1.8539
    2434       2.0893
    2435       1.9418
    2436       2.1782
    2437       2.3646
    2438       2.1630
    2439       2.1604
    2440       2.2692
    2441       2.1492
    2442       2.1510
    2443       2.1053
    2444       2.1766
    2445       2.0687
    2446       2.1347
    2447       2.0970
    2448       2.1677
    2449       2.3157
    2450       2.1787
    2451       2.2891
    2452       2.3299
    2453       2.3063
    2454       2.2037
    2455       1.8999
    2456       2.0587
    2457       2.0843
    2458       2.0432
    2459       2.2017
    2460       2.2891
    2461       2.1904
    2462       2.1303
    2463       2.2309
    2464       2.2807
    2465       2.1554
    2466       2.1289
    2467       2.1460
    2468       2.1952
    2469       2.3777
    2470       2.3146
    2471       2.1654
    2472       2.3890
    2473       2.0595
    2474       2.0419
    2475       2.1627
    2476       2.2733
    2477       2.3200
    2478       2.1138
    2479       2.1041
    2480       1.8165
    2481       2.1235
    2482       2.1063
    2483       1.9596
    2484       2.2635
    2485       2.1965
    2486       2.2869
    2487       2.4106
    2488       2.1258
    2489       2.2179
    2490       2.2967
    2491       2.4012
    2492       2.4883
    2493       2.0780
    2494       2.1625
    2495       2.3938
    2496       2.2916
    2497       2.0610
    2498       2.2058
    2499       2.3915
    2500       2.4632
    2501       2.2342
    2502       2.2746
    2503       2.1409
    2504       2.0828
    2505       2.1697
    2506       2.0390
    2507       2.1195
    2508       2.5634
    2509       2.4028
    2510       2.3149
    2511       2.5122
    2512       2.6698
    2513       2.6298
    2514       2.6252
    2515       2.6281
    2516       2.7842
    2517       2.4883
    2518       2.5190
    2519       2.6660
    2520       2.5519
    2521       2.5369
    2522       2.5481
    2523       2.7920
    2524       2.6846
    2525       3.0253
    2526       2.9961
    2527       2.9507
    2528       2.7936
    2529       2.9708
    2530       2.7019
    2531       2.7507
    2532       2.7196
    2533       2.7959
    2534       2.8370
    2535       2.7741
    2536       2.6754
    2537       2.5224
    2538       2.7216
    2539       2.7034
    2540       2.5999
    2541       2.3427
    2542       2.5027
    2543       2.7509
    2544       3.0084
    2545       2.8966
    2546       2.7407
    2547       2.6645
    2548       2.6697
    2549       2.7645
    2550       2.6407
    2551       2.8133
    2552       2.6954
    2553       2.6336
    2554       2.5950
    2555       2.6150
    2556       2.6280
    2557       2.6072
    2558       2.6668
    2559       2.5310
    2560       2.5763
    2561       2.6724
    2562       2.6152
    2563       2.3562
    2564       2.4921
    2565       2.4150
    2566       2.3181
    2567       2.3776
    2568       2.2375
    2569       2.2624
    2570       2.5699
    2571       2.4574
    2572       2.4487
    2573       2.3849
    2574       2.5791
    2575       2.5316
    2576       2.4145
    2577       2.4767
    2578       2.5898
    2579       2.8007
    2580       2.6955
    2581       2.6647
    2582       2.8155
    2583       2.4803
    2584       2.4991
    2585       2.3806
    2586       2.5627
    2587       2.5442
    2588       2.5588
    2589       2.6337
    2590       2.5154
    2591       2.7050
    2592       2.5364
    2593       2.6087
    2594       2.5986
    2595       2.7577
    2596       2.6824
    2597       2.5616
    2598       2.5922
    2599       2.7256
    2600       2.8202
    2601       2.7754
    2602       2.5851
    2603       2.6954
    2604       2.5733
    2605       2.5024
    2606       2.8586
    2607       2.7583
    2608       2.4612
    2609       2.5441
    2610       2.5400
    2611       2.5078
    2612       2.7042
    2613       2.6476
    2614       3.0680
    2615       2.8123
    2616       2.5750
    2617       2.6757
    2618       2.5219
    2619       2.5026
    2620       2.3775
    2621       2.4898
    2622       2.5847
    2623       2.6084
    2624       2.4852
    2625       2.5698
    2626       2.8893
    2627       2.5161
    2628       2.5664
    2629       2.4086
    2630       2.5954
    2631       2.7336
    2632       2.9243
    2633       2.7854
    2634       2.8960
    2635       3.0278
    2636       2.9735
    2637       2.9056
    2638       2.7807
    2639       3.0247
    2640       2.7257
    2641       2.8683
    2642       2.9479
    2643       2.5912
    2644       2.6172
    2645       2.6114
    2646       2.8430
    2647       2.6479
    2648       2.5636
    2649       2.5356
    2650       2.4454
    2651       2.4827
    2652       2.3893
    2653       2.2800
    2654       2.7170
    2655       2.3377
    2656       2.4187
    2657       2.3401
    2658       2.5030
    2659       2.5177
    2660       2.4779
    2661       2.3888
    2662       2.3527
    2663       2.5093
    2664       2.4185
    2665       2.5204
    2666       2.3617
    2667       2.6029
    2668       2.7539
    2669       2.6242
    2670       2.6734
    2671       2.4755
    2672       2.5317
    2673       2.4707
    2674       2.4165
    2675       2.5160
    2676       2.4691
    2677       2.4433
    2678       2.2996
    2679       2.3144
    2680       2.3347
    2681       2.2584
    2682       2.3720
    2683       2.3622
    2684       2.3280
    2685       2.3868
    2686       2.3813
    2687       2.4883
    2688       2.5128
    2689       2.4002
    2690       2.4188
    2691       2.5413
    2692       2.6019
    2693       2.3989
    2694       2.4018
    2695       2.5642
    2696       2.5700
    2697       2.4080
    2698       2.5349
    2699       2.7215
    2700       2.5750
    2701       2.5562
    2702       2.5321
    2703       2.3977
    2704       2.4062
    2705       2.5510
    2706       2.5375
    2707       2.4866
    2708       2.6682
    2709       2.4824
    2710       2.4943
    2711       2.6030
    2712       2.4418
    2713       2.3685
    2714       2.6244
    2715       2.0527
    2716       2.2126
    2717       2.2482
    2718       2.4614
    2719       2.3553
    2720       2.3695
    2721       2.5277
    2722       2.4193
    2723       2.3903
    2724       2.3188
    2725       2.3950
    2726       2.5653
    2727       2.6901
    2728       2.6475
    2729       2.4673
    2730       2.3915
    2731       2.4222
    2732       2.2624
    2733       2.3758
    2734       2.4029
    2735       2.3020
    2736       2.3456
    2737       2.2693
    2738       2.1447
    2739       2.2020
    2740       2.2871
    2741       2.2234
    2742       1.9729
    2743       2.1628
    2744       2.2419
    2745       2.3200
    2746       2.2984
    2747       2.1850
    2748       2.0097
    2749       2.1622
    2750       2.1528
    2751       2.0242
    2752       2.1427
    2753       2.0119
    2754       2.1367
    2755       1.9416
    2756       2.0341
    2757       2.0043
    2758       2.0870
    2759       2.0339
    2760       2.0774
    2761       2.1788
    2762       2.3668
    2763       2.2206
    2764       2.0929
    2765       2.2168
    2766       2.3622
    2767       2.4391
    2768       2.1157
    2769       2.2190
    2770       1.9292
    2771       2.2701
    2772       2.2613
    2773       2.3348
    2774       2.2105
    2775       2.1439
    2776       2.1960
    2777       2.1924
    2778       2.2550
    2779       2.0579
    2780       1.8782
    2781       2.1017
    2782       2.3040
    2783       2.2027
    2784       2.2411
    2785       2.3480
    2786       2.1980
    2787       2.6105
    2788       2.2390
    2789       2.4388
    2790       2.4032
    2791       2.5334
    2792       2.6185
    2793       2.5801
    2794       2.3957
    2795       2.6404
    2796       2.5304
    2797       2.5403
    2798       2.5646
    2799       2.2995
    2800       2.5143
    2801       2.4393
    2802       2.1206
    2803       2.2826
    2804       2.3313
    2805       2.4377
    2806       2.3226
    2807       2.3493
    2808       2.4541
    2809       2.5703
    2810       2.6661
    2811       2.6919
    2812       2.4765
    2813       2.4771
    2814       2.7296
    2815       2.8028
    2816       2.5679
    2817       2.6704
    2818       2.5809
    2819       2.8226
    2820       2.6076
    2821       2.6479
    2822       2.5061
    2823       2.3949
    2824       2.4960
    2825       2.6435
    2826       2.3842
    2827       2.4144
    2828       2.3814
    2829       2.4952
    2830       2.4840
    2831       2.3386
    2832       2.4242
    2833       2.6346
    2834       2.5457
    2835       2.5363
    2836       2.4480
    2837       2.3665
    2838       2.6398
    2839       2.8161
    2840       2.5876
    2841       2.5049
    2842       2.5677
    2843       2.5502
    2844       2.6695
    2845       2.6863
    2846       2.7330
    2847       2.7516
    2848       2.6406
    2849       2.5687
    2850       2.5296
    2851       2.5229
    2852       2.3267
    2853       2.4735
    2854       2.7020
    2855       2.6651
    2856       2.7952
    2857       2.7874
    2858       2.6725
    2859       2.8987
    2860       2.6148
    2861       2.5904
    2862       2.8430
    2863       2.6823
    2864       2.7303
    2865       2.6049
    2866       2.6165
    2867       2.5014
    2868       2.6887
    2869       2.6903
    2870       2.8829
    2871       2.7534
    2872       2.6861
    2873       2.6784
    2874       2.5554
    2875       2.6035
    2876       2.6672
    2877       2.4077
    2878       2.1149
    2879       2.4575
    2880       2.8496
    2881       2.5372
    2882       2.6463
    2883       2.6148
    2884       2.6619
    2885       2.7961
    2886       2.6521
    2887       2.6691
    2888       2.6184
    2889       2.6543
    2890       2.6170
    2891       2.7319
    2892       2.7686
    2893       2.6874
    2894       2.6269
    2895       2.7894
    2896       2.8129
    2897       2.6760
    2898       2.8266
    2899       2.5326
    2900       2.5789
    2901       2.7028
    2902       2.5847
    2903       2.5116
    2904       2.6152
    2905       2.6974
    2906       2.6504
    2907       2.7340
    2908       3.0317
    2909       2.8003
    2910       2.7912
    2911       2.5421
    2912       2.7891
    2913       3.0653
    2914       2.8222
    2915       2.9852
    2916       2.7328
    2917       2.5886
    2918       2.7634
    2919       2.8596
    2920       2.9357
    2921       2.9700
    2922       2.7996
    2923       2.9502
    2924       3.0285
    2925       2.8381
    2926       2.9203
    2927       2.8274
    2928       2.7311
    2929       2.5962
    2930       2.6362
    2931       2.5161
    2932       2.5778
    2933       2.5108
    2934       2.5310
    2935       2.4234
    2936       2.7916
    2937       2.5512
    2938       2.3201
    2939       2.5219
    2940       2.6069
    2941       2.4537
    2942       2.6429
    2943       2.8169
    2944       2.6161
    2945       2.7845
    2946       2.7273
    2947       2.8469
    2948       2.5694
    2949       2.4775
    2950       2.4797
    2951       2.2281
    2952       2.5064
    2953       2.4996
    2954       2.5792
    2955       2.6200
    2956       2.6926
    2957       2.6529
    2958       2.6224
    2959       2.7776
    2960       2.8403
    2961       2.6984
    2962       2.7120
    2963       3.0008
    2964       2.5837
    2965       2.5675
    2966       2.3838
    2967       2.4530
    2968       2.4067
    2969       2.3923
    2970       2.4761
    2971       2.6168
    2972       2.6175
    2973       2.3559
    2974       2.7082
    2975       2.5839
    2976       2.5554
    2977       2.6992
    2978       2.6167
    2979       2.5948
    2980       2.4919
    2981       2.4420
    2982       2.4259
    2983       2.7776
    2984       2.9077
    2985       2.7834
    2986       2.6946
    2987       2.6543
    2988       2.6394
    2989       2.4430
    2990       2.3150
    2991       2.5228
    2992       2.5484
    2993       2.6991
    2994       2.3512
    2995       2.5057
    2996       2.4113
    2997       2.3687
    2998       2.2012
    2999       2.3755
    3000       2.4055
    3001       2.7199
    3002       2.5094
    3003       2.6044
    3004       2.7820
    3005       2.9287
    3006       2.9350
    3007       2.8516
    3008       2.7263
    3009       2.8938
    3010       2.8021
    3011       3.0342
    3012       2.9441
    3013       2.9256
    3014       2.9438
    3015       2.6857
    3016       2.8786
    3017       2.6133
    3018       2.8415
    3019       2.8106
    3020       2.8459
    3021       2.7983
    3022       2.6563
    3023       2.4059
    3024       2.6311
    3025       2.6876
    3026       2.6861
    3027       2.7525
    3028       2.7421
    3029       2.9160
    3030       2.5769
    3031       2.9227
    3032       2.7414
    3033       2.6073
    3034       2.5763
    3035       2.4364
    3036       2.6938
    3037       2.8092
    3038       2.6627
    3039       3.0724
    3040       3.0212
    3041       2.9443
    3042       2.8888
    3043       2.7674
    3044       2.8185
    3045       2.6094
    3046       2.9031
    3047       2.7874
    3048       2.3538
    3049       2.4487
    3050       2.5220
    3051       2.5140
    3052       2.5797
    3053       2.4108
    3054       2.6669
    3055       2.5527
    3056       2.5933
    3057       2.5227
    3058       2.5665
    3059       2.8485
    3060       2.7584
    3061       2.5617
    3062       2.4628
    3063       2.5029
    3064       2.4023
    3065       2.1912
    3066       2.4824
    3067       2.4422
    3068       2.5724
    3069       2.5591
    3070       2.5319
    3071       2.4805
    3072       2.5209
    3073       2.6019
    3074       2.5705
    3075       2.4753
    3076       2.3521
    3077       2.4563
    3078       2.4446
    3079       2.5099
    3080       2.4696
    3081       2.5720
    3082       2.3803
    3083       2.5782
    3084       2.2167
    3085       2.4620
    3086       2.4554
    3087       2.4633
    3088       2.5319
    3089       2.5639
    3090       2.6017
    3091       2.4765
    3092       2.5359
    3093       2.6364
    3094       2.6631
    3095       2.4435
    3096       2.5449
    3097       2.4853
    3098       2.2039
    3099       2.1532
    3100       2.6357
    3101       2.4767
    3102       2.3747
    3103       2.4408
    3104       2.2299
    3105       2.4006
    3106       2.3521
    3107       2.3729
    3108       2.3178
    3109       2.5564
    3110       2.5747
    3111       2.3533
    3112       2.4007
    3113       2.4298
    3114       2.6840
    3115       2.6350
    3116       2.5014
    3117       2.6061
    3118       2.7455
    3119       2.5862
    3120       2.3932
    3121       2.4696
    3122       2.6396
    3123       2.5124
    3124       2.6476
    3125       2.7382
    3126       2.6452
    3127       2.5423
    3128       2.5572
    3129       2.4560
    3130       2.5820
    3131       2.3033
    3132       2.3308
    3133       2.4959
    3134       2.5094
    3135       2.5418
    3136       2.5531
    3137       2.5487
    3138       2.6060
    3139       2.5956
    3140       2.7679
    3141       2.8596
    3142       2.7093
    3143       2.7066
    3144       2.4656
    3145       2.2109
    3146       2.0885
    3147       2.2864
    3148       2.3270
    3149       2.2655
    3150       2.4414
    3151       2.4748
    3152       2.5334
    3153       2.5118
    3154       2.3973
    3155       2.3987
    3156       2.4379
    3157       2.4322
    3158       2.5084
    3159       2.1933
    3160       2.1276
    3161       2.2820
    3162       2.3662
    3163       2.3332
    3164       2.3286
    3165       2.3894
    3166       2.3815
    3167       2.3203
    3168       2.4611
    3169       2.4702
    3170       2.3579
    3171       2.4164
    3172       2.3855
    3173       2.2240
    3174       2.2498
    3175       2.5889
    3176       2.4968
    3177       2.2995
    3178       2.4430
    3179       2.5248
    3180       2.3799
    3181       2.2919
    3182       2.6124
    3183       2.5617
    3184       2.5045
    3185       2.6399
    3186       2.4815
    3187       2.5547
    3188       2.5212
    3189       2.6002
    3190       2.4786
    3191       2.3041
    3192       2.4258
    3193       2.4238
    3194       2.4897
    3195       2.5695
    3196       2.5007
    3197       2.4361
    3198       2.2830
    3199       2.6116
    3200       2.6297
    3201       2.3609
    3202       2.5626
    3203       2.6551
    3204       2.6933
    3205       2.5488
    3206       2.5856
    3207       2.5548
    3208       2.6470
    3209       2.7438
    3210       2.6610
    3211       2.6664
    3212       2.4727
    3213       2.5031
    3214       2.5335
    3215       2.6793
    3216       2.6672
    3217       2.6839
    3218       2.5875
    3219       2.8259
    3220       2.7313
    3221       2.5725
    3222       2.6254
    3223       2.8126
    3224       2.6891
    3225       2.5989
    3226       2.6281
    3227       2.8304
    3228       2.8730
    3229       2.7929
    3230       2.7262
    3231       2.6158
    3232       2.6497
    3233       2.4220
    3234       2.4347
    3235       2.6404
    3236       2.6701
    3237       2.6332
    3238       2.4778
    3239       2.4474
    3240       2.6331
    3241       2.4899
    3242       2.5100
    3243       2.6399
    3244       2.7263
    3245       2.6903
    3246       2.8016
    3247       2.7930
    3248       2.3787
    3249       2.4273
    3250       2.4517
    3251       2.5031
    3252       2.4605
    3253       2.4422
    3254       2.5187
    3255       2.2354
    3256       2.4481
    3257       2.3059
    3258       2.3467
    3259       2.4389
    3260       2.3797
    3261       2.3300
    3262       2.6758
    3263       2.5991
    3264       2.6502
    3265       2.5615
    3266       2.7458
    3267       2.5595
    3268       2.6613
    3269       2.5950
    3270       2.4195
    3271       2.4237
    3272       2.1902
    3273       2.3335
    3274       2.6647
    3275       2.5313
    3276       2.5007
    3277       2.5529
    3278       2.5959
    3279       2.7612
    3280       2.8363
    3281       2.7128
    3282       2.8817
    3283       2.6594
    3284       3.0173
    3285       3.0914
    3286       3.0250
    3287       2.8980
    3288       2.9554
    3289       2.9708
    3290       2.7047
    3291       3.1757
    3292       3.1084
    3293       3.0440
    3294       3.0469
    3295       3.2551
    3296       2.9224
    3297       3.2044
    3298       3.1405
    3299       3.1297
    3300       2.9509
    3301       3.2487
    3302       3.1948
    3303       3.0354
    3304       3.3180
    3305       3.0226
    3306       3.5009
    3307       3.2789
    3308       3.1409
    3309       2.9399
    3310       3.5035
    3311       3.3110
    3312       3.2725
    3313       3.4108
    3314       3.2479
    3315       3.2962
    3316       3.4928
    3317       3.5025
    3318       3.4607
    3319       3.5634
    3320       3.4153
    3321       3.3404
    3322       3.3224
    3323       3.1344
    3324       3.2957
    3325       3.3562
    3326       3.7765
    3327       3.3982
    3328       3.4794
    3329       3.3083
    3330       3.6052
    3331       3.4799
    3332       3.3582
    3333       2.9708
    3334       3.2883
    3335       3.1916
    3336       3.1643
    3337       2.9513
    3338       3.1332
    3339       3.0979
    3340       3.0524
    3341       2.9802
    3342       2.9567
    3343       2.9404
    3344       2.8680
    3345       2.5994
    3346       2.5063
    3347       2.5258
    3348       2.8087
    3349       2.7976
    3350       3.0331
    3351       3.2828
    3352       3.3809
    3353       3.2602
    3354       3.1184
    3355       3.0986
    3356       3.1052
    3357       3.1525
    3358       3.1428
    3359       3.2288
    3360       3.1676
    3361       3.0858
    3362       2.9960
    3363       3.1468
    3364       3.0958
    3365       2.9287
    3366       2.9001
    3367       3.2246
    3368       3.4239
    3369       3.1613
    3370       3.5011
    3371       3.5323
    3372       3.2055
    3373       3.2654
    3374       3.3050
    3375       3.2711
    3376       3.4483
    3377       3.1646
    3378       3.2168
    3379       3.4307
    3380       3.3800
    3381       3.2507
    3382       3.1712
    3383       3.5391
    3384       3.4942
    3385       3.6321
    3386       3.7541
    3387       3.2260
    3388       3.2328
    3389       3.3111
    3390       3.2550
    3391       3.2303
    3392       3.2746
    3393       3.3558
    3394       3.4760
    3395       3.4871
    3396       3.6105
    3397       3.4765
    3398       3.4807
    3399       3.7138
    3400       3.5009
    3401       3.5468
    3402       3.2567
    3403       3.4126
    3404       3.6242
    3405       3.5492
    3406       3.3652
    3407       3.2389
    3408       3.3817
    3409       3.3089
    3410       3.3773
    3411       3.3969
    3412       3.5302
    3413       3.6703
    3414       3.9637
    3415       3.8108
    3416       3.7350
    3417       3.7802
    3418       3.5951
    3419       3.5746
    3420       3.7588
    3421       3.5694
    3422       3.7080
    3423       3.7011
    3424       3.8145
    3425       3.6123
    3426       3.7128
    3427       3.7367
    3428       3.7124
    3429       3.3471
    3430       3.7400
    3431       3.7062
    3432       3.6243
    3433       3.6189
    3434       3.8566
    3435       3.4637
    3436       3.5485
    3437       3.6998
    3438       3.5656
    3439       3.7109
    3440       3.7697
    3441       3.5511
    3442       3.5950
    3443       3.6273
    3444       3.8136
    3445       3.6658
    3446       3.7046
    3447       3.6517
    3448       3.6391
    3449       3.5982
    3450       3.5004
    3451       3.4270
    3452       3.5663
    3453       3.7330
    3454       3.6580
    3455       3.8603
    3456       3.7418
    3457       3.7800
    3458       3.8517
    3459       3.7734
    3460       3.8222
    3461       3.9119
    3462       3.8437
    3463       3.8134
    3464       3.7283
    3465       3.7287
    3466       3.6805
    3467       3.6784
    3468       3.5931
    3469       3.5299
    3470       3.3963
    3471       3.4676
    3472       3.5137
    3473       3.5125
    3474       3.4526
    3475       3.5949
    3476       3.6456
    3477       3.5319
    3478       3.6604
    3479       3.5233
    3480       3.4377
    3481       3.5562
    3482       3.5524
    3483       3.2048
    3484       3.2051
    3485       3.2843
    3486       3.2617
    3487       3.2812
    3488       3.4476
    3489       3.7592
    3490       3.4554
    3491       3.4801
    3492       3.7112
    3493       3.6824
    3494       3.7218
    3495       3.6435
    3496       3.5232
    3497       3.5555
    3498       3.5996
    3499       3.5475
    3500       3.3223
    3501       3.8155
    3502       3.5836
    3503       3.4624
    3504       3.3724
    3505       3.3477
    3506       3.3574
    3507       3.3844
    3508       3.6095
    3509       3.5874
    3510       3.6941
    3511       3.4099
    3512       3.6188
    3513       3.6589
    3514       3.7503
    3515       3.7662
    3516       3.7529
    3517       4.0624
    3518       3.7636
    3519       3.7427
    3520       3.6572
    3521       3.8113
    3522       3.7074
    3523       3.6707
    3524       3.7880
    3525       3.8210
    3526       3.7851
    3527       3.7940
    3528       3.6522
    3529       3.7229
    3530       3.8165
    3531       3.5702
    3532       3.6022
    3533       3.5780
    3534       3.6279
    3535       3.6894
    3536       3.6505
    3537       3.5938
    3538       3.7058
    3539       3.6037
    3540       3.7352
    3541       3.6477
    3542       3.5450
    3543       3.5408
    3544       3.6633
    3545       3.8883
    3546       4.0969
    3547       4.0143
    3548       4.0306
    3549       4.1553
    3550       3.8489
    3551       4.0923
    3552       3.8811
    3553       4.0491
    3554       4.1182
    3555       4.0549
    3556       4.0686
    3557       4.2356
    3558       4.1258
    3559       4.1879
    3560       4.0767
    3561       4.0173
    3562       4.0070
    3563       4.0397
    3564       3.8976
    3565       3.9389
    3566       4.1472
    3567       3.8614
    3568       3.8189
    3569       3.7633
    3570       3.9510
    3571       3.9005
    3572       3.9225
    3573       3.8438
    3574       3.7849
    3575       3.7903
    3576       4.0619
    3577       3.8052
    3578       3.6196
    3579       3.7067
    3580       3.5757
    3581       3.4975
    3582       3.4964
    3583       3.5965
    3584       3.4936
    3585       3.3423
    3586       3.6792
    3587       3.4442
    3588       3.4562
    3589       3.3975
    3590       3.4497
    3591       3.5309
    3592       3.5024
    3593       3.2951
    3594       3.1386
    3595       3.0497
    3596       3.0337
    3597       3.2491
    3598       3.3265
    3599       3.0250
    3600       3.1020
    3601       3.1795
    3602       3.3097
    3603       3.3501
    3604       2.9642
    3605       3.0744
    3606       3.2335
    3607       3.2742
    3608       3.2855
    3609       3.4525
    3610       3.5175
    3611       3.6238
    3612       3.4391
    3613       3.5520
    3614       3.4748
    3615       3.3217
    3616       2.9925
    3617       3.1981
    3618       3.1087
    3619       3.3310
    3620       3.0950
    3621       3.2783
    3622       3.1278
    3623       3.3055
    3624       3.4253
    3625       3.4325
    3626       3.3052
    3627       3.2819
    3628       3.4402
    3629       3.3846
    3630       3.0492
    3631       3.0866
    3632       3.1890
    3633       3.0544
    3634       3.3543
    3635       3.1438
    3636       3.1088
    3637       3.0865
    3638       2.7278
    3639       2.9394
    3640       3.1955
    3641       3.2587
    3642       3.4510
    3643       3.4271
    3644       3.3727
    3645       3.6042
    3646       3.5705
    3647       3.5526
    3648       3.2954
    3649       3.5318
    3650       3.3875
    3651       3.4650
    3652       3.4354
    3653       3.4953
    3654       3.6053
    3655       3.5056
    3656       3.5024
    3657       3.6102
    3658       3.5956
    3659       3.5469
    3660       3.6073
    3661       3.5882
    3662       3.5622
    3663       3.6134
    3664       3.5146
    3665       3.6525
    3666       3.5904
    3667       3.4944
    3668       3.7228
    3669       3.6451
    3670       3.4813
    3671       3.5190
    3672       3.4925
    3673       3.7565
    3674       3.5355
    3675       3.5235
    3676       3.3825
    3677       3.5839
    3678       3.7650
    3679       3.4917
    3680       3.6220
    3681       3.4237
    3682       3.3166
    3683       3.2611
    3684       3.4550
    3685       3.4596
    3686       3.1559
    3687       3.1461
    3688       3.1150
    3689       3.3008
    3690       3.1668
    3691       3.1997
    3692       3.0659
    3693       3.1894
    3694       3.2566
    3695       3.2244
    3696       3.3138
    3697       3.2176
    3698       3.3118
    3699       3.2706
    3700       3.2239
    3701       3.2916
    3702       3.4974
    3703       3.2899
    3704       3.3255
    3705       3.3018
    3706       2.6109
    3707       3.0439
    3708       2.9956
    3709       3.3784
    3710       3.3436
    3711       3.3653
    3712       3.4427
    3713       3.4986
    3714       3.4781
    3715       3.3734
    3716       3.2797
    3717       3.7432
    3718       3.7188
    3719       3.6354
    3720       3.7978
    3721       3.6391
    3722       3.4731
    3723       3.3984
    3724       3.4354
    3725       3.2468
    3726       3.5931
    3727       3.8820
    3728       3.6763
    3729       3.8587
    3730       3.8245
    3731       3.8997
    3732       4.0144
    3733       3.8678
    3734       3.7743
    3735       3.7461
    3736       3.9819
    3737       3.9227
    3738       3.7102
    3739       3.6423
    3740       3.8113
    3741       3.8152
    3742       3.8560
    3743       3.6798
    3744       3.9222
    3745       3.7787
    3746       3.8009
    3747       3.6775
    3748       3.6784
    3749       3.7363
    3750       3.6475
    3751       3.5335
    3752       3.6904
    3753       3.7022
    3754       3.6021
    3755       3.9339
    3756       3.8836
    3757       4.0122
    3758       3.8909
    3759       4.0618
    3760       3.8706
    3761       3.7768
    3762       3.8538
    3763       3.7337
    3764       3.6837
    3765       3.6512
    3766       3.5977
    3767       3.7168
    3768       3.6248
    3769       3.7481
    3770       3.8881
    3771       3.7234
    3772       3.8021
    3773       3.5691
    3774       3.6374
    3775       3.5934
    3776       3.5605
    3777       3.6242
    3778       3.5988
    3779       3.5735
    3780       3.5910
    3781       3.6502
    3782       3.8874
    3783       3.9252
    3784       3.6532
    3785       3.6334
    3786       3.7336
    3787       3.7324
    3788       3.9342
    3789       3.7412
    3790       3.7717
    3791       3.7715
    3792       3.7031
    3793       3.5052
    3794       3.3097
    3795       3.3006
    3796       3.4518
    3797       3.5240
    3798       3.6156
    3799       3.5855
    3800       3.4916
    3801       3.4418
    3802       3.5907
    3803       3.4902
    3804       3.5063
    3805       3.4477
    3806       3.3737
    3807       3.4462
    3808       3.6439
    3809       3.5556
    3810       3.6302
    3811       3.6123
    3812       3.6898
    3813       3.6721
    3814       3.5848
    3815       3.5957
    3816       3.6061
    3817       3.5097
    3818       3.4966
    3819       3.4034
    3820       3.3918
    3821       3.5908
    3822       3.5212
    3823       3.4944
    3824       3.4041
    3825       3.3633
    3826       3.4639
    3827       3.4901
    3828       3.6256
    3829       3.4996
    3830       3.3653
    3831       3.3975
    3832       3.4159
    3833       3.5898
    3834       3.5070
    3835       3.3946
    3836       3.4593
    3837       3.4404
    3838       3.5247
    3839       3.6535
    3840       3.6702
    3841       3.8007
    3842       3.8051
    3843       3.9487
    3844       3.7377
    3845       3.6358
    3846       3.6994
    3847       3.6542
    3848       3.8627
    3849       3.5808
    3850       3.5985
    3851       3.7068
    3852       3.6468
    3853       3.5554
    3854       3.6700
    3855       3.9224
    3856       3.7845
    3857       3.5537
    3858       3.6504
    3859       3.4614
    3860       3.6055
    3861       3.6627
    3862       3.6908
    3863       3.7461
    3864       3.8542
    3865       3.5607
    3866       3.7890
    3867       3.8216
    3868       3.4430
    3869       3.6493
    3870       3.6353
    3871       3.6229
    3872       3.4340
    3873       3.3104
    3874       3.4701
    3875       3.4572
    3876       3.4803
    3877       3.6663
    3878       3.6216
    3879       3.7757
    3880       3.5955
    3881       3.5783
    3882       3.6724
    3883       3.6677
    3884       3.5695
    3885       3.6151
    3886       3.7765
    3887       3.6866
    3888       3.5537
    3889       3.5005
    3890       3.4555
    3891       3.4048
    3892       3.5345
    3893       3.6022
    3894       3.2085
    3895       3.4716
    3896       3.4312
    3897       3.4640
    3898       3.3664
    3899       3.5901
    3900       3.5798
    3901       3.6046
    3902       3.6030
    3903       3.4883
    3904       3.6033
    3905       3.5458
    3906       3.9401
    3907       3.7715
    3908       3.7579
    3909       4.0032
    3910       3.9017
    3911       3.7705
    3912       3.7717
    3913       3.6629
    3914       3.7786
    3915       4.0150
    3916       4.0619
    3917       3.8934
    3918       3.6884
    3919       3.6956
    3920       3.6820
    3921       3.4956
    3922       3.6239
    3923       3.4740
    3924       3.6147
    3925       3.6924
    3926       3.5292
    3927       3.5685
    3928       3.4251
    3929       3.3783
    3930       3.7075
    3931       3.7142
    3932       3.6310
    3933       3.5687
    3934       3.7297
    3935       3.7671
    3936       3.6692
    3937       3.8953
    3938       4.0034
    3939       4.0314
    3940       3.8526
    3941       3.9092
    3942       3.9148
    3943       3.9325
    3944       4.0487
    3945       3.7695
    3946       4.0323
    3947       3.7912
    3948       3.6438
    3949       3.7097
    3950       3.6887
    3951       3.5907
    3952       3.7260
    3953       3.6597
    3954       3.2715
    3955       3.1767
    3956       3.3922
    3957       3.5092
    3958       3.6594
    3959       3.4843
    3960       3.5289
    3961       3.2875
    3962       3.2290
    3963       3.2432
    3964       3.1774
    3965       3.2332
    3966       3.2789
    3967       3.3101
    3968       3.3735
    3969       3.3559
    3970       3.3072
    3971       3.1648
    3972       3.1210
    3973       3.2056
    3974       3.1744
    3975       3.1484
    3976       3.0372
    3977       3.1265
    3978       3.1683
    3979       3.0739
    3980       3.2628
    3981       3.2510
    3982       3.6468
    3983       3.6315
    3984       3.4825
    3985       3.4788
    3986       3.3226
    3987       3.3634
    3988       3.3115
    3989       3.4310
    3990       3.5244
    3991       3.7325
    3992       3.6307
    3993       3.7201
    3994       3.7830
    3995       3.6340
    3996       3.7049
    3997       3.7358
    3998       3.6945
    3999       3.5319
    4000       3.3111
    4001       3.3872
    4002       3.3028
    4003       3.2222
    4004       3.4490
    4005       3.4518
    4006       3.6931
    4007       3.6624
    4008       3.4971
    4009       3.4584
    4010       3.3508
    4011       3.3382
    4012       3.6752
    4013       3.5492
    4014       3.5122
    4015       3.4541
    4016       3.5787
    4017       3.5190
    4018       3.6081
    4019       3.4860
    4020       3.6138
    4021       3.6675
    4022       3.5832
    4023       3.5470
    4024       3.4525
    4025       3.3580
    4026       3.7131
    4027       3.5743
    4028       3.3460
    4029       3.2907
    4030       3.4780
    4031       3.2253
    4032       3.4526
    4033       3.4954
    4034       3.6397
    4035       3.5104
    4036       3.4635
    4037       3.7381
    4038       3.6090
    4039       3.6783
    4040       3.7467
    4041       3.6992
    4042       3.7916
    4043       3.7628
    4044       3.5806
    4045       3.4723
    4046       3.4138
    4047       3.2954
    4048       3.6094
    4049       3.2832
    4050       3.1513
    4051       3.3166
    4052       3.4972
    4053       3.4189
    4054       3.5647
    4055       3.5101
    4056       3.3387
    4057       3.2212
    4058       3.3800
    4059       3.5924
    4060       3.1437
    4061       3.3380
    4062       3.2550
    4063       3.2844
    4064       3.5199
    4065       3.4217
    4066       3.4211
    4067       3.6465
    4068       3.7293
    4069       3.4476
    4070       3.7408
    4071       3.8124
    4072       3.8793
    4073       3.9421
    4074       3.9793
    4075       3.9101
    4076       3.8265
    4077       3.8132
    4078       3.6091
    4079       3.5037
    4080       3.8135
    4081       3.8949
    4082       3.9081
    4083       3.7735
    4084       3.7881
    4085       3.6791
    4086       3.9560
    4087       3.7740
    4088       3.7491
    4089       3.8598
    4090       3.3312
    4091       3.7733
    4092       3.6640
    4093       3.8052
    4094       3.7924
    4095       3.7758
    4096       4.0468
    4097       3.9566
    4098       3.6350
    4099       3.5861
    4100       3.6331
    4101       3.6538
    4102       3.8327
    4103       3.6475
    4104       3.7857
    4105       3.7403
    4106       3.5379
    4107       3.7036
    4108       3.7957
    4109       3.7400
    4110       3.6994
    4111       3.7137
    4112       3.6983
    4113       3.6716
    4114       3.6687
    4115       3.6682
    4116       3.7226
    4117       3.6557
    4118       3.6242
    4119       3.6920
    4120       3.8907
    4121       3.7798
    4122       3.9083
    4123       3.7426
    4124       3.7222
    4125       3.8677
    4126       3.9039
    4127       3.8337
    4128       3.8666
    4129       3.9591
    4130       3.9093
    4131       3.8425
    4132       3.9150
    4133       3.9260
    4134       3.9715
    4135       3.7272
    4136       3.9128
    4137       3.9956
    4138       3.9568
    4139       3.9748
    4140       3.9341
    4141       3.9994
    4142       3.8513
    4143       4.1560
    4144       3.9970
    4145       3.9340
    4146       4.0060
    4147       4.0759
    4148       3.8535
    4149       3.8211
    4150       3.5485
    4151       3.7962
    4152       3.7077
    4153       3.8284
    4154       3.9618
    4155       3.7594
    4156       3.8044
    4157       3.7433
    4158       3.7551
    4159       3.7885
    4160       3.9377
    4161       4.0813
    4162       3.6899
    4163       3.7717
    4164       3.6875
    4165       3.9212
    4166       4.0197
    4167       3.9805
    4168       4.0682
    4169       3.9997
    4170       4.0714
    4171       3.9388
    4172       3.8635
    4173       3.9260
    4174       3.8916
    4175       3.8633
    4176       3.7585
    4177       3.9871
    4178       3.6826
    4179       3.8917
    4180       3.8123
    4181       3.5062
    4182       3.7403
    4183       3.7046
    4184       3.8352
    4185       3.7081
    4186       3.9493
    4187       3.6089
    4188       3.8435
    4189       3.8519
    4190       3.6605
    4191       3.4761
    4192       3.7684
    4193       3.7469
    4194       3.5519
    4195       3.2375
    4196       3.1369
    4197       3.4350
    4198       3.4896
    4199       3.2254
    4200       3.3183
    4201       3.2850
    4202       3.3417
    4203       3.4399
    4204       3.2413
    4205       3.2692
    4206       3.3200
    4207       3.5089
    4208       3.4082
    4209       3.5147
    4210       3.4756
    4211       3.5074
    4212       3.4899
    4213       3.4601
    4214       3.7036
    4215       3.6114
    4216       3.6124
    4217       3.3882
    4218       3.3500
    4219       3.5023
    4220       3.5635
    4221       3.8143
    4222       3.6818
    4223       3.6028
    4224       3.6722
    4225       3.5871
    4226       3.5420
    4227       3.4379
    4228       3.3975
    4229       3.5473
    4230       3.4540
    4231       3.4210
    4232       3.5730
    4233       3.6254
    4234       3.6882
    4235       3.6279
    4236       3.6988
    4237       3.4861
    4238       3.4495
    4239       3.1974
    4240       3.0550
    4241       3.2586
    4242       3.3154
    4243       3.3632
    4244       3.5468
    4245       3.3708
    4246       2.9959
    4247       2.6502
    4248       2.6363
    4249       2.3419
    4250       2.5681
    4251       2.6719
    4252       2.8466
    4253       2.8966
    4254       2.6928
    4255       2.5917
    4256       2.9290
    4257       3.0037
    4258       3.0466
    4259       3.0669
    4260       3.0286
    4261       3.0867
    4262       3.3129
    4263       3.1036
    4264       2.9033
    4265       3.1160
    4266       3.0385
    4267       3.0260
    4268       2.8971
    4269       2.9084
    4270       2.7184
    4271       2.7016
    4272       2.9187
    4273       2.6794
    4274       3.0055
    4275       3.1837
    4276       3.2224
    4277       3.0517
    4278       3.3187
    4279       3.0406
    4280       2.9464
    4281       3.2091
    4282       3.1628
    4283       3.0599
    4284       3.1275
    4285       3.1212
    4286       3.1411
    4287       2.9448
    4288       3.3086
    4289       3.2608
    4290       3.1594
    4291       3.0038
    4292       2.9978
    4293       3.1821
    4294       3.1463
    4295       3.2805
    4296       3.1401
    4297       3.4162
    4298       3.4030
    4299       3.2670
    4300       3.1442
    4301       2.9925
    4302       3.1220
    4303       3.1595
    4304       3.0295
    4305       3.0099
    4306       3.3407
    4307       3.1129
    4308       3.1489
    4309       3.2010
    4310       3.2396
    4311       3.1907
    4312       2.9161
    4313       2.7915
    4314       2.8840
    4315       2.8553
    4316       2.8760
    4317       2.6508
    4318       2.8467
    4319       3.0918
    4320       2.8274
    4321       2.7935
    4322       3.0008
    4323       2.7781
    4324       2.9411
    4325       3.0535
    4326       3.0829
    4327       2.6182
    4328       2.6437
    4329       2.6502
    4330       2.4956
    4331       2.4214
    4332       2.3345
    4333       2.4198
    4334       2.5304
    4335       2.6581
    4336       2.7768
    4337       2.3932
    4338       2.7789
    4339       2.6752
    4340       2.6432
    4341       2.6937
    4342       2.6996
    4343       2.7681
    4344       2.7364
    4345       2.8084
    4346       2.7546
    4347       2.6586
    4348       2.9709
    4349       2.5809
    4350       2.5838
    4351       2.6885
    4352       2.7036
    4353       2.7226
    4354       2.7782
    4355       2.7611
    4356       2.6314
    4357       2.6268
    4358       2.5846
    4359       2.7745
    4360       2.7562
    4361       2.6183
    4362       2.4086
    4363       2.5110
    4364       2.6759
    4365       2.6666
    4366       2.6117
    4367       2.7631
    4368       2.7693
    4369       2.5484
    4370       2.5722
    4371       2.6618
    4372       2.5610
    4373       2.7023
    4374       2.8379
    4375       2.6943
    4376       2.7180
    4377       2.7376
    4378       3.0339
    4379       2.8718
    4380       2.8973
    4381       2.9332
    4382       2.9958
    4383       3.0371
    4384       3.0204
    4385       3.0995
    4386       2.9955
    4387       3.0061
    4388       2.9636
    4389       3.0843
    4390       2.9997
    4391       2.9761
    4392       2.9597
    4393       2.8533
    4394       2.8999
    4395       2.7021
    4396       2.9062
    4397       2.8327
    4398       2.7350
    4399       2.7547
    4400       2.9835
    4401       3.0638
    4402       2.8680
    4403       2.7803
    4404       2.7394
    4405       2.7891
    4406       2.7733
    4407       2.8360
    4408       2.8809
    4409       2.6642
    4410       2.9245
    4411       2.9699
    4412       2.7351
    4413       2.5240
    4414       2.9098
    4415       2.9498
    4416       2.8204
    4417       2.9047
    4418       2.6988
    4419       2.7235
    4420       2.8154
    4421       2.6996
    4422       2.8716
    4423       2.7528
    4424       2.9360
    4425       2.9832
    4426       2.9072
    4427       2.7946
    4428       2.8761
    4429       2.9265
    4430       2.9211
    4431       2.9451
    4432       2.8459
    4433       2.9596
    4434       3.0770
    4435       2.9827
    4436       2.8090
    4437       2.8495
    4438       2.7428
    4439       2.7861
    4440       2.8425
    4441       2.5020
    4442       2.5621
    4443       2.6142
    4444       2.7847
    4445       2.6118
    4446       2.6289
    4447       2.4547
    4448       2.7397
    4449       2.7648
    4450       2.8265
    4451       3.0200
    4452       3.0000
    4453       3.1310
    4454       3.0454
    4455       2.9661
    4456       3.1528
    4457       3.1729
    4458       3.1480
    4459       2.9182
    4460       2.9469
    4461       3.0733
    4462       2.9101
    4463       2.9480
    4464       2.9948
    4465       3.0009
    4466       3.0591
    4467       3.1929
    4468       3.1808
    4469       3.5053
    4470       3.3784
    4471       3.0059
    4472       3.0591
    4473       3.1765
    4474       3.3793
    4475       3.3994
    4476       3.4345
    4477       3.4828
    4478       3.3820
    4479       3.4721
    4480       3.4895
    4481       3.4559
    4482       3.7112
    4483       3.7527
    4484       3.5523
    4485       3.4592
    4486       3.5266
    4487       3.2222
    4488       3.4734
    4489       3.2840
    4490       3.3144
    4491       3.4794
    4492       3.4547
    4493       3.5329
    4494       3.5447
    4495       3.8404
    4496       3.6722
    4497       3.7580
    4498       3.9365
    4499       3.5498
    4500       3.3549
    4501       3.5799
    4502       3.3958
    4503       3.8838
    4504       3.9029
    4505       4.1086
    4506       4.5275
    4507       4.7373
    4508       4.7550
    4509       5.0407
    4510       4.9084
    4511       4.7826
    4512       4.9323
    4513       4.4200
    4514       4.6908
    4515       4.7052
    4516       4.6972
    4517       4.4726
    4518       4.8160
    4519       4.6965
    4520       4.7478
    4521       4.7698
    4522       4.8548
    4523       4.9338
    4524       4.8516
    4525       4.7181
    4526       4.7263
    4527       4.6091
    4528       4.8430
    4529       4.7851
    4530       4.6941
    4531       5.2583
    4532       5.1346
    4533       5.1520
    4534       4.9353
    4535       4.9082
    4536       4.7721
    4537       4.7403
    4538       4.8665
    4539       4.7170
    4540       4.7890
    4541       4.4966
    4542       4.5535
    4543       4.2910
    4544       4.5716
    4545       4.2763
    4546       4.6236
    4547       4.2907
    4548       4.3300
    4549       4.6848
    4550       4.5525
    4551       4.0818
    4552       4.3309
    4553       4.2445
    4554       4.3753
    4555       4.1666
    4556       3.8430
    4557       3.8906
    4558       3.8555
    4559       3.8151
    4560       4.0395
    4561       4.3312
    4562       4.4983
    4563       4.2519
    4564       4.2984
    4565       4.4145
    4566       4.8004
    4567       4.9373
    4568       4.9005
    4569       5.0259
    4570       5.1617
    4571       5.1913
    4572       5.0140
    4573       4.8699
    4574       4.6330
    4575       4.6841
    4576       4.4897
    4577       4.5052
    4578       4.4003
    4579       4.6056
    4580       4.3367
    4581       4.2669
    4582       4.5111
    4583       4.6702
    4584       4.7504
    4585       4.6567
    4586       4.5667
    4587       4.7826
    4588       4.7620
    4589       4.7850
    4590       4.6694
    4591       4.7179
    4592       4.6526
    4593       4.2488
    4594       4.2466
    4595       4.4722
    4596       4.2791
    4597       4.4224
    4598       4.2234
    4599       3.8458
    4600       4.0663
    4601       4.5856
    4602       4.4317
    4603       4.5622
    4604       4.3248
    4605       4.8039
    4606       4.7755
    4607       4.7721
    4608       5.3449
    4609       5.1197
    4610       4.8447
    4611       5.0648
    4612       4.4943
    4613       4.9486
    4614       4.4938
    4615       4.6171
    4616       5.3901
    4617       5.6383
    4618       5.6025
    4619       5.2097
    4620       5.5138
    4621       5.4986
    4622       6.1473
    4623       6.0969
    4624       6.2266
    4625       6.1591
    4626       5.7886
    4627       5.5394
    4628       5.4636
    4629       6.2909
    4630       7.2950
    4631       7.2756
    4632       7.8614
    4633       7.2516
    4634       7.9983
    4635       8.5571
    4636       8.4224
    4637       8.6510
    4638       8.3748
    4639       7.9743
    4640       8.1339
    4641       7.5458
    4642       7.6437
    4643       7.5162
    4644       8.2275
    4645       8.5133
    4646       8.3996
    4647       8.1701
    4648       8.0009
    4649       7.3856
    4650       7.2668
    4651       7.2975
    4652       7.1949
    4653       6.6615
    4654       6.7151
    4655       6.5901
    4656       6.5275
    4657       6.3022
    4658       6.1022
    4659       5.7765
    4660       5.8828
    4661       6.4754
    4662       5.9018
    4663       6.3809
    4664       5.9673
    4665       5.7194
    4666       5.4432
    4667       5.1132
    4668       5.0282
    4669       5.1854
    4670       5.3002
    4671       5.2215
    4672       5.5787
    4673       6.0148
    4674       6.2501
    4675       6.1964
    4676       6.1265
    4677       6.3355
    4678       6.4175
    4679       6.2739
    4680       6.2326
    4681       5.6525
    4682       5.7754
    4683       5.6232
    4684       5.3258
    4685       5.7179
    4686       5.2195
    4687       5.6966
    4688       5.5616
    4689       5.5153
    4690       5.6349
    4691       5.7815
    4692       5.9330
    4693       7.2815
    4694       7.6824
    4695       7.2661
    4696       7.1964
    4697       6.9488
    4698       7.2030
    4699       7.4308
    4700       7.7694
    4701       7.4786
    4702       7.1007
    4703       7.7032
    4704       8.0727
    4705       7.5068
    4706       7.4118
    4707       7.6897
    4708       7.5577
    4709       7.9636
    4710       5.7274
    4711       4.7301
    4712       5.0813
    4713       4.7291
    4714       4.7642
    4715       5.5839
    4716       5.1053
    4717       5.9647
    4718       8.2639
    4719       8.1895
    4720       7.6602
    4721       7.7694
    4722       7.2398
    4723       7.2766
    4724       7.0474
    4725       6.9445
    4726       7.1386
    4727       7.2157
    4728       7.2036
    4729       6.2704
    4730       7.5014
    4731       7.3085
    4732       7.6755
    4733       7.4983
    4734       7.5374
    4735       7.3620
    4736       7.1293
    4737       7.5680
    4738       5.5208
    4739       5.3821
    4740       5.6845
    4741       5.1379
    4742       6.0056
    4743       5.7188
    4744       5.8979
    4745       7.5426
    4746       7.3658
    4747       5.5605
    4748       7.3723
    4749       5.3995
    4750       5.5067
    4751       5.2782
    4752       4.9715
    4753       5.4256
    4754       5.4585
    4755       7.6353
    4756       5.6448
    4757       8.0269
    4758       7.7533
    4759       8.1717
    4760       5.3402
    4761       5.1509
    4762       4.9515
    4763       5.0542
    4764       5.2390
    4765       5.2378
    4766       7.4383
    4767       7.4696
    4768       7.5584
    4769       7.4778
    4770       7.7512
    4771       7.5884
    4772       6.9914
    4773       7.1172
    4774       7.2481
    4775       6.9691
    4776       7.2176
    4777       7.2744
    4778       7.1059
    4779       6.5082
    4780       6.5783
    4781       6.2150
    4782       6.4612
    4783       6.6477
    4784       7.4110
    4785       7.1344
    4786       7.1847
    4787       7.4730
    4788       7.0333
    4789       7.5644
    4790       7.3184
    4791       7.4446
    4792       7.4807
    4793       7.2568
    4794       7.0396
    4795       6.7677
    4796       6.4197
    4797       6.2266
    4798       6.4168
    4799       6.4160
    4800       6.6437
    4801       6.6382
    4802       6.4961
    4803       7.5461
    4804       7.5317
    4805       7.4648
    4806       6.9616
    4807       6.9702
    4808       7.5829
    4809       7.3864
    4810       8.0258
    4811       8.2952
    4812       7.5498
    4813       8.1555
    4814       8.0874
    4815       8.6545
    4816       8.7639
    4817       8.6421
    4818       8.5424
    4819       8.5431
    4820       8.6585
    4821       8.4098
    4822       7.6795
    4823       7.5215
    4824       7.7543
    4825       7.3360
    4826       7.4453
    4827       6.9003
    4828       6.6960
    4829       6.6314
    4830       7.0490
    4831       7.0165
    4832       7.1431
    4833       7.1399
    4834       7.1470
    4835       6.3696
    4836       6.5400
    4837       6.5349
    4838       5.7427
    4839       6.0402
    4840       6.8973
    4841       6.6150
    4842       6.4015
    4843       6.8545
    4844       6.7223
    4845       7.4768
    4846       7.2723
    4847       7.4790
    4848       6.7827
    4849       6.7918
    4850       6.5444
    4851       7.6849
    4852       7.8542
    4853       7.8755
    4854       8.4068
    4855       8.0612
    4856       7.5766
    4857       7.3255
    4858       7.7911
    4859       7.1779
    4860       7.5051
    4861       7.8187
    4862       8.5722
    4863       8.5266
    4864       8.1344
    4865       8.3539
    4866       8.1594
    4867       7.7081
    4868       7.0117
    4869       6.9638
    4870       6.6444
    4871       6.5682
    4872       6.3048
    4873       6.2149
    4874       6.4368
    4875       6.1201
    4876       5.9640
    4877       6.1051
    4878       6.2173
    4879       6.3279
    4880       6.4545
    4881       6.5200
    4882       6.2653
    4883       6.7329
    4884       7.1423
    4885       7.3970
    4886       7.3954
    4887       7.2001
    4888       7.6363
    4889       7.5453
    4890       7.7811
    4891       7.7443
    4892       7.9335
    4893       8.0185
    4894       7.9390
    4895       7.5195
    4896       7.3390
    4897       7.3748
    4898       7.2421
    4899       7.0689
    4900       6.8657
    4901       6.9066
    4902       7.1465
    4903       7.0679
    4904       7.0672
    4905       6.8882
    4906       7.3278
    4907       7.1582
    4908       6.6889
    4909       6.4201
    4910       6.5995
    4911       6.7264
    4912       6.4673
    4913       6.3658
    4914       6.1928
    4915       6.4740
    4916       6.0377
    4917       6.0916
    4918       6.0445
    4919       6.0779
    4920       6.2122
    4921       5.9689
    4922       6.1068
    4923       6.6153
    4924       6.5928
    4925       6.3399
    4926       6.2489
    4927       6.8383
    4928       6.5568
    4929       5.9889
    4930       5.8772
    4931       5.5603
    4932       5.9280
    4933       6.1617
    4934       6.0038
    4935       6.5843
    4936       6.3321
    4937       6.7943
    4938       6.8938
    4939       6.6646
    4940       6.8074
    4941       7.6665
    4942       6.6517
    4943       6.2433
    4944       7.5411
    4945       7.5205
    4946       7.4565
    4947       7.2547
    4948       7.0136
    4949       6.9336
    4950       6.6370
    4951       6.8974
    4952       6.9550
    4953       7.2959
    4954       6.7027
    4955       7.2491
    4956       7.2361
    4957       7.1665
    4958       7.4246
    4959       7.3518
    4960       6.9240
    4961       7.3045
    4962       7.4685
    4963       7.6118
    4964       7.0652
    4965       6.6363
    4966       6.5466
    4967       6.8230
    4968       7.1129
    4969       6.9413
    4970       7.2377
    4971       7.0419
    4972       7.3565
    4973       7.2572
    4974       7.1933
    4975       7.1937
    4976       7.3571
    4977       7.3873
    4978       8.2021
    4979       7.8265
    4980       7.9212
    4981       7.5593
    4982       7.7528
    4983       7.9590
    4984       7.8870
    4985       7.9653
    4986       7.7888
    4987       7.9632
    4988       7.7281
    4989       7.9800
    4990       8.4540
    4991       7.8971
    4992       7.6090
    4993       7.6029
    4994       7.5212
    4995       7.4468
    4996       7.4427
    4997       7.0116
    4998       6.8622
    4999       6.8619
    5000       6.3493
