0 D 3.5345 3.0752
0.01 D 3.4769 3.2314
0.02 D 3.3866 3.2864
0.03 D 3.3936 3.0549
0.04 D 3.2351 3.0866
0.05 D 3.0427 3.2456
0.06 D 3.3002 3.1221
0.07 D 3.1231 3.2056
0.08 D 2.8890 3.3528
0.09 D 3.4554 3.2331
0.1 D 3.4018 3.0438
0.11 D 2.9312 3.0067
0.12 D 3.5908 3.2328
0.13 D 2.9479 3.1433
0.14 D 3.1037 3.2981
0.15 D 2.9293 3.1617
0.16 D 3.1694 3.3146
0.17 D 2.8793 3.0508
0.18 D 3.1318 3.3373
0.19 D 3.0911 2.9743
0.2 D 3.4891 3.3007
0.21 D 2.9454 3.0527
0.22 D 3.2844 3.0412
0.23 D 2.9976 3.4617
0.24 D 3.4979 3.0233
0.25 D 3.4114 2.9441
0.26 D 3.1665 3.4086
0.27 D 3.0805 3.2457
0.28 D 3.0221 3.1742
0.29 D 3.5243 2.9186
0.3 D 3.1748 3.0927
0.31 D 3.2848 3.0775
0.32 D 3.1547 3.2085
0.33 D 3.1012 3.4529
0.34 D 3.0675 3.1973
0.35 D 3.2158 3.3280
0.36 D 3.1937 3.1927
0.37 D 3.0370 3.1583
0.38 D 3.1488 3.2195
0.39 D 3.3268 3.6407
0.4 D 3.2416 3.1292
0.41 D 3.3397 3.2418
0.42 D 3.2367 3.2892
0.43 D 3.2092 3.2944
0.44 D 3.3492 3.0733
0.45 D 3.1104 3.1724
0.46 D 3.1838 3.2518
0.47 D 3.1626 3.1043
0.48 D 3.2776 2.9959
0.49 D 2.9204 3.0980
0.5 D 3.0074 3.4612
0.51 D 3.1376 2.8900
0.52 D 3.1129 3.1891
0.53 D 3.1457 3.1709
0.54 D 3.2106 3.1438
0.55 D 3.1756 3.2443
0.56 D 3.1644 3.2122
0.57 D 3.1790 3.5336
0.58 D 3.0860 3.2998
0.59 D 3.0299 3.3461
0.6 D 3.1994 3.0258
0.61 D 3.0779 3.4700
0.62 D 3.1676 3.2913
0.63 D 3.2129 3.0411
0.64 D 3.3936 3.2798
0.65 D 3.0153 3.0789
0.66 D 2.9813 3.0300
0.67 D 3.2374 3.4941
0.68 D 3.2178 3.1945
0.69 D 3.0293 3.1828
0.7 D 3.1385 3.0918
0.71 D 2.8875 3.1988
0.72 D 3.0728 3.2109
0.73 D 2.8539 3.1891
0.74 D 3.0133 3.1972
0.75 D 2.9007 3.0761
0.76 D 3.2591 3.0812
0.77 D 3.0268 3.0950
0.78 D 2.9156 3.2514
0.79 D 3.1569 3.3121
0.8 D 2.9033 3.0266
0.81 D 2.9476 3.1679
0.82 D 2.9215 3.0760
0.83 D 2.8832 2.8877
0.84 D 2.9510 3.2716
0.85 D 2.9614 3.2429
0.86 D 3.2611 3.2742
0.87 D 2.8623 2.8901
0.88 D 3.1231 3.0420
0.89 D 3.2795 3.2047
0.9 D 3.1567 3.4497
0.91 D 3.0376 2.9605
0.92 D 3.0030 2.9791
0.93 D 3.2139 2.9907
0.94 D 2.9941 3.0821
0.95 D 3.2685 3.3949
0.96 D 3.2394 3.2379
0.97 D 2.9672 3.1677
0.98 D 3.2543 2.9962
0.99 D 3.2960 3.4612
1 D 3.2051 3.4299
1.01 D 2.9586 2.9597
1.02 D 3.0128 2.9633
1.03 D 3.3097 3.2278
1.04 D 3.0704 3.2870
1.05 D 3.2212 2.9281
1.06 D 3.1053 3.2644
1.07 D 3.2676 2.9290
1.08 D 3.3678 3.0124
1.09 D 3.1946 3.0195
1.1 D 3.0934 3.5429
1.11 D 3.2899 3.2598
1.12 D 3.3510 3.2806
1.13 D 3.1638 3.5920
1.14 D 2.9560 2.9118
1.15 D 3.1573 3.5342
1.16 D 2.9761 2.7978
1.17 D 3.0243 3.4088
1.18 D 3.2171 3.1306
1.19 D 3.2991 3.1802
1.2 D 3.1621 3.1316
1.21 D 3.0373 3.2769
1.22 D 3.0528 3.3772
1.23 D 3.1571 2.9080
1.24 D 3.2837 3.0940
1.25 D 3.3346 3.4274
1.26 D 3.2272 2.9470
1.27 D 2.9431 3.0337
1.28 D 3.1994 3.2637
1.29 D 3.3625 3.1115
1.3 D 2.9901 3.3043
1.31 D 3.0924 3.1579
1.32 D 3.0180 3.2175
1.33 D 3.3041 3.2683
1.34 D 3.2907 3.2191
1.35 D 3.0730 3.4573
1.36 D 3.1560 3.0982
1.37 D 2.9066 3.0350
1.38 D 3.1850 3.2940
1.39 D 3.3072 3.3672
1.4 D 3.0170 3.1833
1.41 D 3.0659 3.1734
1.42 D 3.1484 3.3559
1.43 D 3.0333 3.2196
1.44 D 3.1832 3.1932
1.45 D 3.1586 3.2701
1.46 D 2.9776 3.1862
1.47 D 3.2381 3.3072
1.48 D 3.2201 3.2675
1.49 D 3.0137 3.0325
1.5 D 3.0578 3.2771
1.51 D 3.1908 3.3385
1.52 D 3.0313 3.0920
1.53 D 3.0728 3.1106
1.54 D 3.0269 3.1978
1.55 D 3.2661 3.1884
1.56 D 3.0032 2.8979
1.57 D 2.9993 3.0195
1.58 D 3.1935 3.0395
1.59 D 3.0237 3.2079
1.6 D 2.9470 3.0279
1.61 D 2.9171 3.2464
1.62 D 3.2251 3.3639
1.63 D 3.2602 2.9387
1.64 D 2.9178 3.1432
1.65 D 3.3171 3.1604
1.66 D 3.1770 3.2702
1.67 D 3.2637 3.0634
1.68 D 3.0205 3.0503
1.69 D 3.0035 3.1658
1.7 D 3.1512 2.9903
1.71 D 3.3584 3.3541
1.72 D 3.0678 3.3503
1.73 D 3.0996 3.2008
1.74 D 3.1506 3.3246
1.75 D 3.2904 3.6343
1.76 D 3.2353 3.2665
1.77 D 3.2326 3.1889
1.78 D 3.2739 3.3673
1.79 D 3.4474 3.0935
1.8 D 2.9468 3.2049
1.81 D 3.2699 3.3647
1.82 D 3.0604 3.1236
1.83 D 3.3799 3.1610
1.84 D 3.2373 3.0800
1.85 D 3.1456 3.2107
1.86 D 3.0359 3.2484
1.87 D 3.1913 2.8922
1.88 D 3.1664 3.3349
1.89 D 3.0908 2.9879
1.9 D 3.0269 3.1666
1.91 D 3.0961 3.1379
1.92 D 2.8884 3.1560
1.93 D 3.4207 3.0274
1.94 D 3.2545 3.2115
1.95 D 3.3021 3.4230
1.96 D 3.3117 3.2436
1.97 D 3.1627 3.1428
1.98 D 3.3560 3.1063
1.99 D 3.0827 3.2526
2 D 3.0669 3.2203
2.01 D 3.1587 3.3231
2.02 D 2.9711 3.3405
2.03 D 2.9763 3.2360
2.04 D 2.9445 3.1280
2.05 D 3.2424 2.9967
2.06 D 3.0823 3.0264
2.07 D 3.2797 3.3074
2.08 D 3.4295 3.2136
2.09 D 3.2188 3.1158
2.1 D 3.3682 3.3206
2.11 D 3.1191 3.3519
2.12 D 3.1077 2.9899
2.13 D 2.8404 3.1830
2.14 D 3.2023 3.2247
2.15 D 2.9919 3.3715
2.16 D 3.3316 3.1354
2.17 D 3.2776 3.2436
2.18 D 3.0178 3.4985
2.19 D 3.0547 3.1868
2.2 D 3.0406 3.0884
2.21 D 3.3602 3.2238
2.22 D 2.9767 3.0690
2.23 D 3.1568 3.3092
2.24 D 2.9852 3.3327
2.25 D 3.2165 3.2588
2.26 D 2.9222 3.0854
2.27 D 3.1088 3.3338
2.28 D 3.3774 3.2106
2.29 D 2.9067 2.7860
2.3 D 3.2883 3.0018
2.31 D 3.2423 3.0627
2.32 D 3.3957 2.9459
2.33 D 2.8254 3.2436
2.34 D 3.0885 2.8529
2.35 D 3.2642 3.1640
2.36 D 2.9984 3.1207
2.37 D 3.1973 2.8310
2.38 D 3.3627 3.2260
2.39 D 3.3696 2.8427
2.4 D 3.5117 3.1822
2.41 D 3.0994 3.0461
2.42 D 2.9314 3.0744
2.43 D 3.0489 2.9134
2.44 D 3.2044 2.9458
2.45 D 3.3662 3.4507
2.46 D 3.1464 3.1444
2.47 D 2.9898 3.0207
2.48 D 3.0460 2.9844
2.49 D 3.2426 3.3285
2.5 D 3.0631 3.2622
2.51 D 3.1418 3.0992
2.52 D 3.2902 3.1072
2.53 D 3.3053 3.2248
2.54 D 3.1913 3.4730
2.55 D 3.0252 3.4598
2.56 D 2.9883 2.8659
2.57 D 3.1023 3.1151
2.58 D 3.1590 3.3025
2.59 D 3.2283 3.1655
2.6 D 2.8929 3.2089
2.61 D 3.1564 3.0877
2.62 D 3.0688 3.0706
2.63 D 3.0266 2.8281
2.64 D 2.9662 3.1753
2.65 D 3.2504 3.0526
2.66 D 3.2521 3.3063
2.67 D 3.2327 3.2756
2.68 D 3.1166 3.1436
2.69 D 3.2195 3.1723
2.7 D 3.2426 3.1022
2.71 D 3.0853 3.3220
2.72 D 3.1667 3.3129
2.73 D 3.1880 2.9062
2.74 D 3.2333 3.2542
2.75 D 3.2090 3.1164
2.76 D 3.2873 2.8920
2.77 D 2.9370 3.0412
2.78 D 3.3232 3.1874
2.79 D 3.3009 3.3527
2.8 D 3.2023 3.3350
2.81 D 2.9740 3.5787
2.82 D 3.2761 3.2523
2.83 D 2.9836 3.1643
2.84 D 3.0880 3.0516
2.85 D 3.1442 3.4202
2.86 D 3.4486 3.2727
2.87 D 3.2881 3.0342
2.88 D 3.1167 3.3852
2.89 D 3.2597 3.1431
2.9 D 2.9422 3.3879
2.91 D 3.2181 3.1825
2.92 D 3.2338 3.1402
2.93 D 3.4495 3.0420
2.94 D 3.2119 3.2624
2.95 D 3.0117 3.0959
2.96 D 3.1688 3.3033
2.97 D 3.1783 3.2733
2.98 D 2.9907 3.2923
2.99 D 3.0852 3.4342
3 D 3.3003 3.1663
3.01 D 3.2770 3.2154
3.02 D 3.5128 3.2250
3.03 D 3.0163 3.2039
3.04 D 3.4326 2.9407
3.05 D 3.0925 3.0529
3.06 D 3.0929 3.2868
3.07 D 3.4289 3.2527
3.08 D 3.2562 3.2082
3.09 D 3.4463 3.3184
3.1 D 2.9844 3.9728
3.11 D 3.1169 3.2936
3.12 D 3.2612 3.3533
3.13 D 2.9356 2.8475
3.14 D 3.0446 3.2379
3.15 D 3.2576 3.2962
3.16 D 3.0160 3.1490
3.17 D 3.3506 2.7873
3.18 D 3.3554 3.1527
3.19 D 3.1534 3.3055
3.2 D 3.1114 3.0406
3.21 D 3.1720 3.2201
3.22 D 3.4983 3.0431
3.23 D 3.2724 3.3652
3.24 D 3.1336 3.5761
3.25 D 3.2502 3.3552
3.26 D 3.3548 3.3080
3.27 D 3.1488 3.2397
3.28 D 3.2737 3.1400
3.29 D 3.1946 3.0667
3.3 D 3.4427 3.2531
3.31 D 3.2862 3.0082
3.32 D 3.2097 3.1929
3.33 D 2.9738 3.1533
3.34 D 3.2106 3.0519
3.35 D 3.2368 3.5108
3.36 D 3.0710 3.4248
3.37 D 3.3192 2.9913
3.38 D 3.2121 3.1822
3.39 D 3.2607 3.2171
3.4 D 3.4346 3.1751
3.41 D 3.1305 3.0389
3.42 D 3.3133 3.1426
3.43 D 3.2341 3.3742
3.44 D 3.2705 3.2336
3.45 D 3.3754 2.8319
3.46 D 3.1003 3.0691
3.47 D 3.2980 3.0706
3.48 D 3.3415 3.2783
3.49 D 3.2251 3.2337
3.5 D 3.2400 3.3496
3.51 D 3.1980 3.3918
3.52 D 3.0767 3.3497
3.53 D 3.1797 2.9912
3.54 D 3.3376 3.1765
3.55 D 3.5130 3.5733
3.56 D 3.2497 2.7859
3.57 D 3.3202 3.1012
3.58 D 3.1234 3.3317
3.59 D 3.1630 3.4483
3.6 D 3.1367 3.3361
3.61 D 3.0001 3.1854
3.62 D 2.9760 3.1521
3.63 D 3.2814 3.0317
3.64 D 2.9616 3.0046
3.65 D 3.2814 3.3979
3.66 D 3.3705 3.1089
3.67 D 3.5480 3.3666
3.68 D 3.4748 3.2457
3.69 D 3.2744 2.9689
3.7 D 2.9794 3.0745
3.71 D 2.9851 3.6005
3.72 D 3.1245 3.1532
3.73 D 3.1363 3.2849
3.74 D 3.0536 3.3659
3.75 D 3.2402 3.2047
3.76 D 3.3511 2.9483
3.77 D 3.2638 3.1939
3.78 D 3.0469 3.1638
3.79 D 2.8934 3.0949
3.8 D 3.0942 3.1528
3.81 D 3.3170 3.1248
3.82 D 3.1566 3.2290
3.83 D 2.9055 2.8589
3.84 D 2.8976 3.0690
3.85 D 3.0054 2.8798
3.86 D 3.1081 2.9005
3.87 D 3.0809 2.7843
3.88 D 3.4550 2.9503
3.89 D 3.3713 2.9069
3.9 D 3.3329 2.9401
3.91 D 3.3616 2.8635
3.92 D 2.9540 2.7147
3.93 D 3.4336 2.9572
3.94 D 2.9831 3.2402
3.95 D 2.9670 2.8770
3.96 D 3.2248 3.2245
3.97 D 3.3831 2.8396
3.98 D 3.0383 2.8505
3.99 D 3.5154 3.1644
4 D 3.1460 2.9664
4.01 D 3.5109 3.1500
4.02 D 3.4379 3.3150
4.03 D 3.4055 2.9224
4.04 D 3.2573 2.9361
4.05 D 3.4061 2.8673
4.06 D 3.2684 2.9833
4.07 D 3.3239 2.6933
4.08 D 3.2318 2.8030
4.09 D 3.1286 2.9368
4.1 D 3.4195 2.9840
4.11 D 2.9277 2.9842
4.12 D 3.3286 2.8995
4.13 D 3.3425 2.9327
4.14 D 3.3609 2.9895
4.15 D 3.1558 2.8541
4.16 D 3.1014 3.0219
4.17 D 3.2371 3.2001
4.18 D 3.2284 2.8675
4.19 D 3.5264 3.2560
4.2 D 3.4660 2.9649
4.21 D 3.4142 2.9646
4.22 D 3.3902 3.1105
4.23 D 3.2189 2.7742
4.24 D 3.3407 2.9732
4.25 D 3.2415 3.0706
4.26 D 3.3745 2.9415
4.27 D 3.6907 3.0778
4.28 D 3.7536 3.0842
4.29 D 3.3342 3.0283
4.3 D 3.2952 2.8525
4.31 D 3.2089 2.8538
4.32 D 3.0974 2.9318
4.33 D 3.1777 2.8857
4.34 D 3.2494 2.9538
4.35 D 3.1487 3.1750
4.36 D 3.3428 2.7982
4.37 D 3.2741 2.8997
4.38 D 3.4164 2.8611
4.39 D 3.1247 3.0523
4.4 D 3.3572 2.9488
4.41 D 3.1501 2.9491
4.42 D 3.4890 3.3475
4.43 D 3.6608 3.0909
4.44 D 3.7294 2.7803
4.45 D 3.2799 2.9156
4.46 D 3.3596 2.9428
4.47 D 3.9011 3.0471
4.48 D 3.7248 3.1370
4.49 D 3.3874 2.9149
4.5 D 3.3927 2.6931
4.51 D 3.2615 3.0344
4.52 D 3.2886 3.1219
4.53 D 3.9046 3.1681
4.54 D 3.4132 3.5253
4.55 D 3.5844 3.1812
4.56 D 3.5321 3.2956
4.57 D 3.5165 2.8972
4.58 D 3.9780 2.8877
4.59 D 3.8183 3.2449
4.6 D 3.1458 3.3758
4.61 D 3.8380 3.2169
4.62 D 3.1461 3.2598
4.63 D 3.1083 3.3440
4.64 D 3.4359 3.1391
4.65 D 3.5410 3.3952
4.66 D 3.3204 3.0944
4.67 D 3.8529 3.2725
4.68 D 3.8574 2.9621
4.69 D 3.5579 3.0101
4.7 D 3.6878 3.0807
4.71 D 3.7733 3.1077
4.72 L 4.1164 3.0281
4.73 D 3.5608 3.3390
4.74 D 3.6690 3.3321
4.75 D 3.7730 3.2601
4.76 D 3.3531 3.0017
4.77 L 4.0411 2.9702
4.78 D 3.7719 3.2226
4.79 L 4.0444 2.9479
4.8 L 4.0667 3.1876
4.81 D 3.6804 3.1571
4.82 D 3.3830 3.1254
4.83 D 3.6524 3.1733
4.84 D 3.1494 3.5146
4.85 D 3.2417 3.2496
4.86 D 3.6305 2.9945
4.87 D 3.4837 3.0574
4.88 D 3.0670 3.1735
4.89 D 3.9037 3.0372
4.9 D 3.2389 3.1082
4.91 D 3.4873 3.0122
4.92 D 3.3829 3.2720
4.93 D 3.5224 3.2419
4.94 D 3.5232 3.2413
4.95 D 3.5490 3.6000
4.96 D 3.5669 2.9834
4.97 D 3.8410 3.0001
4.98 D 3.5440 3.1594
4.99 D 3.6389 2.9403
5 D 3.5822 3.3743
5.01 D 3.6132 3.2571
5.02 L 4.1987 3.2025
5.03 L 4.0724 3.1295
5.04 L 4.1488 3.4440
5.05 D 3.9251 3.4055
5.06 L 4.1951 3.0688
5.07 D 3.8533 3.0066
5.08 L 4.9778 2.8689
5.09 L 6.3539 3.2199
5.1 L 7.3660 3.2396
5.11 L 6.7978 2.9767
5.12 L 6.4331 2.9735
5.13 L 5.9586 3.1959
5.14 L 6.6144 3.2554
5.15 L 6.0047 3.2744
5.16 L 5.8741 3.2306
5.17 L 5.8109 3.3477
5.18 L 6.6487 3.2621
5.19 L 8.5347 3.2768
5.2 L 7.6847 2.9254
5.21 L 7.1191 3.1316
5.22 L 8.1775 3.5379
5.23 L 6.9137 3.2059
5.24 L 6.2733 3.4639
5.25 L 6.5318 3.1684
5.26 L 8.1440 3.2192
5.27 L 6.6975 3.3586
5.28 L 6.5061 2.9760
5.29 L 7.2665 3.3124
5.3 L 7.1452 3.2822
5.31 L 6.6231 3.2591
5.32 L 6.5833 3.2390
5.33 L 6.9690 3.3998
5.34 L 6.0400 3.0384
5.35 L 5.9622 3.0494
5.36 L 5.8422 3.0396
5.37 L 5.7099 2.8355
5.38 L 6.2178 3.0174
5.39 L 5.8204 3.2994
5.4 L 4.9086 3.0094
5.41 L 4.2467 2.8385
5.42 D 3.9504 3.3428
5.43 L 5.8704 3.0645
5.44 L 5.7172 2.9975
5.45 L 5.4488 3.0024
5.46 L 4.6083 3.0239
5.47 L 4.0936 3.2977
5.48 D 3.6000 3.1481
5.49 L 4.3902 3.3523
5.5 L 5.0630 2.9344
5.51 L 6.8369 3.1954
5.52 L 7.5396 3.4194
5.53 L 7.8838 3.4127
5.54 L 6.8547 3.0732
5.55 L 8.5084 3.2193
5.56 L 8.0842 3.1214
5.57 L 7.4692 3.0621
5.58 L 7.6641 2.8131
5.59 L 7.5069 2.7261
5.6 L 7.7041 2.9489
5.61 L 6.6679 3.4831
5.62 L 7.9386 2.8786
5.63 L 9.0176 2.7412
5.64 L 9.0458 3.0169
5.65 L 8.3524 2.8625
5.66 L 9.5078 2.8322
5.67 L 9.0015 2.7450
5.68 L 9.1741 2.7812
5.69 L 8.9573 2.8897
5.7 L 9.3214 3.3817
5.71 L 8.2136 2.7879
5.72 L 8.3354 2.6862
5.73 L 8.6569 2.8583
5.74 L 9.1108 2.7279
5.75 L 8.9881 3.1275
5.76 L 7.7146 3.4152
5.77 L 7.7487 3.3138
5.78 L 6.5699 3.0558
5.79 L 7.3745 2.9451
5.8 L 7.6195 3.0944
5.81 L 7.7112 3.5771
5.82 L 7.4243 3.0561
5.83 L 7.1123 3.0854
5.84 L 6.9619 3.4969
5.85 L 7.1743 3.1235
5.86 L 6.9158 3.2507
5.87 L 7.5137 3.1140
5.88 L 9.3112 2.9868
5.89 L 11.1847 2.8551
5.9 L 11.0147 3.1604
5.91 L 10.8045 3.2035
5.92 L 10.9247 3.2050
5.93 L 11.6302 3.1384
5.94 L 10.5568 3.2419
5.95 L 10.8159 3.2526
5.96 L 9.3275 3.1372
5.97 L 11.1539 2.9443
5.98 L 10.9689 3.5238
5.99 L 11.9447 2.7703
6 L 10.7287 2.9315
6.01 L 9.7821 2.9971
6.02 L 12.3345 2.9196
6.03 L 12.7966 2.6408
6.04 L 12.1039 2.9795
6.05 L 11.9458 3.4119
6.06 L 12.2080 3.3358
6.07 L 11.9119 2.8011
6.08 L 11.4655 2.7204
6.09 L 12.3071 2.6940
6.1 L 11.8637 2.9060
6.11 L 13.3723 2.6740
6.12 L 12.8691 2.5445
6.13 L 12.7485 2.9721
6.14 L 12.3100 2.6523
6.15 L 12.4541 3.1728
6.16 L 13.0321 2.7151
6.17 L 13.0374 2.6062
6.18 L 13.1473 2.6124
6.19 L 12.6661 2.5899
6.2 L 12.6786 3.0914
6.21 L 12.4300 3.0187
6.22 L 12.8149 3.4719
6.23 L 12.7585 2.8371
6.24 L 11.7574 3.3332
6.25 L 13.7435 3.7798
6.26 L 13.4786 3.2914
6.27 L 14.2539 3.3717
6.28 L 12.4030 3.4625
6.29 L 13.2074 3.6892
6.3 L 11.9203 3.5378
6.31 L 10.2409 2.7411
6.32 L 10.5663 2.9445
6.33 L 11.5216 3.1063
6.34 L 11.6885 2.7859
6.35 L 11.5725 2.7117
6.36 L 11.4435 2.8073
6.37 L 13.1250 2.6421
6.38 L 11.4674 3.1757
6.39 L 10.6702 3.0969
6.4 L 9.9453 3.1008
6.41 L 9.8407 2.7766
6.42 L 9.4753 2.5505
6.43 L 9.5547 3.1563
6.44 L 9.8288 2.9351
6.45 L 11.1113 3.0737
6.46 L 9.7764 3.1822
6.47 L 9.2645 3.1129
6.48 L 9.3119 3.4854
6.49 L 10.1723 3.6450
6.5 L 10.6817 3.4623
6.51 L 10.5023 3.2516
6.52 L 10.8564 3.1088
6.53 L 11.2338 3.4340
6.54 L 11.8458 3.2050
6.55 L 12.5269 3.2976
6.56 L 11.2752 3.0994
6.57 L 11.0412 3.4935
6.58 L 10.5407 3.1209
6.59 L 10.9447 3.3872
6.6 L 10.5799 3.3386
6.61 L 11.2869 3.1931
6.62 L 11.0260 3.4342
6.63 L 10.0008 3.4117
6.64 L 11.3143 3.0994
6.65 L 10.1542 3.3379
6.66 L 10.4598 3.3444
6.67 L 11.7053 3.5179
6.68 L 11.3362 2.7716
6.69 L 10.2122 3.3197
6.7 L 10.8286 3.1656
6.71 L 10.0153 3.3095
6.72 L 10.0905 3.3563
6.73 L 9.2501 2.8467
6.74 L 7.8892 3.4470
6.75 L 7.6997 3.1694
6.76 L 7.7156 3.0196
6.77 L 8.4082 2.9506
6.78 L 8.0994 3.0605
6.79 L 6.0803 3.0820
6.8 L 6.0289 3.1829
6.81 L 6.7063 3.2607
6.82 L 6.0023 2.9197
6.83 L 6.0984 3.3626
6.84 L 4.8936 3.1516
6.85 L 5.3066 3.2936
6.86 L 6.0609 3.2742
6.87 L 6.6422 3.1724
6.88 L 6.6707 2.9481
6.89 L 6.4087 2.9061
6.9 L 5.7436 2.9250
6.91 L 5.8412 3.1009
6.92 L 5.6261 3.0484
6.93 L 5.3380 3.1014
6.94 L 5.4836 3.0321
6.95 L 5.8846 2.7224
6.96 L 5.7344 3.0427
6.97 L 5.9086 3.0499
6.98 L 5.1501 3.0138
6.99 D 3.9896 2.9538
7 D 3.8081 3.1227
7.01 L 4.3039 3.2912
7.02 D 3.8642 2.9494
7.03 L 4.0531 3.0057
7.04 L 4.6197 2.9933
7.05 L 4.4677 3.1026
7.06 L 4.3023 3.0056
7.07 L 4.2325 2.8850
7.08 L 4.3504 2.8975
7.09 L 4.5514 3.0504
7.1 L 4.3027 3.0038
7.11 L 5.6727 3.4198
7.12 L 6.9622 3.0903
7.13 L 6.3795 2.7248
7.14 L 5.9344 2.8745
7.15 L 4.8995 3.0637
7.16 L 6.1226 2.7489
7.17 L 6.1605 2.8833
7.18 L 5.4711 2.9607
7.19 L 5.1859 2.8929
7.2 L 5.8401 2.7725
7.21 L 6.2348 3.0314
7.22 L 7.0536 3.1734
7.23 L 6.7610 3.0125
7.24 L 6.4598 3.0990
7.25 L 6.4825 2.8956
7.26 L 4.8434 2.9481
7.27 D 3.8947 2.9116
7.28 L 4.4286 2.8226
7.29 D 3.8580 2.9025
7.3 L 4.0770 2.8729
7.31 L 4.2986 2.8290
7.32 D 3.4677 2.9738
7.33 L 4.4056 3.1588
7.34 L 4.3179 3.3515
7.35 D 3.9915 3.1315
7.36 D 3.7979 3.1673
7.37 L 4.4824 3.2186
7.38 L 4.6035 3.1366
7.39 L 5.5013 3.0605
7.4 D 3.7255 3.3009
7.41 L 4.6200 3.0934
7.42 L 4.9761 3.3528
7.43 D 3.3177 2.9043
7.44 D 3.5208 3.2609
7.45 D 2.9948 2.8946
7.46 D 3.0532 3.2033
7.47 D 3.2910 2.9458
7.48 D 3.2043 2.8026
7.49 D 3.2464 3.2858
7.5 D 3.0746 3.1438
7.51 D 3.1304 3.0896
7.52 D 3.3668 3.2821
7.53 D 3.1772 2.9919
7.54 D 3.3279 2.8654
7.55 D 3.0958 3.2068
7.56 D 3.0957 3.0572
7.57 D 3.0478 3.3251
7.58 D 3.1056 3.4984
7.59 D 3.3279 3.0155
7.6 D 3.5441 3.0633
7.61 D 3.5323 2.9474
7.62 D 3.3298 3.1566
7.63 D 3.3690 3.1212
7.64 D 3.1434 3.5208
7.65 D 3.4587 3.0112
7.66 D 3.4673 3.2451
7.67 D 3.2617 3.1088
7.68 D 3.3191 3.0329
7.69 D 3.1381 3.0959
7.7 D 3.0659 3.2636
7.71 D 3.3887 3.0072
7.72 D 3.1081 2.8198
7.73 D 3.3379 3.3285
7.74 D 3.4978 3.1088
7.75 D 3.3223 3.0047
7.76 D 3.0567 3.1484
7.77 D 3.3758 2.7890
7.78 D 3.4322 2.9823
7.79 D 3.1659 3.1146
7.8 D 3.4214 3.1517
7.81 D 3.1574 3.0526
7.82 D 3.1208 3.3747
7.83 D 2.9143 3.1884
7.84 D 3.0083 3.3334
7.85 D 3.4213 3.1195
7.86 D 3.3726 2.9730
7.87 D 3.5889 3.1506
7.88 D 3.3187 3.0800
7.89 D 3.4537 3.0467
7.9 D 3.2728 3.4042
7.91 D 3.1714 2.9695
7.92 D 3.0655 3.3461
7.93 D 3.6372 3.3419
7.94 D 3.2307 3.2689
7.95 D 3.1573 3.5996
7.96 D 3.3545 2.9377
7.97 D 3.1781 3.0040
7.98 D 3.3501 3.1364
7.99 D 3.3920 3.1178
8 D 3.4748 3.1049
8.01 D 3.2906 3.3236
8.02 D 3.4034 2.8731
8.03 D 3.4846 2.9648
8.04 D 3.4366 3.3577
8.05 D 3.3121 3.2163
8.06 D 3.1788 2.9404
8.07 D 3.2583 3.4126
8.08 D 3.2888 2.8902
8.09 D 3.5661 2.9136
8.1 D 3.3210 3.1118
8.11 D 3.1930 2.9501
8.12 D 3.3103 2.9755
8.13 D 3.4594 3.3700
8.14 D 3.2334 3.2309
8.15 D 3.2080 3.1822
8.16 D 3.4513 3.0373
8.17 D 3.3187 2.8084
8.18 D 3.0863 3.1719
8.19 D 3.2230 2.9521
8.2 D 3.3088 2.9001
8.21 D 3.2167 3.2675
8.22 D 3.5777 3.1540
8.23 D 3.1597 2.8186
8.24 D 3.3471 3.2667
8.25 D 3.0898 2.9355
8.26 D 3.4198 3.1324
8.27 D 3.3616 2.9374
8.28 D 3.3145 2.8815
8.29 D 3.1036 3.2535
8.3 D 3.3153 2.9568
8.31 D 3.3223 2.7823
8.32 D 3.3206 3.3361
8.33 D 3.4712 2.8976
8.34 D 3.3212 3.0083
8.35 D 3.3737 3.2304
8.36 D 3.3135 3.2248
8.37 D 3.4282 3.1317
8.38 D 3.1743 3.0093
8.39 D 2.9974 2.8835
8.4 D 3.5559 3.0024
8.41 D 3.5110 2.9996
8.42 D 3.2956 2.8644
8.43 D 3.2691 2.7905
8.44 D 3.4994 2.8855
8.45 D 2.9427 3.0857
8.46 D 3.0532 3.0229
8.47 D 3.2483 2.8600
8.48 D 3.3458 2.6716
8.49 D 3.1496 3.1569
8.5 D 3.1076 3.3000
8.51 D 3.2478 2.9182
8.52 D 3.3014 2.9612
8.53 D 3.3245 2.9778
8.54 D 3.2564 2.8658
8.55 D 3.4408 3.0190
8.56 D 3.3294 2.9693
8.57 D 3.3266 3.1224
8.58 D 3.3597 2.9323
8.59 D 3.2318 3.0733
8.6 D 3.3304 2.9112
8.61 D 3.2636 2.9409
8.62 D 3.4148 2.8910
8.63 D 2.9889 2.9019
8.64 D 3.2212 2.9301
8.65 D 3.1900 3.1580
8.66 D 3.2914 3.0317
8.67 D 3.2893 2.9005
8.68 D 3.0757 3.2513
8.69 D 3.0062 3.2625
8.7 D 3.1426 3.2099
8.71 D 3.1291 3.1424
8.72 D 3.2901 2.7136
8.73 D 3.3311 2.9039
8.74 D 3.1233 3.2159
8.75 D 3.2952 2.8783
8.76 D 3.0566 3.1109
8.77 D 3.1986 3.0000
8.78 D 3.2671 3.1006
8.79 D 3.1366 3.0160
8.8 D 3.3716 3.1123
8.81 D 3.3964 3.0535
8.82 D 3.4385 3.1974
8.83 D 3.2077 2.7319
8.84 D 3.1638 3.2398
8.85 D 3.4678 3.1278
8.86 D 3.2799 3.1785
8.87 D 3.5465 2.7738
8.88 D 3.1435 3.1016
8.89 D 3.3603 3.0222
8.9 D 3.0542 2.9753
8.91 D 3.0356 3.0214
8.92 D 3.1875 3.0658
8.93 D 3.1901 2.8332
8.94 D 3.1057 2.7578
8.95 D 3.1477 2.9097
8.96 D 3.1781 3.0996
8.97 D 3.2713 3.0502
8.98 D 3.0903 3.0873
8.99 D 3.2655 2.7995
9 D 3.2271 2.8849
9.01 D 3.3285 3.0501
9.02 D 3.4320 2.8658
9.03 D 3.2388 3.0427
9.04 D 2.8907 2.9742
9.05 D 3.0477 2.8267
9.06 D 3.1428 3.0997
9.07 D 3.2480 2.8661
9.08 D 2.7725 3.2155
9.09 D 2.9734 2.8233
9.1 D 3.1770 2.8424
9.11 D 3.4740 3.0529
9.12 D 3.4048 3.1038
9.13 D 3.0479 2.9649
9.14 D 2.9859 2.8484
9.15 D 3.2225 3.0204
9.16 D 3.2543 3.0335
9.17 D 3.1682 3.2379
9.18 D 3.2761 2.8136
9.19 D 3.0186 3.0099
9.2 D 3.1615 3.0293
9.21 D 3.3457 2.9540
9.22 D 3.3339 3.1778
9.23 D 3.4834 2.9855
9.24 D 3.2500 3.0608
9.25 D 3.2906 3.0456
9.26 D 3.2743 3.1850
9.27 D 3.2156 2.8491
9.28 D 3.2037 3.1342
9.29 D 3.0037 2.9321
9.3 D 3.2414 3.0211
9.31 D 3.1219 2.9608
9.32 D 3.0870 2.9975
9.33 D 3.4747 2.9311
9.34 D 3.3437 2.9828
9.35 D 3.3091 3.1134
9.36 D 3.1274 2.8128
9.37 D 3.2027 2.8564
9.38 D 2.9807 3.1467
9.39 D 3.3889 2.9226
9.4 D 3.1690 3.3120
9.41 D 3.1876 2.8948
9.42 D 3.3419 2.9495
9.43 D 3.2397 3.0980
9.44 D 3.2810 2.9448
9.45 D 3.0016 3.1801
9.46 D 3.1422 3.0682
9.47 D 3.2393 3.2615
9.48 D 3.1224 2.9345
9.49 D 3.3941 3.2474
9.5 D 3.5501 3.1131
9.51 D 3.3027 2.9256
9.52 D 3.4322 3.3244
9.53 D 3.4263 3.4398
9.54 D 3.1565 3.1522
9.55 D 3.2598 3.3405
9.56 D 3.2466 3.3411
9.57 D 3.2450 3.3164
9.58 D 3.3339 3.3793
9.59 D 3.2510 3.2928
9.6 D 3.3810 3.2124
9.61 D 3.4032 2.8129
9.62 D 3.0808 3.4701
9.63 D 3.2145 2.9730
9.64 D 3.3253 3.1041
9.65 D 2.8116 3.1037
9.66 D 3.2098 3.2662
9.67 D 3.2036 2.8851
9.68 D 3.1122 3.1084
9.69 D 3.4454 3.2935
9.7 D 3.0697 3.3703
9.71 D 3.3651 3.1527
9.72 D 3.2735 3.1301
9.73 D 3.3257 3.2270
9.74 D 3.3001 3.3247
9.75 D 3.1528 3.3050
9.76 D 3.2699 3.4469
9.77 D 3.1881 3.2157
9.78 D 3.5201 3.4116
9.79 D 3.3260 3.3877
9.8 D 3.5605 3.1741
9.81 D 3.0846 3.2637
9.82 D 3.1856 2.8806
9.83 D 3.3629 3.0528
9.84 D 3.1434 3.1164
9.85 D 3.3097 2.9019
9.86 D 3.3675 2.8017
9.87 D 3.4394 3.2240
9.88 D 3.2987 2.9031
9.89 D 3.4377 3.0252
9.9 D 3.1830 2.9486
9.91 D 3.4772 3.2199
9.92 D 3.5912 2.7359
9.93 D 3.3171 3.1029
9.94 D 2.6867 2.9483
9.95 D 3.4270 3.0671
9.96 D 3.4851 2.8906
9.97 D 3.3031 2.7764
9.98 D 3.2805 2.9447
9.99 D 3.3507 2.7942
10 D 3.2995 2.9370
10.01 D 3.4164 2.6449
10.02 D 3.3676 2.9982
10.03 D 3.2757 2.9105
10.04 D 3.1798 2.6775
10.05 D 3.1849 2.8522
10.06 D 3.5445 2.8289
10.07 D 3.3386 2.7003
10.08 D 3.0351 2.7714
10.09 D 3.4630 3.3274
10.1 D 3.4146 3.0630
10.11 D 3.0801 2.9504
10.12 D 3.2072 3.1300
10.13 D 3.3694 3.0760
10.14 D 3.3556 3.1193
10.15 D 3.4255 2.9351
10.16 D 3.3407 3.0028
10.17 D 3.3695 2.8836
10.18 D 3.1918 3.2425
10.19 D 3.0828 2.9726
10.2 D 3.2555 2.8396
10.21 D 3.1962 3.1047
10.22 D 3.3150 3.2689
10.23 D 3.4029 3.1791
10.24 D 3.3247 2.9722
10.25 D 3.3575 3.0756
10.26 D 3.5368 3.2502
10.27 D 3.4136 2.9113
10.28 D 2.9729 3.3391
10.29 D 3.2126 2.8816
10.3 D 3.1556 3.1269
10.31 D 3.3032 3.1876
10.32 D 3.3357 3.0378
10.33 D 3.0530 3.2142
10.34 D 3.2231 3.2188
10.35 D 3.2483 3.5303
10.36 D 3.3280 3.2394
10.37 D 3.0516 3.1170
10.38 D 3.3403 3.3721
10.39 D 3.3309 3.2574
10.4 D 3.4833 3.4374
10.41 D 3.2912 3.3820
10.42 D 3.2862 3.2394
10.43 D 3.6014 3.1531
10.44 D 3.1746 3.2263
10.45 D 3.5593 2.9019
10.46 D 3.2571 3.2536
10.47 D 3.1299 3.4504
10.48 D 3.4507 3.4347
10.49 D 3.3918 3.5032
10.5 D 3.3106 2.9686
10.51 D 3.6572 3.1455
10.52 D 3.3164 3.0595
10.53 D 3.4144 2.8089
10.54 D 3.5037 2.9711
10.55 D 3.1449 3.0848
10.56 D 3.3623 2.8210
10.57 D 3.6553 3.0684
10.58 D 3.2762 3.0086
10.59 D 3.3165 3.0611
10.6 D 3.2074 3.2675
10.61 D 3.2698 2.7241
10.62 D 3.2008 2.7706
10.63 D 3.1856 2.8647
10.64 D 3.3204 3.0345
10.65 D 3.6329 2.9398
10.66 D 3.2145 2.9822
10.67 D 3.1560 3.2630
10.68 D 3.2777 3.0697
10.69 D 3.2987 3.1163
10.7 D 3.8029 2.9118
10.71 D 3.7194 3.0347
10.72 D 3.4145 2.8021
10.73 D 3.0885 2.8326
10.74 D 3.3100 3.0100
10.75 D 3.5407 2.8939
10.76 D 3.1230 2.9504
10.77 D 3.2395 3.2763
10.78 D 3.1803 3.0518
10.79 D 3.2511 3.0001
10.8 D 3.2876 2.9861
10.81 D 3.1976 3.2115
10.82 D 3.0465 3.1143
10.83 D 3.4288 3.2791
10.84 D 3.0404 3.2560
10.85 D 3.1242 3.5714
10.86 D 3.0826 3.1746
10.87 D 3.0203 3.1855
10.88 D 3.2562 3.0347
10.89 D 3.2341 3.1940
10.9 D 3.0518 3.3230
10.91 D 3.2540 3.3671
10.92 D 3.3036 3.2660
10.93 D 3.2622 3.4150
10.94 D 3.4842 3.1236
10.95 D 3.2753 3.0439
10.96 D 2.9652 2.9277
10.97 D 3.4045 3.0470
10.98 D 3.3650 2.9609
10.99 D 3.3524 2.7238
11 D 3.0728 2.9208
11.01 D 3.3082 3.0969
11.02 D 3.4624 2.9998
11.03 D 3.3175 2.8639
11.04 D 3.4954 3.1315
11.05 D 3.5497 3.2159
11.06 D 3.4501 2.9185
11.07 D 2.9150 2.7490
11.08 D 3.1751 2.8253
11.09 D 3.4328 2.9070
11.1 D 3.2586 3.0203
11.11 D 3.4598 2.9034
11.12 D 3.3783 2.7421
11.13 D 3.4892 2.8637
11.14 D 3.4259 3.2072
11.15 D 3.5353 3.1381
11.16 D 3.2818 3.1320
11.17 D 3.2901 2.7673
11.18 D 3.6103 3.0971
11.19 D 3.0207 2.7476
11.2 D 3.3864 3.0524
11.21 D 3.1463 2.9513
11.22 D 3.3466 2.9330
11.23 D 3.2577 2.8498
11.24 D 3.1749 3.0054
11.25 D 3.5114 2.9723
11.26 D 3.5276 2.8935
11.27 D 3.4390 3.0520
11.28 D 2.7562 3.2172
11.29 D 2.9845 2.9653
11.3 D 2.9548 3.1214
11.31 D 2.9513 3.3269
11.32 D 3.0407 3.0157
11.33 D 2.8453 3.1712
11.34 D 3.1016 3.3133
11.35 D 3.2016 3.1462
11.36 D 3.5418 3.0656
11.37 D 3.3879 2.7695
11.38 D 3.0664 3.0284
11.39 D 3.2440 3.1197
11.4 D 3.2354 3.2863
11.41 D 3.0796 3.0291
11.42 D 2.8705 2.7974
11.43 D 2.7832 2.8254
11.44 D 2.8792 2.8317
11.45 D 3.1237 3.0989
11.46 D 2.8353 2.9341
11.47 D 2.8170 2.9504
11.48 D 2.7014 3.3515
11.49 D 3.0581 3.1056
11.5 D 2.9021 2.8305
11.51 D 2.8013 2.9531
11.52 D 3.0894 3.0852
11.53 D 3.3024 3.0327
11.54 D 3.3949 2.9374
11.55 D 3.4432 2.9813
11.56 D 3.0161 2.9003
11.57 D 3.3024 3.0164
11.58 D 3.2656 2.8994
11.59 D 3.4799 3.0388
11.6 D 3.2341 2.7997
11.61 D 3.7932 2.8303
11.62 D 3.3364 3.0795
11.63 D 3.1899 3.1524
11.64 D 3.5056 3.1753
11.65 D 3.5221 2.8678
11.66 D 2.9996 2.8344
11.67 D 2.9074 3.2242
11.68 D 3.4337 2.9807
11.69 D 3.1272 2.9742
11.7 D 3.3496 2.9446
11.71 D 3.2730 2.7867
11.72 D 3.0273 2.9436
11.73 D 3.4196 3.0148
11.74 D 3.5139 2.9282
11.75 D 3.1010 2.7916
11.76 D 3.1329 2.9867
11.77 D 3.3593 2.8425
11.78 D 2.9741 2.8078
11.79 D 3.2024 2.8876
11.8 D 3.1262 2.8691
11.81 D 3.4425 3.2357
11.82 D 3.2730 3.0674
11.83 D 3.2579 3.0486
11.84 D 3.1804 3.3294
11.85 D 3.3208 3.3623
11.86 D 3.1936 2.9594
11.87 D 3.4247 3.1926
11.88 D 3.1491 3.1447
11.89 D 3.3855 3.3709
11.9 D 3.1298 3.4575
11.91 D 3.1824 3.1115
11.92 D 3.4085 3.4538
11.93 D 3.3983 3.1259
11.94 D 3.1928 3.6128
11.95 D 3.1081 3.2156
11.96 D 3.3035 2.9114
11.97 D 3.3990 2.8993
11.98 D 3.5896 3.1155
11.99 D 3.2441 3.1120
12 D 2.9641 2.9178
12.01 D 2.9088 3.4354
12.02 D 3.5830 3.0971
12.03 D 3.3188 3.1165
12.04 D 3.2292 3.2988
12.05 D 3.2483 3.1622
12.06 D 3.4001 3.0376
12.07 D 3.1172 3.2452
12.08 D 3.3203 2.8142
12.09 D 3.0910 3.0576
12.1 D 3.2563 3.2358
12.11 D 2.9913 2.9557
12.12 D 3.2010 2.8692
12.13 D 3.1143 3.3404
12.14 D 3.0725 2.9335
12.15 D 3.1944 3.0638
12.16 D 3.4035 3.2611
12.17 D 3.0498 3.1050
12.18 D 3.0839 3.2806
12.19 D 3.0095 3.5862
12.2 D 3.1160 3.5322
12.21 D 3.1011 3.1305
12.22 D 3.2126 3.1488
12.23 D 3.5095 3.0667
12.24 D 3.1925 3.2119
12.25 D 3.6022 3.0371
12.26 D 3.5463 3.2962
12.27 D 3.2378 3.2209
12.28 D 3.2156 3.2890
12.29 D 3.1862 3.1560
12.3 D 3.2845 3.4828
12.31 D 3.2280 3.6281
12.32 D 3.0540 3.3302
12.33 D 3.6816 3.4000
12.34 D 3.3737 3.1493
12.35 D 3.1749 3.2534
12.36 D 3.4328 3.3648
12.37 D 3.4795 3.0919
12.38 D 3.4255 3.2142
12.39 D 3.3883 3.1078
12.4 D 3.5191 2.9086
12.41 D 3.3980 3.0237
12.42 D 3.3618 3.0348
12.43 D 3.3082 2.8535
12.44 D 3.4347 3.2658
12.45 D 3.4173 3.1069
12.46 D 3.1061 3.3675
12.47 D 3.5729 3.4908
12.48 D 3.5468 3.0908
12.49 D 3.2122 3.0272
12.5 D 3.3443 3.1426
12.51 D 3.4965 3.1637
12.52 D 3.3927 3.3118
12.53 D 3.2032 3.4099
12.54 D 3.2667 3.4493
12.55 D 3.2831 3.1662
12.56 D 3.6257 3.4423
12.57 D 3.2639 2.9485
12.58 D 3.0490 3.3033
12.59 D 3.2258 3.2905
12.6 D 3.2313 3.1176
12.61 D 3.8013 3.2836
12.62 D 3.4445 3.2900
12.63 D 3.5968 3.1893
12.64 D 3.3329 3.5356
12.65 D 3.3856 3.0899
12.66 D 3.7556 3.1896
12.67 D 3.7121 3.2971
12.68 D 3.3602 3.1108
12.69 D 3.3189 3.3048
12.7 D 3.3196 3.3531
12.71 D 3.0985 3.4743
12.72 D 3.5841 3.6048
12.73 D 3.1458 2.8960
12.74 D 3.5928 3.1140
12.75 D 3.5378 2.9923
12.76 D 3.1407 3.0993
12.77 D 3.0198 3.4696
12.78 D 3.5549 3.2878
12.79 D 3.2859 3.0131
12.8 D 3.4599 2.9718
12.81 D 3.7725 3.3080
12.82 D 3.7029 3.2976
12.83 D 3.6111 3.2939
12.84 D 3.5051 3.2609
12.85 D 3.6899 3.3994
12.86 D 3.4880 3.3239
12.87 D 3.5224 3.1738
12.88 D 3.6574 3.0399
12.89 D 3.4872 3.0763
12.9 L 4.4266 2.9029
12.91 L 4.3431 3.0195
12.92 D 3.4555 3.1240
12.93 D 3.8144 3.3904
12.94 D 3.9305 3.0344
12.95 L 4.0119 3.0064
12.96 L 4.2376 2.8514
12.97 D 3.5064 3.4082
12.98 L 4.3373 3.1966
12.99 D 3.4362 3.1184
13 D 3.8519 2.8373
13.01 L 4.7906 3.2736
13.02 D 3.8154 3.2219
13.03 D 3.7030 3.2595
13.04 D 3.3235 3.2021
13.05 D 3.5313 2.8353
13.06 L 4.0281 3.0041
13.07 D 3.9977 3.1295
13.08 L 4.3770 3.0659
13.09 L 4.0985 3.3678
13.1 L 4.7173 3.5071
13.11 D 3.3301 2.9625
13.12 D 3.5773 2.7589
13.13 L 4.1101 2.9622
13.14 D 3.5647 3.4250
13.15 L 4.0927 2.9776
13.16 L 4.2607 3.0133
13.17 L 4.7853 2.9624
13.18 L 4.3991 3.1003
13.19 D 3.7233 3.0842
13.2 L 4.9927 2.9418
13.21 L 4.9493 2.9378
13.22 D 3.8385 3.0783
13.23 L 5.0105 3.1005
13.24 D 3.4977 3.1449
13.25 D 3.9971 3.2794
13.26 D 3.7468 2.9823
13.27 D 3.8322 2.8137
13.28 L 4.1914 3.0891
13.29 D 3.1134 3.0848
13.3 D 3.1229 2.7789
13.31 D 3.2155 2.9607
13.32 D 3.7280 2.8916
13.33 D 3.4848 3.1959
13.34 D 3.2875 2.8019
13.35 D 3.1272 3.0401
13.36 D 3.5487 2.8494
13.37 D 3.2277 2.8491
13.38 D 3.5835 3.0663
13.39 D 3.3539 3.3054
13.4 D 3.1703 2.9442
13.41 D 3.0975 3.1221
13.42 D 3.2359 2.8449
13.43 D 3.2848 3.1753
13.44 D 3.0102 2.9628
13.45 D 3.1692 2.9253
13.46 D 3.4157 3.1760
13.47 D 3.4547 2.8927
13.48 D 2.9781 3.0380
13.49 D 3.3847 3.1754
13.5 D 3.2095 3.1391
13.51 D 3.0926 3.0130
13.52 D 3.2243 2.9548
13.53 D 3.0976 2.7480
13.54 D 3.2403 2.9940
13.55 D 3.1817 3.3451
13.56 D 3.0839 2.8723
13.57 D 3.1623 2.8203
13.58 D 3.2775 3.0479
13.59 D 3.3645 3.3112
13.6 D 3.4626 3.1212
13.61 D 3.2216 2.8589
13.62 D 3.5125 3.2951
13.63 D 2.7792 3.1407
13.64 D 3.2791 2.7801
13.65 D 3.6089 2.6924
13.66 D 3.4175 2.9497
13.67 D 3.1606 3.0265
13.68 D 3.3749 3.2852
13.69 D 3.2617 3.2692
13.7 D 3.2657 3.0703
13.71 D 3.0800 3.3660
13.72 D 3.4178 3.2700
13.73 D 3.3564 3.4278
13.74 D 3.1512 3.5518
13.75 D 3.4941 3.1559
13.76 D 3.5154 2.9967
13.77 D 3.2439 3.2118
13.78 D 3.4421 3.0579
13.79 D 3.3070 3.2342
13.8 D 3.4610 2.9654
13.81 D 3.3233 3.0893
13.82 D 3.1442 3.0982
13.83 D 3.3168 2.8111
13.84 D 3.3285 3.2540
13.85 D 3.3551 3.0177
13.86 D 3.2216 3.1268
13.87 D 3.3464 3.1380
13.88 D 3.2716 3.0617
13.89 D 3.3891 3.0135
13.9 D 3.8763 3.2971
13.91 D 3.6194 2.9114
13.92 D 3.7157 3.1134
13.93 D 3.7768 2.8941
13.94 D 3.7946 3.2510
13.95 D 3.8239 3.2582
13.96 D 3.8606 2.9534
13.97 D 3.9231 2.8645
13.98 D 3.6668 2.9827
13.99 L 4.2761 2.8701
14 D 3.7823 2.8556
14.01 D 3.9005 2.9120
14.02 D 3.7275 3.1078
14.03 D 3.6091 3.1099
14.04 D 3.7301 2.9019
14.05 L 4.0097 2.8065
14.06 D 3.8187 2.9138
14.07 D 3.4601 2.7433
14.08 D 3.9287 2.9134
14.09 D 3.4728 3.1023
14.1 D 3.9146 3.0589
14.11 D 3.7324 3.0249
14.12 D 3.3256 3.0688
14.13 D 3.6231 3.2753
14.14 D 3.5285 2.9622
14.15 D 3.8258 2.8152
14.16 D 3.6628 2.7794
14.17 D 3.6380 2.9921
14.18 D 3.7038 2.8295
14.19 D 3.3882 2.9323
14.2 D 3.5466 3.2084
14.21 D 3.8081 3.1892
14.22 D 3.3601 3.0193
14.23 D 3.9323 3.0252
14.24 D 3.5698 2.7588
14.25 D 3.5518 3.0989
14.26 D 3.2671 3.1406
14.27 D 3.5430 2.8879
14.28 D 3.4811 3.1977
14.29 D 3.4022 2.9560
14.3 D 3.3299 3.1751
14.31 D 3.6341 3.2882
14.32 D 3.6972 3.3183
14.33 D 3.8428 3.0833
14.34 D 3.6034 3.3007
14.35 D 3.5828 2.9815
14.36 L 4.1843 3.3972
14.37 L 4.0966 3.0666
14.38 L 4.4610 3.2639
14.39 D 3.7486 2.9797
14.4 D 3.4596 3.1555
14.41 D 3.6928 3.2502
14.42 D 3.2636 3.4007
14.43 D 3.6111 3.3551
14.44 D 3.8344 3.4615
14.45 D 3.6141 3.5626
14.46 D 3.7032 3.5221
14.47 D 3.4530 3.4501
14.48 D 3.5787 3.3908
14.49 D 3.4788 3.1044
14.5 D 3.7294 2.9131
14.51 D 3.2069 2.8376
14.52 D 3.6186 3.1780
14.53 D 3.3856 3.0942
14.54 D 3.2438 3.2788
14.55 D 3.4792 2.8507
14.56 D 3.2142 2.9644
14.57 D 3.2762 3.0813
14.58 D 3.3379 3.0927
14.59 D 3.2587 3.2443
14.6 D 3.2702 3.0457
14.61 D 3.6355 2.9851
14.62 D 3.6500 2.9720
14.63 D 3.8912 2.8726
14.64 L 4.0387 2.8924
14.65 D 3.5079 2.9026
14.66 D 3.5675 3.1699
14.67 D 3.4156 3.4069
14.68 D 3.5423 2.9580
14.69 D 3.9787 2.9620
14.7 D 3.7428 3.3772
14.71 D 3.7672 2.9820
14.72 D 3.5108 3.0151
14.73 D 3.6910 3.1648
14.74 D 3.7454 3.0691
14.75 D 3.4676 2.9092
14.76 D 3.4672 3.2445
14.77 D 3.3904 2.8828
14.78 D 3.4393 2.9339
14.79 D 3.6814 3.0636
14.8 D 3.3761 3.0258
14.81 D 3.5477 3.2153
14.82 D 3.3339 3.0084
14.83 D 3.4135 3.0584
14.84 D 3.6965 3.1329
14.85 D 3.3724 3.1031
14.86 D 3.3959 3.2080
14.87 D 3.3122 2.8698
14.88 D 3.3462 3.1757
14.89 D 3.7881 3.0059
14.9 D 3.8081 3.1506
14.91 D 3.0193 3.3448
14.92 D 3.2451 2.9520
14.93 D 3.9847 2.9874
14.94 D 3.8328 2.8975
14.95 D 3.8892 3.2381
14.96 D 3.5651 2.9877
14.97 D 3.5816 3.0069
14.98 D 3.6770 3.1905
14.99 D 3.3415 3.4332
15 D 3.6518 3.3732
15.01 D 3.6715 3.1082
15.02 D 3.3939 3.0748
15.03 D 3.6943 3.0035
15.04 D 3.6387 2.9170
15.05 D 3.6104 2.9259
15.06 D 3.5731 2.9942
15.07 L 4.0226 3.0000
15.08 D 3.7909 2.8340
15.09 L 4.4051 3.0256
15.1 L 4.2116 2.7309
15.11 D 3.4107 2.8391
15.12 D 3.5360 3.3269
15.13 D 3.6124 3.1074
15.14 D 3.4087 2.9989
15.15 D 3.6410 2.9872
15.16 D 3.9702 2.8652
15.17 D 3.4617 2.8388
15.18 D 3.0570 3.1905
15.19 D 3.6727 3.2135
15.2 D 3.2041 3.3730
15.21 D 3.7856 2.9436
15.22 D 3.8571 3.0231
15.23 D 3.4610 3.0640
15.24 D 3.4374 2.8775
15.25 D 3.4270 3.1363
15.26 D 3.2017 2.8943
15.27 D 3.1245 3.0365
15.28 D 3.3588 3.3629
15.29 D 3.2816 3.1348
15.3 D 3.3152 3.2747
15.31 D 2.9398 3.0868
15.32 D 3.0238 3.1180
15.33 D 3.1157 3.1726
15.34 D 3.3276 3.1718
15.35 D 3.2859 3.1103
15.36 D 3.4379 3.0508
15.37 D 3.0589 3.0344
15.38 D 3.3751 3.2777
15.39 D 2.7937 2.9950
15.4 D 3.1286 3.2212
15.41 D 3.1212 3.2896
15.42 D 3.1254 2.9211
15.43 D 2.8607 2.7919
15.44 D 2.8256 3.1242
15.45 D 2.8898 2.8702
15.46 D 2.7240 2.8119
15.47 D 2.8320 3.0260
15.48 D 3.2834 3.3245
15.49 D 3.7641 2.9018
15.5 D 3.2671 3.2439
15.51 D 3.3956 2.9787
15.52 D 2.9554 3.2294
15.53 D 2.9859 3.1323
15.54 D 3.0200 2.8728
15.55 D 2.8971 2.9077
15.56 D 3.3935 3.0324
15.57 D 3.2843 2.8752
15.58 D 3.2345 2.8043
15.59 D 3.1545 3.0263
15.6 D 3.5231 3.0156
15.61 D 3.3814 3.0129
15.62 D 3.3118 2.9125
15.63 D 2.9565 3.2391
15.64 D 3.2324 3.2429
15.65 D 3.2824 3.0019
15.66 D 2.9586 3.1602
15.67 D 3.1369 3.0989
15.68 D 3.2403 2.8273
15.69 D 3.0083 3.0545
15.7 D 3.2510 2.9446
15.71 D 3.1606 2.9692
15.72 D 3.0425 2.9200
15.73 D 3.0810 2.9374
15.74 D 3.0907 2.7485
15.75 D 3.1223 2.9730
15.76 D 3.2968 3.0301
15.77 D 3.0758 2.9960
15.78 D 3.0272 3.1155
15.79 D 3.0550 3.1948
15.8 D 3.1817 3.1215
15.81 D 3.0847 3.0706
15.82 D 2.9704 3.2901
15.83 D 2.8688 3.2433
15.84 D 3.1777 3.2474
15.85 D 3.1546 3.2804
15.86 D 2.9332 3.0474
15.87 D 3.1830 3.1218
15.88 D 3.2472 3.1333
15.89 D 2.9825 3.2244
15.9 D 3.1898 3.0657
15.91 D 3.2536 3.0977
15.92 D 3.1334 3.1940
15.93 D 3.1196 3.1349
15.94 D 3.4546 3.1604
15.95 D 3.0766 3.0560
15.96 D 3.3211 3.0096
15.97 D 3.4790 3.2124
15.98 D 3.2609 3.2284
15.99 D 3.2575 3.0961
16 D 3.2673 3.1756
16.01 D 3.3666 3.0759
16.02 D 3.2800 2.7872
16.03 D 3.1262 2.7586
16.04 D 3.1204 2.9397
16.05 D 3.0943 3.0982
16.06 D 3.0479 2.9820
16.07 D 3.2214 2.6284
16.08 D 2.8795 3.0331
16.09 D 3.1203 2.9932
16.1 D 2.8018 2.8575
16.11 D 3.0133 3.0554
16.12 D 3.2090 3.0060
16.13 D 3.2215 2.8651
16.14 D 3.4242 3.0402
16.15 D 3.1052 3.1839
16.16 D 3.0618 3.0511
16.17 D 2.9652 2.9601
16.18 D 2.9525 3.0721
16.19 D 3.0648 2.8905
16.2 D 3.2343 2.9582
16.21 D 3.4042 3.1942
16.22 D 3.0838 2.9121
16.23 D 2.7759 3.3717
16.24 D 3.2647 3.0337
16.25 D 3.3991 3.0902
16.26 D 3.0193 2.9933
16.27 D 3.1387 2.8193
16.28 D 3.0524 2.9793
16.29 D 2.9920 3.0272
16.3 D 2.8664 2.7950
16.31 D 3.1403 2.9919
16.32 D 3.0919 2.9511
16.33 D 3.3955 3.2165
16.34 D 2.8811 3.3686
16.35 D 2.8942 2.8548
16.36 D 2.9061 3.0335
16.37 D 2.7627 3.1151
16.38 D 3.2198 3.0471
16.39 D 3.2696 2.8497
16.4 D 3.0190 2.8495
16.41 D 3.2333 3.1506
16.42 D 3.4609 3.0285
16.43 D 3.0124 2.8130
16.44 D 3.0566 3.3032
16.45 D 3.0070 3.1105
16.46 D 3.1835 3.0776
16.47 D 2.9645 2.9788
16.48 D 3.1655 2.9851
16.49 D 2.8827 2.8849
16.5 D 3.3563 2.8957
16.51 D 3.1492 3.0170
16.52 D 3.1179 2.9432
16.53 D 3.1327 3.0105
16.54 D 3.2856 3.1251
16.55 D 3.0272 2.9000
16.56 D 3.0593 2.8468
16.57 D 2.9619 2.6861
16.58 D 2.9028 3.0345
16.59 D 2.7664 2.8781
16.6 D 3.1577 3.0002
16.61 D 2.8151 3.0506
16.62 D 2.9804 2.7443
16.63 D 2.9690 2.9008
16.64 D 2.9355 3.0537
16.65 D 2.9172 3.0749
16.66 D 3.0021 2.8166
16.67 D 3.3455 3.2332
16.68 D 3.9126 2.9795
16.69 D 3.2965 2.9808
16.7 D 3.1764 2.9386
16.71 D 3.2951 2.9594
16.72 D 3.3326 2.9190
16.73 D 3.1902 2.8334
16.74 D 3.3080 3.1947
16.75 D 3.2275 2.9301
16.76 D 3.3705 2.8993
16.77 D 3.8072 3.0021
16.78 D 3.2477 3.1613
16.79 D 3.1190 3.0900
16.8 D 3.4020 2.8279
16.81 D 3.3529 2.7996
16.82 D 3.1493 2.9391
16.83 D 3.2989 2.7603
16.84 D 3.2605 3.1292
16.85 D 3.5433 2.7776
16.86 D 3.2268 2.7995
16.87 D 3.3823 2.8900
16.88 D 3.4342 3.1391
16.89 D 3.3633 2.7436
16.9 D 3.0931 2.7199
16.91 D 3.5901 3.0615
16.92 D 3.3241 3.0020
16.93 D 3.1174 3.0189
16.94 D 3.1747 2.9228
16.95 D 3.1083 3.1220
16.96 D 3.4882 3.1986
16.97 D 3.5363 3.2022
16.98 D 3.2728 3.1316
16.99 D 3.3326 3.2324
17 D 3.5329 2.9897
17.01 D 3.2671 3.3440
17.02 D 3.2908 3.4014
17.03 D 3.0616 3.1455
17.04 D 3.3419 3.1925
17.05 D 3.3982 3.0637
17.06 D 3.1748 3.3570
17.07 D 3.2860 3.3800
17.08 D 3.3601 3.2830
17.09 D 3.3469 3.1711
17.1 D 3.0785 3.3626
17.11 D 3.2926 3.2446
17.12 D 3.0404 2.8995
17.13 D 3.4718 3.3627
17.14 D 3.0224 3.4195
17.15 D 3.0435 3.3278
17.16 D 3.2082 3.5467
17.17 D 3.1823 3.2594
17.18 D 3.0816 3.0503
17.19 D 3.2575 3.2414
17.2 D 3.2041 2.8444
17.21 D 3.1865 3.2177
17.22 D 2.8991 3.0678
17.23 D 2.9274 2.9799
17.24 D 3.1032 2.9052
17.25 D 3.4785 2.9498
17.26 D 3.0973 3.4726
17.27 D 3.3215 3.2667
17.28 D 3.0782 3.4279
17.29 D 3.1589 3.1330
17.3 D 3.1542 3.1238
17.31 D 3.5049 3.1410
17.32 D 3.1953 3.3791
17.33 D 3.4421 3.3186
17.34 D 3.2523 3.5520
17.35 D 3.5233 3.3162
17.36 D 3.4540 3.0512
17.37 D 3.0947 2.9997
17.38 D 3.4077 3.3796
17.39 D 3.2094 3.1345
17.4 D 3.3171 3.3736
17.41 D 3.1919 2.9265
17.42 D 3.1913 3.1595
17.43 D 3.1398 3.2182
17.44 D 3.1813 3.5025
17.45 D 3.0612 3.3746
17.46 D 2.9692 3.3716
17.47 D 3.3658 3.2545
17.48 D 2.8561 3.2816
17.49 D 3.3686 3.0379
17.5 D 3.2061 3.1203
17.51 D 3.5736 3.3560
17.52 D 3.5108 3.4590
17.53 D 3.1111 3.4008
17.54 D 3.4223 3.3253
17.55 D 3.1288 3.4942
17.56 D 3.0785 3.2717
17.57 D 3.6458 3.2394
17.58 D 3.3897 3.2669
17.59 D 3.2683 3.0636
17.6 D 3.0127 3.0968
17.61 D 3.2756 3.2861
17.62 D 3.3014 3.5620
17.63 D 3.5382 2.9197
17.64 D 3.3963 3.5864
17.65 D 3.1710 3.3508
17.66 D 3.1415 3.1109
17.67 D 3.3832 3.3628
17.68 D 3.3866 3.3822
17.69 D 3.2970 3.4294
17.7 D 3.0864 3.0230
17.71 D 2.9473 3.2625
17.72 D 3.3812 3.0450
17.73 D 3.4064 3.3926
17.74 D 3.1164 3.1551
17.75 D 3.0795 3.1783
17.76 D 3.1416 2.9352
17.77 D 3.5619 3.0435
17.78 D 3.1758 3.4417
17.79 D 3.2616 3.2114
17.8 D 3.1493 3.1023
17.81 D 3.0061 3.1797
17.82 D 3.3009 3.4439
17.83 D 3.3726 3.4760
17.84 D 3.5018 2.9679
17.85 D 3.2696 3.1553
17.86 D 3.9021 3.1147
17.87 D 3.0577 3.1297
17.88 D 3.2281 3.3760
17.89 D 3.1924 3.1244
17.9 D 3.0401 3.3614
17.91 D 3.0267 2.9325
17.92 D 3.2930 3.1066
17.93 D 3.2548 3.2576
17.94 D 3.1624 3.1030
17.95 D 3.1597 3.1892
17.96 D 3.1375 3.0626
17.97 D 3.2855 3.2749
17.98 D 3.1614 3.6386
17.99 D 3.1529 3.3186
18 D 3.0518 3.0426
18.01 D 3.1330 3.1420
18.02 D 3.0770 3.2452
18.03 D 2.9685 2.9278
18.04 D 3.0899 2.8430
18.05 D 3.3323 2.9141
18.06 D 3.1702 2.9877
18.07 D 3.0745 3.0114
18.08 D 3.2740 3.0762
18.09 D 3.2838 2.7600
18.1 D 3.5775 2.9736
18.11 D 3.4226 2.8418
18.12 D 3.0650 2.9645
18.13 D 3.1150 2.9418
18.14 D 3.0340 3.0310
18.15 D 3.1908 2.8928
18.16 D 3.1270 2.9093
18.17 D 3.0420 2.8983
18.18 D 3.3514 2.9702
18.19 D 3.3773 3.1902
18.2 D 3.2834 2.9839
18.21 D 3.3322 3.0033
18.22 D 3.1400 2.9943
18.23 D 3.1782 2.8230
18.24 D 3.1915 2.8253
18.25 D 3.1953 2.8835
18.26 D 3.1990 3.0047
18.27 D 3.1356 3.1336
18.28 D 3.1637 2.8987
18.29 D 3.2605 3.0799
18.3 D 2.9069 3.0938
18.31 D 3.1855 2.9332
18.32 D 3.7817 3.2092
18.33 D 3.4066 2.9803
18.34 D 3.2122 3.1809
18.35 D 3.3147 3.1783
18.36 D 3.4868 3.2301
18.37 D 3.3210 2.6911
18.38 D 3.1413 3.0396
18.39 D 3.0027 3.1937
18.4 D 3.1118 2.7944
18.41 D 3.5240 2.7920
18.42 D 3.1038 3.0942
18.43 D 3.1337 3.1903
18.44 D 3.0489 2.9480
18.45 D 3.1982 3.1995
18.46 D 2.8893 3.0749
18.47 D 3.1625 3.1933
18.48 D 2.9472 3.1079
18.49 D 3.2288 3.2219
18.5 D 3.5848 3.1715
18.51 D 3.5484 2.8213
18.52 D 3.5440 2.8356
18.53 D 3.2947 3.0108
18.54 D 3.4206 2.7204
18.55 D 3.5755 3.0852
18.56 D 3.5496 2.8437
18.57 D 3.3840 2.8154
18.58 D 3.7226 3.2762
18.59 D 3.5022 2.9323
18.6 D 3.5576 3.0602
18.61 D 3.2804 3.1511
18.62 D 3.9348 3.1046
18.63 D 3.1752 3.1783
18.64 D 3.5247 3.2782
18.65 D 3.2462 2.8999
18.66 D 3.5896 3.3541
18.67 D 3.7311 3.4437
18.68 D 3.0988 3.0509
18.69 D 3.1503 3.1768
18.7 D 3.1589 2.9923
18.71 D 3.5069 2.9792
18.72 D 3.3931 3.1473
18.73 D 3.5304 2.9403
18.74 D 3.1235 3.0725
18.75 D 3.2590 3.0077
18.76 D 3.1864 3.2259
18.77 D 3.5749 3.1261
18.78 D 3.3663 3.1079
18.79 D 3.2500 2.9485
18.8 D 3.3034 3.0798
18.81 D 3.3816 3.2504
18.82 D 3.6156 2.9742
18.83 D 3.0081 3.0100
18.84 D 3.4427 3.1797
18.85 D 3.6477 3.0628
18.86 D 3.4385 3.2042
18.87 D 3.4461 2.8183
18.88 D 3.6138 3.0750
18.89 D 3.7684 2.9713
18.9 D 2.8640 3.3009
18.91 D 3.0123 3.1243
18.92 D 3.3881 3.3650
18.93 D 3.0671 2.9581
18.94 D 3.5848 3.1057
18.95 D 3.4606 3.1980
18.96 D 3.5403 3.1549
18.97 D 3.3794 3.3860
18.98 D 3.5106 3.0995
18.99 D 3.3973 3.1280
19 D 3.3517 2.8781
19.01 D 3.5263 3.1245
19.02 D 3.4384 3.0465
19.03 D 3.3100 3.0285
19.04 D 3.7110 3.2937
19.05 D 3.5879 2.9621
19.06 D 3.5402 3.2472
19.07 D 3.5523 3.0352
19.08 D 3.6267 2.8296
19.09 D 3.4379 2.8176
19.1 D 3.3884 2.8356
19.11 D 3.4446 3.1270
19.12 D 3.0441 2.9788
19.13 D 2.8564 3.1373
19.14 D 3.3295 3.0188
19.15 D 3.1249 2.8580
19.16 D 3.1405 3.1703
19.17 D 3.2581 3.3774
19.18 D 2.9250 3.1811
19.19 D 3.5462 3.2302
19.2 D 3.0422 2.9813
19.21 D 3.0470 2.9804
19.22 D 3.1363 2.9429
19.23 D 3.2626 3.0972
19.24 D 3.2094 2.9972
19.25 D 3.3630 2.9788
19.26 D 2.9435 3.0912
19.27 D 3.2732 2.9671
19.28 D 3.5317 3.0483
19.29 D 3.1324 2.8422
19.3 D 3.0334 2.9537
19.31 D 3.0116 2.9348
19.32 D 2.9258 2.8499
19.33 D 3.0759 2.7636
19.34 D 3.1459 2.8406
19.35 D 3.4130 2.7295
19.36 D 3.1523 3.0849
19.37 D 3.7011 3.1725
19.38 D 2.9816 2.8875
19.39 D 3.1774 3.0719
19.4 D 3.2613 3.1081
19.41 D 3.5117 3.1345
19.42 D 3.3523 2.9730
19.43 D 3.0332 2.7823
19.44 D 2.9678 2.7332
19.45 D 3.2196 2.8031
19.46 D 3.4556 2.9569
19.47 D 3.6626 3.0615
19.48 D 3.4107 3.0260
19.49 D 3.6009 3.4549
19.5 D 3.3099 3.0983
19.51 D 3.2066 3.0036
19.52 D 3.3810 2.7683
19.53 D 3.2897 2.9650
19.54 D 3.4501 2.8882
19.55 D 3.5476 3.0676
19.56 D 3.5133 3.3016
19.57 D 3.4307 3.1594
19.58 D 3.5725 3.0303
19.59 D 3.4155 3.2022
19.6 D 3.5588 3.1103
19.61 D 3.1003 2.9220
19.62 D 3.3430 3.0066
19.63 D 3.3569 3.0886
19.64 D 3.4396 2.8508
19.65 D 3.5019 3.1033
19.66 D 3.4385 3.1844
19.67 D 3.4263 2.8219
19.68 D 3.9749 2.8905
19.69 D 3.1861 3.1130
19.7 D 3.4085 2.9369
19.71 D 3.1299 3.0221
19.72 D 3.1506 3.0777
19.73 D 3.3207 3.0352
19.74 D 3.5767 3.3945
19.75 D 3.2781 2.9479
19.76 D 3.1636 3.0313
19.77 D 3.5484 2.6550
19.78 D 3.5375 2.8056
19.79 D 3.0394 2.5850
19.8 D 3.2011 2.7726
19.81 D 3.4508 2.7895
19.82 D 3.5007 2.9379
19.83 D 3.5885 2.9459
19.84 D 3.2372 3.4256
19.85 D 3.2653 3.0928
19.86 D 3.2823 2.8492
19.87 D 3.4282 2.8555
19.88 D 3.0338 2.9231
19.89 D 3.2533 3.1355
19.9 D 3.5528 3.2284
19.91 D 3.5987 2.9343
19.92 D 3.5251 3.2252
19.93 D 3.2371 2.8432
19.94 D 3.6898 3.2352
19.95 D 3.2865 2.9920
19.96 D 3.4560 2.9432
19.97 D 3.1466 3.3154
19.98 D 3.4474 3.0901
19.99 D 3.6481 3.1911
20 D 3.2629 3.0045
20.01 D 3.5246 2.8675
20.02 D 3.3660 3.3680
20.03 D 3.5948 2.7107
20.04 D 3.6535 2.7355
20.05 D 3.7093 3.1274
20.06 D 3.4103 3.0683
20.07 D 3.1167 2.8635
20.08 D 3.4060 3.0511
20.09 D 3.3823 2.8240
20.1 D 3.4069 2.8766
20.11 D 3.3415 2.9154
20.12 D 3.3241 3.0623
20.13 D 3.7633 3.2036
20.14 D 3.4825 3.4177
20.15 D 3.5884 3.0735
20.16 D 3.6571 2.9627
20.17 D 3.3685 2.7948
20.18 D 3.4720 2.9925
20.19 D 3.6095 3.0694
20.2 D 3.6362 3.0321
20.21 D 3.6094 3.2563
20.22 D 3.2802 3.0300
20.23 D 3.3958 3.2343
20.24 D 3.7926 2.9828
20.25 D 3.7078 3.1497
20.26 D 3.1979 3.0542
20.27 D 2.9257 3.3702
20.28 D 3.2587 3.2399
20.29 D 2.9040 3.2383
20.3 D 3.6168 2.9024
20.31 D 3.7119 3.1677
20.32 D 3.3035 3.2438
20.33 D 3.0780 3.1485
20.34 D 3.2401 3.2185
20.35 D 2.9329 3.3283
20.36 D 3.0894 3.2322
20.37 D 3.2765 3.2166
20.38 D 2.8973 3.2334
20.39 D 3.1359 3.1404
20.4 D 3.3737 3.1316
20.41 D 3.7266 3.1857
20.42 D 3.4538 3.1014
20.43 D 3.2486 3.0356
20.44 D 3.4425 3.0025
20.45 D 3.5098 3.1526
20.46 D 3.5694 3.0109
20.47 D 3.3133 2.9475
20.48 D 3.1090 2.8769
20.49 D 3.4043 3.2675
20.5 D 3.6005 2.7382
20.51 D 3.4599 2.8821
20.52 D 3.4053 3.1050
20.53 D 3.7627 2.8991
20.54 D 3.9552 3.1540
20.55 D 3.6945 3.0505
20.56 D 3.4322 3.0080
20.57 D 3.5068 3.1805
20.58 D 3.1330 2.9059
20.59 D 3.3414 3.1636
20.6 D 3.5012 3.1330
20.61 D 3.6428 3.0208
20.62 D 3.4144 3.1462
20.63 D 3.7994 3.1320
20.64 D 3.7469 3.2105
20.65 D 3.3225 3.3236
20.66 D 3.5284 3.5505
20.67 D 3.4514 3.2302
20.68 D 3.2068 3.3262
20.69 D 3.1511 3.1571
20.7 D 3.3571 3.1348
20.71 D 3.2615 3.0105
20.72 D 3.2362 3.0558
20.73 D 3.4763 3.1427
20.74 D 2.8409 3.1381
20.75 D 3.4207 3.3234
20.76 D 3.7986 3.3034
20.77 D 3.2675 3.0089
20.78 D 3.2871 3.3545
20.79 D 3.3989 3.3103
20.8 D 3.4646 3.1931
20.81 D 3.6031 2.9971
20.82 D 3.4676 3.0670
20.83 D 3.5346 3.0693
20.84 D 3.2487 3.1757
20.85 D 3.2743 3.4670
20.86 D 3.5013 3.3907
20.87 D 3.6036 3.1710
20.88 D 3.4082 3.0576
20.89 D 3.6972 3.1242
20.9 D 3.4988 3.2871
20.91 D 3.1620 3.0505
20.92 D 3.4259 3.5248
20.93 D 3.4086 3.1810
20.94 D 3.2954 3.2324
20.95 D 3.1898 3.1978
20.96 D 3.1315 3.2362
20.97 D 3.3101 3.2228
20.98 D 3.4920 3.5997
20.99 D 3.2024 3.2983
21 D 3.1847 3.2387
21.01 D 3.3317 2.9356
21.02 D 3.2778 3.0785
21.03 D 3.3662 2.9191
21.04 D 3.2623 3.4032
21.05 D 3.3320 3.4945
21.06 D 3.4537 2.8509
21.07 D 3.4454 2.9651
21.08 D 2.9826 3.5818
21.09 D 3.0186 3.2780
21.1 D 3.5972 2.8846
21.11 D 3.2423 3.0730
21.12 D 3.6311 3.2639
21.13 D 3.3642 3.5075
21.14 D 3.3651 3.2310
21.15 D 3.3620 3.0881
21.16 D 3.3854 3.3984
21.17 D 3.6363 3.0104
21.18 D 3.2256 3.2997
21.19 D 3.2149 3.3255
21.2 D 3.1708 3.1247
21.21 D 3.3782 3.3715
21.22 D 3.4145 3.3165
21.23 D 3.2657 3.0894
21.24 D 3.3127 3.3912
21.25 D 3.4847 3.0757
21.26 D 3.2248 3.2886
21.27 D 3.2524 3.0410
21.28 D 3.4135 3.1569
21.29 D 3.6640 3.0306
21.3 D 3.3495 3.3483
21.31 D 3.1685 2.9941
21.32 D 3.2607 3.0703
21.33 D 3.2829 3.1129
21.34 D 3.6531 2.8051
21.35 D 3.1735 3.1311
21.36 D 3.3742 2.9945
21.37 D 3.3608 2.9932
21.38 D 2.9390 2.8951
21.39 D 3.3812 3.0333
21.4 D 3.3515 3.0339
21.41 D 3.3409 3.2507
21.42 D 3.5801 3.2607
21.43 D 3.0879 3.1730
21.44 D 3.1469 3.2782
21.45 D 2.9341 3.1383
21.46 D 3.3437 3.2787
21.47 D 3.2738 3.0493
21.48 D 3.1185 3.0856
21.49 D 3.1821 3.2299
21.5 D 3.4839 3.0107
21.51 D 3.3211 3.0860
21.52 D 3.4662 3.2534
21.53 D 3.1552 3.1779
21.54 D 3.0543 3.1951
21.55 D 3.2094 3.2567
21.56 D 3.2041 3.1919
21.57 D 3.0584 2.9895
21.58 D 3.3686 3.1397
21.59 D 3.4550 3.3431
21.6 D 3.4990 3.2399
21.61 D 3.2384 2.9936
21.62 D 3.1036 3.1276
21.63 D 3.1985 3.0928
21.64 D 3.0241 2.9393
21.65 D 3.1219 3.2970
21.66 D 3.7019 3.4939
21.67 D 3.7094 3.0519
21.68 D 3.5083 3.0706
21.69 D 3.4143 3.5048
21.7 D 3.3534 3.4390
21.71 D 3.3207 3.5327
21.72 D 3.2040 3.3050
21.73 D 3.1531 3.4496
21.74 D 3.4476 3.6065
21.75 D 3.3923 3.1348
21.76 D 3.2300 3.7108
21.77 D 3.3349 3.4714
21.78 D 3.0641 3.1205
21.79 D 3.2725 3.4281
21.8 D 3.2556 3.5126
21.81 D 3.3233 3.1502
21.82 D 2.9648 3.3856
21.83 D 3.1861 3.2105
21.84 D 3.4597 3.7048
21.85 D 3.2440 3.4635
21.86 D 3.0442 2.9495
21.87 D 3.2590 3.4012
21.88 D 3.1878 3.6176
21.89 D 3.3215 3.2810
21.9 D 3.6309 3.3931
21.91 D 3.3582 3.2901
21.92 D 3.4125 3.4944
21.93 D 3.2136 3.4425
21.94 D 3.5869 3.3147
21.95 D 3.4711 3.1986
21.96 D 3.3428 3.4293
21.97 D 3.7318 3.5629
21.98 D 3.6666 3.3032
21.99 D 3.3091 3.1256
22 D 3.6809 3.0625
22.01 D 3.1108 3.7136
22.02 D 3.3821 3.4270
22.03 D 3.0575 3.8673
22.04 D 3.4906 3.2141
22.05 D 3.4801 3.3684
22.06 D 3.2295 3.2979
22.07 D 3.2671 3.2497
22.08 D 3.2373 3.4492
22.09 D 3.2494 3.2456
22.1 D 3.4048 3.2821
22.11 D 3.4744 3.1762
22.12 D 3.6583 3.4910
22.13 D 3.2579 3.5816
22.14 D 3.3450 3.6082
22.15 D 3.2100 3.5402
22.16 D 3.5372 3.8964
22.17 D 3.1229 3.3059
22.18 D 3.2661 3.3608
22.19 D 3.3603 3.4585
22.2 D 3.1976 3.2099
22.21 D 3.3441 3.4550
22.22 D 3.4044 3.6614
22.23 D 3.3537 3.2770
22.24 D 2.9751 3.3577
22.25 D 3.1028 3.3975
22.26 D 3.2873 3.4314
22.27 D 3.8485 3.3648
22.28 D 3.4912 3.5687
22.29 D 3.7029 3.5088
22.3 D 3.4999 3.5893
22.31 D 3.5824 3.6238
22.32 D 3.7010 3.2608
22.33 D 3.3810 3.4635
22.34 D 3.4563 3.1102
22.35 D 3.5326 3.1768
22.36 D 3.2417 3.0347
22.37 D 3.3742 3.2431
22.38 D 3.5242 3.3233
22.39 D 3.4501 3.0225
22.4 D 3.5815 3.1199
22.41 D 3.5153 3.0928
22.42 D 3.7366 3.3181
22.43 D 3.6872 3.1281
22.44 D 3.9816 3.3367
22.45 D 3.6765 3.3723
22.46 L 4.1411 3.1054
22.47 D 3.9898 3.1341
22.48 D 3.3927 3.3140
22.49 D 3.6482 3.4919
22.5 D 3.4148 3.1825
22.51 D 3.4150 2.8039
22.52 D 3.8827 3.1314
22.53 D 3.5693 2.9650
22.54 D 3.1953 3.2718
22.55 D 3.4663 2.9513
22.56 D 3.5456 3.1130
22.57 D 3.4650 3.4011
22.58 D 3.4786 2.9295
22.59 D 3.7975 3.1886
22.6 D 3.5703 3.2475
22.61 D 3.7199 3.2115
22.62 D 3.6357 2.8218
22.63 D 3.8070 3.0681
22.64 D 3.6381 3.0369
22.65 D 3.6374 3.1888
22.66 D 3.7535 3.2705
22.67 D 3.4984 3.0625
22.68 D 3.5118 3.2005
22.69 D 3.5310 3.2327
22.7 D 3.7053 3.2545
22.71 D 3.7362 3.0603
22.72 D 3.5766 3.0046
22.73 D 3.5421 3.1046
22.74 D 3.6430 3.0534
22.75 D 3.5700 3.2508
22.76 D 2.9683 3.0934
22.77 D 3.5317 3.3001
22.78 D 3.3199 3.1184
22.79 D 3.3704 3.1132
22.8 D 3.0728 2.8083
22.81 D 3.2125 3.1404
22.82 D 3.1579 2.9392
22.83 D 3.3552 3.0072
22.84 D 3.7507 3.0033
22.85 D 3.3626 3.0697
22.86 D 3.3338 3.0463
22.87 D 3.5671 2.9343
22.88 D 3.5047 3.1762
22.89 D 3.8702 3.1488
22.9 D 3.3045 3.3357
22.91 D 3.3890 3.2254
22.92 D 3.5241 3.1331
22.93 D 3.8151 3.4222
22.94 D 3.3199 2.9385
22.95 D 3.3093 3.0729
22.96 D 3.3410 3.3849
22.97 D 3.4446 3.0928
22.98 D 3.2758 3.0654
22.99 D 3.7845 3.4006
23 D 3.2549 3.0008
23.01 D 3.1784 2.9799
23.02 D 3.4612 3.2696
23.03 D 3.4393 3.2359
23.04 D 3.6376 3.1532
23.05 D 3.5942 3.4838
23.06 D 3.2328 3.0104
23.07 D 3.4302 3.3858
23.08 D 3.3565 2.9944
23.09 D 3.8760 2.9394
23.1 D 3.3667 2.7465
23.11 D 3.4630 2.8982
23.12 D 3.4760 3.0833
23.13 D 3.4386 3.1436
23.14 D 3.6219 3.2017
23.15 D 3.1812 3.0315
23.16 D 3.7056 3.2300
23.17 D 3.5510 2.9905
23.18 D 3.1146 3.2626
23.19 D 3.5175 3.2619
23.2 D 3.0791 2.9428
23.21 D 3.1614 3.0195
23.22 D 3.5883 3.0301
23.23 D 3.2141 2.8857
23.24 D 3.1807 2.8183
23.25 D 3.5491 3.4230
23.26 D 3.2778 3.0310
23.27 D 3.3331 3.2194
23.28 D 3.3035 3.0222
23.29 D 3.3412 3.1217
23.3 D 3.0426 2.7270
23.31 D 2.9956 2.9387
23.32 D 3.2446 3.3713
23.33 D 3.0816 3.2048
23.34 D 3.0884 2.9280
23.35 D 3.0227 3.0855
23.36 D 2.9153 3.0026
23.37 D 3.2165 3.3787
23.38 D 3.1240 3.0902
23.39 D 3.1726 2.7848
23.4 D 2.9917 2.9004
23.41 D 3.1525 3.2440
23.42 D 3.1823 3.4040
23.43 D 3.0235 3.0458
23.44 D 3.1051 3.0995
23.45 D 3.3676 3.0340
23.46 D 3.4305 3.0004
23.47 D 3.1188 3.0763
23.48 D 2.9415 3.1347
23.49 D 3.2856 2.9463
23.5 D 3.5369 2.9094
23.51 D 3.0074 3.0596
23.52 D 3.3863 3.0902
23.53 D 3.3509 2.9643
23.54 D 3.3697 3.0470
23.55 D 3.1331 2.7607
23.56 D 3.1272 2.9553
23.57 D 3.0220 3.1340
23.58 D 3.0298 2.9168
23.59 D 3.0848 3.1214
23.6 D 3.2113 2.9437
23.61 D 2.9676 3.3393
23.62 D 3.1257 3.3210
23.63 D 3.6705 2.9278
23.64 D 3.0692 2.8955
23.65 D 3.3852 3.0693
23.66 D 3.1133 3.0728
23.67 D 3.2463 2.9271
23.68 D 3.2658 2.8571
23.69 D 3.4753 3.2015
23.7 D 3.4407 2.9730
23.71 D 3.2767 2.8609
23.72 D 3.3720 3.0158
23.73 D 3.3042 2.9933
23.74 D 3.3218 2.9892
23.75 D 3.4145 2.7700
23.76 D 2.9895 2.9096
23.77 D 3.2835 3.0083
23.78 D 3.3110 3.1044
23.79 D 3.1369 3.0311
23.8 D 3.4127 2.7420
23.81 D 3.1966 3.0337
23.82 D 3.1011 3.1498
23.83 D 3.3728 2.9437
23.84 D 3.2573 2.8003
23.85 D 3.0868 2.8708
23.86 D 2.9230 2.8670
23.87 D 3.0513 3.0773
23.88 D 2.5100 2.8962
23.89 D 2.8742 3.1607
23.9 D 2.8697 3.0151
23.91 D 2.9019 2.9140
23.92 D 2.9335 3.2717
23.93 D 2.8611 2.9831
23.94 D 2.7921 3.0538
23.95 D 3.0481 2.8446
23.96 D 2.7564 3.2594
23.97 D 2.7997 2.9438
23.98 D 2.9678 2.9668
23.99 D 2.6739 3.0291
24 D 2.7403 2.9678
24.01 D 2.7237 2.9780
24.02 D 3.0184 3.0276
24.03 D 2.9385 3.2090
24.04 D 2.6518 2.8825
24.05 D 2.7951 2.9676
24.06 D 2.8164 3.1680
24.07 D 3.0842 3.1600
24.08 D 2.8799 3.0594
24.09 D 2.8261 2.9293
24.1 D 2.7791 3.0532
24.11 D 2.7601 2.9368
24.12 D 2.8525 3.0813
24.13 D 2.8097 3.1834
24.14 D 2.7529 2.9936
24.15 D 2.6764 2.9024
24.16 D 2.7492 3.2739
24.17 D 2.7612 3.1335
24.18 D 2.9576 3.2076
24.19 D 2.6419 2.9996
24.2 D 2.8547 3.3118
24.21 D 2.7232 2.9850
24.22 D 2.9296 3.0178
24.23 D 2.7482 3.0088
24.24 D 2.7141 3.1477
24.25 D 2.7207 3.0528
24.26 D 2.7901 3.2802
24.27 D 2.8329 3.2428
24.28 D 2.7413 3.2953
24.29 D 2.8203 3.3698
24.3 D 2.7367 3.0935
24.31 D 2.8552 2.9518
24.32 D 2.9026 2.8134
24.33 D 2.7150 3.0873
24.34 D 3.0198 2.8156
24.35 D 3.0537 2.8164
24.36 D 2.7002 3.1423
24.37 D 3.0316 3.2463
24.38 D 2.7764 2.9562
24.39 D 2.9902 3.1314
24.4 D 2.7451 3.2440
24.41 D 2.9520 3.1891
24.42 D 2.6818 3.2933
24.43 D 2.7612 2.9400
24.44 D 2.7507 2.9621
24.45 D 2.9451 3.1738
24.46 D 2.8409 3.4052
24.47 D 2.7519 3.0907
24.48 D 3.1204 3.2714
24.49 D 2.7331 3.1765
24.5 D 2.7059 3.0910
24.51 D 2.7274 3.1379
24.52 D 2.7334 3.1882
24.53 D 2.6748 3.0694
24.54 D 3.1241 2.9580
24.55 D 3.1468 3.1015
24.56 D 3.6285 3.1857
24.57 D 3.3793 2.9354
24.58 D 3.0240 2.9203
24.59 D 2.8771 2.9290
24.6 D 3.3177 3.3070
24.61 D 3.1250 3.0953
24.62 D 2.9208 3.0837
24.63 D 2.7744 3.3184
24.64 D 2.7850 3.0815
24.65 D 2.8337 2.7314
24.66 D 2.8612 2.9191
24.67 D 2.7152 3.2571
24.68 D 2.7319 3.3306
24.69 D 2.7908 3.1312
24.7 D 2.7212 3.6713
24.71 D 2.7747 3.2901
24.72 D 2.7641 3.5159
24.73 D 2.6487 3.2048
24.74 D 2.8420 3.3620
24.75 D 2.6522 3.2142
24.76 D 2.8073 3.2334
24.77 D 2.7276 3.0089
24.78 D 3.1361 3.1584
24.79 D 2.9743 3.2838
24.8 D 2.8093 3.2278
24.81 D 2.6907 3.0558
24.82 D 2.7848 3.4005
24.83 D 2.8154 3.2843
24.84 D 2.8378 3.3433
24.85 D 2.8495 3.0714
24.86 D 2.7660 2.9624
24.87 D 2.8544 3.2956
24.88 D 2.7744 3.2454
24.89 D 2.7618 3.2078
24.9 D 2.7879 3.0005
24.91 D 2.8297 2.9030
24.92 D 2.8382 3.2180
24.93 D 2.6907 3.1867
24.94 D 2.8578 2.9534
24.95 D 2.8323 3.1103
24.96 D 2.9875 3.4702
24.97 D 2.8614 3.3566
24.98 D 2.9471 2.8298
24.99 D 2.8620 2.8508
25 D 2.6891 3.2690
25.01 D 2.8993 3.0482
25.02 D 2.8511 2.9347
25.03 D 2.8545 2.9456
25.04 D 2.9248 3.0708
25.05 D 3.1719 3.2352
25.06 D 2.9058 3.0119
25.07 D 3.3784 2.9992
25.08 D 2.9368 2.8036
25.09 D 2.7666 3.1037
25.1 D 3.4249 3.2613
25.11 D 2.9863 2.9564
25.12 D 3.0745 3.3916
25.13 D 3.3154 3.1046
25.14 D 3.0999 2.8737
25.15 D 3.1086 2.8759
25.16 D 3.1217 3.1071
25.17 D 3.3391 2.9205
25.18 D 2.7391 2.9513
25.19 D 3.0697 2.9218
25.2 D 2.9276 2.8653
25.21 D 3.0684 2.9544
25.22 D 2.9711 3.0032
25.23 D 2.9549 2.8908
25.24 D 3.3188 2.7863
25.25 D 3.2435 2.8356
25.26 D 3.7953 2.8195
25.27 D 3.0871 3.0554
25.28 D 3.1591 3.1716
25.29 D 3.1378 3.0804
25.3 D 3.5752 2.8084
25.31 D 2.9329 2.8005
25.32 D 3.3471 3.0857
25.33 D 3.2007 3.0273
25.34 D 2.9002 2.7492
25.35 D 3.3755 2.9817
25.36 D 2.9910 3.3420
25.37 D 3.1646 3.1442
25.38 D 3.2631 3.1372
25.39 D 3.2287 3.0119
25.4 D 3.3108 3.1099
25.41 D 2.8641 3.1392
25.42 D 3.3288 3.1957
25.43 D 3.1550 3.0059
25.44 D 3.0976 3.0608
25.45 D 3.0902 3.0809
25.46 D 3.2251 2.8500
25.47 D 2.9456 2.9855
25.48 D 3.2770 2.9112
25.49 D 3.2635 3.1763
25.5 D 3.2259 2.9909
25.51 D 3.0455 3.0432
25.52 D 3.0784 3.0260
25.53 D 3.2443 3.1245
25.54 D 3.2061 2.9967
25.55 D 3.1102 3.3007
25.56 D 2.9608 3.2751
25.57 D 3.0035 3.2538
25.58 D 3.2608 3.2156
25.59 D 3.1208 3.0624
25.6 D 3.0125 3.1058
25.61 D 3.1639 3.2006
25.62 D 3.1740 3.2547
25.63 D 3.0217 2.9188
25.64 D 3.1318 3.0442
25.65 D 3.0491 2.9199
25.66 D 2.8567 3.0166
25.67 D 3.0690 3.0322
25.68 D 3.4743 2.9534
25.69 D 3.2183 3.1286
25.7 D 3.0973 3.3897
25.71 D 3.0568 3.1918
25.72 D 3.1651 3.2917
25.73 D 3.3038 2.9114
25.74 D 2.9387 2.7506
25.75 D 3.1584 2.9187
25.76 D 3.1009 3.2294
25.77 D 3.0076 3.0648
25.78 D 3.3732 3.0834
25.79 D 3.2335 2.9426
25.8 D 3.2853 2.8854
25.81 D 3.2094 2.9459
25.82 D 2.9766 3.1357
25.83 D 3.1577 3.2179
25.84 D 3.0524 2.8172
25.85 D 2.8678 3.1426
25.86 D 3.0695 2.9492
25.87 D 3.0197 2.9565
25.88 D 3.0417 2.8949
25.89 D 3.3769 3.0205
25.9 D 3.0762 3.0627
25.91 D 2.9773 3.0213
25.92 D 2.9361 3.0424
25.93 D 3.2840 3.0234
25.94 D 3.3132 3.0262
25.95 D 3.4828 3.0058
25.96 D 3.3397 3.1477
25.97 D 2.9415 3.1139
25.98 D 3.2224 2.9912
25.99 D 3.1560 3.2702
26 D 3.4320 3.1139
26.01 D 3.2776 2.9602
26.02 D 3.0558 3.1851
26.03 D 3.0778 3.0985
26.04 D 3.1640 3.2821
26.05 D 3.0124 3.3370
26.06 D 3.1447 3.2167
26.07 D 2.9830 2.8136
26.08 D 3.0410 2.7368
26.09 D 3.3806 3.2129
26.1 D 3.4932 3.1578
26.11 D 3.1376 2.8540
26.12 D 3.4230 3.3095
26.13 D 3.3332 3.1516
26.14 D 3.1752 2.8386
26.15 D 3.0324 2.9187
26.16 D 3.3693 2.9355
26.17 D 3.1013 2.9048
26.18 D 3.0587 3.0202
26.19 D 3.2960 3.5170
26.2 D 3.1803 3.2899
26.21 D 3.1896 3.2579
26.22 D 3.1617 3.1083
26.23 D 3.4999 3.0529
26.24 D 3.4159 3.0501
26.25 D 3.2132 2.9849
26.26 D 3.1915 3.1224
26.27 D 3.3190 3.3390
26.28 D 3.4801 3.1773
26.29 D 3.1929 2.9852
26.3 D 3.3860 3.4161
26.31 D 3.1142 2.9168
26.32 D 3.2335 2.9890
26.33 D 3.1953 3.4292
26.34 D 3.1586 3.1866
26.35 D 3.1107 3.0322
26.36 D 3.1579 3.0184
26.37 D 2.9659 2.9912
26.38 D 3.1605 2.9056
26.39 D 3.3117 2.9785
26.4 D 3.6057 3.0723
26.41 D 3.1541 2.8200
26.42 D 3.2565 3.5375
26.43 D 3.1529 3.2879
26.44 D 3.0753 3.1025
26.45 D 3.2182 2.9111
26.46 D 3.2526 2.9914
26.47 D 3.1020 3.0731
26.48 D 3.1425 3.4090
26.49 D 3.3214 3.1854
26.5 D 3.1550 2.9733
26.51 D 3.1135 2.9503
26.52 D 3.2557 3.3002
26.53 D 3.1818 3.3127
26.54 D 2.9878 3.0159
26.55 D 3.1230 3.1669
26.56 D 3.3127 3.1435
26.57 D 3.1510 3.1321
26.58 D 2.9704 3.2648
26.59 D 3.3003 2.7835
26.6 D 3.0153 3.1757
26.61 D 3.0982 2.8789
26.62 D 3.1244 3.1326
26.63 D 3.0940 3.1266
26.64 D 3.1451 2.8953
26.65 D 3.5316 3.1578
26.66 D 3.6116 2.8550
26.67 D 2.9910 2.9715
26.68 D 2.9860 3.2714
26.69 D 3.0775 3.2424
26.7 D 3.1809 2.8553
26.71 D 3.2959 3.2328
26.72 D 3.4888 2.8098
26.73 D 3.3179 3.1596
26.74 D 3.1966 2.9157
26.75 D 3.2885 3.1434
26.76 D 2.9181 2.9488
26.77 D 3.4434 2.9934
26.78 D 3.1878 3.2617
26.79 D 2.9050 3.1119
26.8 D 3.1767 3.0157
26.81 D 3.1758 3.2657
26.82 D 3.4285 2.8835
26.83 D 3.2487 2.8955
26.84 D 3.1669 2.9721
26.85 D 3.1265 2.9731
26.86 D 3.2598 3.0421
26.87 D 3.2963 2.9122
26.88 D 2.9317 3.1604
26.89 D 3.1589 3.1567
26.9 D 3.0564 3.2025
26.91 D 3.1123 3.1600
26.92 D 2.9906 2.9888
26.93 D 3.1388 2.9510
26.94 D 3.3975 2.8912
26.95 D 3.1345 2.8753
26.96 D 3.1455 3.1099
26.97 D 3.2007 2.8665
26.98 D 3.1422 2.8620
26.99 D 2.8861 2.9123
27 D 3.0728 2.9619
27.01 D 3.3844 3.1247
27.02 D 3.1794 2.7442
27.03 D 3.0232 2.9493
27.04 D 3.3126 3.0407
27.05 D 3.0800 2.9371
27.06 D 2.9552 3.3866
27.07 D 3.3384 3.1069
27.08 D 3.0164 3.0017
27.09 D 3.3358 2.8995
27.1 D 3.4013 2.9218
27.11 D 3.1859 2.8590
27.12 D 3.2801 2.8528
27.13 D 3.1799 2.9835
27.14 D 3.0960 3.1014
27.15 D 3.1517 3.0336
27.16 D 3.3075 3.1258
27.17 D 3.1707 3.0015
27.18 D 3.1489 2.9389
27.19 D 3.1002 3.4520
27.2 D 3.3721 3.0833
27.21 D 2.9818 3.3092
27.22 D 3.2959 2.9531
27.23 D 3.2892 3.0169
27.24 D 3.1247 3.3767
27.25 D 3.1619 3.0330
27.26 D 3.4067 2.9330
27.27 D 3.2607 3.2026
27.28 D 2.8306 3.0999
27.29 D 3.2999 3.1190
27.3 D 3.1363 2.8593
27.31 D 3.2437 3.1725
27.32 D 2.8047 3.0534
27.33 D 3.3292 3.2646
27.34 D 2.8398 2.9297
27.35 D 2.8207 2.9671
27.36 D 2.7768 3.0578
27.37 D 2.7645 3.1521
27.38 D 2.7046 3.1722
27.39 D 2.7703 2.8528
27.4 D 2.8705 3.0308
27.41 D 2.7610 3.1657
27.42 D 2.8280 3.2287
27.43 D 2.8133 3.0912
27.44 D 2.8133 3.0152
27.45 D 2.7464 2.9812
27.46 D 2.8332 2.9120
27.47 D 2.9056 3.0271
27.48 D 2.7033 2.8136
27.49 D 2.9329 3.0494
27.5 D 2.7827 3.2419
27.51 D 2.9186 2.9582
27.52 D 2.7737 2.9086
27.53 D 3.0316 2.8363
27.54 D 2.9384 3.0009
27.55 D 3.0244 2.9067
27.56 D 2.7718 3.0793
27.57 D 2.7800 3.1641
27.58 D 2.8842 3.0960
27.59 D 3.0327 3.1248
27.6 D 3.1032 2.7217
27.61 D 2.9681 2.7070
27.62 D 2.6841 3.0877
27.63 D 2.8401 2.9894
27.64 D 2.9539 3.1141
27.65 D 3.2602 3.1974
27.66 D 3.2661 3.2659
27.67 D 3.2609 3.0756
27.68 D 3.2271 3.0684
27.69 D 3.3724 2.9735
27.7 D 3.2134 3.1261
27.71 D 2.9982 3.0435
27.72 D 3.1937 3.0364
27.73 D 3.1387 3.2073
27.74 D 3.0841 3.2526
27.75 D 2.6932 2.9494
27.76 D 2.7415 3.1918
27.77 D 2.9221 3.0549
27.78 D 2.8113 3.0477
27.79 D 2.8440 2.9776
27.8 D 2.9869 3.0735
27.81 D 2.6256 2.9618
27.82 D 2.8633 2.9594
27.83 D 3.2500 2.9264
27.84 D 3.1404 2.9358
27.85 D 3.0905 3.2823
27.86 D 3.0417 3.1129
27.87 D 3.1328 3.0228
27.88 D 3.1044 3.3457
27.89 D 3.2246 2.8908
27.9 D 3.3744 3.1540
27.91 D 3.3356 2.9126
27.92 D 3.2944 2.9521
27.93 D 3.1105 2.9810
27.94 D 3.4391 3.1154
27.95 D 3.4754 3.0899
27.96 D 3.4444 2.8429
27.97 D 3.2737 2.8608
27.98 D 2.9339 3.3800
27.99 D 2.9032 3.1087
28 D 3.2184 3.0733
28.01 D 3.5996 3.1343
28.02 D 3.2299 3.2002
28.03 D 3.3182 3.0573
28.04 D 3.2143 3.0577
28.05 D 3.2848 3.3305
28.06 D 3.4596 3.0144
28.07 D 2.9513 3.3203
28.08 D 3.4597 2.9704
28.09 D 3.0495 2.8568
28.1 D 3.7330 3.1404
28.11 D 3.0263 3.0393
28.12 D 3.2049 3.0317
28.13 D 3.3945 3.0858
28.14 D 3.3682 3.2960
28.15 D 3.1452 2.9794
28.16 D 3.1930 2.8728
28.17 D 3.2863 2.9663
28.18 D 3.1666 2.9970
28.19 D 3.2742 3.0042
28.2 D 3.1874 2.8919
28.21 D 3.4515 2.9301
28.22 D 3.3895 3.0151
28.23 D 3.3037 2.9101
28.24 D 3.2122 2.8004
28.25 D 3.2257 3.0656
28.26 D 3.4620 2.8123
28.27 D 3.3896 3.0506
28.28 D 3.1146 3.0526
28.29 D 3.2448 3.0500
28.3 D 3.0770 2.9109
28.31 D 3.0028 3.2737
28.32 D 3.5798 3.0701
28.33 D 3.0798 2.8825
28.34 D 3.3148 3.0809
28.35 D 3.0407 3.2847
28.36 D 3.2320 2.8020
28.37 D 3.4457 3.0347
28.38 D 3.2394 2.9187
28.39 D 3.0704 3.0478
28.4 D 3.1961 3.0759
28.41 D 2.8620 2.8664
28.42 D 3.3862 2.9762
28.43 D 2.7506 3.2440
28.44 D 3.2807 2.9969
28.45 D 3.3884 2.7668
28.46 D 3.2970 3.0807
28.47 D 3.2787 2.9761
28.48 D 2.9947 3.3218
28.49 D 3.1330 2.9676
28.5 D 3.0582 2.8881
28.51 D 3.2348 3.0944
28.52 D 3.0055 2.9074
28.53 D 3.3104 2.8769
28.54 D 3.2530 3.1131
28.55 D 3.1916 2.9678
28.56 D 3.1170 2.9627
28.57 D 3.2659 3.0328
28.58 D 3.1958 2.9252
28.59 D 2.9017 3.2449
28.6 D 3.1469 3.1237
28.61 D 3.5248 2.9097
28.62 D 3.1815 3.0277
28.63 D 3.3955 3.0506
28.64 D 3.0179 3.0311
28.65 D 3.3847 3.2170
28.66 D 3.2970 3.1119
28.67 D 3.1576 2.9997
28.68 D 3.3533 3.0171
28.69 D 3.3488 3.1386
28.7 D 3.5449 3.0768
28.71 D 3.4323 2.9161
28.72 D 2.9894 2.9161
28.73 D 3.1482 3.1071
28.74 D 2.9392 2.9919
28.75 D 2.9985 2.9148
28.76 D 3.1299 3.0835
28.77 D 3.4992 2.9842
28.78 D 3.0832 3.3026
28.79 D 3.1176 2.8847
28.8 D 3.2569 2.7257
28.81 D 3.0126 2.9150
28.82 D 3.2036 2.9188
28.83 D 3.3964 3.1927
28.84 D 3.2626 3.0861
28.85 D 3.2760 2.8665
28.86 D 3.0443 2.8359
28.87 D 3.1762 3.0050
28.88 D 3.1274 3.2176
28.89 D 3.1973 3.2062
28.9 D 3.0753 2.7763
28.91 D 3.3285 2.8470
28.92 D 3.2434 3.2456
28.93 D 3.8866 2.9332
28.94 D 3.2468 2.8729
28.95 D 3.3489 3.0013
28.96 D 3.0543 2.6954
28.97 D 3.2035 3.2997
28.98 D 3.1556 2.8721
28.99 D 3.5775 2.9194
29 D 3.4299 3.1171
29.01 D 3.3927 3.2589
29.02 D 3.1418 3.2131
29.03 D 3.1528 3.2412
29.04 D 3.4923 3.0600
29.05 D 2.9856 3.0936
29.06 D 3.2831 3.2122
29.07 D 3.5251 3.0615
29.08 D 2.9981 2.9351
29.09 D 3.0909 2.9291
29.1 D 3.0784 3.1711
29.11 D 3.3254 2.9160
29.12 D 3.0054 3.0858
29.13 D 3.8427 3.0353
29.14 D 3.3103 2.8232
29.15 D 3.4225 3.0529
29.16 D 3.2693 2.9156
29.17 D 3.3188 3.1031
29.18 D 3.1263 2.8198
29.19 D 3.3688 3.1143
29.2 D 3.0773 3.0690
29.21 D 2.9612 3.1019
29.22 D 3.2610 2.9812
29.23 D 3.3042 2.7216
29.24 D 3.4272 2.9893
29.25 D 3.1515 3.0396
29.26 D 3.3436 2.9095
29.27 D 3.2554 3.1741
29.28 D 3.3666 2.9686
29.29 D 3.2640 2.9285
29.3 D 3.1004 2.9781
29.31 D 3.4070 2.8553
29.32 D 2.9905 3.0869
29.33 D 3.1595 3.5060
29.34 D 3.3980 3.2294
29.35 D 3.3949 3.1330
29.36 D 3.2409 3.4966
29.37 D 3.4010 3.2443
29.38 D 3.0184 3.1208
29.39 D 3.0063 3.3407
29.4 D 3.2994 3.2552
29.41 D 3.1628 2.9924
29.42 D 3.3140 3.1258
29.43 D 3.0597 3.0592
29.44 D 3.0968 3.1254
29.45 D 3.1366 2.8913
29.46 D 3.1933 2.9558
29.47 D 3.2396 3.1045
29.48 D 3.2859 2.8208
29.49 D 2.8686 3.0085
29.5 D 3.3735 2.8925
29.51 D 3.0412 2.8923
29.52 D 3.1916 3.0023
29.53 D 3.3787 3.2148
29.54 D 3.0330 3.1488
29.55 D 3.1303 2.8232
29.56 D 3.1003 2.9800
29.57 D 3.3863 2.8370
29.58 D 3.1451 3.0499
29.59 D 3.2820 3.1875
29.6 D 2.9061 3.2893
29.61 D 3.2860 2.9716
29.62 D 3.1209 2.9872
29.63 D 3.2610 3.1246
29.64 D 3.4354 3.1139
29.65 D 2.9578 2.9514
29.66 D 3.2889 3.0241
29.67 D 3.5028 2.8628
29.68 D 3.4195 3.1744
29.69 D 3.4070 3.0035
29.7 D 3.3013 3.1171
29.71 D 3.3464 2.9129
29.72 D 2.9792 2.9922
29.73 D 2.7738 2.9205
29.74 D 3.4330 3.1990
29.75 D 3.0955 2.8981
29.76 D 3.0173 2.9856
29.77 D 2.9475 2.8154
29.78 D 3.3471 2.8937
29.79 D 3.3193 3.1628
29.8 D 3.2526 3.1908
29.81 D 3.3267 3.0497
29.82 D 3.4634 2.9677
29.83 D 3.0775 2.9049
29.84 D 3.2395 2.8388
29.85 D 3.1458 3.2513
29.86 D 3.2696 3.3019
29.87 D 3.4201 3.3735
29.88 D 3.2767 2.9238
29.89 D 3.2112 2.9992
29.9 D 2.9366 2.8691
29.91 D 2.7779 3.0345
29.92 D 3.2163 2.9712
29.93 D 2.8731 3.2971
29.94 D 2.8099 3.0303
29.95 D 3.2150 2.9460
29.96 D 3.4063 2.9866
29.97 D 2.8063 2.9511
29.98 D 2.9890 3.3114
29.99 D 3.2381 2.7430
30 D 3.2666 2.8001
30.01 D 3.1854 3.2497
30.02 D 3.3918 3.0015
30.03 D 3.1527 3.0329
30.04 D 2.9752 2.9358
30.05 D 2.9279 3.0510
30.06 D 3.0650 2.7326
30.07 D 3.1176 3.1777
30.08 D 3.4203 3.0151
30.09 D 2.8408 3.2448
30.1 D 3.0363 3.3271
30.11 D 3.4173 3.0781
30.12 D 3.2204 2.9167
30.13 D 3.3811 3.2420
30.14 D 3.1393 2.8029
30.15 D 3.2211 2.9702
30.16 D 2.8666 3.0041
30.17 D 3.1179 3.1534
30.18 D 3.1637 3.0096
30.19 D 3.1720 3.2505
30.2 D 3.1706 3.1395
30.21 D 3.0177 3.0857
30.22 D 3.4097 3.3654
30.23 D 3.1105 3.4215
30.24 D 3.0822 3.1852
30.25 D 3.2899 3.2233
30.26 D 3.0697 3.0705
30.27 D 2.9838 3.1563
30.28 D 2.8636 2.8992
30.29 D 2.9845 3.1020
30.3 D 3.1747 3.1132
30.31 D 3.3678 2.9983
30.32 D 3.3457 3.1616
30.33 D 3.0636 3.0118
30.34 D 3.3039 2.9957
30.35 D 3.3218 3.0108
30.36 D 3.1201 2.9561
30.37 D 2.9018 3.0800
30.38 D 3.0095 3.0156
30.39 D 3.2353 3.0404
30.4 D 2.9970 2.8916
30.41 D 3.1845 2.9085
30.42 D 2.7501 2.8341
30.43 D 2.8055 2.7689
30.44 D 2.7779 2.8941
30.45 D 2.7912 2.8678
30.46 D 2.8270 2.9363
30.47 D 2.7705 2.8825
30.48 D 2.8358 3.3601
30.49 D 2.8014 2.9866
30.5 D 2.8583 3.1097
30.51 D 2.7303 3.1048
30.52 D 2.7500 2.9311
30.53 D 2.7003 2.7736
30.54 D 2.9504 3.0319
30.55 D 2.7140 3.4204
30.56 D 2.8674 3.0533
30.57 D 2.8165 2.8744
30.58 D 2.7382 3.0181
30.59 D 2.6679 2.9778
30.6 D 2.6923 3.0215
30.61 D 2.6817 2.8813
30.62 D 2.7765 3.0000
30.63 D 2.7271 3.0381
30.64 D 2.8016 2.9807
30.65 D 2.7174 3.0104
30.66 D 2.6957 3.0073
30.67 D 2.9967 2.9548
30.68 D 2.8756 3.0851
30.69 D 2.7954 2.9575
30.7 D 2.6637 3.1269
30.71 D 2.8368 3.1785
30.72 D 2.7283 2.8047
30.73 D 2.9347 3.0036
30.74 D 2.6604 3.0161
30.75 D 2.7414 2.9506
30.76 D 2.6718 2.9358
30.77 D 2.7517 3.0775
30.78 D 2.6654 2.9191
30.79 D 2.7853 2.7504
30.8 D 2.7063 3.0222
30.81 D 2.8131 2.9724
30.82 D 2.8782 2.8476
30.83 D 2.7097 3.1829
30.84 D 2.7844 3.1870
30.85 D 2.8891 2.9676
30.86 D 2.7320 3.2525
30.87 D 2.7324 3.1130
30.88 D 2.7846 2.8690
30.89 D 2.8313 2.9414
30.9 D 2.8753 3.0385
30.91 D 2.8177 3.2213
30.92 D 2.8194 3.1648
30.93 D 2.8233 3.1607
30.94 D 2.7745 2.9845
30.95 D 2.7896 3.1298
30.96 D 2.7940 2.9667
30.97 D 2.7975 3.2179
30.98 D 2.7222 3.2216
30.99 D 2.6896 3.0566
31 D 2.6763 3.0077
31.01 D 2.8090 2.7649
31.02 D 2.9233 2.9023
31.03 D 2.7532 3.0805
31.04 D 2.7950 2.9284
31.05 D 2.8369 3.0924
31.06 D 2.9485 2.9620
31.07 D 2.7961 2.7995
31.08 D 2.6405 2.8637
31.09 D 3.1018 2.8899
31.1 D 2.6967 3.0882
31.11 D 2.7209 2.9349
31.12 D 2.7150 3.1006
31.13 D 2.8552 2.9960
31.14 D 2.8400 2.9589
31.15 D 2.8176 3.1414
31.16 D 2.9164 2.9537
31.17 D 2.7982 2.8730
31.18 D 2.8090 2.9736
31.19 D 2.7725 2.9454
31.2 D 2.6570 2.9269
31.21 D 2.8239 3.1613
31.22 D 2.7678 3.1534
31.23 D 2.6780 2.8663
31.24 D 2.7467 2.9906
31.25 D 2.7104 3.0258
31.26 D 2.7576 2.9916
31.27 D 2.7145 2.9404
31.28 D 2.8028 2.9352
31.29 D 2.6098 2.9537
31.3 D 2.7472 2.8780
31.31 D 2.7629 3.1344
31.32 D 2.7954 3.2041
31.33 D 2.7906 3.0319
31.34 D 2.7551 2.8999
31.35 D 2.7385 2.9735
31.36 D 2.6582 3.0616
31.37 D 2.7742 3.0607
31.38 D 2.8255 2.9834
31.39 D 2.8526 3.0356
31.4 D 2.6736 2.9803
31.41 D 2.7201 2.8586
31.42 D 2.8530 3.1316
31.43 D 2.6411 2.9740
31.44 D 2.7961 3.0257
31.45 D 2.7494 2.9534
31.46 D 2.6777 3.2233
31.47 D 2.7818 3.0535
31.48 D 2.7167 3.1588
31.49 D 2.6381 2.9481
31.5 D 2.6345 2.9281
31.51 D 2.7027 2.9991
31.52 D 2.7177 3.2488
31.53 D 2.8092 3.0618
31.54 D 2.7859 3.0932
31.55 D 2.7790 3.0182
31.56 D 2.8528 2.9291
31.57 D 2.6464 3.1127
31.58 D 2.6809 3.0921
31.59 D 2.9757 3.2499
31.6 D 2.8014 2.9703
31.61 D 2.7272 3.0411
31.62 D 2.6728 3.3799
31.63 D 2.7095 3.1466
31.64 D 2.8185 3.1027
31.65 D 2.7871 3.2104
31.66 D 2.7361 3.0597
31.67 D 2.6941 3.2392
31.68 D 2.7950 3.7738
31.69 D 2.6726 3.0712
31.7 D 2.7440 3.2447
31.71 D 2.8247 3.0263
31.72 D 2.7477 3.0920
31.73 D 2.6494 2.9026
31.74 D 2.6471 3.0091
31.75 D 2.7813 2.8861
31.76 D 2.7308 2.9621
31.77 D 2.8378 2.9131
31.78 D 2.7365 2.8969
31.79 D 2.8207 2.8021
31.8 D 2.6568 2.7554
31.81 D 2.6934 2.9253
31.82 D 2.7166 2.7394
31.83 D 2.8028 2.6335
31.84 D 2.7648 2.9330
31.85 D 2.9184 2.8076
31.86 D 2.7453 2.7755
31.87 D 2.7808 2.8889
31.88 D 2.6832 2.9333
31.89 D 2.8107 2.8237
31.9 D 2.8201 3.2450
31.91 D 2.7801 3.0298
31.92 D 2.9448 2.6974
31.93 D 2.7984 3.1093
31.94 D 2.7741 2.9728
31.95 D 2.8609 3.2499
31.96 D 2.7113 2.9833
31.97 D 2.8216 2.8974
31.98 D 2.7066 3.4116
31.99 D 2.6992 2.9523
32 D 2.6778 3.0503
32.01 D 2.9321 3.0684
32.02 D 2.7816 2.8232
32.03 D 2.8053 2.9542
32.04 D 2.7614 3.1192
32.05 D 2.6780 2.9429
32.06 D 2.6984 3.0595
32.07 D 2.8407 3.0906
32.08 D 2.7766 3.0225
32.09 D 2.7928 3.0778
32.1 D 2.8992 3.4212
32.11 D 3.1861 3.1920
32.12 D 3.1340 3.0788
32.13 D 3.0890 3.2800
32.14 D 3.2420 3.2937
32.15 D 2.9530 3.0022
32.16 D 3.0580 3.0580
32.17 D 3.1330 3.3410
32.18 D 3.3608 3.0015
32.19 D 3.0372 3.1251
32.2 D 3.3794 3.0477
32.21 D 3.0137 3.0516
32.22 D 2.9303 3.1621
32.23 D 3.4210 3.5077
32.24 D 2.8252 3.0735
32.25 D 2.8807 3.3867
32.26 D 2.8282 3.0957
32.27 D 2.6974 3.1685
32.28 D 2.8097 3.3508
32.29 D 2.7615 3.0967
32.3 D 2.8187 2.9870
32.31 D 2.8201 3.0014
32.32 D 2.7294 3.3798
32.33 D 2.7822 2.9138
32.34 D 2.8989 2.9976
32.35 D 2.6451 3.2282
32.36 D 2.6783 3.1065
32.37 D 2.7466 2.9885
32.38 D 2.8624 2.8412
32.39 D 2.7084 2.9607
32.4 D 2.7806 2.7816
32.41 D 2.7901 2.6978
32.42 D 2.8528 2.7691
32.43 D 2.8956 3.2592
32.44 D 2.7834 3.1256
32.45 D 2.6931 3.2465
32.46 D 2.7333 3.1750
32.47 D 2.7203 2.9174
32.48 D 2.8312 3.4052
32.49 D 2.7516 2.9866
32.5 D 2.7381 3.0103
32.51 D 2.7325 3.0481
32.52 D 2.7271 2.9917
32.53 D 2.8278 3.1715
32.54 D 2.7535 3.0079
32.55 D 2.7919 3.0188
32.56 D 2.8378 3.1985
32.57 D 2.7906 3.1744
32.58 D 2.6629 3.3568
32.59 D 2.8214 2.9804
32.6 D 2.7243 3.2225
32.61 D 2.6920 3.0160
32.62 D 2.6795 2.9772
32.63 D 2.7540 2.9916
32.64 D 2.6551 3.0096
32.65 D 2.7050 3.0154
32.66 D 2.7598 3.0464
32.67 D 2.7260 3.3132
32.68 D 2.6590 2.9796
32.69 D 2.5869 2.6151
32.7 D 2.6426 2.8045
32.71 D 2.7905 2.9777
32.72 D 2.7652 2.8182
32.73 D 2.6781 3.1273
32.74 D 2.7024 3.0054
32.75 D 2.6564 3.0811
32.76 D 2.8904 2.9824
32.77 D 2.7504 2.7825
32.78 D 2.6859 3.1267
32.79 D 2.6633 3.0998
32.8 D 2.7114 2.9427
32.81 D 2.7180 2.9383
32.82 D 2.6918 2.7517
32.83 D 2.8127 3.0472
32.84 D 2.5954 2.9115
32.85 D 2.7069 2.9089
32.86 D 2.7222 3.0576
32.87 D 3.0993 3.0049
32.88 D 2.8538 2.8915
32.89 D 2.9015 2.7679
32.9 D 2.6733 2.8571
32.91 D 2.7437 2.6805
32.92 D 2.6991 2.9305
32.93 D 2.7863 2.7818
32.94 D 2.7168 2.7355
32.95 D 2.7668 2.9363
32.96 D 2.7953 3.3508
32.97 D 2.7189 3.0828
32.98 D 2.7317 2.9321
32.99 D 2.6880 3.0487
33 D 2.6825 3.0785
33.01 D 2.7307 3.1420
33.02 D 2.6747 3.0104
33.03 D 2.7891 3.1082
33.04 D 2.7130 2.7753
33.05 D 2.7168 3.1735
33.06 D 2.6360 2.9823
33.07 D 2.8100 2.9610
33.08 D 2.7886 2.9664
33.09 D 2.7150 2.8392
33.1 D 2.8381 2.9781
33.11 D 2.6142 3.2051
33.12 D 2.7279 3.2570
33.13 D 2.8763 2.9125
33.14 D 2.7975 3.0101
33.15 D 2.7161 3.0119
33.16 D 2.6557 3.1292
33.17 D 2.8213 3.0030
33.18 D 2.8595 2.9588
33.19 D 2.7351 3.1738
33.2 D 2.7400 2.9783
33.21 D 2.6534 3.0797
33.22 D 2.9601 2.9287
33.23 D 2.7469 3.0439
33.24 D 2.7474 3.3268
33.25 D 2.6926 3.0801
33.26 D 2.6077 3.0991
33.27 D 2.7253 3.4314
33.28 D 2.7121 3.2805
33.29 D 2.7721 3.1784
33.3 D 2.7441 3.1239
33.31 D 2.8640 3.0588
33.32 D 2.7890 3.0391
33.33 D 2.8727 3.0304
33.34 D 2.7426 2.8803
33.35 D 2.8084 3.0574
33.36 D 2.8085 3.0519
33.37 D 2.7639 3.1178
33.38 D 2.6723 3.0369
33.39 D 2.7679 3.3464
33.4 D 2.7603 3.0402
33.41 D 2.6100 3.0068
33.42 D 2.6873 2.9923
33.43 D 2.5752 3.2504
33.44 D 2.7038 3.0301
33.45 D 2.8543 2.9661
33.46 D 2.7829 2.9919
33.47 D 2.8594 2.9097
33.48 D 2.7510 3.0541
33.49 D 2.7941 2.9406
33.5 D 2.6849 2.8894
33.51 D 2.6789 2.8599
33.52 D 2.7312 2.7918
33.53 D 2.7402 3.0402
33.54 D 2.6971 3.0310
33.55 D 2.8845 3.0983
33.56 D 2.7826 2.9249
33.57 D 2.9314 2.9215
33.58 D 2.7451 2.9398
33.59 D 2.6902 3.0021
33.6 D 2.6882 3.0018
33.61 D 2.7423 2.8533
33.62 D 2.8311 2.9353
33.63 D 2.8293 2.9270
33.64 D 2.7220 3.0253
33.65 D 2.7872 3.2000
33.66 D 2.6352 2.8507
33.67 D 2.7090 3.0220
33.68 D 2.7026 2.9620
33.69 D 2.7168 3.0629
33.7 D 2.7285 2.9528
33.71 D 2.7981 2.7878
33.72 D 2.6922 3.1048
33.73 D 2.5800 2.9913
33.74 D 2.8230 2.9556
33.75 D 2.8406 3.1571
33.76 D 2.8045 3.0040
33.77 D 2.6655 3.1100
33.78 D 2.6813 2.9856
33.79 D 2.7387 3.1422
33.8 D 2.7871 3.0093
33.81 D 2.7704 3.0789
33.82 D 2.8320 2.9123
33.83 D 2.7446 2.9630
33.84 D 2.7576 2.9486
33.85 D 2.7104 3.0628
33.86 D 2.6868 2.7515
33.87 D 2.7525 3.0217
33.88 D 2.7643 3.0169
33.89 D 2.6651 3.0316
33.9 D 2.6931 3.1131
33.91 D 2.7035 2.9676
33.92 D 2.7758 2.9558
33.93 D 2.8952 2.9154
33.94 D 2.7469 2.9980
33.95 D 2.8026 3.0093
33.96 D 2.7838 2.9605
33.97 D 2.6783 2.8591
33.98 D 2.8369 2.8910
33.99 D 2.7219 3.1803
34 D 2.9194 3.0878
34.01 D 2.8552 2.9864
34.02 D 2.6865 2.8217
34.03 D 2.7573 2.9956
34.04 D 2.6960 2.8950
34.05 D 2.7618 2.9967
34.06 D 2.7652 2.9668
34.07 D 2.7204 2.8533
34.08 D 2.8189 2.9381
34.09 D 2.8728 2.8365
34.1 D 2.8463 2.9735
34.11 D 2.7236 2.9278
34.12 D 2.8028 2.9475
34.13 D 2.7115 2.9873
34.14 D 2.9171 3.0681
34.15 D 2.6760 3.0354
34.16 D 2.7693 3.0741
34.17 D 2.7330 2.9573
34.18 D 2.7729 3.1219
34.19 D 2.8769 3.1367
34.2 D 2.8124 2.9509
34.21 D 2.7796 3.1158
34.22 D 2.7344 2.9751
34.23 D 2.6149 2.8077
34.24 D 2.7176 3.2020
34.25 D 2.8010 3.0774
34.26 D 2.9400 2.8230
34.27 D 2.7716 3.0122
34.28 D 2.7633 2.9637
34.29 D 2.7156 3.2024
34.3 D 2.6249 2.8933
34.31 D 2.7931 3.2387
34.32 D 2.6803 2.9416
34.33 D 2.7655 3.3021
34.34 D 2.9289 3.0743
34.35 D 2.7005 2.9000
34.36 D 2.9099 3.0339
34.37 D 2.6721 3.0874
34.38 D 2.8345 3.0820
34.39 D 2.6760 3.0354
34.4 D 2.7257 3.0958
34.41 D 2.6599 3.0617
34.42 D 2.9508 3.0021
34.43 D 2.7804 3.2262
34.44 D 2.8185 3.2647
34.45 D 2.7298 2.9491
34.46 D 2.6884 2.8003
34.47 D 2.6199 2.9557
34.48 D 2.7522 2.9614
34.49 D 2.6600 2.8596
34.5 D 2.6710 2.7384
34.51 D 2.7510 3.2025
34.52 D 2.7688 2.9973
34.53 D 2.7160 2.7684
34.54 D 2.6999 2.9128
34.55 D 2.8274 3.1642
34.56 D 2.8035 3.1603
34.57 D 2.8087 3.2331
34.58 D 2.7911 2.8662
34.59 D 2.8043 2.8713
34.6 D 2.6119 2.8643
34.61 D 2.8890 3.1443
34.62 D 2.8041 3.0228
34.63 D 2.7450 3.2822
34.64 D 2.6587 2.9951
34.65 D 2.6668 2.9596
34.66 D 2.8019 2.8879
34.67 D 2.6935 2.9270
34.68 D 2.9204 2.7722
34.69 D 2.6979 2.8033
34.7 D 2.7056 2.8882
34.71 D 2.7701 2.9121
34.72 D 2.7632 3.1118
34.73 D 2.7434 3.3244
34.74 D 2.7678 2.9617
34.75 D 2.7340 3.0428
34.76 D 2.6720 3.0155
34.77 D 2.7802 3.0809
34.78 D 2.8924 2.8634
34.79 D 2.6504 3.0292
34.8 D 2.7872 3.1415
34.81 D 2.7762 2.9108
34.82 D 2.7380 2.9855
34.83 D 3.0808 2.9463
34.84 D 2.7688 3.2364
34.85 D 2.6793 3.0023
34.86 D 2.7891 3.0794
34.87 D 2.7765 3.1939
34.88 D 2.8123 3.1657
34.89 D 2.8595 2.8286
34.9 D 2.9048 2.8193
34.91 D 2.7218 3.4034
34.92 D 2.8739 2.9749
34.93 D 2.9554 3.1514
34.94 D 2.5614 2.9506
34.95 D 2.8286 2.9702
34.96 D 2.8588 2.9534
34.97 D 2.7048 2.9752
34.98 D 3.0254 3.1744
34.99 D 2.8013 2.9810
35 D 2.6961 3.1362
35.01 D 2.7791 3.0389
35.02 D 2.6408 2.9361
35.03 D 2.6637 2.9491
35.04 D 2.8090 3.0244
35.05 D 2.8846 3.0389
35.06 D 2.7440 2.7838
35.07 D 2.7659 3.2111
35.08 D 2.6799 2.9900
35.09 D 2.7302 3.0372
35.1 D 2.7299 2.8350
35.11 D 2.6996 3.0757
35.12 D 2.9880 2.9959
35.13 D 2.7964 2.9180
35.14 D 2.8411 2.9072
35.15 D 2.8494 3.0282
35.16 D 2.8698 2.9229
35.17 D 2.7974 3.1253
35.18 D 2.9454 2.9881
35.19 D 2.7275 2.8175
35.2 D 3.3078 3.1377
35.21 D 3.1297 3.1780
35.22 D 3.3163 3.0487
35.23 D 2.6730 2.8630
35.24 D 2.6675 3.1749
35.25 D 2.7338 2.9680
35.26 D 2.7748 3.0537
35.27 D 2.7129 2.8473
35.28 D 2.6633 3.0190
35.29 D 2.7839 3.1763
35.3 D 2.9495 2.9378
35.31 D 2.6669 3.0711
35.32 D 2.7929 2.9950
35.33 D 2.8727 2.6695
35.34 D 2.7174 2.9518
35.35 D 2.7998 2.8733
35.36 D 3.2405 2.8592
35.37 D 3.3114 2.8310
35.38 D 2.8014 2.9205
35.39 D 3.2705 2.7999
35.4 D 3.0242 3.1378
35.41 D 3.3628 2.8855
35.42 D 3.0086 2.8436
35.43 D 3.1002 3.0006
35.44 D 3.3123 2.9246
35.45 D 3.5153 3.2513
35.46 D 3.4876 3.2485
35.47 D 3.5091 3.1625
35.48 D 3.5689 3.4280
35.49 D 3.6331 2.8570
35.5 D 3.4979 3.0061
35.51 D 3.6555 2.8039
35.52 D 3.6135 2.9025
35.53 D 3.2002 2.9121
35.54 D 3.4912 2.8688
35.55 D 3.1878 3.2360
35.56 D 3.0670 3.1095
35.57 D 3.2647 2.8326
35.58 D 3.0257 3.1575
35.59 D 3.0590 2.9330
35.6 D 3.2230 3.0093
35.61 D 3.1625 2.8443
35.62 D 3.1869 3.1350
35.63 D 3.2286 2.9121
35.64 D 3.2946 3.2523
35.65 D 3.1304 3.1455
35.66 D 3.2054 2.9084
35.67 D 3.2465 3.1197
35.68 D 3.0649 3.2884
35.69 D 3.1630 2.8804
35.7 D 3.2141 3.2776
35.71 D 2.7875 3.4752
35.72 D 2.7091 3.1147
35.73 D 2.6971 3.4044
35.74 D 2.8822 3.0518
35.75 D 2.6141 3.1745
35.76 D 2.8668 2.9715
35.77 D 2.7590 3.1412
35.78 D 3.1660 2.9610
35.79 D 2.7435 3.2693
35.8 D 2.6845 2.8898
35.81 D 2.7635 3.1932
35.82 D 2.6831 3.0063
35.83 D 2.6616 2.8524
35.84 D 2.8374 3.0283
35.85 D 2.8365 2.8112
35.86 D 2.7354 2.9868
35.87 D 2.7356 3.1586
35.88 D 2.7941 2.8057
35.89 D 2.7245 3.0648
35.9 D 2.7003 2.8388
35.91 D 2.8434 2.9403
35.92 D 2.9277 3.2445
35.93 D 2.7065 3.0067
35.94 D 2.8932 2.7636
35.95 D 2.6923 2.9429
35.96 D 2.6308 2.7837
35.97 D 2.6920 2.7621
35.98 D 2.8042 2.7778
35.99 D 3.0550 3.0999
36 D 2.8573 2.9713
36.01 D 2.7761 3.0160
36.02 D 2.8134 2.8141
36.03 D 2.7326 2.9094
36.04 D 2.8955 2.9911
36.05 D 2.6654 2.7825
36.06 D 2.9264 3.2110
36.07 D 2.6745 3.1602
36.08 D 2.7581 3.1167
36.09 D 2.7210 3.1077
36.1 D 2.8247 2.9179
36.11 D 2.7414 2.9307
36.12 D 2.7647 2.9213
36.13 D 2.7408 3.0065
36.14 D 2.8124 2.8783
36.15 D 2.7607 2.7595
36.16 D 2.7161 2.7960
36.17 D 2.7910 2.8422
36.18 D 2.6287 3.0468
36.19 D 2.8725 3.3828
36.2 D 2.7896 2.8712
36.21 D 2.7637 2.8977
36.22 D 2.9386 3.0154
36.23 D 2.9538 3.0490
36.24 D 2.7468 3.0397
36.25 D 2.7293 2.9689
36.26 D 2.7924 2.8932
36.27 D 2.7240 2.8607
36.28 D 2.8575 3.0312
36.29 D 2.8875 2.9257
36.3 D 2.5867 3.0452
36.31 D 2.7853 2.9026
36.32 D 2.8070 2.9708
36.33 D 2.8220 3.0064
36.34 D 2.8277 3.0937
36.35 D 2.6303 2.9688
36.36 D 2.7516 2.9447
36.37 D 2.6640 2.9533
36.38 D 2.6751 3.0276
36.39 D 2.6911 3.2741
36.4 D 2.7926 2.8598
36.41 D 2.7009 2.9968
36.42 D 2.7722 2.8585
36.43 D 2.8168 3.0305
36.44 D 2.9504 3.0608
36.45 D 2.7458 3.1328
36.46 D 2.8266 2.9738
36.47 D 2.8857 2.8336
36.48 D 2.6562 2.8997
36.49 D 2.6984 3.1658
36.5 D 2.7785 2.9262
36.51 D 2.7456 3.3856
36.52 D 2.8182 2.9220
36.53 D 2.5734 3.0311
36.54 D 2.9182 3.0630
36.55 D 2.6829 2.7772
36.56 D 2.6984 2.8405
36.57 D 2.8244 3.0973
36.58 D 2.8109 2.9674
36.59 D 2.8315 2.9602
36.6 D 2.8903 2.8758
36.61 D 2.7357 3.1004
36.62 D 2.6922 2.9453
36.63 D 2.7422 3.0349
36.64 D 2.8201 3.0963
36.65 D 2.6898 3.0814
36.66 D 2.6968 2.8539
36.67 D 2.7758 2.9991
36.68 D 2.8764 3.1866
36.69 D 2.8745 3.1488
36.7 D 2.7456 2.9657
36.71 D 2.8952 3.0577
36.72 D 2.7221 3.1419
36.73 D 2.7263 3.2597
36.74 D 2.7591 3.0842
36.75 D 2.7935 3.1520
36.76 D 2.6384 3.3063
36.77 D 2.7121 3.0907
36.78 D 2.6949 3.1591
36.79 D 2.9414 3.0779
36.8 D 2.8566 3.1085
36.81 D 2.6829 2.7929
36.82 D 2.7198 2.8761
36.83 D 2.7817 2.9346
36.84 D 2.6505 3.0168
36.85 D 2.6722 3.0076
36.86 D 2.5924 2.8732
36.87 D 2.7786 2.9671
36.88 D 2.6214 3.0004
36.89 D 2.7712 2.9769
36.9 D 2.8260 3.2071
36.91 D 2.8010 3.1695
36.92 D 2.6654 2.9398
36.93 D 2.7536 3.0358
36.94 D 2.8500 2.9023
36.95 D 2.7143 2.9256
36.96 D 2.7873 2.9255
36.97 D 2.7675 3.0921
36.98 D 2.9091 2.9505
36.99 D 2.7682 3.0387
37 D 2.7843 2.9781
37.01 D 2.7815 3.0889
37.02 D 2.7891 3.2073
37.03 D 2.7913 2.9110
37.04 D 2.8227 3.1600
37.05 D 2.7652 3.1287
37.06 D 2.6669 2.9210
37.07 D 2.6623 2.8499
37.08 D 2.7742 3.0544
37.09 D 2.7218 3.3246
37.1 D 2.7383 2.9443
37.11 D 2.7097 2.8572
37.12 D 2.7012 2.9817
37.13 D 2.8904 2.7537
37.14 D 2.6735 2.9203
37.15 D 2.7335 3.1416
37.16 D 2.8054 3.0169
37.17 D 2.6611 3.1411
37.18 D 2.8355 2.9096
37.19 D 2.7371 3.1077
37.2 D 2.9355 2.9483
37.21 D 2.7039 2.9320
37.22 D 2.8808 3.2570
37.23 D 2.7276 3.0854
37.24 D 2.7258 2.8912
37.25 D 2.7188 3.1267
37.26 D 2.8245 2.8181
37.27 D 2.7487 3.2838
37.28 D 2.8613 3.0783
37.29 D 2.8403 2.8959
37.3 D 2.7696 2.7718
37.31 D 2.7220 2.9396
37.32 D 2.7095 3.1953
37.33 D 2.8484 3.0954
37.34 D 2.7824 2.8688
37.35 D 2.8420 3.0543
37.36 D 2.7399 3.0817
37.37 D 3.3421 2.8503
37.38 D 3.3457 2.8956
37.39 D 3.1992 3.1438
37.4 D 3.5574 3.1789
37.41 D 3.2385 2.8303
37.42 D 3.0824 2.9514
37.43 D 3.3842 2.9974
37.44 D 3.0274 2.9867
37.45 D 3.0552 3.1004
37.46 D 2.9911 3.0020
37.47 D 3.1449 2.8609
37.48 D 3.1875 3.1071
37.49 D 3.3749 2.9024
37.5 D 3.2643 2.8855
37.51 D 3.2686 3.0942
37.52 D 3.1608 3.0547
37.53 D 3.5977 2.9206
37.54 D 3.1703 2.8422
37.55 D 3.0245 3.1491
37.56 D 3.5122 3.1313
37.57 D 3.2679 3.1282
37.58 D 3.2385 2.8639
37.59 D 3.2666 3.0490
37.6 D 3.3383 3.0584
37.61 D 3.1900 3.2240
37.62 D 3.2463 3.3073
37.63 D 3.4179 2.9088
37.64 D 3.0554 2.9741
37.65 D 3.3658 3.0570
37.66 D 3.3690 2.8094
37.67 D 3.1604 2.8716
37.68 D 3.2056 3.0111
37.69 D 3.3518 3.2521
37.7 D 3.1433 3.1010
37.71 D 3.3212 3.1407
37.72 D 3.2930 3.0467
37.73 D 3.3452 3.1812
37.74 D 3.3383 3.0872
37.75 D 3.4186 3.1623
37.76 D 3.0729 3.0775
37.77 D 3.1001 2.9022
37.78 D 3.0566 3.0173
37.79 D 3.2718 3.2566
37.8 D 3.5150 2.7803
37.81 D 3.4524 3.1180
37.82 D 3.4706 2.8031
37.83 D 3.2843 3.0130
37.84 D 3.2007 2.9467
37.85 D 3.1027 2.9725
37.86 D 3.3005 2.7786
37.87 D 3.3846 2.9342
37.88 D 3.3675 2.9461
37.89 D 3.1674 3.2164
37.9 D 3.2587 2.8636
37.91 D 3.2836 3.1210
37.92 D 3.1165 3.0845
37.93 D 2.9507 3.4145
37.94 D 3.1152 3.1182
37.95 D 3.2238 2.9441
37.96 D 3.3891 2.9649
37.97 D 3.3505 3.0799
37.98 D 2.9083 2.8193
37.99 D 3.0947 3.0680
38 D 3.2753 3.3939
38.01 D 3.2684 2.9111
38.02 D 3.0880 3.1433
38.03 D 3.0436 3.0102
38.04 D 3.0075 3.0387
38.05 D 3.1645 2.9835
38.06 D 3.0150 2.9121
38.07 D 3.2940 2.7268
38.08 D 3.1166 2.9932
38.09 D 3.0631 2.8709
38.1 D 3.3173 3.2074
38.11 D 3.1008 3.1520
38.12 D 2.9336 2.9600
38.13 D 3.0139 2.8909
38.14 D 2.9826 2.9322
38.15 D 3.1811 2.8157
38.16 D 3.2887 2.9923
38.17 D 3.2015 2.7885
38.18 D 3.2011 3.0506
38.19 D 3.1146 3.0223
38.2 D 2.9868 3.0637
38.21 D 2.9548 2.9921
38.22 D 3.0234 3.0663
38.23 D 3.0960 3.2524
38.24 D 3.3072 2.8854
38.25 D 2.9148 2.7692
38.26 D 3.4454 2.9155
38.27 D 3.2212 3.0879
38.28 D 3.1170 3.0523
38.29 D 3.2993 3.0520
38.3 D 3.0760 3.2288
38.31 D 3.4007 2.9855
38.32 D 3.2907 3.2540
38.33 D 3.0750 2.7958
38.34 D 3.3860 2.9325
38.35 D 3.0515 2.9529
38.36 D 3.0635 3.2268
38.37 D 3.1559 2.8177
38.38 D 3.4859 2.8751
38.39 D 3.3275 3.0465
38.4 D 3.5163 2.9615
38.41 D 3.3966 3.4101
38.42 D 3.4129 3.2372
38.43 D 3.1711 2.6794
38.44 D 3.5337 2.9087
38.45 D 3.2264 3.1209
38.46 D 3.2573 2.9496
38.47 D 2.7871 3.0552
38.48 D 2.9288 2.9503
38.49 D 3.2631 3.0930
38.5 D 2.7190 3.2619
38.51 D 3.1156 3.0597
38.52 D 2.7587 3.0871
38.53 D 3.5350 3.2162
38.54 D 3.0156 2.9239
38.55 D 3.0668 3.1880
38.56 D 3.0932 3.1269
38.57 D 3.0800 3.1239
38.58 D 3.3089 3.0535
38.59 D 3.1779 3.0527
38.6 D 3.0404 3.0679
38.61 D 3.1666 2.7992
38.62 D 3.1545 3.0096
38.63 D 3.3235 3.1732
38.64 D 3.4854 2.9792
38.65 D 3.2929 3.1309
38.66 D 3.1935 3.1734
38.67 D 3.3264 3.3864
38.68 D 3.2827 2.9799
38.69 D 3.2254 3.2667
38.7 D 2.6552 3.1329
38.71 D 2.8882 3.1334
38.72 D 2.8406 3.0902
38.73 D 2.6999 3.0709
38.74 D 2.6977 2.7538
38.75 D 2.8634 2.9482
38.76 D 2.7633 3.1364
38.77 D 2.7087 2.9607
38.78 D 2.6684 3.3815
38.79 D 2.7394 3.1639
38.8 D 2.7029 3.2348
38.81 D 2.8202 2.8786
38.82 D 2.7316 3.2910
38.83 D 2.6932 2.9139
38.84 D 2.6435 2.9610
38.85 D 2.5880 2.9094
38.86 D 2.8107 3.1163
38.87 D 3.3266 3.1980
38.88 D 3.0513 3.0393
38.89 D 3.1531 2.7712
38.9 D 3.0648 3.1160
38.91 D 3.3231 2.9434
38.92 D 3.1182 2.9885
38.93 D 3.3927 2.8149
38.94 D 2.7748 2.9623
38.95 D 2.6806 3.2689
38.96 D 2.9628 3.2008
38.97 D 2.9146 2.8505
38.98 D 2.7595 3.2172
38.99 D 2.7642 2.9540
39 D 2.6719 3.0654
39.01 D 2.7554 3.0625
39.02 D 2.6957 3.1396
39.03 D 2.6225 3.1954
39.04 D 2.8360 3.2998
39.05 D 3.0870 3.1158
39.06 D 2.8458 3.0776
39.07 D 2.8764 3.0963
39.08 D 2.7527 3.3238
39.09 D 2.7790 3.2093
39.1 D 2.7163 3.1259
39.11 D 2.7693 3.1363
39.12 D 2.7281 3.5101
39.13 D 2.6734 3.4302
39.14 D 2.7828 3.3860
39.15 D 2.6733 3.1833
39.16 D 2.7574 3.2588
39.17 D 2.8021 2.9613
39.18 D 2.8017 3.3212
39.19 D 2.8654 3.3627
39.2 D 2.7413 3.2757
39.21 D 2.6230 3.2803
39.22 D 2.8954 3.3792
39.23 D 2.7106 3.2565
39.24 D 2.6164 3.3579
39.25 D 2.6712 3.2042
39.26 D 2.6931 3.0168
39.27 D 2.7825 3.0123
39.28 D 2.5987 3.1134
39.29 D 2.6507 3.5238
39.3 D 2.7255 3.3463
39.31 D 2.6122 3.0019
39.32 D 2.7467 2.9470
39.33 D 2.7591 2.8687
39.34 D 2.8532 3.2268
39.35 D 2.7981 3.1622
39.36 D 2.6795 3.2215
39.37 D 2.7701 3.0432
39.38 D 2.7531 3.0997
39.39 D 2.7312 3.4411
39.4 D 2.6539 2.9614
39.41 D 2.7560 3.0354
39.42 D 2.9480 2.9502
39.43 D 2.8752 3.1340
39.44 D 2.8813 3.0287
39.45 D 2.8061 3.2028
39.46 D 3.1880 2.8358
39.47 D 2.8813 2.8478
39.48 D 2.7457 2.7488
39.49 D 2.8612 3.2136
39.5 D 2.8378 3.2212
39.51 D 2.7311 3.0768
39.52 D 2.8514 3.0686
39.53 D 2.7598 3.0114
39.54 D 2.7530 3.1870
39.55 D 2.7634 2.9673
39.56 D 2.8504 3.1117
39.57 D 2.7759 3.3475
39.58 D 2.6541 3.2372
39.59 D 2.6766 3.1391
39.6 D 2.8103 3.1472
39.61 D 2.7091 3.1451
39.62 D 3.0277 3.0833
39.63 D 3.0983 3.3052
39.64 D 2.6541 2.8525
39.65 D 2.7679 3.1186
39.66 D 2.7447 3.0766
39.67 D 2.6563 3.1336
39.68 D 2.7263 2.8520
39.69 D 2.6682 3.3362
39.7 D 2.6233 3.0820
39.71 D 2.7479 2.7706
39.72 D 2.7539 2.8762
39.73 D 2.7131 2.6279
39.74 D 2.6655 2.9274
39.75 D 2.7763 3.3307
39.76 D 2.8061 2.7194
39.77 D 2.7657 2.9883
39.78 D 2.7781 2.8927
39.79 D 2.7479 3.2420
39.8 D 2.7196 3.2240
39.81 D 2.6624 3.0814
39.82 D 2.7513 3.0534
39.83 D 2.9971 3.0448
39.84 D 2.7452 3.4258
39.85 D 2.6609 3.4375
39.86 D 2.7494 3.3059
39.87 D 2.8419 3.1643
39.88 D 2.6736 3.3955
39.89 D 2.7254 3.3947
39.9 D 2.6392 3.2496
39.91 D 2.7420 3.2599
39.92 D 2.7370 3.5308
39.93 D 2.7168 2.9853
39.94 D 2.9285 3.4547
39.95 D 2.7345 3.3653
39.96 D 2.7726 3.3205
39.97 D 2.6970 3.2687
39.98 D 2.6424 3.3172
39.99 D 2.6623 3.2963
40 D 2.9258 3.3531
40.01 D 2.7163 3.0413
40.02 D 2.8294 3.1664
40.03 D 2.7346 2.9806
40.04 D 2.8084 3.1425
40.05 D 2.6435 3.3854
40.06 D 2.8969 3.2251
40.07 D 2.6374 3.0800
40.08 D 2.7066 3.2872
40.09 D 2.5974 3.1128
40.1 D 2.7897 3.3166
40.11 D 2.6767 3.1498
40.12 D 2.7996 3.2796
40.13 D 2.7654 3.1866
40.14 D 2.7520 3.5322
40.15 D 2.7163 3.4766
40.16 D 2.7400 3.0282
40.17 D 2.6412 3.2940
40.18 D 2.8628 3.1508
40.19 D 2.8130 3.0304
40.2 D 2.7771 3.3849
40.21 D 2.7460 3.1275
40.22 D 2.7543 3.3084
40.23 D 2.8231 3.2904
40.24 D 2.7987 3.3949
40.25 D 2.8105 2.8992
40.26 D 2.8041 3.1162
40.27 D 2.7385 3.1918
40.28 D 2.7058 3.1633
40.29 D 2.7460 3.6852
40.3 D 2.7277 3.0417
40.31 D 2.7885 3.5729
40.32 D 2.7182 3.1494
40.33 D 2.8911 3.2948
40.34 D 2.7165 3.2605
40.35 D 2.6928 3.5574
40.36 D 2.7639 3.2879
40.37 D 2.6337 3.3217
40.38 D 2.8000 3.4296
40.39 D 2.6391 3.4947
40.4 D 2.7463 3.3075
40.41 D 2.7375 3.3710
40.42 D 2.7113 3.2669
40.43 D 2.6873 3.2581
40.44 D 2.6348 3.4206
40.45 D 2.8375 3.2464
40.46 D 2.8507 3.2970
40.47 D 2.7193 3.0553
40.48 D 2.6589 3.3686
40.49 D 2.6866 3.3141
40.5 D 2.7463 3.5806
40.51 D 2.5826 3.3701
40.52 D 2.7554 3.2862
40.53 D 2.6515 3.3649
40.54 D 2.7775 3.2128
40.55 D 2.7082 3.4481
40.56 D 2.8009 3.7587
40.57 D 2.7045 3.3738
40.58 D 2.7250 3.1963
40.59 D 2.6709 3.3664
40.6 D 2.6001 3.5162
40.61 D 2.7393 3.3813
40.62 D 2.7046 3.3815
40.63 D 2.5680 3.3712
40.64 D 2.7356 3.3609
40.65 D 2.7753 3.6012
40.66 D 2.7319 3.3112
40.67 D 2.7606 3.3090
40.68 D 2.6871 3.0337
40.69 D 2.7417 3.3908
40.7 D 2.8228 3.3215
40.71 D 2.8797 3.1385
40.72 D 2.9257 3.2619
40.73 D 2.8052 3.4976
40.74 D 2.7285 3.8332
40.75 D 2.7082 3.2999
40.76 D 2.7113 3.0085
40.77 D 2.7142 3.5805
40.78 D 2.6492 3.4690
40.79 D 2.7526 3.2824
40.8 D 2.7067 3.4636
40.81 D 2.7363 3.3658
40.82 D 2.6944 3.4085
40.83 D 2.9391 3.4439
40.84 D 3.5039 3.0339
40.85 D 2.8176 3.2362
40.86 D 3.1578 3.2345
40.87 D 3.1648 3.5457
40.88 D 2.9355 3.0508
40.89 D 3.4672 3.3174
40.9 D 3.1557 3.4092
40.91 D 2.9903 3.3085
40.92 D 3.0075 3.0426
40.93 D 3.0580 3.1851
40.94 D 3.1061 3.3991
40.95 D 2.6432 3.4256
40.96 D 2.9004 3.2932
40.97 D 2.8529 3.3749
40.98 D 2.8218 2.7651
40.99 D 2.8966 3.0981
41 D 3.1662 3.2078
41.01 D 2.8680 3.1622
41.02 D 3.0446 3.3383
41.03 D 2.9594 3.2341
41.04 D 3.1531 2.9812
41.05 D 3.2642 3.0905
41.06 D 3.2130 3.2934
41.07 D 3.2680 3.2747
41.08 D 3.1378 3.0884
41.09 D 3.0027 3.2650
41.1 D 2.9324 3.0742
41.11 D 3.1382 3.2429
41.12 D 3.2723 3.5007
41.13 D 2.8046 3.0554
41.14 D 2.7553 3.2157
41.15 D 2.8005 2.9466
41.16 D 2.7273 3.3531
41.17 D 2.7877 3.0319
41.18 D 2.9178 2.9108
41.19 D 2.6897 2.8654
41.2 D 3.1115 2.7312
41.21 D 3.1784 3.3522
41.22 D 3.1319 3.0069
41.23 D 3.2242 3.1106
41.24 D 3.1673 3.2282
41.25 D 3.3900 3.3173
41.26 D 3.1109 3.3243
41.27 D 3.2899 3.1101
41.28 D 3.1715 3.4143
41.29 D 3.3041 3.2336
41.3 D 3.3540 3.4809
41.31 D 3.2633 3.2800
41.32 D 3.2646 3.3548
41.33 D 2.9659 3.1404
41.34 D 3.2600 3.5468
41.35 D 3.4858 3.4609
41.36 D 3.0107 3.3643
41.37 D 3.2621 3.5050
41.38 D 3.1177 3.5563
41.39 D 3.0175 3.5631
41.4 D 3.2348 2.8612
41.41 D 3.4682 3.3015
41.42 D 3.0457 3.3709
41.43 D 3.2544 3.2911
41.44 D 3.0804 3.1309
41.45 D 3.3121 3.1195
41.46 D 3.4283 3.3006
41.47 D 3.2650 3.2495
41.48 D 2.9268 2.9544
41.49 D 3.0034 3.3128
41.5 D 3.2957 3.4463
41.51 D 2.9909 3.5407
41.52 D 3.1949 3.3712
41.53 D 3.1169 3.2380
41.54 D 3.1923 2.9054
41.55 D 3.1909 3.6619
41.56 D 3.2919 3.2127
41.57 D 3.2148 3.1875
41.58 D 3.0258 3.0039
41.59 D 3.3358 3.2906
41.6 D 3.2446 3.4820
41.61 D 3.1460 3.2144
41.62 D 2.9663 3.3070
41.63 D 3.3862 3.3155
41.64 D 3.3767 3.3791
41.65 D 3.2638 3.3950
41.66 D 3.3042 3.6171
41.67 D 3.2258 3.3706
41.68 D 3.0503 3.2318
41.69 D 2.9419 3.2376
41.7 D 3.1420 3.2939
41.71 D 3.2177 3.0442
41.72 D 3.2017 3.4186
41.73 D 3.1058 3.0663
41.74 D 3.1599 3.2513
41.75 D 2.9878 2.9102
41.76 D 3.0661 2.6859
41.77 D 3.2733 3.2280
41.78 D 3.3569 3.1735
41.79 D 2.9810 3.0024
41.8 D 3.0579 3.1986
41.81 D 3.0797 3.0324
41.82 D 3.2552 3.0112
41.83 D 3.0457 3.2679
41.84 D 3.1510 3.3846
41.85 D 2.9890 2.8263
41.86 D 3.2010 3.0069
41.87 D 3.1105 3.1023
41.88 D 3.0015 3.4970
41.89 D 3.4025 2.9649
41.9 D 3.4557 3.3410
41.91 D 3.2100 3.0209
41.92 D 2.9360 3.1862
41.93 D 3.0652 2.9731
41.94 D 3.3451 3.3164
41.95 D 3.1121 3.2012
41.96 D 3.0566 3.0967
41.97 D 3.4981 3.0660
41.98 D 3.1119 2.9676
41.99 D 3.0947 3.1698
42 D 2.8385 3.2171
42.01 D 2.8723 2.9614
42.02 D 3.0946 3.0474
42.03 D 3.4106 3.1215
42.04 D 3.0532 3.6068
42.05 D 3.1534 2.7913
42.06 D 3.0412 3.1124
42.07 D 2.9621 2.9528
42.08 D 3.0658 2.9478
42.09 D 3.0941 2.8996
42.1 D 3.0339 2.7255
42.11 D 3.1657 2.7605
42.12 D 3.0418 2.8718
42.13 D 2.9965 2.9538
42.14 D 3.0307 2.8314
42.15 D 3.1873 2.9269
42.16 D 3.0154 2.5678
42.17 D 3.1915 3.2300
42.18 D 2.8997 3.1518
42.19 D 3.0782 3.0920
42.2 D 3.2198 2.7786
42.21 D 3.1197 3.3445
42.22 D 3.3068 2.9290
42.23 D 3.0144 3.1940
42.24 D 3.1662 2.9769
42.25 D 3.1674 2.8291
42.26 D 3.1442 3.4011
42.27 D 3.4951 2.9385
42.28 D 2.9058 2.8380
42.29 D 2.9695 3.2130
42.3 D 3.1317 2.8316
42.31 D 3.1649 3.1139
42.32 D 3.0280 3.1223
42.33 D 3.0879 2.7451
42.34 D 3.0487 3.0782
42.35 D 3.3024 3.1584
42.36 D 3.2187 2.7080
42.37 D 3.3747 3.2894
42.38 D 3.0215 3.0928
42.39 D 2.8922 3.4702
42.4 D 3.3208 2.9575
42.41 D 2.8538 2.9413
42.42 D 3.3179 2.7834
42.43 D 3.1389 2.7889
42.44 D 3.1841 3.0704
42.45 D 3.1235 3.3973
42.46 D 3.0364 3.0453
42.47 D 3.4261 3.5074
42.48 D 3.0287 3.2753
42.49 D 3.1452 3.1485
42.5 D 3.5400 3.1183
42.51 D 3.0771 3.4256
42.52 D 3.1342 3.1387
42.53 D 3.1563 3.3567
42.54 D 3.3712 3.1624
42.55 D 3.0204 2.8899
42.56 D 2.8936 3.1787
42.57 D 3.0327 3.3680
42.58 D 3.3365 3.1266
42.59 D 2.9433 3.3273
42.6 D 3.5624 3.2052
42.61 D 2.8595 2.9057
42.62 D 2.9068 3.2236
42.63 D 2.8415 3.1492
42.64 D 3.0717 3.1539
42.65 D 3.4718 2.8277
42.66 D 3.2469 3.2110
42.67 D 3.1111 2.9450
42.68 D 3.0906 3.3134
42.69 D 3.6193 3.2281
42.7 D 3.5270 3.2510
42.71 D 3.5904 2.7693
42.72 D 3.4830 3.2215
42.73 D 2.8654 3.1850
42.74 D 3.3207 2.9781
42.75 D 3.4036 3.2794
42.76 D 2.8593 2.9373
42.77 D 3.1710 2.9716
42.78 D 3.3190 3.1695
42.79 D 3.2572 3.2601
42.8 D 3.0142 2.7696
42.81 D 3.2717 2.9292
42.82 D 3.5087 3.3181
42.83 D 3.2304 2.9423
42.84 D 3.1346 2.7067
42.85 D 3.1346 2.6906
42.86 D 3.1853 2.7128
42.87 D 3.2694 2.8849
42.88 D 3.3760 3.1260
42.89 D 3.2965 2.7168
42.9 D 3.1124 2.9806
42.91 D 3.3738 2.7056
42.92 D 3.3317 3.0681
42.93 D 3.0925 2.9411
42.94 D 3.0852 2.8826
42.95 D 2.9301 3.0393
42.96 D 3.0502 2.8799
42.97 D 2.9807 2.8524
42.98 D 3.5411 3.0204
42.99 D 2.9766 2.9707
43 D 2.8648 3.1384
43.01 D 3.3451 3.0300
43.02 D 3.3683 2.8106
43.03 D 3.2841 3.1020
43.04 D 2.8969 3.1768
43.05 D 2.9580 2.9785
43.06 D 3.3476 2.9609
43.07 D 2.9744 2.9313
43.08 D 3.2263 3.0789
43.09 D 3.0932 2.9947
43.1 D 3.1185 2.7539
43.11 D 2.8841 2.9013
43.12 D 3.0316 3.0893
43.13 D 3.2236 2.8553
43.14 D 3.0512 2.9137
43.15 D 2.9850 2.7911
43.16 D 3.6742 2.9504
43.17 D 3.1425 2.8890
43.18 D 3.2187 2.9676
43.19 D 3.0357 3.1172
43.2 D 3.0399 3.1376
43.21 D 3.0621 2.9324
43.22 D 3.1681 3.0654
43.23 D 2.9951 2.8529
43.24 D 3.1725 2.9371
43.25 D 2.9981 2.8437
43.26 D 3.0782 2.9520
43.27 D 3.4611 3.1131
43.28 D 3.4581 3.0001
43.29 D 3.0659 3.1040
43.3 D 3.5613 2.9852
43.31 D 3.0586 2.7743
43.32 D 3.0847 2.7730
43.33 D 3.1167 3.0683
43.34 D 3.3815 2.9913
43.35 D 3.0145 2.9605
43.36 D 3.5052 2.8725
43.37 D 3.4026 2.9125
43.38 D 3.3326 3.1270
43.39 D 3.3029 2.9801
43.4 D 3.3031 2.9565
43.41 D 3.4449 2.8612
43.42 D 3.2555 2.9747
43.43 D 3.1523 2.9080
43.44 D 3.2308 2.7555
43.45 D 3.3346 3.0812
43.46 D 3.2517 3.0861
43.47 D 3.3342 2.8988
43.48 D 3.3697 2.8211
43.49 D 3.1541 3.2276
43.5 D 3.2152 3.0142
43.51 D 3.4107 2.7617
43.52 D 3.3275 2.9387
43.53 D 3.2442 2.7131
43.54 D 3.0448 2.7397
43.55 D 3.5345 2.9413
43.56 D 3.3989 2.8968
43.57 D 3.1492 2.8458
43.58 D 3.3723 2.8312
43.59 D 3.3703 2.8347
43.6 D 3.4190 2.9157
43.61 D 3.3089 2.8207
43.62 D 3.5216 2.8964
43.63 D 3.1765 2.9186
43.64 D 2.9307 3.0398
43.65 D 3.0026 2.7909
43.66 D 3.3703 3.0187
43.67 D 3.4209 2.9164
43.68 D 3.3415 2.8381
43.69 D 3.1982 2.7258
43.7 D 3.4593 2.9609
43.71 D 3.5178 2.7892
43.72 D 3.3149 2.8251
43.73 D 3.3093 2.7336
43.74 D 3.3506 2.7096
43.75 D 3.4360 2.7834
43.76 D 3.3853 2.7641
43.77 D 3.4306 3.0540
43.78 D 3.5527 2.9046
43.79 D 3.3773 2.9634
43.8 D 3.4665 3.2747
43.81 D 3.2207 2.8120
43.82 D 3.3040 2.9966
43.83 D 3.3285 2.8433
43.84 D 3.7151 2.9598
43.85 D 3.6124 2.9203
43.86 D 3.9134 3.1366
43.87 D 3.2330 3.0485
43.88 D 3.4411 2.8421
43.89 D 3.3207 2.8404
43.9 D 2.9112 3.0842
43.91 D 3.3468 2.9846
43.92 D 3.3518 2.7964
43.93 D 3.2485 2.7480
43.94 D 3.0116 2.8125
43.95 D 3.4925 2.7639
43.96 D 3.2596 2.7844
43.97 D 3.1586 2.8067
43.98 D 3.1329 3.1084
43.99 D 3.4100 3.1454
44 D 3.5058 3.0699
44.01 D 3.4346 2.9019
44.02 D 3.3390 2.7114
44.03 D 3.5333 3.0093
44.04 D 3.4106 2.9050
44.05 D 3.4115 2.8319
44.06 D 3.2886 2.8243
44.07 D 2.7925 2.9003
44.08 D 3.6403 2.8352
44.09 D 3.3902 2.9558
44.1 D 3.2501 2.8080
44.11 D 3.0457 2.9165
44.12 D 3.4476 2.9312
44.13 D 3.2982 2.7504
44.14 D 3.2903 3.0035
44.15 D 3.1690 2.8403
44.16 D 3.2601 2.8862
44.17 D 3.2079 2.8473
44.18 D 3.4665 2.7784
44.19 D 3.3112 2.8064
44.2 D 3.2376 2.9646
44.21 D 3.1034 3.0533
44.22 D 2.9743 3.2316
44.23 D 3.0443 2.9171
44.24 D 3.2289 2.9080
44.25 D 3.3602 2.8573
44.26 D 2.9797 2.8924
44.27 D 3.3082 2.8300
44.28 D 3.2638 2.8352
44.29 D 3.3535 2.8669
44.3 D 3.3069 2.7948
44.31 D 2.9201 2.9838
44.32 D 3.2521 2.7649
44.33 D 3.1792 2.7357
44.34 D 2.9810 3.0702
44.35 D 3.5096 3.0042
44.36 D 2.9420 2.8193
44.37 D 2.9739 2.7791
44.38 D 3.1397 2.8063
44.39 D 3.3200 2.8657
44.4 D 3.2793 3.2304
44.41 D 2.8361 3.0551
44.42 D 3.0416 3.0218
44.43 D 3.1909 2.9770
44.44 D 3.3643 2.7456
44.45 D 3.2720 2.8812
44.46 D 3.2045 2.8161
44.47 D 2.9268 2.8260
44.48 D 3.3545 2.8041
44.49 D 3.0609 3.0029
44.5 D 3.3185 2.8084
44.51 D 3.2398 2.8019
44.52 D 2.9945 2.8662
44.53 D 2.9333 3.0663
44.54 D 3.4527 3.1946
44.55 D 3.2371 2.8915
44.56 D 3.6895 3.1348
44.57 D 3.2109 3.1616
44.58 D 3.4310 2.8949
44.59 D 3.2526 2.8271
44.6 D 2.9909 2.7126
44.61 D 3.0124 3.0687
44.62 D 3.0685 2.9376
44.63 D 3.3682 3.0722
44.64 D 3.3607 2.8425
44.65 D 3.1941 2.9345
44.66 D 2.9449 2.9799
44.67 D 2.9242 2.9331
44.68 D 3.0034 2.9711
44.69 D 3.1613 2.9312
44.7 D 3.4272 2.7461
44.71 D 3.2665 2.8806
44.72 D 3.0116 2.8495
44.73 D 3.5371 2.9412
44.74 D 3.3731 2.9367
44.75 D 3.2303 3.0099
44.76 D 2.9643 2.7883
44.77 D 3.3199 2.8173
44.78 D 3.4571 2.7626
44.79 D 3.3278 3.0617
44.8 D 3.1790 2.8901
44.81 D 3.1951 2.9412
44.82 D 3.3731 2.8536
44.83 D 3.2937 2.8739
44.84 D 3.4119 3.0540
44.85 D 3.3005 3.0776
44.86 D 3.0393 2.8630
44.87 D 3.3885 2.9061
44.88 D 3.0326 2.7920
44.89 D 3.1654 2.6937
44.9 D 3.2244 3.4724
44.91 D 3.3622 2.8852
44.92 D 3.1639 2.9469
44.93 D 3.3353 2.8144
44.94 D 3.2923 2.7934
44.95 D 3.4490 2.8905
44.96 D 3.2359 2.7617
44.97 D 3.9254 2.8005
44.98 D 3.4525 2.9057
44.99 D 3.2796 2.8712
45 D 3.5122 2.6637
45.01 D 3.3588 3.1673
45.02 D 3.2904 2.9485
45.03 D 3.5488 2.7840
45.04 D 3.5788 3.2041
45.05 D 3.8537 3.1346
45.06 L 4.0642 2.7121
45.07 D 3.5280 2.8730
45.08 D 3.4269 2.8763
45.09 D 3.6730 2.9112
45.1 L 4.2429 2.8803
45.11 L 4.0459 3.0758
45.12 L 4.2424 2.8469
45.13 D 3.9299 2.8904
45.14 D 3.8760 3.1804
45.15 L 4.1416 2.8905
45.16 D 3.6907 2.7394
45.17 L 5.6180 2.9146
45.18 L 5.9320 3.0875
45.19 D 3.6871 2.8494
45.2 D 3.8999 2.9556
45.21 L 4.0611 2.8408
45.22 D 3.8003 2.6853
45.23 D 3.9853 2.7883
45.24 D 2.6735 2.8977
45.25 D 2.9280 2.8982
45.26 D 2.6102 2.7982
45.27 D 3.6148 2.9201
45.28 D 3.1117 2.8330
45.29 D 3.8236 3.2856
45.3 D 3.0505 2.7723
45.31 D 3.7553 2.7651
45.32 D 3.6039 2.8549
45.33 D 3.0837 2.8288
45.34 L 4.2463 2.8883
45.35 D 2.7592 2.9341
45.36 D 3.3349 3.2466
45.37 D 2.9531 2.9230
45.38 D 3.0220 2.7196
45.39 D 2.9832 2.8745
45.4 D 3.1647 2.7181
45.41 D 3.2199 2.8516
45.42 D 3.3341 3.0439
45.43 D 2.7841 2.8125
45.44 L 4.8994 2.7156
45.45 D 2.9520 2.7535
45.46 D 2.9963 2.8436
45.47 D 2.7375 3.0011
45.48 D 2.8525 2.8086
45.49 D 3.4916 2.7690
45.5 D 3.9165 2.9100
45.51 L 4.5320 3.0480
45.52 L 5.9022 2.9649
45.53 L 4.9718 3.1077
45.54 L 5.3000 2.9950
45.55 L 6.0103 2.9470
45.56 L 5.8676 2.9804
45.57 L 6.1247 3.0828
45.58 L 5.4080 3.1342
45.59 L 5.5948 2.8390
45.6 L 5.2228 3.0335
45.61 L 6.5432 2.7620
45.62 L 5.1839 2.9054
45.63 L 4.7807 2.8911
45.64 L 4.6254 3.0254
45.65 L 5.5320 2.8359
45.66 L 5.8266 2.8771
45.67 L 5.9502 2.7737
45.68 L 5.3914 2.7139
45.69 L 4.5570 3.1478
45.7 L 5.5770 3.0475
45.71 L 5.0630 2.8922
45.72 L 6.1075 3.1523
45.73 L 5.9869 2.8514
45.74 L 4.9643 2.8608
45.75 L 4.9278 3.2072
45.76 L 6.5393 2.8980
45.77 L 5.6561 2.7880
45.78 L 6.1512 3.0452
45.79 L 5.5156 3.0578
45.8 L 5.8221 2.8878
45.81 L 5.6277 2.9114
45.82 L 5.2673 3.3180
45.83 D 3.5969 2.9633
45.84 D 3.9428 2.8723
45.85 L 4.0454 2.7041
45.86 D 3.3205 3.0015
45.87 L 4.1840 2.9806
45.88 D 3.7718 2.8763
45.89 D 3.5675 3.0758
45.9 L 4.4343 2.9319
45.91 D 3.8607 3.0311
45.92 D 3.8014 2.8933
45.93 L 4.3461 2.8590
45.94 L 5.4999 2.7306
45.95 L 6.1129 2.7035
45.96 L 5.8340 2.7633
45.97 L 5.3622 2.9757
45.98 D 3.7640 3.0652
45.99 L 4.4179 2.7165
46 L 6.2668 3.1587
46.01 L 5.7843 2.9721
46.02 L 6.1104 2.8156
46.03 L 6.0543 2.8244
46.04 L 6.2235 2.8542
46.05 L 6.5895 2.9335
46.06 L 5.8585 2.8519
46.07 L 6.0783 2.7866
46.08 L 6.4109 2.8022
46.09 L 7.8109 2.6706
46.1 L 7.5302 2.9070
46.11 L 6.3409 2.9938
46.12 L 7.1013 2.7582
46.13 L 6.0166 3.4380
46.14 L 6.8813 3.4819
46.15 L 7.1421 3.2307
46.16 L 7.0808 3.2414
46.17 L 9.2358 3.6186
46.18 L 10.1102 3.2049
46.19 L 8.6251 3.1451
46.2 L 10.5199 3.2202
46.21 L 11.9096 3.2277
46.22 L 11.9331 3.1461
46.23 L 13.7216 3.1074
46.24 L 14.3912 3.2958
46.25 L 12.4557 3.2665
46.26 L 12.6466 3.1473
46.27 L 14.2500 3.6207
46.28 L 17.0740 2.9724
46.29 L 17.0678 3.3666
46.3 L 16.2113 3.4209
46.31 L 16.2857 3.2483
46.32 L 17.3282 3.1609
46.33 L 15.9558 3.2173
46.34 L 15.3578 3.3852
46.35 L 14.8302 3.3761
46.36 L 15.4775 3.3030
46.37 L 15.2445 3.5592
46.38 L 15.3183 3.3349
46.39 L 18.6969 3.3979
46.4 L 15.8893 3.0869
46.41 L 15.9394 3.5063
46.42 L 14.8164 3.3669
46.43 L 15.0475 3.1575
46.44 L 15.1300 3.3864
46.45 L 15.3198 3.4756
46.46 L 16.2637 3.5038
46.47 L 15.7219 3.2957
46.48 L 15.8338 3.1176
46.49 L 15.0162 3.4317
46.5 L 14.3881 3.3371
46.51 L 13.8771 3.3446
46.52 L 11.3239 3.5718
46.53 L 13.7605 3.3462
46.54 L 13.3470 3.4216
46.55 L 15.7925 3.2398
46.56 L 14.6835 3.2588
46.57 L 14.9255 3.4294
46.58 L 15.0387 3.3937
46.59 L 15.3040 3.4667
46.6 L 15.1548 3.4618
46.61 L 14.5434 3.2393
46.62 L 16.2737 3.1171
46.63 L 14.1170 3.3595
46.64 L 14.4704 3.0966
46.65 L 14.8398 3.3816
46.66 L 13.6664 3.2100
46.67 L 13.1891 3.1231
46.68 L 13.8788 3.4521
46.69 L 12.7458 3.2169
46.7 L 11.9537 3.6053
46.71 L 11.6336 3.2409
46.72 L 13.5406 3.1061
46.73 L 15.4504 3.2969
46.74 L 13.9823 3.3820
46.75 L 14.3587 2.9960
46.76 L 13.8193 3.1649
46.77 L 12.9080 3.4207
46.78 L 11.8187 3.5549
46.79 L 12.0194 3.0105
46.8 L 12.1581 3.5455
46.81 L 11.9849 3.4042
46.82 L 12.0657 3.2061
46.83 L 10.8251 3.3108
46.84 L 12.1649 3.5249
46.85 L 12.3552 3.4572
46.86 L 12.4115 3.5616
46.87 L 13.2269 3.4228
46.88 L 13.9055 3.3009
46.89 L 14.0214 3.2978
46.9 L 13.2886 3.3546
46.91 L 12.8833 3.5798
46.92 L 13.3550 3.4036
46.93 L 14.6798 3.2580
46.94 L 15.3474 3.4140
46.95 L 16.4737 3.2977
46.96 L 16.6597 3.3645
46.97 L 16.1376 3.5608
46.98 L 16.1694 3.3612
46.99 L 17.4764 3.2132
47 L 19.4628 3.3270
47.01 L 19.5494 3.0704
47.02 L 19.2196 3.2333
47.03 L 17.7567 3.0979
47.04 L 16.0321 3.3771
47.05 L 15.5174 3.3196
47.06 L 15.5890 3.3962
47.07 L 14.3426 3.3835
47.08 L 13.5558 3.2185
47.09 L 15.5858 3.4476
47.1 L 14.5751 3.4540
47.11 L 15.5706 3.3717
47.12 L 17.6758 3.5146
47.13 L 15.0718 3.4409
47.14 L 16.5103 3.2766
47.15 L 16.3260 3.1383
47.16 L 15.9031 3.0267
47.17 L 15.7152 3.5169
47.18 L 15.2617 3.4658
47.19 L 15.9179 3.1749
47.2 L 16.0035 3.5552
47.21 L 15.8510 3.3472
47.22 L 16.3163 3.0249
47.23 L 17.0431 3.3016
47.24 L 16.2844 3.1974
47.25 L 15.8511 3.2821
47.26 L 15.2411 3.2694
47.27 L 14.8257 3.2612
47.28 L 16.1239 3.2873
47.29 L 15.1944 3.1336
47.3 L 15.0753 3.0842
47.31 L 15.2899 3.0990
47.32 L 16.2715 3.4138
47.33 L 15.4023 3.2745
47.34 L 13.7428 2.9531
47.35 L 14.7876 3.6591
47.36 L 15.2879 2.9106
47.37 L 15.1878 3.3375
47.38 L 12.6770 3.2912
47.39 L 14.2566 3.4228
47.4 L 12.5792 3.4931
47.41 L 14.6880 3.1963
47.42 L 13.3669 3.1252
47.43 L 15.9052 3.2791
47.44 L 16.0354 3.4799
47.45 L 14.0799 3.3162
47.46 L 12.7331 3.2889
47.47 L 13.5126 2.9589
47.48 L 14.2831 3.1339
47.49 L 12.9876 3.0559
47.5 L 12.4522 3.3802
47.51 L 9.1205 3.4473
47.52 L 11.9570 3.2148
47.53 L 10.5090 3.5237
47.54 L 10.1991 3.2649
47.55 L 9.9815 3.0915
47.56 L 10.7297 2.9810
47.57 L 11.5146 3.3110
47.58 L 9.8894 3.0744
47.59 L 11.4008 3.3176
47.6 L 13.3827 3.2576
47.61 L 9.5499 3.5665
47.62 L 11.3846 3.3497
47.63 L 12.1526 3.0279
47.64 L 10.2847 3.0213
47.65 L 11.7710 3.3866
47.66 L 13.3868 3.3390
47.67 L 13.0246 3.2418
47.68 L 11.6925 3.0577
47.69 L 9.5696 3.3604
47.7 L 10.2248 3.6334
47.71 L 9.5010 3.5038
47.72 L 10.5662 3.2139
47.73 L 11.9258 3.4725
47.74 L 12.2975 3.3114
47.75 L 8.8075 3.2647
47.76 L 7.1923 2.8116
47.77 L 8.8345 3.3548
47.78 L 7.5054 2.8623
47.79 L 8.1699 3.1457
47.8 L 5.1656 3.1655
47.81 L 5.4421 2.9973
47.82 L 5.8230 3.2135
47.83 L 7.0536 3.0180
47.84 L 6.7232 2.8491
47.85 L 7.6277 3.2342
47.86 L 8.4983 3.1916
47.87 L 11.2065 3.3141
47.88 L 8.7340 3.4455
47.89 L 8.9137 2.9463
47.9 L 8.5586 3.0402
47.91 L 9.8349 3.3377
47.92 L 9.9606 3.2447
47.93 L 9.2825 3.2063
47.94 L 8.8692 3.0565
47.95 L 9.9123 2.9856
47.96 L 8.9134 3.3604
47.97 L 8.2237 3.2600
47.98 L 10.0762 3.2513
47.99 L 12.5604 2.8663
48 L 11.3163 2.6428
48.01 L 11.9243 2.7565
48.02 L 13.6322 3.2703
48.03 L 13.4156 3.1806
48.04 L 9.1036 3.1935
48.05 L 9.5766 3.3297
48.06 L 8.2154 3.4706
48.07 L 7.8863 3.3046
48.08 L 8.8728 3.1011
48.09 L 9.7264 2.9596
48.1 L 8.7958 3.2456
48.11 L 7.5512 3.1892
48.12 L 8.8069 3.2993
48.13 L 10.2984 3.1807
48.14 L 11.0522 3.4207
48.15 L 10.8582 3.3103
48.16 L 10.1223 3.0396
48.17 L 11.2993 3.1756
48.18 L 10.3483 3.1458
48.19 L 11.2459 3.0947
48.2 L 12.6323 3.3728
48.21 L 13.5756 3.2678
48.22 L 12.6841 3.0478
48.23 L 11.6087 3.2115
48.24 L 11.0802 3.2831
48.25 L 10.3975 3.3067
48.26 L 10.4902 2.7880
48.27 L 10.7021 3.3309
48.28 L 11.2239 3.0988
48.29 L 11.6653 3.1776
48.3 L 11.9709 3.1830
48.31 L 11.5628 3.0704
48.32 L 9.7414 3.1776
48.33 L 10.0065 3.1008
48.34 L 11.6842 3.0689
48.35 L 9.8343 3.0619
48.36 L 10.9801 3.2065
48.37 L 11.7678 3.3441
48.38 L 11.0623 3.2709
48.39 L 10.1193 2.9766
48.4 L 10.6246 3.0866
48.41 L 10.3586 3.1436
48.42 L 10.3892 3.3295
48.43 L 11.6415 3.2111
48.44 L 11.8213 3.1135
48.45 L 14.1316 3.0961
48.46 L 13.2636 3.3627
48.47 L 12.5920 3.2352
48.48 L 14.2600 3.4917
48.49 L 12.4414 3.3160
48.5 L 11.8242 3.1351
48.51 L 10.1079 3.1278
48.52 L 9.0992 3.2616
48.53 L 9.9323 3.1910
48.54 L 9.2558 2.8796
48.55 L 11.4198 3.1670
48.56 L 10.1431 3.0397
48.57 L 9.2865 2.8779
48.58 L 10.9869 3.0343
48.59 L 11.2285 3.1397
48.6 L 10.2366 3.4515
48.61 L 13.0431 3.1411
48.62 L 11.6724 3.4391
48.63 L 12.3217 3.1843
48.64 L 13.2523 3.2639
48.65 L 13.1259 3.0883
48.66 L 13.0751 2.9984
48.67 L 12.6257 3.1580
48.68 L 12.3940 3.0153
48.69 L 12.1190 3.4274
48.7 L 11.5515 3.3573
48.71 L 14.2392 3.2144
48.72 L 14.2693 3.4109
48.73 L 14.8098 2.9068
48.74 L 17.0747 3.4974
48.75 L 16.1411 3.3423
48.76 L 15.7174 3.0465
48.77 L 14.6396 3.0860
48.78 L 15.0863 2.9182
48.79 L 15.7544 3.1828
48.8 L 16.8673 3.2552
48.81 L 15.9940 3.1531
48.82 L 15.2836 3.0421
48.83 L 16.0057 3.1491
48.84 L 14.9392 3.1524
48.85 L 15.4067 3.2997
48.86 L 15.3996 3.3144
48.87 L 15.1131 3.0775
48.88 L 14.1414 3.2068
48.89 L 12.0606 2.9768
48.9 L 12.6977 3.3416
48.91 L 12.4668 3.1649
48.92 L 12.9458 3.3442
48.93 L 13.0915 3.3003
48.94 L 12.7329 3.2876
48.95 L 12.9124 3.1834
48.96 L 13.2323 3.3502
48.97 L 13.6170 3.1072
48.98 L 11.0205 3.2878
48.99 L 8.8655 3.4387
49 L 9.5418 3.3168
49.01 L 7.5679 3.1320
49.02 L 6.2426 3.2298
49.03 L 8.0984 2.9410
49.04 L 8.3174 3.4916
49.05 L 8.9978 3.0607
49.06 L 9.3776 3.5102
49.07 L 9.1034 3.1481
49.08 L 8.6220 3.0686
49.09 L 9.7095 3.2753
49.1 L 10.2617 2.9082
49.11 L 10.7453 2.9628
49.12 L 10.4638 2.7645
49.13 L 9.6335 2.8317
49.14 L 10.7426 3.3476
49.15 L 8.5002 3.0901
49.16 L 8.7870 3.0494
49.17 L 7.9880 3.0207
49.18 L 8.1223 3.3833
49.19 L 9.0078 3.0180
49.2 L 7.6866 2.8787
49.21 L 11.1549 3.0284
49.22 L 12.2832 3.0765
49.23 L 11.1160 2.8784
49.24 L 11.3425 3.0211
49.25 L 11.0300 2.9725
49.26 L 12.2630 2.9551
49.27 L 11.8097 3.0625
49.28 L 10.2374 2.9360
49.29 L 10.8004 2.7479
49.3 L 9.9561 2.8789
49.31 L 11.3725 3.3398
49.32 L 13.1126 3.2034
49.33 L 13.3206 3.3721
49.34 L 14.5828 3.2246
49.35 L 14.8964 3.4313
49.36 L 14.5182 3.3687
49.37 L 15.9074 3.4229
49.38 L 14.1753 3.2727
49.39 L 14.2424 3.4025
49.4 L 14.3544 3.7848
49.41 L 14.9636 3.7328
49.42 L 15.5376 3.5786
49.43 L 14.3950 3.4232
49.44 L 14.7837 3.8169
49.45 L 16.0664 3.4130
49.46 L 15.3432 3.4751
49.47 L 16.1137 3.8450
49.48 L 15.0518 3.6086
49.49 L 14.0686 3.3963
49.5 L 13.5330 3.3970
49.51 L 13.7171 3.4282
49.52 L 13.1593 3.2503
49.53 L 13.5625 3.5772
49.54 L 14.5132 3.6329
49.55 L 15.3953 3.1752
49.56 L 16.4097 3.2168
49.57 L 15.6949 3.4201
49.58 L 15.9488 3.4679
49.59 L 16.4570 3.2369
49.6 L 15.9492 3.2663
49.61 L 15.0656 3.0966
49.62 L 14.7217 3.2883
49.63 L 14.7384 3.4097
49.64 L 15.6607 3.7253
49.65 L 15.9820 3.0440
49.66 L 16.1077 3.5693
49.67 L 15.0959 3.1294
49.68 L 15.4127 3.3380
49.69 L 15.8658 2.9839
49.7 L 15.7866 2.8641
49.71 L 16.5751 3.2635
49.72 L 16.5447 3.3093
49.73 L 15.9641 3.4702
49.74 L 15.2536 3.3107
49.75 L 16.5558 3.0393
49.76 L 16.1814 3.3889
49.77 L 16.6771 3.0288
49.78 L 16.3768 2.8645
49.79 L 15.6890 3.4617
49.8 L 15.9644 3.3473
49.81 L 15.4678 3.1129
49.82 L 16.6276 2.8112
49.83 L 17.6990 3.2114
49.84 L 17.6977 3.1845
49.85 L 17.2469 2.9946
49.86 L 17.4218 3.1469
49.87 L 16.6010 2.9973
49.88 L 16.2914 2.9080
49.89 L 15.6869 3.0150
49.9 L 15.7036 3.1896
49.91 L 14.8622 3.1452
49.92 L 13.0756 3.0941
49.93 L 13.3703 3.0156
49.94 L 14.0233 3.3049
49.95 L 14.8405 2.9279
49.96 L 15.5257 3.2213
49.97 L 14.7116 3.0306
49.98 L 15.7118 3.3718
49.99 L 15.9903 3.1000
