frame,time_ns,mic_min_atom_atom_A,mic_centroid_separation_A,raw_min_atom_atom_A,raw_centroid_separation_A,box_a_A,box_b_A,box_c_A
0,0.0,4.673333535640428,11.046342922999319,4.673333594211116,11.046342922999317,38.789253,36.39739,41.098755
1,0.01,4.547414393533744,11.289712196321705,4.547414499432659,11.289712196321707,38.80608,36.413177,41.11659
2,0.02,5.188976198712094,11.411244496830308,5.188976053712352,11.411244496830308,38.78096,36.389606,41.08997
3,0.03,5.298889995501187,11.919567687565566,5.298890043266714,11.919567687565566,38.89534,36.496933,41.211163
4,0.04,5.284737778849458,12.33305131447207,5.284737775986513,12.333051314472073,38.857178,36.461124,41.170727
5,0.05,5.651152820479299,12.576573041479877,5.651152813296851,12.576573041479877,38.830067,36.435684,41.142
6,0.06,5.509066430496865,11.918863182157224,5.509066534809327,11.918863182157224,38.701534,36.31508,41.005817
7,0.07,5.47285773209635,12.3265838353294,5.472857684907962,12.3265838353294,38.85091,36.455242,41.164085
8,0.08,4.80173330721845,12.087430667321817,4.801733395316241,12.087430667321817,38.805805,36.412918,41.116295
9,0.09,5.333729970547645,12.095440366215781,5.333729857113583,12.095440366215783,38.792625,36.40055,41.10233
10,0.1,5.158381664240971,12.183423882856731,5.158381677069731,12.183423882856731,38.770977,36.380238,41.07939
11,0.11,5.787864389514638,12.161152618919026,5.787864407830956,12.161152618919026,38.889183,36.491154,41.204636
12,0.12,5.376157431669056,11.892738390669884,5.376157379677517,11.892738390669884,38.791676,36.399662,41.101326
13,0.13,4.2989709960664,11.53195388875614,4.298971089400674,11.53195388875614,38.782894,36.391422,41.09202
14,0.14,4.849404325294084,11.57877107154886,4.849404436245505,11.57877107154886,38.85344,36.457615,41.166767
15,0.15,4.723893022286339,11.746836627383841,4.723893081870905,11.74683662738384,38.711437,36.324368,41.016304
16,0.16,4.729561586104933,11.692132692102895,4.72956144138919,11.692132692102897,38.757206,36.367317,41.0648
17,0.17,5.429716242872815,11.550778947068787,5.429716296895365,11.550778947068787,38.81915,36.42544,41.130436
18,0.18,4.578106682579602,11.32952944317807,4.578106636346086,11.329529443178068,38.766285,36.375835,41.07442
19,0.19,3.893376982082203,11.330180108602786,3.8933769316245685,11.330180108602786,38.682346,36.297073,40.985485
20,0.2,4.060146412292565,11.013401984313404,4.060146378737745,11.013401984313406,38.75508,36.365322,41.06255
21,0.21,3.7415492690308603,11.967796320366258,3.7415491881920344,11.967796320366258,38.70207,36.31558,41.006382
22,0.22,4.036804326461415,11.51149186880715,4.036804307055311,11.51149186880715,38.86287,36.46646,41.176754
23,0.23,3.1826960227951333,11.234155583321025,3.1826960221342535,11.234155583321025,38.85085,36.455185,41.16402
24,0.24,4.2743365656423755,11.28767034160119,4.274336655506961,11.28767034160119,38.70027,36.313892,41.00448
25,0.25,5.062745791816249,11.348950490393158,5.062745665601645,11.348950490393158,38.864723,36.468204,41.178722
26,0.26,4.05183415669341,10.936734826669685,4.05183420014865,10.936734826669685,38.91298,36.513485,41.229847
27,0.27,4.674635545536345,11.477022043967603,4.674635525064088,11.477022043967603,38.764294,36.373966,41.072308
28,0.28,4.551690716114966,11.546769809337656,4.551690815168553,11.546769809337656,38.80842,36.41537,41.119064
29,0.29,4.611823170257564,11.787144698974714,4.611823282072932,11.787144698974714,38.718136,36.330654,41.023403
30,0.3,5.309390957764962,12.514486630394172,5.309390933194553,12.514486630394172,38.9272,36.52683,41.244915
31,0.31,5.55732817420741,12.756963759794969,5.557328123400208,12.756963759794969,38.671257,36.286667,40.973736
32,0.32,6.0480755671272215,13.89337812368448,6.048075559748912,13.89337812368448,38.835026,36.44034,41.147255
33,0.33,5.748770312844049,13.392054979899832,5.748770421500644,13.392054979899832,38.939312,36.538193,41.25775
34,0.34,5.68602749200754,12.86052435695232,5.6860275504895,12.860524356952318,38.938587,36.537514,41.256985
35,0.35000000000000003,5.0858773291829475,12.720799892389126,5.08587731759534,12.720799892389126,38.716694,36.329304,41.021877
36,0.36,4.74888054964078,12.66086247645229,4.748880675829252,12.66086247645229,38.86234,36.46597,41.176193
37,0.37,5.4590416309279535,13.18511678749838,5.459041698564891,13.18511678749838,38.7621,36.37191,41.069984
38,0.38,5.415239828973861,12.719691369871024,5.415239882481116,12.719691369871024,38.7587,36.36872,41.066387
39,0.39,5.270848045102708,12.771761817813852,5.270848140228902,12.771761817813852,38.770546,36.379833,41.078934
40,0.4,4.820361569835805,12.978801212794973,4.820361592414715,12.978801212794975,38.753155,36.363518,41.06051
41,0.41000000000000003,5.467020493543154,13.058701190215707,5.467020558040844,13.058701190215707,38.838047,36.443172,41.150455
42,0.42,5.281276959305249,13.899060038239908,5.281276871722948,13.899060038239908,38.79333,36.401215,41.103077
43,0.43,5.489302036816398,12.756281887796867,5.489301972184634,12.756281887796867,38.86337,36.466934,41.177288
44,0.44,5.213248872601352,12.49800698356889,5.213248869703368,12.49800698356889,38.74448,36.355373,41.051315
45,0.45,5.3353052852205956,12.79327655700721,5.335305345235037,12.79327655700721,38.720707,36.33307,41.02613
46,0.46,5.27770765278296,12.264252713749778,5.277707513314277,12.264252713749778,38.829987,36.43561,41.14192
47,0.47000000000000003,4.953499312651965,12.015389105334354,4.953499458959747,12.015389105334354,38.861317,36.465008,41.17511
48,0.48,5.210219614799389,11.77363879360034,5.210219463752646,11.77363879360034,38.726517,36.33852,41.032288
49,0.49,5.484569591168622,12.243586602933963,5.4845694967692316,12.243586602933965,38.664116,36.279964,40.966167
50,0.5,4.875580191838059,11.523649394213388,4.875580205974754,11.523649394213388,38.767933,36.37738,41.076164
51,0.51,5.630298416727819,12.085207953977873,5.630298324013518,12.085207953977873,38.699013,36.312714,41.003143
52,0.52,5.281482839302792,11.799154067841094,5.28148268786581,11.799154067841094,38.815887,36.42238,41.126976
53,0.53,5.802901983344295,12.295897865102859,5.802902051530625,12.29589786510286,38.79268,36.400604,41.102386
54,0.54,4.71830125229802,11.971515656512006,4.718301170769824,11.971515656512006,38.721462,36.33378,41.02693
55,0.55,5.693908812203533,13.01464208656115,5.693908790221782,13.01464208656115,38.73421,36.345737,41.040436
56,0.56,5.262016427265309,12.226230061889513,5.262016527062686,12.226230061889511,38.710392,36.32339,41.0152
57,0.5700000000000001,5.361122547453175,11.878968440668634,5.361122582926238,11.878968440668634,38.80687,36.413918,41.117424
58,0.58,5.355404821476244,12.168912047711327,5.355404719595983,12.168912047711327,38.77772,36.38657,41.08654
59,0.59,5.522978657576702,11.953117309920367,5.522978619897515,11.953117309920367,38.91059,36.511246,41.22732
60,0.6,5.026589090313435,11.430428902461408,5.026589249850895,11.430428902461408,38.81043,36.417255,41.121193
61,0.61,4.86654766750656,11.40819401388043,4.866547721174752,11.40819401388043,38.861523,36.465202,41.17533
62,0.62,5.177709943646506,11.350256357217297,5.177709882156868,11.350256357217297,38.77735,36.38622,41.086147
63,0.63,5.446274976947837,11.144834131102103,5.446274802766182,11.144834131102103,38.68751,36.30192,40.99096
64,0.64,4.889633630546791,11.540582488477982,4.889633716832241,11.540582488477982,38.873127,36.47609,41.187622
65,0.65,5.375010389654901,11.902928489067959,5.375010553830458,11.902928489067959,38.725094,36.337185,41.030777
66,0.66,5.473202822614198,11.770303525279376,5.473202632039415,11.770303525279376,38.786167,36.394493,41.095486
67,0.67,5.098833329824302,11.826537796396476,5.0988333708247975,11.826537796396476,38.82044,36.42665,41.131798
68,0.68,5.460981735772587,11.817888541167164,5.460981805010234,11.817888541167164,38.82626,36.432114,41.137966
69,0.6900000000000001,4.9437122134139315,11.692934958250273,4.943712171570502,11.692934958250273,38.764862,36.3745,41.07291
70,0.7000000000000001,4.453679620925428,11.272324539305364,4.453679527148272,11.272324539305362,38.79367,36.401535,41.10344
71,0.71,5.047443086133118,11.619661083090651,5.0474430588774695,11.619661083090651,38.783077,36.391594,41.092213
72,0.72,4.228334472768151,10.411962010976806,4.228334486898343,10.411962010976806,38.923225,36.523098,41.240704
73,0.73,3.700561463591968,10.026013066398008,3.7005614241942415,10.026013066398008,38.750404,36.360935,41.057594
74,0.74,4.50534491274765,10.230277015027292,4.505344911484644,10.230277015027292,38.914577,36.514984,41.231544
75,0.75,5.2140028247090795,10.616532094405244,5.214002854260365,10.616532094405244,38.745564,36.35639,41.052467
76,0.76,4.751597717594442,11.003418059879893,4.751597749212642,11.003418059879893,38.769382,36.378742,41.077705
77,0.77,4.507047733580031,10.983710160129457,4.507047651529003,10.983710160129457,38.7476,36.358303,41.054623
78,0.78,5.415033033535087,11.669385886966364,5.415032953995708,11.669385886966362,38.7375,36.348824,41.04392
79,0.79,5.248193262960852,11.256382834452296,5.248193376936269,11.256382834452296,38.69519,36.309124,40.999092
80,0.8,5.730277761663223,11.62862680017968,5.730277757659033,11.62862680017968,38.913155,36.51365,41.230034
81,0.81,4.751813180987625,10.628781051713103,4.751813185268445,10.628781051713103,38.757412,36.36751,41.06502
82,0.8200000000000001,5.345041445843204,11.280871653767258,5.3450415459783125,11.280871653767258,38.780724,36.389385,41.089718
83,0.8300000000000001,5.594680117412246,11.499870764938482,5.594679981379258,11.499870764938482,38.828083,36.433826,41.1399
84,0.84,4.416914716414265,11.27822141131358,4.416914673774015,11.27822141131358,38.866016,36.469418,41.18009
85,0.85,4.36986516615622,11.065874639605687,4.369865196669786,11.065874639605687,38.81443,36.421013,41.125435
86,0.86,5.53026955340961,11.74889478205239,5.530269510349608,11.748894782052393,38.809772,36.416645,41.1205
87,0.87,5.913848993273939,11.43583608869523,5.913849155910761,11.43583608869523,38.7465,36.35727,41.053455
88,0.88,6.003583839674679,11.89649710267796,6.003583864235645,11.89649710267796,38.68956,36.303844,40.99313
89,0.89,5.337086521426463,11.287697513522204,5.337086398315447,11.287697513522206,38.696968,36.310795,41.000977
90,0.9,5.0944907662639904,11.1803417694159,5.094490891307866,11.1803417694159,38.68913,36.303436,40.992672
91,0.91,5.110642689766773,11.254365394225765,5.110642736229962,11.254365394225765,38.8736,36.476536,41.188126
92,0.92,5.54445198985539,11.637750311736005,5.544452071999288,11.637750311736005,38.841732,36.44663,41.154358
93,0.93,5.034367069915985,11.537694739819319,5.034367055783804,11.537694739819319,38.64173,36.258965,40.94245
94,0.9400000000000001,5.378252019090359,11.112027038788883,5.37825217664432,11.11202703878888,38.89897,36.500343,41.215008
95,0.9500000000000001,5.423273321543304,11.714639389321558,5.4232733798831,11.714639389321558,38.750633,36.36115,41.05784
96,0.96,6.020993881158774,11.972509124129127,6.020993902413971,11.972509124129127,38.73141,36.343113,41.037468
97,0.97,4.9937632224320785,12.763815925639262,4.9937630622102995,12.763815925639262,38.877766,36.480442,41.19254
98,0.98,5.454068250640245,12.64639008185059,5.454068203896136,12.64639008185059,38.844368,36.449104,41.157154
99,0.99,5.607681533989417,11.79630011905774,5.607681426836715,11.796300119057738,38.5627,36.184803,40.85871
100,1.0,5.147100691175792,11.624669676332374,5.147100734455566,11.624669676332374,38.612694,36.231716,40.911682
101,1.01,4.588068308692519,11.110670711969082,4.588068392605009,11.110670711969082,38.811916,36.41865,41.12277
102,1.02,5.028900323175737,11.833916944628884,5.028900220883657,11.833916944628884,38.854588,36.458694,41.16798
103,1.03,4.594916456744015,11.993530772184412,4.594916328910644,11.993530772184412,38.870014,36.473167,41.184326
104,1.04,4.338405176014279,11.646842827140178,4.3384050624271895,11.646842827140178,38.838387,36.44349,41.150814
105,1.05,4.710183964299472,11.517218522156547,4.710183914824531,11.517218522156545,38.7264,36.33841,41.03216
106,1.06,5.069842403596097,12.057078359864727,5.069842348941248,12.057078359864727,38.81807,36.424427,41.129288
107,1.07,5.438018363281625,12.57523635004679,5.438018247677969,12.57523635004679,38.766426,36.37597,41.074574
108,1.08,5.027095131629896,13.4888411998879,5.027095066085988,13.488841199887899,38.66462,36.28044,40.966705
109,1.09,5.136748321728627,12.489104612354618,5.136748375950074,12.489104612354618,38.75503,36.365276,41.062496
110,1.1,5.667612768863801,12.477211757128996,5.667612799623756,12.477211757128996,38.803944,36.41117,41.114323
111,1.11,5.9639453138846505,12.142863088045546,5.963945278441596,12.142863088045546,38.866055,36.46945,41.18013
112,1.12,5.935848798405605,13.198263993114274,5.935848857798464,13.198263993114276,38.7035,36.31692,41.007896
113,1.1300000000000001,5.756282124697461,13.691357884246552,5.756282081105625,13.691357884246552,38.80846,36.415413,41.11911
114,1.1400000000000001,5.111586469549729,13.069707355431367,5.111586490612956,13.069707355431367,38.84397,36.44873,41.15673
115,1.1500000000000001,5.378760302194145,13.428257027759178,5.378760300544226,13.428257027759178,38.87475,36.47761,41.189342
116,1.16,6.023251408641846,13.377601333494486,6.023251454444228,13.377601333494486,38.718685,36.331173,41.023987
117,1.17,5.24897857621666,12.18547980246025,5.248978680777558,12.18547980246025,38.874344,36.47723,41.18891
118,1.18,5.3366819401478205,12.043007174485833,5.336681796835413,12.043007174485833,38.7326,36.344227,41.03873
119,1.19,5.702104567824942,12.649958765957805,5.70210439137599,12.649958765957805,39.010616,36.6051,41.333298
120,1.2,5.339670300714469,12.930097045922803,5.339670323565386,12.930097045922803,38.891853,36.493664,41.207466
121,1.21,5.225494881222268,13.056738725711613,5.225494866050857,13.056738725711613,38.838722,36.443806,41.151173
122,1.22,5.048256791306186,12.418437308504833,5.04825665125447,12.418437308504833,38.793026,36.40093,41.102757
123,1.23,5.435836649013133,12.454755634916946,5.435836551894518,12.454755634916946,38.981346,36.577633,41.302284
124,1.24,5.561867366187133,12.43248298443754,5.561867291178081,12.432482984437538,38.821453,36.4276,41.132874
125,1.25,5.9475097976205396,12.569393575281842,5.947509699625001,12.569393575281842,38.830452,36.436047,41.142406
126,1.26,5.984740118774944,13.224282004231906,5.984740155136096,13.224282004231904,38.87806,36.480717,41.19285
127,1.27,5.8427901773245186,12.387984558287092,5.842790148427282,12.387984558287092,38.671963,36.28733,40.974483
128,1.28,5.497651272096818,12.603417215643205,5.497651356185946,12.603417215643205,38.910652,36.511303,41.227386
129,1.29,5.053265877883082,11.671188569513475,5.053265983067651,11.671188569513475,38.80086,36.40828,41.111057
130,1.3,4.958064194215449,11.685037183130571,4.95806405370358,11.685037183130571,38.691498,36.30566,40.99518
131,1.31,5.427484109579909,12.057517011605347,5.427484130471265,12.057517011605347,38.88131,36.48377,41.196293
132,1.32,4.693966428115945,11.375402629265487,4.693966322165495,11.375402629265487,38.865868,36.46928,41.179935
133,1.33,4.853347177543303,11.007931028855175,4.85334710415517,11.007931028855175,38.725174,36.33726,41.03086
134,1.34,5.286499959152319,11.640054921334185,5.286500118735615,11.640054921334185,38.919044,36.519173,41.236275
135,1.35,5.369949392669671,11.641449284257392,5.369949376492149,11.641449284257392,38.93687,36.535904,41.25516
136,1.36,3.930671957501945,11.858384661988676,3.930671916171027,11.858384661988676,39.020798,36.614655,41.34409
137,1.37,4.194758537191995,11.909511641618833,4.194758534488723,11.909511641618833,38.667747,36.283375,40.970016
138,1.3800000000000001,4.158899082739159,11.869021937008542,4.158899090078431,11.869021937008542,38.754776,36.365036,41.062225
139,1.3900000000000001,3.87445983635534,12.31353365692822,3.8744599209530315,12.313533656928222,38.781773,36.39037,41.09083
140,1.4000000000000001,4.601292870129378,12.838350771336918,4.601292893913936,12.838350771336918,38.8003,36.407757,41.110462
141,1.41,4.998043683918544,12.7868121637223,4.998043713642627,12.7868121637223,38.77444,36.383488,41.08306
142,1.42,5.194802324288353,13.589714333867544,5.194802350030768,13.589714333867544,38.840992,36.44594,41.153576
143,1.43,5.145784437105441,13.41431218340172,5.1457844703950535,13.41431218340172,38.679928,36.294804,40.98292
144,1.44,5.048337042582877,13.121026458464305,5.048337057473138,13.121026458464303,38.914207,36.514637,41.23115
145,1.45,5.08668802434442,12.151681571471075,5.086688032215582,12.151681571471075,38.78802,36.396233,41.097454
146,1.46,5.723332297381101,12.40504085647924,5.723332405781194,12.405040856479241,38.79789,36.40549,41.107906
147,1.47,5.469600267127357,12.593858381735535,5.469600218574238,12.593858381735535,38.830345,36.435944,41.142296
148,1.48,4.59264700532908,11.620264104644564,4.59264702706531,11.620264104644566,38.780624,36.38929,41.08961
149,1.49,5.0097677574023765,12.189241765458547,5.0097677124860445,12.189241765458547,38.883873,36.486176,41.199013
150,1.5,5.326560321901913,11.689119069651628,5.3265603212351245,11.689119069651628,38.57273,36.194218,40.869343
151,1.51,5.284080914382178,11.616542958190793,5.284080931496244,11.616542958190797,38.77537,36.384365,41.08405
152,1.52,5.362163166462803,12.419497678328193,5.362163323336915,12.419497678328193,38.78195,36.390537,41.091022
153,1.53,5.08748822432756,12.023914864999544,5.087488213119488,12.023914864999544,38.93133,36.530704,41.249294
154,1.54,5.474568882941056,12.107813254720813,5.474568896777378,12.107813254720815,38.918995,36.51913,41.236225
155,1.55,4.810986665093786,11.619164038563099,4.810986799839776,11.619164038563099,38.809868,36.41673,41.120598
156,1.56,5.002754043935624,12.004709244776274,5.002754039152965,12.004709244776274,38.881863,36.484287,41.19688
157,1.57,4.788251915060094,11.662753969423086,4.788252009462899,11.662753969423086,38.891243,36.493088,41.206818
158,1.58,5.526413700588942,12.279758063533754,5.526413531877062,12.279758063533754,38.7753,36.384293,41.08397
159,1.59,5.285134347285054,11.387405369462464,5.285134530722461,11.387405369462462,38.87665,36.479397,41.19136
160,1.6,4.903094976892113,12.215644574961702,4.903094880903928,12.215644574961702,38.920284,36.520336,41.237587
161,1.61,5.005704760581679,12.19750409574318,5.005704699985224,12.19750409574318,38.751713,36.36216,41.05898
162,1.62,5.410203815009794,12.080971974215068,5.410203693948091,12.080971974215068,38.74897,36.35959,41.056076
163,1.6300000000000001,4.980222772453145,12.004897704515251,4.980222775483773,12.004897704515251,38.80801,36.41499,41.11863
164,1.6400000000000001,5.781191235427768,11.737514207355206,5.781191304885799,11.737514207355206,38.81741,36.42381,41.12859
165,1.6500000000000001,5.307106905677292,11.853127277280315,5.307106844552499,11.853127277280315,38.67342,36.2887,40.97603
166,1.6600000000000001,4.948093653917204,11.427554380570394,4.9480936523133945,11.427554380570392,38.792835,36.40075,41.102554
167,1.67,5.210001038233136,12.052558366355065,5.210001047921914,12.052558366355065,38.805904,36.413013,41.116398
168,1.68,5.004955751065085,11.479869456513164,5.00495568055522,11.479869456513164,38.93068,36.530094,41.248604
169,1.69,5.684680495045276,12.120689185796357,5.68468058013696,12.120689185796357,38.79388,36.40173,41.10366
170,1.7,5.826634766673501,13.06963437059299,5.826634646400499,13.06963437059299,38.78185,36.39044,41.09091
171,1.71,5.23727147138143,12.9314610768586,5.237271572767921,12.9314610768586,38.71351,36.326313,41.0185
172,1.72,6.095914602873885,13.545734036027566,6.09591475928778,13.545734036027566,38.854935,36.45902,41.16835
173,1.73,5.588024392681682,12.258775432744281,5.588024540431202,12.25877543274428,38.643314,36.26045,40.94413
174,1.74,5.779813542242487,12.59766192562348,5.779813612038537,12.59766192562348,38.762016,36.37183,41.069897
175,1.75,5.341479382862725,11.96047251883151,5.341479397572457,11.96047251883151,38.796474,36.404167,41.10641
176,1.76,5.630850624118167,13.131100938234608,5.630850802881477,13.131100938234608,38.828808,36.4345,41.140667
177,1.77,5.4797140206786965,13.018018174468883,5.479713944125971,13.018018174468882,38.748142,36.35881,41.0552
178,1.78,4.537704088066482,13.009385641073461,4.537704144204724,13.009385641073461,38.956867,36.55467,41.276352
179,1.79,5.160912916558092,12.714291265192093,5.160912919585528,12.714291265192093,38.811104,36.41789,41.121906
180,1.8,4.683708985755673,12.450888888137335,4.683708979988762,12.450888888137335,38.802174,36.40951,41.11245
181,1.81,5.2563811411778,12.919210642138106,5.256381280645563,12.919210642138104,38.80132,36.40871,41.11154
182,1.82,4.966189765507485,14.009035717555449,4.966189807527093,14.009035717555449,38.795223,36.40299,41.105083
183,1.83,4.638908491479064,13.05454343716589,4.638908531558787,13.05454343716589,38.815704,36.42221,41.126785
184,1.84,5.65037418012125,13.424878980120447,5.650374214092551,13.424878980120447,38.791836,36.39981,41.10149
185,1.85,5.13029213419001,13.46572324257629,5.130292150624856,13.46572324257629,38.716003,36.328655,41.021145
186,1.86,5.273879850930079,13.821094172411035,5.273879921155659,13.821094172411035,38.824787,36.43073,41.136406
187,1.87,5.1634618621950255,13.712434091097583,5.16346194784568,13.712434091097583,38.7575,36.36759,41.06511
188,1.8800000000000001,4.7235535155130925,13.57937216393161,4.723553586159694,13.57937216393161,38.783073,36.39159,41.092213
189,1.8900000000000001,4.948331355908569,13.985242840975397,4.948331420846638,13.985242840975397,38.778645,36.387432,41.087517
190,1.9000000000000001,5.225144298303242,14.659630308087525,5.225144148132923,14.659630308087525,38.791294,36.399303,41.10092
191,1.9100000000000001,5.060152675183938,13.919521699381544,5.060152668185729,13.919521699381544,38.808254,36.41522,41.118893
192,1.92,4.823842407662205,14.741149471067285,4.823842330173005,14.741149471067285,38.908337,36.50913,41.22493
193,1.93,5.56653818581824,14.14024418008574,5.566538166682455,14.14024418008574,38.779922,36.38863,41.08887
194,1.94,5.335906689427277,14.245024362436347,5.335906614568818,14.245024362436347,38.932785,36.53207,41.250835
195,1.95,2.8968759743431627,13.348357944722762,2.896875987128144,13.348357944722762,38.774055,36.38313,41.082653
196,1.96,4.8491167779866835,14.721973217778096,4.849116879860784,14.721973217778096,38.87299,36.47596,41.187477
197,1.97,4.478088870120534,14.334962366473325,4.478089019783072,14.334962366473327,38.714897,36.327618,41.019974
198,1.98,5.020496520228861,13.878378880865952,5.020496430483956,13.878378880865952,38.8562,36.46021,41.16969
199,1.99,4.820506523010706,13.695199299627195,4.820506536072033,13.695199299627191,38.70982,36.322853,41.014595
200,2.0,5.267456088745355,13.950286137275656,5.267456007375165,13.950286137275656,38.819805,36.426056,41.13113
201,2.0100000000000002,4.452420713516017,13.579313192217239,4.4524206777073,13.579313192217239,38.723103,36.33532,41.028667
202,2.02,4.515897283250349,14.295075462375959,4.515897311984441,14.295075462375959,38.854248,36.458374,41.16762
203,2.0300000000000002,4.658462512442689,13.962084524479856,4.658462415769813,13.962084524479856,38.814255,36.42085,41.125248
204,2.04,4.867875275965004,14.045046680904731,4.867875186218969,14.045046680904731,38.751415,36.36188,41.058666
205,2.05,4.310191299297239,13.347258488073805,4.310191241024058,13.347258488073805,38.83802,36.443146,41.15043
206,2.06,5.051994940629452,13.568322688991396,5.051994980115128,13.568322688991396,38.789505,36.39762,41.099022
207,2.07,5.117662243970453,13.327401246120198,5.117662256331025,13.3274012461202,38.689213,36.303516,40.99276
208,2.08,4.833886830431042,13.521336744834496,4.833886806531958,13.521336744834496,38.79655,36.404236,41.106487
209,2.09,5.187598111823167,13.63795189102038,5.187597998996616,13.63795189102038,38.774147,36.383213,41.082752
210,2.1,5.6900556752800995,13.93626415520456,5.690055750397803,13.93626415520456,38.715466,36.32815,41.020576
211,2.11,5.5670435157527125,13.994279154821081,5.567043596505527,13.99427915482108,38.8418,36.446693,41.154434
212,2.12,4.816596481637397,13.604274622923015,4.816596474511518,13.604274622923015,38.673023,36.288322,40.975605
213,2.13,5.920458599340075,14.84920719356615,5.920458569934832,14.84920719356615,38.754498,36.364777,41.06193
214,2.14,5.899658705624241,15.17240271387457,5.899658714845977,15.17240271387457,38.64358,36.260696,40.944412
215,2.15,5.9240800408518535,16.478847903382388,5.924079950438622,16.478847903382388,38.81785,36.42422,41.129055
216,2.16,5.442339438334215,15.365090784368679,5.442339325635426,15.36509078436868,38.79928,36.406796,41.10938
217,2.17,5.428890029003831,14.748754541198995,5.428890108796995,14.748754541198997,38.81998,36.42622,41.131313
218,2.18,4.743515733470764,14.56744222289706,4.743515589350313,14.56744222289706,38.83239,36.437866,41.144463
219,2.19,4.643618078342115,14.612477132887967,4.643618144022824,14.612477132887967,38.7959,36.403625,41.105797
220,2.2,3.3151202036439327,13.687068509828704,3.3151202000603592,13.687068509828702,38.90983,36.51053,41.226513
221,2.21,4.596950668567651,14.193390701330427,4.5969507612183165,14.193390701330426,38.755665,36.365868,41.063168
222,2.22,4.98606030563808,14.126021397247946,4.9860601725767495,14.126021397247948,38.80809,36.415066,41.118717
223,2.23,4.0746309130387,14.979336653887952,4.074630855338891,14.979336653887952,38.808994,36.415913,41.11967
224,2.24,5.188742041917494,14.340744761150724,5.188741893978768,14.340744761150724,38.76809,36.37753,41.076336
225,2.25,5.079443271002659,15.479014508303287,5.079443166905476,15.479014508303287,38.90153,36.502743,41.21772
226,2.2600000000000002,5.003356559528848,14.727897058433706,5.0033565232953725,14.727897058433706,38.875477,36.478294,41.190117
227,2.27,4.984262362860171,14.826686233827772,4.984262425942034,14.826686233827772,38.838047,36.443172,41.150455
228,2.2800000000000002,5.044566031236724,14.417261485242241,5.04456610206406,14.417261485242241,38.736942,36.348305,41.04333
229,2.29,4.962366603292089,13.08188836560024,4.962366518644325,13.08188836560024,38.760593,36.370495,41.06839
230,2.3000000000000003,5.4734499107549865,14.5911411422201,5.4734497989301065,14.5911411422201,38.89567,36.497246,41.21151
231,2.31,5.611326515715595,13.506350448370995,5.61132664082512,13.506350448370995,38.805984,36.413086,41.116486
232,2.32,5.667686800164117,14.634794936580807,5.6676867769299974,14.634794936580805,38.808914,36.415836,41.119587
233,2.33,5.9362900525845905,14.62624896557997,5.936290057145423,14.626248965579972,38.86063,36.464363,41.17438
234,2.34,5.348545498455727,13.883281186345956,5.348545582103467,13.883281186345956,38.675514,36.290665,40.978245
235,2.35,5.487211096209849,13.902905615590042,5.487211264690999,13.902905615590042,38.775063,36.38407,41.08372
236,2.36,5.161895649446077,13.164222151714716,5.161895536121282,13.164222151714716,38.683876,36.29851,40.987106
237,2.37,5.256325593398404,12.658079474944483,5.256325574018588,12.658079474944483,38.806126,36.413223,41.116634
238,2.38,4.521334239482766,12.622457567116232,4.521334284296483,12.622457567116232,38.70297,36.31642,41.00733
239,2.39,5.087206296926269,13.024823600550672,5.087206300877096,13.024823600550672,38.7177,36.33025,41.022945
240,2.4,5.110290650581893,12.733278498597313,5.1102907595689455,12.733278498597313,38.746346,36.357124,41.053295
241,2.41,5.3163602773901575,13.080179023446329,5.3163604235756745,13.080179023446329,39.046505,36.638775,41.371323
242,2.42,4.622285778308201,13.061622887062406,4.622285749312282,13.061622887062406,38.995304,36.590733,41.317074
243,2.43,4.844192769161653,11.59586601440748,4.844192796770562,11.59586601440748,38.869946,36.473103,41.184254
244,2.44,5.16587426863438,11.39081680071428,5.165874301263322,11.39081680071428,38.721725,36.334023,41.027206
245,2.45,4.856024568884889,11.681938682153804,4.8560246050684075,11.681938682153804,38.938183,36.537132,41.256554
246,2.46,4.26673848445356,11.325311796561714,4.266738426671027,11.325311796561715,38.88035,36.48287,41.19528
247,2.47,5.130343168950562,11.49641094324366,5.130343174740372,11.49641094324366,38.79803,36.405624,41.108055
248,2.48,5.065706785604361,12.188946426786043,5.065706744286439,12.188946426786043,38.890263,36.49217,41.20578
249,2.49,5.553300749286202,12.51188586298222,5.553300621896197,12.51188586298222,38.83057,36.436157,41.142532
250,2.5,5.169236661126077,12.168793317399006,5.169236636073447,12.168793317399006,38.8513,36.45561,41.164497
251,2.5100000000000002,5.354392246128677,12.014204648396053,5.354392403574442,12.014204648396055,38.839096,36.444157,41.151566
252,2.52,5.517894150496263,11.759147419112363,5.517894116802773,11.759147419112363,38.929844,36.52931,41.24772
253,2.5300000000000002,5.835254529941453,12.140058803892888,5.835254359678371,12.140058803892888,38.80096,36.40837,41.11116
254,2.54,5.37156359403879,11.623161006517206,5.371563500052246,11.623161006517206,38.76147,36.37132,41.06932
255,2.5500000000000003,5.295964772929321,10.79306629734322,5.295964785177899,10.79306629734322,38.78961,36.397724,41.099136
256,2.56,5.268425630089065,10.994691992113651,5.2684255764388555,10.994691992113651,38.74,36.351173,41.046574
257,2.57,5.391559935524129,10.927688105681387,5.391559816674659,10.927688105681387,38.78923,36.397366,41.098732
258,2.58,5.317475749405384,10.191477789512788,5.317475882183537,10.191477789512788,38.672985,36.28829,40.975567
259,2.59,5.271777233797626,10.274296103269219,5.271777269667679,10.274296103269219,38.677418,36.29245,40.980263
260,2.6,5.93776518434326,10.717618505753101,5.9377651113878045,10.717618505753101,38.83747,36.442635,41.149845
261,2.61,5.557452655537391,10.504294653875164,5.557452716035297,10.504294653875164,38.763626,36.37334,41.071606
262,2.62,4.978277718313756,10.341355151704423,4.978277664773466,10.341355151704423,38.914043,36.514484,41.230976
263,2.63,4.4672239734910235,10.223523443573262,4.467224059864943,10.223523443573262,38.820457,36.42667,41.13182
264,2.64,5.4453704581414595,10.666497658761205,5.44537055859241,10.666497658761205,38.71364,36.326435,41.018642
265,2.65,5.359752984727401,10.86622621259462,5.359752956215316,10.86622621259462,38.70764,36.32081,41.012283
266,2.66,5.397620586499995,11.228313105598698,5.397620476181063,11.228313105598698,38.739567,36.350765,41.046112
267,2.67,5.327731240414142,10.96780816425054,5.327731171493293,10.96780816425054,38.887047,36.48915,41.202374
268,2.68,5.378328205795706,11.602534794921846,5.378328112840498,11.602534794921846,38.893684,36.49538,41.209404
269,2.69,4.912680649799123,11.067736696174356,4.912680667757225,11.067736696174356,38.656715,36.27302,40.95833
270,2.7,5.171346068708998,11.511951736332488,5.171346106957322,11.511951736332488,38.773434,36.38254,41.081993
271,2.71,5.485387116522141,11.48609349387769,5.485387260578752,11.48609349387769,38.663437,36.279327,40.965446
272,2.72,4.97484237369782,11.432941898314294,4.974842325204623,11.432941898314294,38.811153,36.41794,41.121964
273,2.73,5.544592063088613,11.180096235053888,5.544591995662069,11.180096235053888,38.902046,36.503227,41.218266
274,2.74,5.397718466877128,11.311236499804043,5.397718348826461,11.311236499804043,38.67369,36.288948,40.97631
275,2.75,5.001139193588014,10.826708468573623,5.001139164808469,10.826708468573623,38.654274,36.270733,40.95574
276,2.7600000000000002,5.176024810877169,10.419400151816044,5.17602482373009,10.419400151816044,38.697945,36.31171,41.002014
277,2.77,4.774262351916473,10.486198314388606,4.774262296107407,10.486198314388604,38.732727,36.344345,41.038864
278,2.7800000000000002,4.858376862370032,10.778599259744645,4.858376886313952,10.778599259744645,38.704773,36.318115,41.009247
279,2.79,4.902660345731025,10.5531905390761,4.902660274096786,10.5531905390761,38.759148,36.36914,41.06686
280,2.8000000000000003,4.852292024851468,10.623846062696819,4.852292102449276,10.623846062696819,39.000034,36.595173,41.32209
281,2.81,4.658657878880577,10.751647352757507,4.6586577427210285,10.751647352757507,38.90784,36.508663,41.224403
282,2.82,4.758723018195817,10.766468259278966,4.758722974705186,10.766468259278966,38.772236,36.38142,41.080727
283,2.83,5.204567424774168,11.928086297144427,5.204567400913363,11.928086297144427,38.840668,36.445633,41.153233
284,2.84,4.840498023418394,11.312466244357976,4.840498089426066,11.312466244357976,38.693184,36.30724,40.996967
285,2.85,4.8614339497892365,11.647050792265595,4.861433999576268,11.647050792265597,38.77753,36.386387,41.086334
286,2.86,5.959347125286852,12.265898011217573,5.959347020944799,12.265898011217573,38.80792,36.4149,41.118534
287,2.87,5.666914552346832,12.783529184754029,5.666914553980393,12.783529184754029,38.962276,36.559742,41.28208
288,2.88,5.234153171267406,13.278102913187269,5.234153129494349,13.278102913187269,38.883717,36.486027,41.198845
289,2.89,5.252382267418365,13.686413160501223,5.252382362626596,13.686413160501223,38.71097,36.323933,41.015816
290,2.9,4.981639803361621,13.026261505571066,4.981639820282291,13.026261505571066,38.76183,36.37166,41.069702
291,2.91,5.025112659896082,12.364523558326137,5.025112668336529,12.364523558326137,38.78039,36.389072,41.089367
292,2.92,4.909302095254071,12.42062539121429,4.909301994225176,12.42062539121429,38.74812,36.358788,41.055172
293,2.93,5.496458276872587,12.925846918515044,5.49645843225868,12.925846918515044,38.664333,36.28017,40.9664
294,2.94,5.1993032589623125,12.666595527137,5.199303361492632,12.666595527137,38.897083,36.49857,41.213005
295,2.95,4.824056912182876,12.239141148594623,4.8240569489408776,12.239141148594621,38.847343,36.451897,41.16031
296,2.96,5.055390838228523,13.023142303636842,5.055390790754946,13.023142303636842,38.802048,36.409393,41.112312
297,2.97,5.08073290254058,12.925021221129649,5.0807327942567415,12.925021221129647,38.762295,36.37209,41.07019
298,2.98,5.605298135044135,12.745175788456729,5.605298298139217,12.74517578845673,38.73852,36.349785,41.045006
299,2.99,5.66462191872862,12.430099145457458,5.664621818221999,12.430099145457458,38.94377,36.542377,41.262474
300,3.0,5.413730085407071,12.233593561864357,5.4137302232084314,12.233593561864357,38.748196,36.358864,41.055256
301,3.0100000000000002,6.050253218416161,12.671684430848577,6.050253225894617,12.671684430848577,38.80808,36.415054,41.118706
302,3.02,5.7247005831425115,13.10025714176002,5.72470052029718,13.10025714176002,38.795074,36.40285,41.104927
303,3.0300000000000002,5.6741863266469865,13.808609536299638,5.674186416358622,13.808609536299638,38.771893,36.3811,41.080364
304,3.04,5.104915050315042,13.71771374156823,5.104915003926407,13.71771374156823,38.795128,36.4029,41.10498
305,3.0500000000000003,5.316727441111684,13.175903099406987,5.316727356397755,13.175903099406987,38.72521,36.33729,41.0309
306,3.06,5.528473005549837,13.795937396137857,5.5284729847378085,13.795937396137857,38.768673,36.378075,41.07695
307,3.0700000000000003,5.60322101380461,13.9887356113937,5.603221092114559,13.9887356113937,38.877728,36.480408,41.1925
308,3.08,5.548055783016257,12.797640010020316,5.54805569659244,12.797640010020316,38.862915,36.466507,41.176804
309,3.09,5.020309256295254,13.72466116670263,5.020309213081458,13.72466116670263,38.762672,36.372444,41.07059
310,3.1,5.776320467266917,14.381693817663425,5.776320544458111,14.381693817663425,38.81964,36.425903,41.130955
311,3.11,5.309852958652636,13.454737600017303,5.309853061409237,13.454737600017303,38.80001,36.407482,41.110157
312,3.12,4.4169471220544985,13.584339246786179,4.4169472144835895,13.584339246786179,38.78758,36.395817,41.09698
313,3.13,5.737177813052849,14.276886734940824,5.737177899638165,14.276886734940824,38.705494,36.318794,41.010014
314,3.14,5.0722581085529415,14.768969879987166,5.072258074060009,14.768969879987166,38.774143,36.38321,41.08275
315,3.15,5.489394946919019,14.175106331981883,5.489394941234698,14.175106331981883,38.846207,36.45083,41.1591
316,3.16,5.574653248851953,14.413470299670177,5.5746533396700855,14.413470299670177,38.826515,36.43235,41.138237
317,3.17,5.4535980270521245,15.056380781334624,5.4535978511389605,15.056380781334624,38.883476,36.485798,41.19859
318,3.18,5.609496664399145,15.033769015243232,5.609496664890925,15.033769015243232,38.80817,36.41514,41.1188
319,3.19,5.42241908118003,14.223079079812505,5.422418899465383,14.223079079812505,38.80164,36.409008,41.11188
320,3.2,4.746917204026485,13.85410918093232,4.746917210024463,13.854109180932317,38.76486,36.374496,41.07291
321,3.21,4.332365972727745,12.749180688295311,4.3323658722530105,12.749180688295311,38.79951,36.407013,41.109627
322,3.22,5.279441287419692,12.901433198833839,5.279441428419523,12.901433198833837,38.859657,36.46345,41.17335
323,3.23,4.579917597132071,12.813016448635064,4.579917458739382,12.813016448635066,38.827538,36.43331,41.13932
324,3.24,4.924548907157804,12.905297341497489,4.924548864525295,12.905297341497489,38.74368,36.35462,41.05047
325,3.25,5.227720545497167,12.845581517591224,5.227720560952965,12.845581517591224,38.745014,36.355877,41.051884
326,3.2600000000000002,5.501079758021131,13.139656085605859,5.501079876842522,13.139656085605859,38.828075,36.433815,41.13989
327,3.27,5.560443596349616,14.405129689607017,5.560443720462041,14.40512968960702,38.7503,36.360836,41.057484
328,3.2800000000000002,5.68093847714195,14.949940387087532,5.680938380243044,14.949940387087532,38.735664,36.347103,41.041977
329,3.29,5.003433277939979,14.730474766459517,5.0034333290421875,14.730474766459519,38.81292,36.419594,41.123833
330,3.3000000000000003,4.953576255964737,13.579058294376475,4.9535763796380134,13.579058294376471,38.73672,36.348095,41.0431
331,3.31,6.249774237745649,14.707958255529773,6.249774250255552,14.707958255529775,38.851177,36.455494,41.164368
332,3.3200000000000003,6.623229415812164,15.884137673403545,6.623229321234974,15.884137673403545,38.78899,36.39714,41.098476
333,3.33,5.968594301840087,14.719431270041081,5.968594311060423,14.719431270041081,38.709194,36.322266,41.01393
334,3.34,4.849364681464097,14.891254020668349,4.849364608545883,14.891254020668349,38.752068,36.362495,41.059357
335,3.35,5.844854541876508,14.286612481711776,5.844854637460141,14.286612481711774,38.89147,36.4933,41.207058
336,3.36,5.353362851856004,14.54039712167612,5.35336289174832,14.540397121676122,38.73982,36.351,41.04638
337,3.37,5.062160653971365,13.817854933909627,5.062160607483971,13.817854933909627,38.753143,36.363506,41.060497
338,3.38,5.140764702190514,13.56235925650067,5.1407648001024056,13.56235925650067,38.994717,36.590183,41.316452
339,3.39,5.181782020800319,13.797349398988834,5.181782068377087,13.797349398988832,38.780945,36.38959,41.089954
340,3.4,5.438154722849343,14.130130270277768,5.438154554137547,14.130130270277768,38.76551,36.375107,41.073597
341,3.41,5.4502761737358325,13.884908247643764,5.450275996531577,13.884908247643766,38.72514,36.337227,41.030827
342,3.42,5.133521439462714,13.686009241737414,5.133521400388219,13.686009241737414,38.792034,36.399994,41.1017
343,3.43,5.120791485158971,13.8609493494091,5.120791583487024,13.8609493494091,38.803314,36.41058,41.113655
344,3.44,4.742123915316133,13.603811729204716,4.74212394108215,13.603811729204718,38.751995,36.362427,41.05928
345,3.45,5.134136851246482,13.708635684001784,5.134136757265994,13.708635684001782,38.75963,36.369587,41.067368
346,3.46,4.980150514829739,14.489311964759082,4.980150395768945,14.489311964759082,38.792942,36.40085,41.102665
347,3.47,4.961373258094092,13.380551972228934,4.96137310682217,13.380551972228934,38.851116,36.455437,41.164303
348,3.48,5.349455404255528,13.704289588933799,5.349455445035373,13.704289588933799,38.743725,36.354664,41.050518
349,3.49,5.288871587930241,13.629802205977834,5.288871623449862,13.629802205977834,38.763607,36.373325,41.071587
350,3.5,5.7201160646135785,13.329952302528552,5.720116108745389,13.329952302528552,38.797726,36.405334,41.10773
351,3.5100000000000002,5.291374896616618,13.963831525210173,5.291374827035027,13.963831525210175,38.794872,36.40266,41.104713
352,3.52,5.271582694265856,14.234042526849363,5.271582761348261,14.234042526849363,38.868774,36.472008,41.183014
353,3.5300000000000002,5.310526184842546,14.403470057219016,5.3105263476476905,14.403470057219016,38.802967,36.410255,41.11329
354,3.54,4.732084722547333,14.410244773140173,4.732084576058661,14.410244773140173,38.912933,36.513443,41.2298
355,3.5500000000000003,5.06465853056475,14.321414673370493,5.0646586872782375,14.321414673370493,38.833183,36.438606,41.1453
356,3.56,5.458178921977503,14.367266821315745,5.458178936691497,14.367266821315745,38.8218,36.42793,41.13324
357,3.5700000000000003,5.9323230524162875,14.203256051535453,5.932322959342185,14.203256051535453,38.804253,36.411465,41.11465
358,3.58,5.190197855952692,14.914050467578164,5.19019792199293,14.914050467578162,38.913013,36.513515,41.229885
359,3.59,5.496377235316099,14.324745842429564,5.496377152462809,14.324745842429563,38.79641,36.404102,41.10634
360,3.6,5.933873948997603,14.460256433859028,5.933874069506624,14.460256433859028,38.82362,36.429634,41.13517
361,3.61,5.071598425119609,14.322019265241474,5.071598412599635,14.322019265241474,38.89455,36.496193,41.210323
362,3.62,5.169846328740465,13.963772739642366,5.169846351624426,13.963772739642367,38.550404,36.173267,40.845688
363,3.63,5.23534921577269,14.66009846546514,5.235349202939437,14.660098465465143,38.828938,36.434624,41.140804
364,3.64,4.630380575720881,13.770008235236423,4.630380534370913,13.770008235236421,38.743813,36.354748,41.05061
365,3.65,5.458188524029748,14.137556922069141,5.45818847781637,14.137556922069141,38.75017,36.360714,41.057346
366,3.66,4.592865408850193,13.33560413443534,4.592865471488321,13.335604134435338,38.881756,36.484188,41.196766
367,3.67,5.482480097673434,14.263421282267606,5.48248005030051,14.263421282267606,38.710022,36.32304,41.01481
368,3.68,5.6200777543066325,13.806404042403557,5.620077632994352,13.806404042403555,38.792603,36.40053,41.102306
369,3.69,5.462737998091874,14.573987845049508,5.4627380824704135,14.573987845049507,38.89214,36.49393,41.207767
370,3.7,5.229019064517132,14.475284338487047,5.229019096105217,14.475284338487045,38.847675,36.452206,41.160656
371,3.71,5.777850792699181,14.049992718148742,5.777850893913546,14.049992718148744,38.926556,36.526226,41.244236
372,3.72,5.494928340648835,14.23014584599693,5.494928428458367,14.23014584599693,38.91466,36.515064,41.231632
373,3.73,5.482545287464515,14.643472177545311,5.482545451614551,14.643472177545311,38.886753,36.488876,41.202065
374,3.74,5.149132694333726,14.485969365244488,5.149132676024447,14.485969365244488,38.742775,36.353775,41.04951
375,3.75,5.650344788259172,15.23734533691643,5.65034474378075,15.23734533691643,38.951344,36.54948,41.270496
376,3.7600000000000002,5.366735645421788,15.223863819323759,5.366735626752548,15.223863819323759,38.767334,36.376823,41.075535
377,3.77,5.2906281979906105,14.293374262477846,5.29062817102471,14.293374262477846,38.713882,36.326664,41.018898
378,3.7800000000000002,5.366115614248827,13.707598879717636,5.366115437579223,13.707598879717636,38.754925,36.365177,41.06238
379,3.79,4.786019885165341,13.51320986451824,4.786019855617575,13.513209864518242,38.713512,36.32632,41.01851
380,3.8000000000000003,4.973437598451212,13.541240482693869,4.973437563883608,13.541240482693869,38.830517,36.436108,41.142475
381,3.81,5.135243182710333,13.651229416424808,5.135243274410316,13.651229416424805,38.793,36.400906,41.102726
382,3.8200000000000003,4.49307303718461,13.529841892642136,4.493073092191493,13.529841892642137,38.792458,36.400394,41.102154
383,3.83,4.955950362065746,13.356295214557573,4.955950482997554,13.356295214557575,38.826958,36.43277,41.138706
384,3.84,4.5977788866842015,13.171423607200218,4.597778909502754,13.171423607200216,38.821518,36.42766,41.132942
385,3.85,4.541669231426369,13.075974234084487,4.541669093013836,13.075974234084487,38.8061,36.413197,41.116604
386,3.86,4.848537390721711,13.777381126336726,4.848537481865141,13.777381126336726,38.782887,36.391415,41.09201
387,3.87,4.712541413144988,13.34220111489609,4.712541427906287,13.342201114896092,38.751453,36.36192,41.05871
388,3.88,4.5517089991614,13.18151855555763,4.551709131452028,13.18151855555763,38.85134,36.455647,41.164543
389,3.89,5.516688354395339,14.678331657420767,5.51668828992689,14.678331657420767,38.765816,36.375397,41.073925
390,3.9,5.242857690451852,14.469560913740988,5.24285776940693,14.469560913740986,38.80818,36.41515,41.118813
391,3.91,5.007342539841244,14.605374167237335,5.007342619879434,14.605374167237335,38.800133,36.407597,41.110283
392,3.92,5.474164760460558,14.683740021184954,5.474164695819212,14.683740021184954,38.743298,36.354267,41.050064
393,3.93,4.880551206811282,14.370246278735793,4.880551256231259,14.370246278735793,38.838173,36.44329,41.15059
394,3.94,5.647872352776841,14.690791097759943,5.647872484088211,14.690791097759943,38.66675,36.28244,40.96896
395,3.95,4.976713111875468,14.8252295830687,4.976713007787978,14.825229583068701,38.85372,36.457882,41.167065
396,3.96,5.071335119843698,14.168447087470598,5.071335076590818,14.168447087470598,38.889297,36.491264,41.204758
397,3.97,5.371916949191712,14.890886617735289,5.371916985193706,14.890886617735289,38.911674,36.51226,41.228466
398,3.98,6.7927456890929925,15.43040779766097,6.79274587444459,15.43040779766097,38.802444,36.409763,41.112732
399,3.99,5.34625172582992,14.783883429561866,5.346251677016586,14.783883429561866,38.727184,36.339146,41.032993
400,4.0,4.8565257626414935,14.450695588361143,4.856525703777923,14.450695588361143,38.826366,36.432213,41.13808
401,4.01,5.469480377999284,15.176910213775887,5.469480416224762,15.176910213775887,38.94742,36.5458,41.26634
402,4.0200000000000005,5.489590679067386,15.037587411023546,5.489590803045298,15.037587411023546,38.863117,36.466698,41.177017
403,4.03,5.380482266251584,14.344662615579281,5.380482385224136,14.344662615579281,38.70905,36.32213,41.01378
404,4.04,5.030652711947743,14.100183119232247,5.030652697579067,14.100183119232247,38.757652,36.367733,41.065273
405,4.05,6.210327479417467,15.204383830563438,6.210327351030023,15.204383830563438,38.777645,36.386494,41.086456
406,4.0600000000000005,5.429061039735808,14.990693737786428,5.429061088268545,14.990693737786426,38.758724,36.36874,41.06641
407,4.07,6.244778891123838,15.683798486039798,6.244779044962821,15.683798486039798,38.756165,36.36634,41.063698
408,4.08,5.136595713999062,14.237141044283437,5.136595653770213,14.237141044283437,38.667713,36.28334,40.96998
409,4.09,5.690656692409419,13.960054550520598,5.690656773900418,13.960054550520598,38.90215,36.503323,41.218372
410,4.1,5.054250131621235,14.105937654545,5.054250016097701,14.105937654545,38.823696,36.429707,41.135254
411,4.11,4.795110393812442,13.426842947171107,4.795110494780702,13.426842947171107,38.84018,36.44517,41.152714
412,4.12,4.9172254088133025,12.956101707790703,4.9172254289211725,12.956101707790703,38.907585,36.508427,41.224136
413,4.13,4.28796080497187,13.07477998214289,4.287960768217844,13.07477998214289,38.832848,36.438293,41.144947
414,4.14,4.753271656725677,13.286510440198457,4.753271715380729,13.286510440198455,38.88168,36.484116,41.19669
415,4.15,4.554283040088308,13.305756160879662,4.554283001806809,13.30575616087966,38.839664,36.44469,41.15217
416,4.16,5.469386800190302,13.345080154882345,5.4693867883929075,13.345080154882345,39.030277,36.62355,41.35413
417,4.17,6.115435265145772,14.07265506727166,6.115435216087284,14.07265506727166,38.728016,36.339924,41.03387
418,4.18,4.522773324759859,13.424692052644378,4.522773350847535,13.424692052644378,39.043594,36.636044,41.36824
419,4.19,4.968982626636628,13.854044859965667,4.968982555255913,13.854044859965668,38.997665,36.59295,41.319576
420,4.2,4.512348162809849,13.142260777427099,4.512348242041992,13.142260777427099,38.797226,36.40487,41.107204
421,4.21,4.905644976478765,13.396855442125174,4.905645000898995,13.396855442125174,38.67967,36.294563,40.98265
422,4.22,4.99517653794418,13.49917985669069,4.995176520296841,13.49917985669069,38.779613,36.388344,41.088543
423,4.23,3.958997263141956,13.023213377251286,3.9589973183474436,13.023213377251286,38.844795,36.449505,41.157604
424,4.24,4.433028558205537,13.592925844825912,4.433028639788121,13.592925844825912,38.695885,36.309776,40.99983
425,4.25,4.142595214218497,13.134734266252238,4.142595247293265,13.134734266252238,38.8375,36.44266,41.149876
426,4.26,4.036777362162862,13.375097193332076,4.036777257224473,13.375097193332078,38.86762,36.47092,41.18179
427,4.2700000000000005,5.294330409903085,14.32455200328638,5.2943304549227586,14.32455200328638,38.79351,36.401382,41.103268
428,4.28,5.162291439961484,14.171162385648719,5.1622914472754875,14.171162385648719,38.738728,36.349976,41.045223
429,4.29,5.388232742240478,14.180091891153815,5.388232655418666,14.180091891153815,38.78504,36.393436,41.094296
430,4.3,5.459065211439961,14.854285967353098,5.459065206463028,14.854285967353098,38.888977,36.490963,41.20442
431,4.3100000000000005,5.130355209758775,14.373103090153311,5.130355282003525,14.373103090153311,38.820198,36.426422,41.131542
432,4.32,5.425105241438273,14.801937390940665,5.425105404323905,14.801937390940665,38.76001,36.36995,41.067772
433,4.33,5.314498963006864,14.392948621785594,5.314499026180791,14.392948621785594,38.882416,36.484806,41.197468
434,4.34,5.561815129037995,15.733420434056153,5.561815220941634,15.733420434056153,38.779106,36.387867,41.088005
435,4.3500000000000005,5.610354258403172,15.380736712678699,5.610354384389589,15.380736712678699,38.965073,36.562366,41.285046
436,4.36,5.3142859953026695,14.36202745902244,5.314286105007322,14.36202745902244,38.857082,36.461033,41.170624
437,4.37,5.513219290136379,15.035251666179107,5.513219455842439,15.035251666179107,38.737152,36.3485,41.043556
438,4.38,5.798607467379379,14.56043819348115,5.798607518478856,14.56043819348115,38.761196,36.37106,41.069027
439,4.39,4.966635993573511,13.46656930196866,4.966636009031548,13.466569301968658,38.760525,36.37043,41.068317
440,4.4,5.307162893731589,14.416539951240033,5.307162964617466,14.416539951240033,38.953735,36.551727,41.273033
441,4.41,4.8844648340599495,14.07731623520233,4.884464935673354,14.07731623520233,38.906364,36.50728,41.222843
442,4.42,5.352811289937209,14.097322319326608,5.352811254427637,14.09732231932661,38.70977,36.322803,41.01454
443,4.43,6.092866930325732,14.975050673262754,6.0928668603740395,14.975050673262754,38.732944,36.34455,41.039097
444,4.44,5.336042732477714,14.794131843261242,5.336042872007062,14.794131843261242,38.790146,36.398228,41.099705
445,4.45,5.702036558385132,15.08515082321491,5.702036674242014,15.085150823214912,38.93076,36.530167,41.248688
446,4.46,5.080290627270048,13.510311016347288,5.080290653114542,13.51031101634729,38.736797,36.348167,41.04318
447,4.47,4.955684602192069,14.535724798062821,4.955684650057201,14.535724798062821,38.803127,36.410404,41.113457
448,4.48,5.602219296648583,14.409712251784565,5.60221944043516,14.409712251784565,38.636467,36.254025,40.936874
449,4.49,3.9519492773371416,13.620085289887314,3.9519492770163844,13.620085289887314,38.92704,36.52668,41.24475
450,4.5,3.745433321032057,13.413535422349568,3.745433372030729,13.413535422349568,38.77675,36.385654,41.08551
451,4.51,3.58848157143949,13.3482697801996,3.5884816130479003,13.3482697801996,38.79419,36.40202,41.103985
452,4.5200000000000005,3.7766513121903316,13.545158362286415,3.7766513585164474,13.545158362286417,38.772892,36.382034,41.08142
453,4.53,4.068441766458861,12.984169986027066,4.0684417843748335,12.984169986027066,38.85292,36.45713,41.166214
454,4.54,4.788685803427989,13.978373923553534,4.788685814494228,13.978373923553534,38.85804,36.461933,41.17164
455,4.55,3.8633733256133898,13.699886527267754,3.8633732725700365,13.699886527267756,38.749825,36.36039,41.05698
456,4.5600000000000005,4.9719310782586,13.53684696610014,4.971930979027968,13.53684696610014,38.695644,36.30955,40.999577
457,4.57,4.750339072984512,13.164652768384975,4.750339152510683,13.164652768384975,38.726345,36.33836,41.0321
458,4.58,5.126685261046424,13.851333286474864,5.126685209912799,13.851333286474866,38.844234,36.44898,41.15701
459,4.59,4.489378117946521,13.391941075940338,4.489378128439177,13.391941075940338,38.778107,36.38693,41.08695
460,4.6000000000000005,3.993369297239818,13.127953229158013,3.9933693171086118,13.127953229158013,38.702126,36.315636,41.006443
461,4.61,4.798565731274727,13.404027566093738,4.798565753705378,13.404027566093738,38.75332,36.36367,41.060684
462,4.62,5.15185365572032,13.310785491159331,5.15185377400038,13.310785491159333,38.80775,36.414745,41.11836
463,4.63,5.590160988329464,13.744291464968004,5.590160861423482,13.744291464968002,38.674374,36.289593,40.97704
464,4.64,4.787970622350695,13.854156662339783,4.787970483987842,13.854156662339783,38.887905,36.489956,41.20328
465,4.65,4.750688448364167,13.325501991716143,4.75068838868112,13.325501991716143,38.70871,36.32181,41.01342
466,4.66,4.711759698699763,13.326571059110401,4.711759748899978,13.326571059110401,38.783737,36.392212,41.09291
467,4.67,5.332845956306025,13.671196807863055,5.332846098363661,13.671196807863055,38.698868,36.312576,41.00299
468,4.68,4.8758301682116505,13.459822441070095,4.875830196024007,13.459822441070095,38.866383,36.46976,41.180477
469,4.69,4.087621977299833,12.530359834511327,4.087621980250653,12.530359834511327,38.78029,36.388977,41.08926
470,4.7,4.352248177889562,12.445893336129464,4.3522481942133915,12.445893336129464,38.679516,36.29442,40.982487
471,4.71,4.4483302341897915,11.739333779654803,4.448330277092574,11.739333779654801,38.620853,36.239372,40.92033
472,4.72,3.212057854766365,11.605699562250324,3.2120578049876896,11.605699562250324,38.818497,36.424828,41.12974
473,4.73,2.947820099362618,11.432715305722581,2.9478200611858814,11.432715305722585,38.80125,36.40864,41.111465
474,4.74,2.412743440696358,11.236830795465025,2.412743434823044,11.236830795465027,38.83374,36.439133,41.145893
475,4.75,2.0928831686704386,11.149859352909262,2.0928831672341133,11.149859352909262,38.747074,36.35781,41.054066
476,4.76,2.1751214392169644,10.813462827163677,2.175121452191281,10.813462827163676,38.912582,36.51311,41.229427
477,4.7700000000000005,2.6055219542179717,10.766874869326934,2.6055219658143725,10.766874869326934,38.78009,36.38879,41.08905
478,4.78,2.2317240908318077,10.979626399878425,2.231724091320407,10.979626399878425,38.879585,36.482147,41.194466
479,4.79,2.3459917615951364,11.67677340265819,2.345991773076464,11.67677340265819,38.847244,36.451805,41.160202
480,4.8,2.428716187832993,11.843954189789061,2.428716194473075,11.843954189789061,38.74861,36.359253,41.055695
481,4.8100000000000005,3.14518098830212,11.72018151420123,3.1451809900732965,11.72018151420123,38.79986,36.40734,41.109993
482,4.82,2.6060628981873717,11.159331688889836,2.606062876966245,11.159331688889836,38.85599,36.46001,41.169468
483,4.83,2.3503162146382057,11.385759834578826,2.3503161876721386,11.385759834578826,38.83339,36.4388,41.14552
484,4.84,2.3621066382992972,10.565801463897387,2.3621066776274535,10.565801463897387,38.889942,36.491867,41.20544
485,4.8500000000000005,2.5137586569172456,10.029606603118019,2.513758649358838,10.029606603118019,38.794376,36.402195,41.104187
486,4.86,2.3351533213188285,9.764084648593139,2.335153285258155,9.764084648593139,38.92227,36.522205,41.239697
487,4.87,2.106124072659986,8.985036403959104,2.1061240353585506,8.985036403959104,38.791336,36.39934,41.100964
488,4.88,2.3862549026935373,9.11462743218947,2.3862548530947314,9.11462743218947,38.790054,36.39814,41.099606
489,4.89,2.521017996714346,8.835061304987542,2.5210179883861024,8.835061304987542,38.829113,36.434788,41.140987
490,4.9,2.1942204771233604,9.00736652937,2.1942204950101085,9.007366529369998,38.721535,36.333847,41.027008
491,4.91,2.2938766887710855,9.58754672525687,2.293876656772069,9.58754672525687,38.820347,36.426567,41.131702
492,4.92,2.3123961593343365,9.234627378528023,2.312396143899127,9.234627378528023,38.874363,36.47725,41.188934
493,4.93,2.0548223403602583,9.566533501700434,2.054822323160807,9.566533501700434,38.8013,36.40869,41.111523
494,4.94,1.8706141526206759,10.0823019892445,1.8706141749879983,10.082301989244499,38.957653,36.555405,41.277184
495,4.95,2.0066531510642878,9.694579365433258,2.0066531509206973,9.694579365433258,38.643433,36.26056,40.944256
496,4.96,1.6859319205320826,9.803306267033095,1.685931972346824,9.803306267033095,38.874657,36.477524,41.189243
497,4.97,1.755225911462442,9.491090858516316,1.755225966279895,9.491090858516316,38.645733,36.26272,40.946693
498,4.98,2.187269853410235,9.857829343956208,2.1872698220707196,9.857829343956208,38.791176,36.399193,41.100796
499,4.99,1.9332692330809311,9.85358559887321,1.9332692624622532,9.85358559887321,38.86352,36.467075,41.177444
500,5.0,2.046357833971046,10.237461585783743,2.0463577878721484,10.237461585783743,38.880825,36.483315,41.19578
501,5.01,1.7406381474034325,9.64504304375877,1.740638178457734,9.64504304375877,38.800266,36.407722,41.110428
502,5.0200000000000005,1.7313946038839656,9.430571244679829,1.7313945645273578,9.430571244679829,38.842083,36.44696,41.15473
503,5.03,2.0102893139678684,9.754688561006157,2.0102892627853435,9.754688561006157,38.896046,36.497597,41.211906
504,5.04,2.097227560876949,9.999489290424057,2.097227526789368,9.999489290424057,38.792038,36.4,41.10171
505,5.05,1.9189756675350307,9.953167699359165,1.9189756095523132,9.953167699359163,38.76236,36.372154,41.070263
506,5.0600000000000005,1.9375211665530088,10.112214160626648,1.9375211973960837,10.112214160626648,38.801746,36.40911,41.11199
507,5.07,2.2010638880183233,10.117628407159676,2.2010638301876524,10.117628407159676,38.853184,36.45738,41.166496
508,5.08,2.0512769326538947,9.908516153513256,2.051276960366575,9.908516153513256,38.822357,36.42845,41.13383
509,5.09,1.7781971025474794,10.107497874494706,1.7781971649501924,10.107497874494706,38.82314,36.429184,41.13466
510,5.1000000000000005,2.050577304979501,10.465933897441614,2.050577253328596,10.465933897441614,38.770622,36.379906,41.079018
511,5.11,2.059686663125773,10.627314899695271,2.0596866244247733,10.627314899695271,38.882027,36.48444,41.197056
512,5.12,2.225453059257744,11.028583397981352,2.2254530842151232,11.028583397981352,38.898144,36.499565,41.21413
513,5.13,1.7832954699101828,10.54263586380601,1.7832954457967576,10.54263586380601,38.758125,36.36818,41.065773
514,5.14,2.21927281726945,10.524343113121516,2.219272766220224,10.524343113121516,38.72323,36.335434,41.0288
515,5.15,1.9785914742992758,10.675749717658615,1.978591453592034,10.675749717658615,38.67586,36.29099,40.978615
516,5.16,2.0167738394524255,10.821526297291378,2.0167738468621668,10.821526297291378,38.7832,36.39171,41.092342
517,5.17,2.0756941580172383,10.690011213476899,2.075694123430492,10.690011213476899,38.64521,36.262226,40.946136
518,5.18,2.4895509304938126,10.392941057082979,2.489550954846507,10.392941057082979,38.604786,36.224293,40.903305
519,5.19,2.9248576312930847,12.088635360579477,2.9248576325288034,12.088635360579476,38.896347,36.49788,41.212227
520,5.2,2.1513148513356786,11.917554950862433,2.151314832090981,11.917554950862433,38.857185,36.461132,41.170734
521,5.21,2.2917992249720207,11.853604949981953,2.2917992540684233,11.853604949981953,38.692116,36.30624,40.99584
522,5.22,2.6007436418776004,13.201871485774515,2.600743600073077,13.201871485774516,38.76391,36.373608,41.071903
523,5.23,2.7809678834346196,12.461707311772757,2.780967920049484,12.461707311772757,38.7913,36.399307,41.100925
524,5.24,1.9942796949728916,12.079115929085315,1.9942797389677192,12.079115929085313,38.6851,36.299656,40.988403
525,5.25,2.0597546184792885,11.82027857182502,2.0597545946121922,11.82027857182502,38.93251,36.53181,41.25054
526,5.26,2.145549764094228,11.303346112790658,2.1455496952436777,11.303346112790658,38.672836,36.28815,40.97541
527,5.2700000000000005,2.2727357217985027,12.513618433702794,2.2727357300627316,12.513618433702794,38.81573,36.422234,41.126812
528,5.28,1.95461337095573,11.324763745626745,1.9546133575760165,11.324763745626745,38.878128,36.48078,41.19292
529,5.29,2.411958990280114,11.728553912126294,2.411958991922196,11.728553912126294,38.864803,36.468277,41.178802
530,5.3,2.295850169145465,11.608467992595713,2.2958502009901487,11.608467992595713,38.70866,36.321766,41.013367
531,5.3100000000000005,2.355574329422328,11.735801704091523,2.355574282296988,11.735801704091525,38.95864,36.55633,41.27823
532,5.32,2.5084314441522246,11.858531902249155,2.508431493673298,11.858531902249155,38.813705,36.420334,41.124664
533,5.33,2.2357377962428506,12.295372240622232,2.2357377585085887,12.295372240622232,38.807102,36.414135,41.11767
534,5.34,2.4855009340020935,11.976326709263596,2.485500910702624,11.976326709263594,38.693977,36.307987,40.997807
535,5.3500000000000005,2.3525834426330148,11.55334052080654,2.352583453616849,11.553340520806538,38.74158,36.352657,41.04825
536,5.36,2.3007109196973383,11.450799153050403,2.300710943677167,11.450799153050403,38.772087,36.38128,41.08057
537,5.37,2.12326107181559,11.347057070091894,2.123261013665769,11.347057070091894,38.781696,36.390297,41.09075
538,5.38,2.3788212963689723,11.560345451885327,2.378821275184831,11.560345451885327,38.780106,36.388805,41.089066
539,5.39,2.2869714108634622,11.214321653546557,2.286971433907569,11.214321653546557,38.795593,36.403336,41.105473
540,5.4,2.588629362758288,11.238277761287614,20.287469930745065,28.475797232335704,38.88762,36.489685,41.202976
541,5.41,2.2552330000769114,10.760496851562054,19.843843634273355,28.97984834333531,38.702114,36.31562,41.006428
542,5.42,2.468661324714331,10.941560611217813,2.4686613117502123,10.941560611217813,38.81571,36.422215,41.12679
543,5.43,2.307240059531826,10.232428114716187,2.3072400099330124,10.232428114716187,38.747288,36.358013,41.054295
544,5.44,1.9846205101564063,10.485752978939441,1.9846205122471905,10.485752978939441,38.79242,36.40036,41.10211
545,5.45,2.0701148575547874,10.549395433965646,2.0701148599814325,10.549395433965644,38.7868,36.395084,41.096157
546,5.46,2.218538245524738,10.633778885370685,2.2185381883865154,10.633778885370686,38.855003,36.459084,41.16842
547,5.47,2.3886020441977145,10.164718809792802,2.388602031033625,10.164718809792802,38.757576,36.367664,41.065193
548,5.48,2.1194118448999686,9.995909172864682,2.1194118233150374,9.995909172864682,38.782505,36.391056,41.091606
549,5.49,2.180766024148545,10.775341476177806,2.180766033888164,10.775341476177806,38.828575,36.434284,41.140423
550,5.5,2.511418438334977,10.340740025024306,2.5114183823042144,10.340740025024306,38.927307,36.526928,41.24503
551,5.51,2.2988588759317556,10.290142067512187,2.298858879733103,10.290142067512187,38.81128,36.418056,41.122093
552,5.5200000000000005,2.481038373512731,10.552001238830188,2.481038360275314,10.552001238830188,38.900394,36.50168,41.216515
553,5.53,2.25446908360121,10.170351376113244,2.2544690860538754,10.170351376113244,38.758675,36.368694,41.06636
554,5.54,2.38126917562884,9.999754199636564,2.3812691799125743,9.999754199636564,38.749123,36.35973,41.056236
555,5.55,2.2475214181576075,10.160018104391025,2.2475214136120445,10.160018104391025,38.88127,36.48373,41.196255
556,5.5600000000000005,1.9373959236598741,10.152878730460694,1.9373959655298085,10.152878730460694,38.92915,36.528656,41.246983
557,5.57,2.542977071997318,10.754878829616699,2.5429770978254256,10.754878829616699,38.857533,36.461456,41.1711
558,5.58,2.2602405490600237,10.121407315872197,2.2602405040693916,10.121407315872199,38.978294,36.57477,41.299053
559,5.59,2.349230721242247,9.55049178275515,2.349230738693137,9.55049178275515,38.81258,36.419277,41.123474
560,5.6000000000000005,2.240751204452521,9.915818381829801,2.240751173053747,9.915818381829801,38.788177,36.396378,41.09762
561,5.61,2.1327467445391792,10.262146617595038,2.132746771545735,10.26214661759504,38.690117,36.304367,40.993717
562,5.62,2.181558841134866,10.269346088736873,2.1815588347067068,10.269346088736873,38.7696,36.378944,41.077934
563,5.63,2.867393430208221,10.631143770437616,2.867393443526024,10.631143770437616,38.72156,36.33387,41.027035
564,5.64,2.185712419394931,9.668886288232285,2.185712400130324,9.668886288232285,38.728413,36.340298,41.034294
565,5.65,2.2921928807506893,10.255648629446755,2.292192926205846,10.255648629446757,38.804516,36.41171,41.11493
566,5.66,2.478744086814019,10.57487827854635,2.4787440445508673,10.57487827854635,38.667187,36.28285,40.969425
567,5.67,2.7229060070412197,10.85299321879635,2.7229060626112247,10.85299321879635,38.808266,36.41523,41.118904
568,5.68,2.1921493624176374,10.546308223674792,2.1921493520583666,10.546308223674792,38.815266,36.421795,41.126316
569,5.69,2.459518700190347,10.702497894702597,2.4595187685136533,10.702497894702597,38.659626,36.275757,40.961414
570,5.7,2.593402988064587,10.547558336260677,2.593402984806886,10.547558336260677,38.64598,36.26295,40.946953
571,5.71,2.4589987784853062,10.792393635389942,2.458998718243501,10.792393635389942,38.805706,36.412827,41.116188
572,5.72,2.0872179809839637,9.69165839574767,2.087217997300536,9.69165839574767,38.875145,36.47798,41.189762
573,5.73,2.0887458982321183,10.334322712767882,2.088745870194622,10.334322712767882,38.813374,36.42002,41.124313
574,5.74,2.179179357055551,10.150456041763842,2.1791793144702316,10.150456041763842,38.716717,36.329327,41.021904
575,5.75,2.307742170851214,10.6906291270786,2.307742250911602,10.6906291270786,38.69199,36.30612,40.995705
576,5.76,2.353921139199124,10.744381992780337,2.3539210938009685,10.744381992780337,38.877655,36.48034,41.192425
577,5.7700000000000005,2.199325989134712,10.641671332789155,2.199326032103991,10.641671332789155,38.714306,36.32706,41.019344
578,5.78,2.435901776248752,10.778531540141852,2.435901797993874,10.778531540141852,38.935135,36.534275,41.253323
579,5.79,2.427188749599408,10.863509160466323,2.4271887477180036,10.863509160466323,38.793625,36.401493,41.10339
580,5.8,2.19407783808339,10.506082224326972,2.1940778258880855,10.506082224326972,38.785645,36.394,41.094933
581,5.8100000000000005,2.2985980923789606,11.238854492283128,2.2985980967846675,11.238854492283128,38.876633,36.479378,41.191338
582,5.82,2.2536702546270715,11.295262572759516,2.253670292506103,11.295262572759516,38.888348,36.49037,41.20375
583,5.83,2.167494453097209,11.026454152418864,2.167494491527362,11.026454152418864,38.73179,36.343468,41.03787
584,5.84,3.1404676271051883,11.243485621304295,3.1404676115677606,11.243485621304295,38.78834,36.396534,41.097794
585,5.8500000000000005,2.0375845524204697,10.498370732076681,2.037584601281395,10.498370732076681,38.831493,36.437023,41.14351
586,5.86,2.353401423748844,10.743072866281816,2.3534014467737907,10.743072866281816,38.881706,36.484142,41.196716
587,5.87,2.210496416951688,10.831504193820173,2.2104964666369926,10.831504193820173,38.840443,36.445423,41.152996
588,5.88,2.3311397217782375,10.236119818184052,2.3311397778653316,10.23611981818405,38.788307,36.3965,41.097755
589,5.89,1.9931147747986808,10.2377158751849,1.9931147738696922,10.2377158751849,38.81034,36.417175,41.121098
590,5.9,2.400355522524744,10.42741453354904,2.400355566466836,10.427414533549038,38.62185,36.240307,40.921383
591,5.91,2.5558034322531697,10.275556292324117,2.5558034109971497,10.275556292324117,38.8256,36.431496,41.137268
592,5.92,2.3477789598107535,10.133317452194074,2.347778944974287,10.133317452194074,38.6844,36.299,40.98766
593,5.93,3.928779379310316,10.657914551034752,3.9287794407536434,10.657914551034752,38.726376,36.33839,41.03214
594,5.94,4.470150442274764,10.647672443825437,4.470150598277917,10.647672443825437,38.82766,36.433426,41.13945
595,5.95,4.37878906599885,11.086835034082968,4.378789131659163,11.086835034082968,38.827168,36.432964,41.138927
596,5.96,4.178051729214741,10.760592568431726,4.178051688552219,10.760592568431724,38.685417,36.299957,40.98874
597,5.97,4.3354820923956785,10.049225337935622,4.335482076607704,10.049225337935622,38.7636,36.373314,41.071575
598,5.98,3.355750360963892,10.058225952965888,3.355750265803468,10.058225952965888,38.912125,36.512684,41.228943
599,5.99,2.6645829681649924,10.303090109144392,2.664583038994054,10.303090109144392,38.64736,36.264248,40.948418
600,6.0,2.44547498410988,10.086210098773071,2.4454749477762556,10.086210098773071,38.877308,36.48001,41.192055
601,6.01,2.457061159387735,10.201460791064637,2.4570611750460465,10.201460791064637,38.78773,36.39596,41.097145
602,6.0200000000000005,2.668666932794133,10.536241184670713,2.668666867969273,10.536241184670713,38.84315,36.447964,41.155865
603,6.03,2.357453058574117,10.704316496006243,2.3574531074950253,10.704316496006243,38.813377,36.420025,41.12432
604,6.04,2.685303808105575,11.039895452885702,2.6853038080621534,11.039895452885702,38.797165,36.40481,41.10714
605,6.05,2.065488614985289,10.41231933940826,2.065488643322133,10.41231933940826,38.82439,36.43036,41.135986
606,6.0600000000000005,2.7534526146686926,10.7086054609377,2.7534526124641236,10.7086054609377,38.821236,36.427395,41.13264
607,6.07,2.7816297560633956,10.469036307356038,2.7816298267429853,10.469036307356038,38.75172,36.36217,41.05899
608,6.08,2.2070189252273886,10.173121979903964,2.2070189159859526,10.173121979903964,38.85409,36.45823,41.167458
609,6.09,2.444830986307388,10.054382666947404,2.444830958108556,10.054382666947404,38.7591,36.369095,41.06681
610,6.1000000000000005,2.0665220514659826,10.364776568772582,2.066522087502056,10.364776568772582,38.73497,36.34645,41.04124
611,6.11,2.157106177147149,10.226007044028899,2.1571061271460326,10.226007044028899,38.8109,36.4177,41.121693
612,6.12,2.7478171812205034,10.83280219129878,2.7478171428730453,10.83280219129878,38.732914,36.344524,41.039062
613,6.13,2.5973140010539293,10.375800164893679,2.5973140411656397,10.375800164893679,38.82068,36.426876,41.132053
614,6.140000000000001,2.2001385305352064,10.680759962715932,2.200138495752945,10.680759962715932,38.7074,36.320583,41.01203
615,6.15,2.355512880211126,10.259493010350377,2.3555129205901886,10.259493010350377,38.78733,36.395584,41.09672
616,6.16,2.58562994585449,10.581395787694385,2.5856298606350796,10.581395787694385,38.939342,36.53822,41.257782
617,6.17,2.24878406418409,10.382261525769087,2.248783995121001,10.382261525769087,38.750866,36.361366,41.058083
618,6.18,2.27414748617592,9.854256617737684,2.2741474664958687,9.854256617737684,38.762924,36.37268,41.070858
619,6.19,2.242773184415703,10.502625638376708,2.242773159309171,10.502625638376708,38.89715,36.49863,41.213074
620,6.2,2.5755795209443777,10.60118797412117,2.575579553968045,10.60118797412117,38.753513,36.363853,41.06089
621,6.21,2.5360451469368863,10.159532484926686,2.536045120096227,10.159532484926686,38.80446,36.411655,41.11487
622,6.22,2.187596932020205,9.922323295492317,2.187596977785544,9.922323295492317,38.92647,36.526146,41.24415
623,6.23,2.3168713458263435,9.35316474139395,2.316871276109685,9.35316474139395,38.808277,36.41524,41.118916
624,6.24,2.2491725848829502,9.427275400970226,2.249172588469875,9.427275400970226,38.882446,36.484833,41.1975
625,6.25,2.6118635522016556,9.676875572306978,2.6118636140684557,9.676875572306978,38.840332,36.44532,41.152878
626,6.26,2.615279718053059,9.591397559046102,2.6152796864430923,9.591397559046102,38.674328,36.289547,40.976986
627,6.2700000000000005,2.2397053761616137,10.48300526992286,2.239705350955977,10.483005269922858,38.80739,36.414406,41.117973
628,6.28,2.179567278104992,10.215355907868416,2.179567310196175,10.215355907868416,38.912045,36.512608,41.22886
629,6.29,2.254000997232651,9.776913247455141,2.2540010454229593,9.776913247455141,38.787117,36.395382,41.096493
630,6.3,2.802391730645255,10.357666581651594,2.802391716261417,10.357666581651594,38.764576,36.374233,41.07261
631,6.3100000000000005,2.6390891280502116,10.341951773926796,2.639089189762667,10.341951773926796,38.81978,36.42603,41.1311
632,6.32,2.2159516394282677,10.159649709439602,2.2159516847253142,10.159649709439602,38.71478,36.327507,41.01985
633,6.33,2.3280313872577616,10.275838319539387,2.3280313900696568,10.275838319539387,38.682243,36.296978,40.98538
634,6.34,2.5940170477962425,10.433662668585495,2.5940171152426728,10.433662668585495,38.807205,36.414234,41.11778
635,6.3500000000000005,2.512686596681901,10.68254279407329,2.5126866233684213,10.68254279407329,38.79611,36.40382,41.10602
636,6.36,2.3297929562897437,9.697394519893072,2.3297929668103086,9.697394519893072,38.697037,36.31086,41.00105
637,6.37,2.761588442900321,9.755205408427406,2.761588448814199,9.755205408427406,38.7027,36.316174,41.007053
638,6.38,2.6663315623991433,10.332697718588602,2.666331551058631,10.332697718588602,38.836998,36.44219,41.149345
639,6.390000000000001,2.4093135704048603,11.018005413511597,2.409313560964954,11.018005413511597,38.752235,36.362656,41.059536
640,6.4,3.0980862713793793,10.618309485090093,3.0980862479862465,10.618309485090093,38.810425,36.41725,41.12119
641,6.41,2.401958194356888,10.58376438742836,2.4019582144022826,10.58376438742836,38.777542,36.3864,41.086346
642,6.42,2.0083465444444517,10.53640782723437,2.008346574931343,10.53640782723437,38.910213,36.510887,41.226917
643,6.43,2.4487615922186183,10.894178662873204,2.4487615389172936,10.894178662873204,38.71957,36.332,41.024925
644,6.44,2.5030893175686573,11.24297475016198,2.5030892551171076,11.24297475016198,38.81278,36.41946,41.12368
645,6.45,2.830185575228823,11.379725813818037,2.8301855872312087,11.379725813818037,38.7833,36.3918,41.09245
646,6.46,2.651097028957236,11.10048839832582,2.651097065799379,11.10048839832582,38.797314,36.404953,41.1073
647,6.47,2.0014610829845583,10.888814669399258,2.001461086773997,10.888814669399258,38.771904,36.381107,41.08037
648,6.48,2.770964034167456,10.925872898359493,2.7709640252003114,10.925872898359493,38.858418,36.462288,41.17204
649,6.49,2.630287199838198,11.178736557990094,2.6302871257855096,11.178736557990094,38.806934,36.41398,41.11749
650,6.5,2.397706304381998,10.579776797991933,2.3977063090992776,10.579776797991933,38.73992,36.3511,41.04649
651,6.51,2.2687545798338755,10.615606145398083,2.2687545675775653,10.615606145398083,38.841022,36.445965,41.15361
652,6.5200000000000005,2.6140883588549095,10.30037061780241,2.614088321935865,10.30037061780241,38.71226,36.32514,41.01718
653,6.53,2.3823720841433977,10.477636603797484,2.382372074684698,10.477636603797484,38.827423,36.433205,41.1392
654,6.54,2.294196741912113,10.664185413119153,2.2941967921508093,10.664185413119153,38.85886,36.462704,41.17251
655,6.55,2.462355659323976,10.520088023296047,2.4623556453249393,10.520088023296047,38.736656,36.348034,41.043026
656,6.5600000000000005,2.5153616442082956,10.713177206323845,2.515361633367236,10.713177206323845,38.845573,36.450233,41.15843
657,6.57,2.7150576569789666,9.93285295316202,2.7150575949856823,9.93285295316202,38.748653,36.35929,41.055737
658,6.58,2.537787927059357,9.473090046795182,2.5377879424677974,9.473090046795182,38.76237,36.372166,41.070274
659,6.59,2.5751290922878347,9.348139952396004,2.575129037379573,9.348139952396004,38.83473,36.44006,41.14694
660,6.6000000000000005,3.3322621330294138,9.532035317897634,3.332262199011733,9.532035317897634,38.759308,36.36929,41.067028
661,6.61,2.3214863085767585,10.028911945225948,2.3214862850438736,10.028911945225948,38.77263,36.38179,41.081142
662,6.62,2.473224348180807,10.047644050282432,2.4732243746050036,10.047644050282432,38.81308,36.419743,41.124
663,6.63,2.237526532857404,9.901230315101289,2.237526567064332,9.901230315101287,38.79426,36.402084,41.104057
664,6.640000000000001,2.2198255808228264,10.08822835884155,2.2198255957124453,10.08822835884155,38.79341,36.40129,41.10316
665,6.65,2.5262768761869223,10.619762666886714,2.5262768312716943,10.619762666886714,38.646008,36.262978,40.946983
666,6.66,2.123250262723291,9.765283231115026,2.1232502308097763,9.765283231115026,38.743534,36.354485,41.050312
667,6.67,2.4140519400725666,9.900408342393002,2.4140519083776044,9.900408342393002,38.75079,36.361298,41.058002
668,6.68,2.117162979711808,9.552955205019565,2.1171629292758984,9.552955205019567,38.849632,36.454044,41.16273
669,6.69,2.5322175307680284,9.587258857627234,2.5322175797542816,9.587258857627235,38.86634,36.469723,41.180435
670,6.7,2.342926283033714,9.284811702181939,2.342926275731983,9.284811702181939,38.796078,36.403793,41.105988
671,6.71,2.373688180163434,9.898546028863613,2.373688145388232,9.898546028863613,38.700493,36.314102,41.004715
672,6.72,2.3925877152429376,9.373560371872268,2.3925877278926513,9.373560371872268,38.8949,36.49652,41.210697
673,6.73,2.833657594513608,9.499274591622749,2.833657564151912,9.499274591622749,38.834213,36.439575,41.146393
674,6.74,2.311517553557703,9.035803474894017,2.311517511966541,9.035803474894017,38.76053,36.370434,41.06832
675,6.75,3.064225595084048,9.327457939299425,3.064225644992028,9.327457939299425,38.737354,36.34869,41.04377
676,6.76,2.7449332482018822,10.0348017121407,2.7449331966558503,10.0348017121407,38.702034,36.315548,41.006344
677,6.7700000000000005,2.9300723839837084,9.871861012864958,2.930072388734525,9.871861012864958,38.75411,36.36441,41.06152
678,6.78,3.467548036003156,9.69543232453014,3.46754794832037,9.69543232453014,38.78933,36.397457,41.09884
679,6.79,3.1423422033235378,9.793058895558953,3.1423422555107385,9.793058895558953,38.839165,36.44422,41.15164
680,6.8,2.1693456798078286,9.30098285359466,2.1693457357854253,9.30098285359466,38.826614,36.432446,41.138344
681,6.8100000000000005,2.39765267106706,9.544786738028076,2.3976526333546286,9.544786738028076,38.766884,36.3764,41.075054
682,6.82,2.378576810813145,10.225548992023732,2.37857678089288,10.225548992023732,38.82803,36.433773,41.139843
683,6.83,2.4473047642942904,9.870174451161422,2.44730483469303,9.870174451161422,38.817272,36.42368,41.128445
684,6.84,2.1406024975643914,9.897190989022109,2.1406025585484167,9.897190989022109,38.87195,36.474983,41.186375
685,6.8500000000000005,2.1780900974276474,9.656160163477386,2.1780901383443743,9.656160163477386,38.775723,36.384693,41.084423
686,6.86,2.5928446515083414,9.553915651837602,2.59284470669913,9.553915651837602,38.837425,36.44259,41.1498
687,6.87,2.3083759296281667,9.543040769095654,2.308375870059715,9.543040769095654,38.776142,36.385082,41.08486
688,6.88,2.679183316903797,9.696735755521138,2.6791833293671923,9.696735755521138,38.839687,36.444714,41.152195
689,6.890000000000001,2.4241949969341583,9.539340251518748,2.4241950351732533,9.539340251518748,38.727295,36.33925,41.033108
690,6.9,2.786741681570055,9.281338022740366,2.786741581727658,9.281338022740366,38.82257,36.42865,41.13406
691,6.91,2.513950880001017,8.509668085513166,2.5139508669441377,8.509668085513166,38.761715,36.371548,41.06958
692,6.92,2.6339365762413873,9.39467609056857,2.633936550635271,9.39467609056857,38.789375,36.397503,41.09889
693,6.93,2.2434021508657174,9.576874221375112,2.243402156525357,9.576874221375112,38.925514,36.525246,41.24313
694,6.94,2.7876300349927674,9.306153082646205,2.787630034212194,9.306153082646205,38.79479,36.40258,41.10462
695,6.95,2.0311050886931783,9.173268974403172,2.031105119445271,9.173268974403172,38.77159,36.380817,41.080044
696,6.96,2.194780231327004,9.08097390793259,2.1947801586813993,9.08097390793259,38.91972,36.51981,41.23699
697,6.97,2.537276708397611,9.455616526635344,2.5372767853512683,9.455616526635344,38.84226,36.447124,41.15492
698,6.98,2.7753684143089665,9.751826696091989,2.7753684725660634,9.751826696091989,38.765728,36.375317,41.073833
699,6.99,2.3776576292874583,9.387526937657727,2.3776576335812463,9.387526937657727,38.763527,36.373245,41.0715
700,7.0,2.437602441682279,9.268692111099499,2.4376024054661505,9.268692111099499,38.890903,36.49277,41.206463
701,7.01,2.0964953972349307,9.054514409132667,2.096495340146487,9.054514409132667,38.891132,36.492985,41.206703
702,7.0200000000000005,2.727202915859859,9.454833710024657,2.7272028270318165,9.454833710024657,38.772682,36.38184,41.0812
703,7.03,2.4513683141475626,10.982703913580405,2.451368261248527,10.982703913580405,38.802677,36.409985,41.11298
704,7.04,2.614032925074433,11.27830005599971,2.6140329128706474,11.278300055999708,38.8817,36.48413,41.196705
705,7.05,2.5094821745002007,11.272323213578783,2.5094821774314635,11.272323213578783,38.714703,36.327435,41.019768
706,7.0600000000000005,2.8386823457855304,11.218794846684148,2.83868236252679,11.218794846684148,38.73247,36.34411,41.038597
707,7.07,2.2117223142422486,11.530005098149399,2.2117222934456224,11.530005098149399,38.769203,36.378574,41.077515
708,7.08,2.571352106620235,11.726393324354598,2.5713521471728065,11.726393324354596,38.773937,36.383015,41.082527
709,7.09,2.755223791073973,12.163295278648183,2.7552237254602026,12.163295278648183,38.815083,36.421623,41.126125
710,7.1000000000000005,1.9055707592523643,11.92243360540184,1.9055708231980533,11.92243360540184,38.733284,36.344868,41.039455
711,7.11,2.482356301041979,12.867049284161407,2.482356288591848,12.867049284161409,38.71801,36.330536,41.023273
712,7.12,2.534264855400607,13.681344053314636,2.5342648711428164,13.681344053314634,38.83815,36.443268,41.150562
713,7.13,2.7879846719064765,13.075978060309678,2.787984723886848,13.075978060309676,38.739124,36.35035,41.045643
714,7.140000000000001,2.727591568417662,13.158458247156661,2.7275916195098913,13.158458247156661,38.887997,36.490044,41.20338
715,7.15,3.270775808252149,13.32846234508432,3.270775696723497,13.328462345084322,38.861923,36.465576,41.17575
716,7.16,3.3333817473848626,12.224703196770383,3.333381838886843,12.224703196770383,39.030113,36.623394,41.35396
717,7.17,2.948475525006988,11.203234996169495,2.948475585667797,11.203234996169495,38.737907,36.34921,41.044353
718,7.18,3.2606279647578926,11.06005274178289,3.2606278845175227,11.06005274178289,38.82158,36.42772,41.133007
719,7.19,3.5599928015830007,10.85162976925289,3.5599927706834804,10.85162976925289,38.769,36.378384,41.0773
720,7.2,4.510862848980571,11.111060576060588,4.510862841745716,11.111060576060588,38.772488,36.381657,41.080994
721,7.21,3.759205446952406,11.163940019088926,3.759205425520084,11.163940019088926,38.898426,36.49983,41.214428
722,7.22,4.517661524563986,11.55691588947899,4.517661555950008,11.55691588947899,38.873615,36.47655,41.188145
723,7.23,4.103542236928152,10.318722050547839,4.103542312034543,10.318722050547839,38.982605,36.57882,41.303623
724,7.24,4.068462834721047,10.445046700714085,4.068462902131952,10.445046700714087,38.846565,36.451168,41.159485
725,7.25,3.103914498133236,10.775840383513456,3.103914539577067,10.775840383513456,38.664806,36.280617,40.966904
726,7.26,3.4790106411880224,10.414437811301765,3.4790106676631307,10.414437811301767,38.69506,36.309006,40.99896
727,7.2700000000000005,4.667095788084827,9.388508400857367,4.667095732041345,9.388508400857367,38.887554,36.489628,41.202908
728,7.28,3.6049465882715976,9.873643720515238,3.604946635054784,9.873643720515238,38.678925,36.29386,40.98186
729,7.29,4.2920857360665385,9.724628290115,4.29208559285772,9.724628290115,38.82579,36.43167,41.13747
730,7.3,4.868312679293939,10.43745748410371,4.868312832583215,10.43745748410371,38.849514,36.453934,41.162605
731,7.3100000000000005,4.971199276470773,10.492316148905017,4.97119929533356,10.492316148905017,38.680927,36.295742,40.983982
732,7.32,4.92794318007943,10.636807357283775,4.927943186608063,10.636807357283775,38.863335,36.4669,41.177246
733,7.33,4.287107133670803,10.171402567720957,4.287107064679983,10.171402567720957,38.78153,36.390137,41.09057
734,7.34,4.718012195150002,10.603849137096772,4.718012132850956,10.603849137096772,38.84097,36.445915,41.153553
735,7.3500000000000005,4.1971419859757715,10.84195615145658,4.1971418954061654,10.84195615145658,38.77078,36.380054,41.07918
736,7.36,4.306173374376724,10.112250386256179,4.306173233158971,10.112250386256179,38.69565,36.309555,40.99958
737,7.37,3.9039110501017036,10.03579492806436,3.9039109583009575,10.03579492806436,38.872425,36.475433,41.186882
738,7.38,4.211520449716789,10.688145502133969,4.211520486699428,10.688145502133967,38.809696,36.41657,41.120415
739,7.390000000000001,4.134834510949581,9.949178564647054,4.13483452098807,9.949178564647054,38.853024,36.457226,41.166325
740,7.4,5.0747091013196695,11.042719548813318,5.074709152369563,11.042719548813318,38.805187,36.41234,41.11564
741,7.41,3.8448201294910285,10.133401676183627,3.844820080363462,10.133401676183626,38.92018,36.52024,41.23748
742,7.42,4.540669065235298,10.742914698464105,4.540669004654041,10.742914698464105,38.75393,36.364243,41.061333
743,7.43,3.6277183605980685,10.244992358410089,3.6277183616696314,10.244992358410089,38.77627,36.38521,41.085003
744,7.44,2.569326025601908,10.450138550339048,2.5693260323113467,10.450138550339048,38.705044,36.31837,41.009533
745,7.45,2.6595856565023657,9.766422416994269,2.6595856188360725,9.766422416994269,38.898476,36.499874,41.21448
746,7.46,2.845469892653113,10.241449872726019,2.845469881925266,10.241449872726017,38.818584,36.424908,41.129833
747,7.47,3.243820078312352,10.990988190388999,3.243820019666267,10.990988190388999,38.70466,36.31801,41.009125
748,7.48,2.8718336949161407,10.551748722113084,2.8718336981195143,10.551748722113084,38.774597,36.383633,41.083225
749,7.49,3.642365031295552,10.402433533201803,3.642365070816798,10.402433533201803,38.733734,36.34529,41.039932
750,7.5,3.7686589795544934,10.789256348969971,3.768659069868165,10.78925634896997,38.7939,36.40175,41.10368
751,7.51,3.2848664087711827,11.107189515869218,3.2848664307355744,11.107189515869218,38.86169,36.46536,41.17551
752,7.5200000000000005,3.245468551510839,10.800885550355657,3.245468459800005,10.800885550355657,38.743546,36.3545,41.050327
753,7.53,4.067762245057961,10.65565683502602,4.067762361836717,10.65565683502602,38.795055,36.402832,41.104904
754,7.54,3.0816669278153004,10.385128877836133,3.0816669735668514,10.385128877836133,38.73031,36.342075,41.0363
755,7.55,3.587687843915812,9.885469366904966,3.5876879294245567,9.885469366904966,38.7482,36.358868,41.05526
756,7.5600000000000005,3.605567698289706,9.732793545775753,3.605567761638529,9.73279354577575,38.836014,36.441265,41.1483
757,7.57,2.251957078202921,9.984089898356915,2.2519571161983385,9.984089898356915,38.760742,36.370636,41.068546
758,7.58,2.602361535141514,10.14424519318782,2.6023615540407956,10.14424519318782,38.802193,36.40953,41.11247
759,7.59,1.9933666403988357,10.644315082481782,1.9933666468499802,10.644315082481782,38.80374,36.41098,41.114105
760,7.6000000000000005,2.1140114201066456,9.430230715597615,2.1140113803450444,9.430230715597615,38.687527,36.301933,40.990974
761,7.61,3.2907841593764546,10.23425416424488,3.2907840890733078,10.23425416424488,38.6968,36.310635,41.000797
762,7.62,2.685753836656341,10.125568606014825,2.6857537913541045,10.125568606014825,38.885674,36.487865,41.20092
763,7.63,4.638189561321973,11.025223399580735,4.638189418223508,11.025223399580735,38.66193,36.277916,40.963852
764,7.640000000000001,3.116162896405737,10.12726327575188,3.1161629180833503,10.12726327575188,38.87962,36.48218,41.194504
765,7.65,3.5392670662135775,10.110533115950442,3.5392670995944013,10.110533115950444,38.79678,36.40445,41.10673
766,7.66,3.5964686911565753,10.560172677428133,3.5964686276573117,10.560172677428133,38.74806,36.358734,41.05511
767,7.67,3.1214139105422616,10.463314408960764,3.1214139765338804,10.463314408960764,38.80517,36.412323,41.11562
768,7.68,3.8968271038331954,11.319583653749612,3.8968270063836394,11.319583653749614,38.795845,36.403572,41.10574
769,7.69,4.096459361523807,10.950930819731463,4.096459391550035,10.950930819731463,38.737915,36.349216,41.044365
770,7.7,3.0121568629805626,10.329605953917767,3.0121568104007173,10.329605953917767,38.70142,36.314972,41.005695
771,7.71,3.7504058513511978,10.40800941349591,3.7504057585970396,10.40800941349591,38.925915,36.525623,41.243557
772,7.72,3.963703791290026,10.640951326854424,3.963703815691706,10.640951326854424,38.862965,36.466553,41.176857
773,7.73,4.179441463882366,10.179656317008302,4.179441531591484,10.179656317008302,38.77694,36.385834,41.085712
774,7.74,4.083308957066242,9.824955938835277,4.083309072653975,9.824955938835277,38.65955,36.27568,40.96133
775,7.75,4.729754090509165,10.063697821258948,4.7297539631234535,10.063697821258948,38.755302,36.365532,41.062782
776,7.76,4.745987717929469,10.22727540936036,4.7459877906202,10.227275409360361,38.83809,36.443214,41.1505
777,7.7700000000000005,5.373571049547723,10.801414664585156,5.373570902481077,10.801414664585156,38.764965,36.3746,41.073025
778,7.78,4.6421707541319535,10.373891827591292,4.642170671768265,10.373891827591292,38.931656,36.53101,41.249638
779,7.79,5.200752856344025,10.132082993848666,5.200752990509794,10.132082993848666,38.771927,36.38113,41.0804
780,7.8,4.895635538899428,10.367683677173005,4.895635475376263,10.367683677173007,38.891357,36.493195,41.20694
781,7.8100000000000005,4.499955857135189,9.836012031100788,4.499955862155324,9.836012031100788,38.725582,36.337643,41.031296
782,7.82,4.925246236943565,9.609020888604917,4.925246275087573,9.609020888604917,38.823345,36.42938,41.13488
783,7.83,4.7507688488075015,10.199948960547422,4.750768803204181,10.199948960547422,38.800087,36.407555,41.110237
784,7.84,5.836902890475615,11.079139199892877,5.8369028611721525,11.079139199892877,38.845127,36.449814,41.157955
785,7.8500000000000005,4.681132975267497,11.618443336880304,4.6811330361689985,11.618443336880304,38.72686,36.33884,41.03265
786,7.86,5.606431566384334,12.094246382752003,5.606431472534029,12.094246382752003,38.850918,36.455254,41.164097
787,7.87,5.138650155870185,12.651800268315574,5.138650204138873,12.651800268315574,38.890827,36.4927,41.20638
788,7.88,5.070854327259015,12.155632118903476,5.070854342023144,12.155632118903476,38.767,36.376503,41.075176
789,7.890000000000001,4.68537351226725,11.492404417562069,4.685373663373552,11.492404417562069,38.813038,36.41971,41.12396
790,7.9,5.202761853746451,11.266995831920148,5.202761775807305,11.266995831920148,38.87352,36.47646,41.18804
791,7.91,5.426754317509676,11.761101322710903,5.426754326902974,11.761101322710903,38.79192,36.39989,41.10158
792,7.92,4.587447730533912,10.785296268367322,4.587447761586045,10.785296268367322,38.77397,36.383045,41.082565
793,7.930000000000001,4.129243590717588,9.880279249104934,4.129243639516405,9.880279249104934,38.921764,36.52173,41.23916
794,7.94,4.630024132483097,10.24703538001371,4.630024190412769,10.24703538001371,38.746044,36.356842,41.052975
795,7.95,5.057841357348474,10.580718187299883,5.057841346504173,10.580718187299883,38.84732,36.451874,41.160282
796,7.96,5.246047302857245,10.616359803694985,5.246047366061285,10.616359803694984,38.817173,36.423584,41.128338
797,7.97,5.19726333028236,10.041056490666476,5.197263292951147,10.041056490666476,38.819965,36.42621,41.131298
798,7.98,4.011249680419884,10.174971333929982,4.011249605822627,10.174971333929983,38.816456,36.422913,41.127583
799,7.99,4.808274549728399,10.462523975648812,4.808274604732939,10.462523975648812,38.76861,36.378017,41.076885
800,8.0,4.648188189802476,10.531098876378302,4.648188057465899,10.531098876378302,38.798954,36.40649,41.109035
801,8.01,4.851097744156963,11.01596605190723,4.851097694263487,11.01596605190723,38.84755,36.45209,41.160526
802,8.02,4.288374060961059,10.21123314969116,4.28837404053307,10.21123314969116,38.798634,36.40619,41.108696
803,8.03,3.969059505392708,10.247875967555746,3.9690594398462418,10.247875967555746,38.855457,36.45951,41.168903
804,8.040000000000001,4.77147779671534,10.061509882921097,4.7714777009235165,10.061509882921097,38.721554,36.333862,41.027027
805,8.05,4.546923743685565,10.138758659941823,4.5469235827327275,10.138758659941823,38.648792,36.265587,40.949932
806,8.06,4.664100086492587,10.424394838319838,4.664100156315367,10.424394838319838,38.79405,36.40189,41.10384
807,8.07,4.068092546859402,10.25349726885591,4.068092566625398,10.25349726885591,38.906345,36.50726,41.22282
808,8.08,3.841647082254904,9.677409546368642,3.8416470357740784,9.677409546368642,38.738014,36.349308,41.044468
809,8.09,4.194697674092591,10.537963124220648,4.19469762310143,10.537963124220648,38.893734,36.495426,41.209457
810,8.1,4.648996562891949,9.64579847420842,4.6489964028727595,9.645798474208416,38.970165,36.567146,41.29044
811,8.11,4.669620119224211,9.78638452923214,4.6696200957603295,9.78638452923214,38.971146,36.568066,41.291477
812,8.120000000000001,4.889239988205012,9.927923809886542,4.889239902164689,9.927923809886542,38.683887,36.29852,40.987118
813,8.13,5.019388043116112,10.80299589451667,5.019388074699352,10.80299589451667,38.813774,36.4204,41.12474
814,8.14,4.577492735726398,9.491493730406383,4.577492836806963,9.491493730406383,38.67325,36.288536,40.975845
815,8.15,4.265621189554734,9.596621227171992,4.2656211680429745,9.596621227171992,38.936924,36.535954,41.25522
816,8.16,4.872185025017437,10.051824651826305,4.8721851253040205,10.051824651826305,38.759796,36.369747,41.067543
817,8.17,4.80695525997052,9.923331767150268,4.806955266112144,9.923331767150268,38.696896,36.310722,41.0009
818,8.18,3.8938417286393707,9.932001744722012,3.8938416905208135,9.932001744722012,38.775463,36.38445,41.084145
819,8.19,4.740136784793451,10.113742921682514,4.740136743022835,10.113742921682515,38.71851,36.33101,41.023804
820,8.2,4.872836878609528,10.98339755244496,4.872837000489017,10.98339755244496,38.784645,36.393063,41.093876
821,8.21,4.966379462166683,10.044957706799085,4.966379568136211,10.044957706799085,38.80205,36.409397,41.112316
822,8.22,4.666170469868594,9.901454394609141,4.666170375990616,9.901454394609141,38.887608,36.489677,41.20297
823,8.23,4.654440801907947,9.518334820281307,4.65444089359451,9.518334820281307,38.772484,36.381653,41.08099
824,8.24,5.015578943218049,9.832553269406462,5.015579097187209,9.832553269406462,38.724426,36.33656,41.03007
825,8.25,4.864643306764312,10.220824383522716,4.8646434538062735,10.220824383522716,38.904892,36.505898,41.221283
826,8.26,4.650136416721829,9.535944507232113,4.65013641636155,9.535944507232113,38.82961,36.435253,41.141514
827,8.27,4.468317245224787,9.720158104907679,4.4683172686591295,9.720158104907679,38.77468,36.383717,41.083317
828,8.28,4.329914132799014,9.879517948879977,4.329914280241324,9.879517948879977,38.721786,36.33408,41.02727
829,8.290000000000001,4.235253488035331,10.084308273258262,4.235253435669833,10.084308273258262,38.84501,36.449703,41.15783
830,8.3,4.993081033530363,10.124784326011662,4.993080931208543,10.124784326011662,38.981506,36.577785,41.302456
831,8.31,4.906355564768681,10.605633090784318,4.906355539845762,10.605633090784318,38.840164,36.44516,41.152702
832,8.32,3.901672065298309,10.404661988950545,3.901672019702096,10.404661988950545,38.761772,36.3716,41.069637
833,8.33,4.138805752309071,10.220816835533942,4.1388057683814745,10.220816835533942,38.75464,36.36491,41.062084
834,8.34,4.853037402143735,10.195557685876876,4.8530374800692515,10.195557685876876,38.774708,36.38374,41.083347
835,8.35,4.239505301479886,10.142878031426399,4.239505329883233,10.142878031426399,38.84693,36.45151,41.15987
836,8.36,5.203844703439116,10.582687721331808,5.203844768263058,10.582687721331808,38.704174,36.317554,41.008614
837,8.370000000000001,4.164583268680861,10.537331488611432,4.164583289826868,10.537331488611432,38.795853,36.40358,41.105747
838,8.38,5.10418229474567,10.873492918114911,5.104182396940351,10.873492918114911,38.812904,36.419582,41.123817
839,8.39,4.540682010384121,10.165549310426185,4.540681986275327,10.165549310426185,38.788883,36.39704,41.098366
840,8.4,5.1796002720355805,10.868370390122166,5.179600358006494,10.868370390122166,38.86518,36.468636,41.179207
841,8.41,4.909873036971977,10.377172729490542,4.9098729224966275,10.377172729490542,38.748367,36.359024,41.05544
842,8.42,4.914596859015372,10.7228171424479,4.914596776324385,10.7228171424479,38.843822,36.448593,41.156574
843,8.43,4.771391237875479,9.743390175527407,4.771391094748112,9.743390175527407,38.805435,36.41257,41.115902
844,8.44,4.628347737974884,10.146638014801983,4.62834784554485,10.146638014801983,38.864143,36.46766,41.178104
845,8.45,5.050338504054158,10.95034363142649,5.050338455088958,10.95034363142649,38.902344,36.503506,41.21858
846,8.46,4.483461667796249,10.5481913710046,4.483461684296635,10.5481913710046,38.71703,36.329617,41.022232
847,8.47,4.655151270882972,10.588259612311072,4.655151248476412,10.588259612311072,38.883297,36.48563,41.1984
848,8.48,5.142139161124274,10.59403345553011,5.142139346261711,10.594033455530107,38.928814,36.528343,41.246628
849,8.49,4.484218562331086,10.493100849895551,4.484218517455216,10.493100849895551,38.746895,36.35764,41.053875
850,8.5,4.9829628562078305,11.03078355470747,4.982962882036324,11.03078355470747,38.781452,36.390068,41.090492
851,8.51,4.899520322977488,10.346182445719474,4.899520298764191,10.346182445719474,38.95132,36.54946,41.270473
852,8.52,4.816290092027806,10.288454884741178,4.816289983748793,10.288454884741178,38.710686,36.323666,41.01551
853,8.53,4.743438391621872,11.115858991094642,4.74343830064515,11.115858991094642,38.789024,36.397175,41.098515
854,8.540000000000001,4.305744094284042,10.743290650168555,4.30574408914716,10.743290650168555,38.90334,36.504436,41.219635
855,8.55,4.653245656991861,10.47482901553848,4.653245668590702,10.47482901553848,38.960102,36.5577,41.279778
856,8.56,4.512568790418353,10.814516417557869,4.51256870839245,10.814516417557869,38.72175,36.334045,41.027233
857,8.57,4.554094177859237,11.163661202074126,4.554094260040594,11.163661202074122,38.770256,36.379562,41.07863
858,8.58,4.656608058394885,11.268515114983265,4.656608147423017,11.268515114983265,38.831642,36.437164,41.14367
859,8.59,4.814609041224091,10.831374457055915,4.814609032050905,10.831374457055915,38.78726,36.395515,41.09664
860,8.6,5.256413558139671,10.104561287667455,5.256413687086122,10.104561287667455,38.800045,36.407513,41.11019
861,8.61,4.860942889467296,9.946180490388487,4.860942892180172,9.946180490388487,38.89958,36.500908,41.21565
862,8.620000000000001,4.241215583313842,10.21714243585297,4.241215602278901,10.217142435852972,38.70254,36.316025,41.006886
863,8.63,4.476445467310222,10.358155118016265,4.4764454558665445,10.358155118016267,38.89891,36.500286,41.214947
864,8.64,4.936782338344695,10.211386022920925,4.93678228350398,10.211386022920925,38.777405,36.386272,41.086205
865,8.65,5.209881505902127,10.864814682182695,5.20988160416611,10.864814682182697,38.80826,36.415226,41.1189
866,8.66,4.729735287278866,10.270171027612474,4.729735235271265,10.270171027612474,38.753918,36.36423,41.061317
867,8.67,4.7244516263452265,10.394937586713704,4.724451758032703,10.394937586713702,38.709778,36.322815,41.01455
868,8.68,4.783661783004233,10.214321322240874,4.783661848444172,10.214321322240874,38.816814,36.42325,41.12796
869,8.69,4.3570519773404754,9.946889494802342,4.357051905404219,9.946889494802342,38.82738,36.433167,41.139156
870,8.700000000000001,4.441950195660419,9.820001700537055,4.4419502768330155,9.820001700537055,38.74581,36.356625,41.05273
871,8.71,4.902129895502995,10.77058291844625,4.90212980523616,10.77058291844625,38.688793,36.303123,40.992317
872,8.72,4.666863759347969,10.34276968663557,4.66686379778048,10.34276968663557,38.79582,36.403545,41.105713
873,8.73,5.106319195366958,10.440870025755844,5.106319142097118,10.440870025755844,38.78542,36.39379,41.094696
874,8.74,4.579477859762909,9.813657122032605,4.579477866292476,9.813657122032607,38.72367,36.33585,41.02927
875,8.75,4.400216306735154,9.474714929754601,4.400216293481564,9.474714929754603,38.77436,36.383415,41.082977
876,8.76,4.618896927255435,9.89260255635043,4.618896894595286,9.89260255635043,38.885338,36.48755,41.20056
877,8.77,5.063803971390988,9.896889730166492,5.063803978362682,9.896889730166492,38.78106,36.3897,41.090076
878,8.78,4.932149696731883,10.237538226681137,4.932149590853924,10.237538226681139,38.7274,36.339348,41.033222
879,8.790000000000001,4.701243434233884,10.233415626062195,4.701243287208816,10.233415626062195,38.809624,36.416504,41.120342
880,8.8,4.373462228923253,9.738749178917693,4.373462186028747,9.738749178917695,38.833946,36.439327,41.14611
881,8.81,4.496037072617225,10.038731020432815,4.49603704563387,10.038731020432815,38.86423,36.467743,41.1782
882,8.82,4.6092867382860225,9.57345588488014,4.609286670364542,9.57345588488014,38.933846,36.533066,41.25196
883,8.83,5.040430326190864,10.462804188639561,5.04043025079838,10.462804188639561,38.707607,36.320774,41.01225
884,8.84,4.762816180452,10.33507770589085,4.762816219235592,10.33507770589085,38.856323,36.46032,41.16982
885,8.85,4.306349614893183,10.527178263703084,4.306349676944021,10.527178263703084,38.791935,36.399902,41.101597
886,8.86,4.357171636770864,10.17053735416917,4.357171756854562,10.17053735416917,38.806267,36.413353,41.116787
887,8.870000000000001,4.477048083856534,9.757916980648652,4.477048087529215,9.757916980648652,38.73539,36.346848,41.041687
888,8.88,4.931005448119062,10.263580692301106,4.931005474569418,10.263580692301108,38.83346,36.43887,41.1456
889,8.89,4.546840203810794,9.616279638051411,4.546840211541203,9.616279638051411,38.814392,36.420975,41.125393
890,8.9,4.60629932000588,10.321654043908305,4.606299336206186,10.321654043908305,38.820957,36.42714,41.13235
891,8.91,4.189075840871974,10.039603350728349,4.189075812855956,10.039603350728349,38.65802,36.274246,40.95971
892,8.92,4.822851669160216,10.013503217020846,4.822851682663263,10.013503217020846,38.828606,36.434315,41.140453
893,8.93,4.70189619789541,10.519870608428127,4.701896104593458,10.519870608428127,38.763405,36.37313,41.07137
894,8.94,5.022233387677375,9.969454055488182,5.022233506653858,9.969454055488182,38.8509,36.45523,41.16407
895,8.950000000000001,4.8630834646084065,10.186241528287605,4.863083465894222,10.186241528287605,38.731194,36.342907,41.03724
896,8.96,4.017625253268164,9.814348426109303,4.0176251619311225,9.814348426109301,38.58813,36.208668,40.88566
897,8.97,4.887970696352243,10.004879887776344,4.8879708155503,10.004879887776344,38.82864,36.434345,41.140488
898,8.98,3.984760010846389,9.883174263585289,3.984760054567332,9.883174263585289,38.83365,36.439045,41.145794
899,8.99,4.379077399546251,9.343666301862129,4.379077391538191,9.343666301862129,38.76824,36.377674,41.076496
900,9.0,4.407246092180514,9.122747387398784,4.40724613662264,9.122747387398784,38.776363,36.385292,41.0851
901,9.01,4.67044153037057,9.595880493369902,4.670441590900202,9.595880493369902,38.82686,36.432674,41.138603
902,9.02,4.326295661187582,9.805199438526449,4.326295707199019,9.805199438526449,38.83273,36.438183,41.14482
903,9.03,4.15628845357122,9.745673301419334,4.156288521458912,9.745673301419334,38.91745,36.51768,41.234585
904,9.040000000000001,3.949621240162901,9.505391137488564,3.949621192284673,9.505391137488564,38.897682,36.49913,41.213642
905,9.05,3.853421027040408,9.744208662350132,3.8534211079851235,9.744208662350132,38.86528,36.468727,41.179314
906,9.06,3.237610315121767,10.387885014672387,3.237610263622853,10.387885014672387,38.840954,36.4459,41.153538
907,9.07,4.551665260083042,9.629420721821646,4.551665384443384,9.629420721821646,38.73729,36.348625,41.043697
908,9.08,4.827702492766211,9.66806764889301,4.827702620973624,9.66806764889301,38.910652,36.5113,41.227383
909,9.09,4.630900094857156,10.324957142273608,4.630900032199121,10.324957142273608,38.872738,36.475723,41.18721
910,9.1,4.9740049019824255,9.880205194098144,4.974004838471188,9.880205194098144,38.77226,36.38144,41.08075
911,9.11,5.144359713027151,10.508658403864384,5.14435961814652,10.508658403864386,38.81201,36.418743,41.12287
912,9.120000000000001,5.289538818744404,9.990596073741965,5.289538794905373,9.990596073741965,38.8495,36.45392,41.16259
913,9.13,5.286501597515854,10.38611111232528,5.2865015516606135,10.38611111232528,38.744965,36.35583,41.05183
914,9.14,4.9648564136493745,9.862115611814597,4.964856427681628,9.862115611814597,38.910744,36.511387,41.22748
915,9.15,4.98028674293052,9.96249641197827,4.980286600084624,9.96249641197827,38.83476,36.44009,41.146973
916,9.16,4.6990998135831505,10.239213230947417,4.699099821205057,10.239213230947415,38.959953,36.557564,41.27962
917,9.17,5.1962387714693925,9.854350901015817,5.19623870227726,9.854350901015817,38.797558,36.405178,41.107555
918,9.18,5.133542030698347,10.480700361133078,5.133542110699429,10.480700361133078,38.80115,36.408554,41.111362
919,9.19,5.290418295005209,10.284814978939083,5.290418186700503,10.284814978939083,38.860287,36.464043,41.174023
920,9.200000000000001,4.456585277417461,11.235227662929399,4.456585258231757,11.2352276629294,38.825596,36.431488,41.137264
921,9.21,4.349230780851206,11.144290511696573,4.349230754552315,11.14429051169657,38.845356,36.45003,41.1582
922,9.22,4.585680594189399,10.005635058811288,4.585680594043126,10.005635058811288,38.745228,36.356075,41.05211
923,9.23,4.61721130042646,10.295733187307244,4.617211213186352,10.295733187307244,38.807137,36.41417,41.117702
924,9.24,4.406838308397256,10.040060238030224,4.406838345034368,10.040060238030224,38.867157,36.47049,41.1813
925,9.25,4.397322364315796,10.069093364079935,4.397322354099118,10.069093364079935,38.876953,36.47968,41.191677
926,9.26,4.5294180517938765,10.174964005215216,4.529418111710925,10.174964005215216,38.783504,36.391994,41.092667
927,9.27,5.234715849426634,10.549960717096036,5.234715814189224,10.549960717096036,38.754025,36.364334,41.06143
928,9.28,2.1100403461050985,10.419878858502845,2.1100403565436867,10.419878858502845,38.671116,36.286533,40.973583
929,9.290000000000001,3.4798321716159584,9.877909806907281,3.4798322720462598,9.877909806907281,38.827164,36.43296,41.138927
930,9.3,3.75291303055446,9.640216348983778,3.7529130759145626,9.640216348983778,38.764256,36.37393,41.072273
931,9.31,2.5384511229290156,9.545523348543908,2.5384511932002,9.545523348543908,38.87238,36.475388,41.186832
932,9.32,2.4801546493323694,9.494905519975584,2.48015459103003,9.494905519975584,38.781998,36.390583,41.091072
933,9.33,4.872973708640352,9.472823850311835,4.872973789891836,9.472823850311835,38.886883,36.488995,41.202198
934,9.34,4.43457647600788,10.573985748000126,4.434576457038865,10.573985748000126,38.908447,36.50923,41.225048
935,9.35,3.9994352986755306,11.123481234796554,3.9994353901918234,11.123481234796554,38.84248,36.447334,41.155155
936,9.36,5.03460967929641,11.460986131786564,5.034609725939468,11.460986131786564,38.726597,36.338593,41.032368
937,9.370000000000001,4.465842050845705,10.861634000407674,4.465842016893994,10.861634000407674,38.7916,36.39959,41.101242
938,9.38,4.392406833916461,10.76200720454691,4.3924067552709145,10.762007204546912,38.870514,36.473637,41.184856
939,9.39,4.957930929432229,10.331099859455762,4.9579309475238755,10.331099859455762,38.943005,36.54166,41.26166
940,9.4,5.243151587430269,11.25077723589785,5.243151762495689,11.25077723589785,38.900196,36.50149,41.216305
941,9.41,4.775653465929732,11.150644536930008,4.775653466710702,11.150644536930006,38.9197,36.51979,41.236973
942,9.42,4.917841946359695,11.937150235155883,4.9178418767886845,11.937150235155883,38.794098,36.40193,41.10389
943,9.43,4.8068399812954326,11.608566662987894,4.8068400563296665,11.608566662987894,38.845913,36.450554,41.158787
944,9.44,4.812689362434625,11.48502175135599,4.812689408839022,11.48502175135599,38.755913,36.366104,41.06343
945,9.450000000000001,3.7164019046551426,9.688679813192204,3.716401893902595,9.688679813192204,38.79744,36.40507,41.10743
946,9.46,4.087635141595477,9.669906331311068,4.087635207283828,9.669906331311068,38.656776,36.273083,40.958393
947,9.47,4.512533670358507,10.598985841837282,4.5125335673273685,10.598985841837282,38.667698,36.28333,40.969963
948,9.48,4.615964253596062,10.310619913692861,4.615964256771013,10.310619913692861,38.759544,36.369514,41.06728
949,9.49,3.9254201399444026,9.669896620558108,3.925420053467206,9.669896620558108,38.862473,36.46609,41.176334
950,9.5,4.514859939507303,10.55760912610905,4.5148600275869875,10.557609126109051,38.800877,36.408295,41.111073
951,9.51,5.046307212414386,10.649281740812098,5.046307277977306,10.649281740812098,38.893154,36.49488,41.208843
952,9.52,4.9828334243419095,10.471131115593241,4.982833432414918,10.47113111559324,38.8923,36.49408,41.20794
953,9.53,4.762161063055906,10.528496794263022,4.7621610386255835,10.528496794263022,38.811493,36.41826,41.122322
954,9.540000000000001,4.796087859290167,10.971273393262832,4.796087912686406,10.971273393262832,38.772873,36.38202,41.0814
955,9.55,4.780680036179388,11.05799788729014,4.780679881035495,11.05799788729014,38.70114,36.31471,41.0054
956,9.56,5.356257285757906,11.478234346684307,5.356257371382624,11.478234346684307,38.82242,36.42851,41.1339
957,9.57,5.591771095741366,12.236744802458219,5.591771096764473,12.236744802458215,38.808746,36.41568,41.11941
958,9.58,5.765285500380308,12.601260446122676,5.76528560708079,12.601260446122678,38.817856,36.424225,41.129063
959,9.59,5.315829990513364,12.097021281430695,5.315830025250942,12.097021281430694,38.766354,36.3759,41.074493
960,9.6,5.7804644515367,12.120313772390498,5.780464521805873,12.120313772390498,38.7415,36.35258,41.04816
961,9.61,5.971144252434915,12.775670499452065,5.971144145681355,12.775670499452065,38.842426,36.44728,41.155094
962,9.620000000000001,6.506540774173774,13.38072324863157,6.506540989328589,13.38072324863157,38.9164,36.516693,41.233475
963,9.63,5.556374564750751,12.704778185453733,5.556374426529137,12.704778185453733,38.708828,36.321922,41.013546
964,9.64,5.554653040730762,13.001446674412414,5.55465315274157,13.001446674412412,38.85129,36.4556,41.16449
965,9.65,5.903837892773003,12.897073046080374,5.903837943480957,12.897073046080376,38.754223,36.36452,41.06164
966,9.66,5.382367841473026,12.87665388581991,5.382367819650627,12.876653885819913,38.76145,36.3713,41.069298
967,9.67,5.6872872969245005,11.989646413059592,5.68728740390813,11.989646413059592,38.835865,36.441124,41.148144
968,9.68,5.699095783566003,12.216457792830816,5.6990957242043585,12.216457792830816,38.843494,36.448284,41.156227
969,9.69,5.962396526215626,12.71372345634675,5.962396489757812,12.71372345634675,38.649776,36.26651,40.950977
970,9.700000000000001,5.570612447962713,13.33430707413158,5.570612477497093,13.334307074131578,38.75253,36.36293,41.05985
971,9.71,5.547716066334641,12.52505319720804,5.54771613880864,12.52505319720804,38.679897,36.294773,40.982887
972,9.72,5.793554143980673,12.465533461561773,5.793554202545628,12.465533461561773,38.73781,36.349117,41.04425
973,9.73,5.909594612959801,12.729307298618881,5.909594589701427,12.729307298618881,38.929108,36.528618,41.246937
974,9.74,4.485820131099449,12.958554475007968,4.485820050246423,12.958554475007965,38.853752,36.45791,41.167095
975,9.75,4.505819331500621,12.843658086471889,4.505819306395075,12.843658086471889,38.82277,36.428837,41.13427
976,9.76,3.89631695574272,11.960645129943702,3.8963169315102366,11.960645129943702,38.92992,36.52938,41.2478
977,9.77,5.21158540513363,12.556978238285586,5.211585455420782,12.55697823828559,38.653336,36.26985,40.954746
978,9.78,5.432984669740981,12.919211774229938,5.43298451998463,12.919211774229936,38.97172,36.568604,41.292088
979,9.790000000000001,4.676039454589182,12.441140145462583,4.676039378870951,12.441140145462583,38.94423,36.54281,41.262962
980,9.8,4.415797142617687,12.619840728808757,4.41579708350133,12.619840728808757,38.707325,36.32051,41.011948
981,9.81,5.223298513067039,12.901447052285956,5.223298509312207,12.901447052285956,38.829556,36.435204,41.141457
982,9.82,4.7143044592408785,12.791618994817783,4.714304473975882,12.791618994817783,38.688423,36.302776,40.991924
983,9.83,5.355853494072404,12.325308124873832,5.355853396084516,12.325308124873832,38.926006,36.525707,41.243652
984,9.84,5.703870621704151,12.34412932103359,5.703870751078865,12.34412932103359,38.906647,36.507545,41.22314
985,9.85,6.477218811051164,13.268792594363774,6.477218714724033,13.268792594363774,38.8016,36.408974,41.11184
986,9.86,5.945721095142796,13.251514242641946,5.9457212051405115,13.251514242641946,38.673447,36.288723,40.97606
987,9.870000000000001,5.92155320889535,13.903263621373599,5.921553243070757,13.903263621373597,38.773308,36.382427,41.081863
988,9.88,5.937315229592519,12.51540236228599,5.937315074914271,12.51540236228599,38.759068,36.369064,41.066772
989,9.89,5.402442277869884,12.75760162831279,21.696674110494914,35.358872521940505,38.71953,36.331963,41.024883
990,9.9,4.746250649244502,13.481759782566746,4.746250584793536,13.481759782566746,38.81238,36.41909,41.12326
991,9.91,5.820200057144233,13.188314365925905,5.8201999919383205,13.188314365925905,38.827904,36.433655,41.13971
992,9.92,5.096813091098503,12.897649657278299,5.096813097970264,12.8976496572783,38.738647,36.349903,41.04514
993,9.93,4.82247865335484,12.727241136550786,4.822478611106069,12.727241136550786,38.863064,36.46665,41.176964
994,9.94,5.2123483759677365,14.27334532449849,5.212348365148592,14.273345324498491,38.906322,36.50724,41.222797
995,9.950000000000001,5.579493563187092,14.070576247854834,21.870425294695952,33.96970010407641,38.85837,36.462242,41.17199
996,9.96,5.882614039563645,13.809377490003824,22.33248331637533,33.00451927487846,38.77599,36.38494,41.0847
997,9.97,5.932291437094738,13.76156312616462,5.9322915459048735,13.76156312616462,38.736473,36.347862,41.042835
998,9.98,5.971764666873797,13.82570767654615,5.971764561165026,13.82570767654615,38.686176,36.300667,40.989544
999,9.99,5.550032270391042,12.697027490150523,5.550032361511882,12.697027490150523,38.74895,36.35957,41.056053
1000,10.0,6.0341579443379185,14.492190258890702,6.034158107096642,14.492190258890702,38.83509,36.4404,41.147324
1001,10.01,5.624752441546433,15.684384841113426,5.624752401636093,15.684384841113426,38.78062,36.38929,41.08961
1002,10.02,5.453338837564189,16.148276710504046,5.453338826123944,16.148276710504046,38.79995,36.407425,41.110092
1003,10.03,4.959000162784198,15.13072090789952,4.959000178920669,15.13072090789952,38.939457,36.53833,41.257904
1004,10.040000000000001,5.402252940595384,15.32687346644567,5.402253052317526,15.32687346644567,38.744007,36.35493,41.05082
1005,10.05,6.067184738046428,15.452320155629051,6.067184833165823,15.452320155629051,38.81615,36.422626,41.127254
1006,10.06,5.469294151607942,16.1225441503682,5.469294020820574,16.122544150368196,38.73627,36.34767,41.042618
1007,10.07,4.987455483144929,15.03839579867842,4.987455402049152,15.03839579867842,38.831924,36.437428,41.143967
1008,10.08,4.870998064526517,15.394095646552078,4.870998054253074,15.394095646552074,38.836063,36.44131,41.148354
1009,10.09,4.709272699048249,13.881317635137327,4.709272766596087,13.881317635137327,38.72394,36.3361,41.029556
1010,10.1,4.748549084308904,13.498838655946217,4.748549120743124,13.498838655946217,38.746117,36.35691,41.05305
1011,10.11,4.382694251145976,14.159340421332173,4.382694262808454,14.159340421332173,38.70814,36.321278,41.012814
1012,10.120000000000001,4.791789939061399,13.973128663717944,4.791789973324088,13.973128663717942,38.755203,36.365437,41.06268
1013,10.13,5.06495320032247,13.895149727226723,5.064953232285708,13.895149727226723,38.725197,36.337284,41.030888
1014,10.14,5.084258495172964,13.952123582953408,5.084258472579003,13.952123582953408,38.957157,36.55494,41.276657
1015,10.15,5.489409367989095,13.73770985265489,5.489409230754099,13.73770985265489,38.75755,36.367638,41.065163
1016,10.16,5.655730678090224,14.20817296707222,5.655730759745651,14.20817296707222,38.748642,36.35928,41.055725
1017,10.17,6.050811080673003,14.552869545325681,6.050811156511591,14.552869545325683,38.722385,36.334644,41.02791
1018,10.18,5.584341265342583,14.497829653764176,5.584341288495395,14.497829653764178,38.85002,36.45441,41.163143
1019,10.19,6.149550585970968,15.356732341166605,6.149550595438193,15.356732341166605,38.762787,36.372555,41.070717
1020,10.200000000000001,5.755229759610827,15.633076727777167,5.755229601252973,15.633076727777167,38.74944,36.360027,41.056572
1021,10.21,5.461559302975386,16.70524779573017,5.4615591649067134,16.705247795730173,38.899815,36.501133,41.2159
1022,10.22,5.3233817976884605,15.780896208257024,5.323381726201049,15.780896208257024,38.745564,36.35639,41.052467
1023,10.23,6.552836771668432,16.186950003804725,6.552836813538564,16.186950003804725,38.682972,36.29766,40.98615
1024,10.24,5.960327452158514,16.259569946955505,5.96032740490428,16.259569946955505,38.757637,36.36772,41.065258
1025,10.25,6.5323922967150665,16.342794333790874,6.532392118865603,16.342794333790874,38.871304,36.47438,41.18569
1026,10.26,5.452343384256977,15.944955300647631,5.452343448724158,15.944955300647631,38.72722,36.33918,41.033028
1027,10.27,6.904646501617165,17.540514024387843,6.90464645702456,17.540514024387843,38.89531,36.496906,41.21113
1028,10.28,5.8029784346617275,17.14253180776441,5.802978346814837,17.14253180776441,38.751343,36.361813,41.05859
1029,10.290000000000001,6.080670140936155,16.503118707263738,6.0806700875146875,16.503118707263738,38.913517,36.513992,41.230423
1030,10.3,5.737013234200129,16.14173928475824,5.737013218411172,16.14173928475824,38.872707,36.475697,41.18718
1031,10.31,5.7057905534241735,15.615977779826734,5.705790547537949,15.615977779826732,38.776104,36.38505,41.084827
1032,10.32,5.563579893701136,15.812857018744344,5.563579934828486,15.812857018744344,38.80348,36.410736,41.11383
1033,10.33,5.282653404918435,15.640384987680216,5.282653401449905,15.640384987680218,38.837185,36.442364,41.14954
1034,10.34,5.094391803301497,15.786117241241591,5.094391728474352,15.786117241241591,38.71909,36.33155,41.024418
1035,10.35,5.294506927420881,15.746940813155526,5.294506951815354,15.746940813155526,38.73185,36.343525,41.037937
1036,10.36,5.967289748971649,15.972825684427265,5.967289612811981,15.972825684427267,38.75716,36.367275,41.064754
1037,10.370000000000001,5.522973095560813,15.491821131567672,5.522973066534146,15.491821131567672,38.78811,36.396317,41.097546
1038,10.38,5.178048572343909,15.180012602579918,5.178048622845508,15.180012602579918,38.665264,36.281044,40.967384
1039,10.39,5.828445908415489,15.139088351274536,5.8284459531041755,15.139088351274538,38.86155,36.465225,41.175358
1040,10.4,5.673234007369875,15.42511062711107,5.6732341361201835,15.425110627111073,38.76585,36.37543,41.073963
1041,10.41,5.3432725602872475,14.949843359467504,26.241722760195316,36.792405590168,38.74388,36.354813,41.050686
1042,10.42,5.993229662989182,15.180333785257114,26.15307234299311,36.1179346183414,38.90506,36.50605,41.22146
1043,10.43,5.806860309136253,15.112357632587212,5.80686021058051,15.112357632587212,38.86284,36.466434,41.176723
1044,10.44,5.929326161265876,15.47817993547736,5.929326179772031,15.47817993547736,38.725677,36.337734,41.0314
1045,10.450000000000001,6.1175243838808475,14.995450275151924,6.11752441544107,14.995450275151924,38.757397,36.367496,41.065002
1046,10.46,5.798777741573231,14.430167013073786,5.798777727450061,14.430167013073786,38.82464,36.43059,41.13625
1047,10.47,6.180991004988386,14.620033927102035,6.180991124643816,14.620033927102035,38.867046,36.470387,41.181183
1048,10.48,6.046782274723601,14.412340749409033,6.046782236284932,14.412340749409035,38.807682,36.41468,41.118282
1049,10.49,5.933428294883137,14.001805374772148,5.933428198713301,14.001805374772148,38.773098,36.38223,41.081642
1050,10.5,5.439554307208184,13.595504521673758,5.439554358675444,13.595504521673758,38.83628,36.441517,41.148586
1051,10.51,5.784875021438567,14.484101632441433,23.28868471328257,34.678426733723974,38.891365,36.493206,41.20695
1052,10.52,6.837076192483832,14.71316004422808,21.662369459218482,34.137346236590545,38.82325,36.429287,41.134777
1053,10.53,6.230001595543836,14.211950062010606,21.439672178237657,34.34681367810185,38.770782,36.38006,41.07919
1054,10.540000000000001,7.203226633993987,15.80860679531783,21.64053945219364,34.57960402179492,38.838966,36.44404,41.151432
1055,10.55,7.5247593269907345,15.739347380757152,24.28142865392751,35.54553134076045,38.817486,36.423878,41.12867
1056,10.56,6.078110233394613,14.810821436275345,24.573161996433605,35.65181121029216,38.80461,36.4118,41.115032
1057,10.57,4.928959364810174,13.851249727761548,4.9289594286026714,13.85124972776155,38.92214,36.522076,41.23955
1058,10.58,5.932777341595163,13.470952703403423,5.932777217328262,13.470952703403421,38.771133,36.380386,41.07956
1059,10.59,5.1123173899308965,14.017900530486006,5.112317347292433,14.017900530486008,38.765987,36.375557,41.074104
1060,10.6,5.0994717878765865,12.996949238491446,5.099471752716559,12.996949238491448,38.787388,36.395638,41.09678
1061,10.61,5.390735522526903,12.521829224907428,5.390735569872795,12.521829224907428,38.76429,36.373966,41.072308
1062,10.620000000000001,5.5589067763849656,13.4011470610826,5.558906778298117,13.4011470610826,38.63992,36.257263,40.940533
1063,10.63,5.205177076767006,13.506667085635199,5.205177185731486,13.506667085635199,38.69746,36.311256,41.0015
1064,10.64,5.569187119309345,13.383795385434961,5.56918725830547,13.383795385434961,38.741524,36.3526,41.048183
1065,10.65,4.722617280854062,13.642709754303345,24.697643563960792,34.59072588614396,38.86071,36.46444,41.17447
1066,10.66,5.5476424545257474,13.190619810835138,24.315862904782684,34.50267756704039,38.654152,36.270615,40.955612
1067,10.67,5.476081577536373,13.655518826969113,24.260411602583154,33.43188162856965,38.699257,36.31294,41.003403
1068,10.68,5.22275200064118,13.704732943182107,25.297800424302654,34.734429815445715,38.826847,36.432667,41.13859
1069,10.69,5.669524464133886,12.329675569250812,25.635908281960006,34.576399587197265,38.82467,36.43062,41.13628
1070,10.700000000000001,5.116563292642021,12.143259603961571,25.44255475374772,34.52546166708405,38.934193,36.53339,41.252323
1071,10.71,4.335778055583706,12.490285997168607,23.511624669651596,33.466910100905544,38.768467,36.377884,41.076733
1072,10.72,4.67925165936064,12.501554757557338,22.779020501594506,33.291792141338846,38.777164,36.386047,41.08595
1073,10.73,4.266947174165006,12.243377317884045,23.819556967184294,33.855974220820876,38.817623,36.42401,41.12882
1074,10.74,5.1566070760149225,12.465908640084558,22.467926778841203,33.181995298346045,38.850353,36.45472,41.163494
1075,10.75,5.425495637544925,13.012435746898465,23.28032798901189,33.085980219101906,38.83789,36.443027,41.15029
1076,10.76,4.856039268745892,12.4957911946976,23.998830515729086,32.44766176401218,38.82425,36.430225,41.135838
1077,10.77,5.218399728983841,12.934960240149014,23.56781442069275,32.12984570289058,38.80683,36.413883,41.117382
1078,10.78,5.194284670350787,13.196512772764686,23.346554023812892,31.925379289092263,38.775394,36.384384,41.084072
1079,10.790000000000001,4.0995583684076555,13.411093998780887,21.83064154186127,32.380368046817324,38.907417,36.508266,41.223957
1080,10.8,4.903509954362934,12.368203006481595,21.8594653580057,32.338711137835176,38.73423,36.345757,41.040455
1081,10.81,5.041689165162966,12.787954803228912,22.51098450577822,32.460149865583524,38.804337,36.41154,41.11474
1082,10.82,4.882439354054486,12.308389422090865,22.582630487000753,33.74573894444297,38.772156,36.381344,41.080643
1083,10.83,4.373455972946137,12.664460121935752,23.56317232378274,32.95233290914938,38.766567,36.376102,41.074722
1084,10.84,4.261891734037525,12.259574873721936,23.468458046880627,33.41631633879745,38.7485,36.359146,41.055576
1085,10.85,5.225056484997231,13.0979343282258,23.322272891785243,33.407587686571055,38.84519,36.44987,41.15802
1086,10.86,4.863956659734244,12.359968795276105,22.04942511941013,33.20235830824488,38.836807,36.442013,41.149143
1087,10.870000000000001,5.129974747341655,12.684616323204587,21.63212024340781,32.74255439063163,38.77791,36.38674,41.086735
1088,10.88,6.159380281593324,14.073089399582514,22.666092194871226,33.577441401435806,38.79411,36.401947,41.103905
1089,10.89,5.5304479881021695,13.999177919814086,21.671487814724777,33.25905809483199,38.78134,36.389965,41.090378
1090,10.9,5.397379680880954,14.17239429274451,22.609408207202552,33.54823120457782,38.667778,36.2834,40.970047
1091,10.91,6.149337391564076,14.268063295757582,22.842593728924413,33.2281437042017,38.76464,36.37429,41.072678
1092,10.92,5.969065197530924,14.612142874881007,21.96979396124249,32.582482059346894,38.730442,36.342205,41.036446
1093,10.93,6.423739836040599,15.837425159325946,21.665065385529186,31.542207011707635,38.746902,36.35765,41.053886
1094,10.94,5.573274123010892,14.584441665038797,21.11371628858882,31.748946689348127,38.754227,36.36452,41.061646
1095,10.950000000000001,5.682750895785493,14.546382487871323,22.332894831858894,32.848168679316636,38.92877,36.528297,41.24658
1096,10.96,6.154459142955849,14.54064699345687,22.602019007022847,32.79779350886904,38.7244,36.336533,41.03004
1097,10.97,5.251917438470605,14.511056125651304,23.521928434606206,33.36570362905102,38.977596,36.574116,41.298313
1098,10.98,6.231585251908029,14.808766587946552,23.17836733337941,32.87157069709496,38.734943,36.346424,41.04121
1099,10.99,5.468193914325747,14.974181336850004,22.68210747807288,32.831276852399306,38.865807,36.46922,41.179867
1100,11.0,5.838768874543576,13.983783130494468,21.414994613857615,32.48013150689064,38.70109,36.314663,41.00535
1101,11.01,5.661510245664491,14.232258850227385,20.82907555764684,33.250629097583115,38.695293,36.309223,40.999203
1102,11.02,6.415330715756489,14.134559318417905,21.488011182034715,34.053101653950534,38.821987,36.4281,41.13344
1103,11.03,6.047340026785216,14.177685430587344,22.017143202504982,33.84914930008053,38.72438,36.336514,41.03002
1104,11.040000000000001,5.294471874629035,14.151741033194064,21.047493407344188,33.25457444437279,38.834602,36.439938,41.146805
1105,11.05,5.333644227353345,13.424686451958792,21.103969512473043,32.670577989116794,38.75489,36.365143,41.062347
1106,11.06,5.677678730866231,14.203303625128484,22.41801389615835,33.182327593978144,38.81368,36.420307,41.124638
1107,11.07,5.689082162047641,14.493606986189828,22.165754267324015,33.5696550714464,38.904907,36.505913,41.2213
1108,11.08,5.6595515850793525,14.30120718295588,21.57180369173095,33.998981114647336,38.906864,36.507748,41.22337
1109,11.09,5.750612366100445,14.435632644052776,23.013670788024893,34.73008708488762,38.791157,36.399174,41.100773
1110,11.1,5.582959910556241,14.426648387448774,22.69497939900411,33.11342060216924,38.70893,36.322018,41.013653
1111,11.11,5.5650653291982115,14.109722510835216,23.834497256109863,34.543302179726524,38.8962,36.49774,41.21207
1112,11.120000000000001,5.190188804755667,14.292294210444282,23.82747108775618,34.22276662400942,38.744564,36.355453,41.051407
1113,11.13,5.188518506114484,13.855851913113861,23.52231849541421,33.92784437771766,38.772793,36.381943,41.081318
1114,11.14,5.152547146915667,14.680658604159234,21.955901911826594,33.38388162356322,38.95122,36.54937,41.27037
1115,11.15,5.628549881756362,15.24737491184988,25.77711259796155,35.17153704498232,38.84615,36.450775,41.159042
1116,11.16,6.516799512930433,15.62694972782367,26.198548486891134,34.849036672781025,38.80795,36.414932,41.11857
1117,11.17,6.3914013413213615,15.198515111057851,27.213850136824053,36.174462460574276,38.84832,36.452812,41.161343
1118,11.18,5.972572220738011,14.630219948050623,25.53590966648024,36.01913909600162,38.786938,36.395214,41.096302
1119,11.19,6.177570524566808,15.97555465166403,25.780647019397044,36.47161333021551,38.97103,36.56796,41.29136
1120,11.200000000000001,6.505950932920747,17.184609545141683,27.401605141702714,36.50131973718535,38.851196,36.45551,41.164387
1121,11.21,5.389801663624169,15.351314772500244,28.582583453567924,36.78334723074276,38.6718,36.287174,40.974308
1122,11.22,5.939645328332907,15.29756029265142,25.680455304480322,35.66346300118477,38.67633,36.291428,40.97911
1123,11.23,5.607425296784273,15.201966521270139,27.896869730842383,36.44323114967218,38.714855,36.327576,41.019928
1124,11.24,6.031157724192341,14.654425810952816,27.912544496087744,36.64648198639057,38.945522,36.544018,41.264328
1125,11.25,5.747220889204775,14.986177896628343,27.663289622186987,36.815232939904696,38.79617,36.403877,41.106087
1126,11.26,5.041046469532644,15.401711915385473,28.562348319712576,38.1002072020204,38.754265,36.36456,41.061687
1127,11.27,6.4576194423282525,15.812892718731748,6.457619529704954,15.812892718731748,38.853252,36.45744,41.16657
1128,11.28,5.317398759057412,14.947585138815795,5.317398867175514,14.947585138815795,38.73038,36.342144,41.03638
1129,11.290000000000001,6.284157102884818,15.716079422761933,6.28415693404707,15.716079422761933,38.778725,36.38751,41.0876
1130,11.3,5.356162599378182,15.736968572991591,5.35616246799241,15.736968572991591,38.813972,36.42058,41.12495
1131,11.31,5.506575652970701,15.859865322241749,5.506575755442091,15.859865322241749,38.849983,36.454372,41.1631
1132,11.32,5.40945588296539,15.326297189664874,5.409455890722401,15.326297189664874,38.803776,36.411015,41.114143
1133,11.33,5.188502891856071,14.812178556903104,30.397167343827682,40.63410026268929,38.830418,36.436012,41.142372
1134,11.34,5.677846362678865,15.050478075460237,5.677846343997203,15.050478075460237,38.69129,36.30547,40.994965
1135,11.35,5.868314019523418,14.392830168552019,28.15995964924085,40.64842899987408,38.748466,36.359116,41.055542
1136,11.36,6.071490721866083,15.379489598892363,6.0714907303867545,15.379489598892361,38.863735,36.467274,41.177673
1137,11.370000000000001,6.163889674312985,14.718724329984374,6.163889724978309,14.718724329984374,38.755558,36.36577,41.063053
1138,11.38,6.126908721990968,14.647836369172095,6.1269087606517445,14.647836369172095,38.765594,36.375187,41.07369
1139,11.39,6.17849084325003,14.558876796726688,27.683258977789503,39.58844435664132,38.70595,36.31922,41.010494
1140,11.4,6.064204137466675,15.072066674802342,30.4300565695939,40.67577338444879,38.753613,36.363945,41.060993
1141,11.41,5.593000309255357,14.404160067894692,29.434617013249074,40.257717202266576,38.77194,36.38114,41.080414
1142,11.42,5.849350073913191,14.325935305374177,5.849350035436115,14.325935305374177,38.828365,36.43409,41.140198
1143,11.43,6.177475704798674,14.723745952015605,6.1774756200785825,14.723745952015603,38.94382,36.542427,41.262527
1144,11.44,5.658843569209109,14.916805533300453,29.842949854049365,41.45282369845964,38.919086,36.519215,41.23632
1145,11.450000000000001,6.0405211288541825,15.208222489393224,6.040520972879618,15.208222489393224,38.869556,36.47274,41.18384
1146,11.46,5.740854915516301,14.15628396197311,5.740854825364611,14.156283961973111,38.805584,36.412712,41.11606
1147,11.47,6.067280826426578,13.946256117202202,28.79420545585237,39.496259623552,38.72422,36.336365,41.02985
1148,11.48,5.800293294541104,13.967426936824658,29.33460520980579,39.660930792275956,38.681892,36.29665,40.985004
1149,11.49,5.381961044632684,13.563647297726858,27.525711940857992,39.28739686080649,38.82908,36.434757,41.140953
1150,11.5,5.455212512867353,12.814273844694933,26.790751012671837,38.56771202356422,38.783688,36.392166,41.09286
1151,11.51,5.959748041280611,12.929152032244435,5.9597480846331425,12.929152032244435,38.79525,36.403015,41.10511
1152,11.52,6.031410297109589,12.58304758320222,6.031410469816093,12.58304758320222,38.774067,36.38314,41.08267
1153,11.53,5.282504994729901,13.122195668817238,5.282505021251047,13.122195668817238,38.846294,36.450912,41.159195
1154,11.540000000000001,5.987427735793035,11.800999699583963,5.987427787894218,11.800999699583963,38.806053,36.41315,41.116558
1155,11.55,5.910178546632986,11.547408305689244,5.910178608164783,11.547408305689244,38.71063,36.323612,41.01545
1156,11.56,5.1264710640401905,12.029947695211169,5.126471066986571,12.029947695211169,38.868893,36.472115,41.183136
1157,11.57,5.977854586364052,11.627250660244021,5.9778544221688525,11.627250660244023,38.784325,36.39276,41.093533
1158,11.58,5.686022126719139,11.384538586417785,5.686022271911546,11.384538586417785,38.730816,36.342552,41.03684
1159,11.59,5.702353661868065,11.375551317136228,5.702353749726809,11.375551317136228,38.932747,36.532032,41.250793
1160,11.6,5.17422782243218,10.74584610575772,5.174227896565209,10.74584610575772,38.826565,36.4324,41.13829
1161,11.61,3.488997402652158,11.75377273517175,3.488997453460867,11.75377273517175,38.791153,36.39917,41.10077
1162,11.620000000000001,4.273434487270167,11.956086718833564,4.273434596055184,11.956086718833564,38.729004,36.340855,41.03492
1163,11.63,4.372085047386323,12.88317172896667,4.372085067067724,12.883171728966667,38.784588,36.39301,41.09381
1164,11.64,5.400002217650249,14.522020906189159,5.400002255426794,14.522020906189157,38.821117,36.427288,41.13252
1165,11.65,4.68743137400591,13.671334627604756,4.687431460674477,13.671334627604756,38.702835,36.3163,41.007195
1166,11.66,5.286996115812637,13.684837984955415,5.286996149562199,13.684837984955415,38.712727,36.32558,41.017673
1167,11.67,5.760894033090318,14.604302577387914,5.760894210265013,14.604302577387916,38.78009,36.38879,41.08905
1168,11.68,4.953100357525995,13.807218934592578,4.953100516639152,13.807218934592578,38.687992,36.30237,40.991467
1169,11.69,5.720497036007421,13.556939976624617,5.720496948199439,13.556939976624617,38.95794,36.55567,41.27749
1170,11.700000000000001,5.7746683390662445,13.65639679852585,5.774668317481254,13.65639679852585,38.77184,36.381046,41.080303
1171,11.71,5.779194646006746,13.703523865416493,5.779194540805973,13.703523865416493,38.613247,36.232235,40.91227
1172,11.72,6.207562439317207,14.018210590742205,6.207562320544521,14.018210590742205,38.774216,36.383278,41.082825
1173,11.73,6.041001736054926,14.427283223922496,6.0410017435207,14.427283223922498,38.779224,36.387978,41.08813
1174,11.74,5.56841074065002,14.301139384687684,5.5684108076432475,14.301139384687682,38.74946,36.36005,41.056595
1175,11.75,6.06890299453271,15.109953539403573,6.068903080508409,15.109953539403573,38.848534,36.45301,41.161564
1176,11.76,6.284071946594541,14.405118694977094,6.284071864520251,14.405118694977094,38.8036,36.41085,41.113956
1177,11.77,5.751881778977723,15.895080894760289,5.751881663781617,15.895080894760289,38.754745,36.36501,41.062195
1178,11.78,6.109565978677125,15.054674619584292,6.1095659561748645,15.054674619584292,38.845615,36.45027,41.158474
1179,11.790000000000001,5.848641135481895,14.154024294308059,5.848641264552375,14.154024294308059,38.770073,36.37939,41.078434
1180,11.8,5.572395262252771,14.460751002187319,5.572395245445119,14.460751002187319,38.77858,36.38737,41.08745
1181,11.81,6.123156911767762,13.764580255882043,6.123156877213235,13.764580255882043,38.84333,36.44813,41.156055
1182,11.82,5.645572297304816,13.663995200056327,5.645572193343322,13.663995200056325,38.823223,36.429264,41.13475
1183,11.83,5.777846640237056,13.115243429603272,5.777846634665547,13.115243429603272,38.97949,36.575893,41.30032
1184,11.84,5.305416216905915,12.738354773127108,5.305416158046387,12.738354773127108,38.74971,36.360283,41.05686
1185,11.85,5.320252280383156,12.756205936538617,5.320252287666128,12.756205936538617,38.85748,36.461407,41.171043
1186,11.86,5.371825711434527,12.293670828293553,5.371825768074735,12.293670828293553,38.830612,36.436195,41.14258
1187,11.870000000000001,5.752555224875659,12.668083916137816,5.752555153838433,12.668083916137816,38.67916,36.294083,40.98211
1188,11.88,5.072888967087212,13.59935229038977,5.072889096496189,13.599352290389769,38.69298,36.307053,40.996754
1189,11.89,5.517698742645661,12.810629521846069,5.517698849241233,12.810629521846069,38.773808,36.382896,41.082394
1190,11.9,5.280585760039308,13.21167240815453,28.121933650956972,39.54551591100486,38.77138,36.38062,41.079823
1191,11.91,4.771131056649677,12.557793209042257,4.771131161054309,12.557793209042256,38.805626,36.41275,41.116104
1192,11.92,5.223913536815538,11.81208419596892,5.223913496925467,11.81208419596892,38.739983,36.351154,41.04655
1193,11.93,4.8776383698374035,11.834784721232236,4.87763842964629,11.834784721232236,38.837307,36.44248,41.14967
1194,11.94,5.084550023462734,11.93493782643074,5.084550036615131,11.93493782643074,38.750015,36.36057,41.057182
1195,11.950000000000001,4.720937263107249,11.148284512690834,4.720937327734176,11.148284512690834,38.764977,36.374607,41.073036
1196,11.96,3.5956308407886577,11.553005702642086,3.5956309023212314,11.553005702642086,38.750275,36.360813,41.05746
1197,11.97,4.643707476649679,11.431248698194844,4.643707576326306,11.431248698194844,38.667282,36.28294,40.969524
1198,11.98,3.6953543351460674,11.27326328969744,27.18239760952177,39.4434356322908,38.81913,36.425423,41.130413
1199,11.99,4.387271312646083,11.912966640841585,27.276823583796,39.46636193705487,38.826374,36.43222,41.13809
1200,12.0,4.576481024704616,11.075105390127085,4.576481040211832,11.075105390127085,38.865612,36.46904,41.179665
1201,12.01,4.308394313456205,10.760351924306406,24.85354757509975,38.31602403890255,38.723022,36.33524,41.028584
1202,12.02,5.06024929458762,11.537208689461357,26.596810587181515,39.18749630258382,38.76575,36.375336,41.073856
1203,12.030000000000001,5.831319715669256,12.093263285170641,25.747537498240792,38.32308836782318,38.788006,36.396217,41.097435
1204,12.040000000000001,5.171176955708153,12.305220397632329,25.662987557554683,38.275234724768985,38.88413,36.486412,41.19928
1205,12.05,4.79193433411303,11.719744326498926,25.01393524976238,37.4118066225164,38.79153,36.399525,41.10117
1206,12.06,5.191871633403152,12.045266162303538,23.569336160237725,36.732173443167895,38.76874,36.378143,41.077026
1207,12.07,5.2439013778809525,13.013181828302468,5.243901457533387,13.013181828302468,38.898556,36.49995,41.214565
1208,12.08,5.1294887251684,12.591061366855515,5.1294886556546855,12.591061366855515,38.816715,36.423157,41.127853
1209,12.09,4.842329335384182,12.667345469201276,4.842329424970216,12.667345469201278,38.7318,36.34348,41.037884
1210,12.1,4.8110362245116445,11.928068838358094,4.8110361424032275,11.928068838358094,38.710155,36.323166,41.01495
1211,12.11,4.1394134383911165,10.527915851906322,4.139413415798302,10.527915851906322,38.817627,36.42401,41.12882
1212,12.120000000000001,5.19234014431364,12.056524333444905,5.192340210411419,12.056524333444905,38.850372,36.45474,41.163517
1213,12.13,4.996920203731968,12.158663513959128,4.996920087890731,12.15866351395913,38.77912,36.387882,41.08802
1214,12.14,5.746583550408257,11.772582576463343,5.746583561622569,11.772582576463344,38.716225,36.328865,41.02138
1215,12.15,6.124537245489152,12.98531697073791,6.124537220178997,12.98531697073791,38.70851,36.321625,41.013206
1216,12.16,5.616670471694323,13.054322061068143,5.616670444659221,13.054322061068143,38.747257,36.357983,41.05426
1217,12.17,4.9350206579218305,11.888414693507261,4.935020783278012,11.888414693507261,38.871983,36.475018,41.186413
1218,12.18,5.1082715206654035,12.029306753284956,5.108271623461287,12.029306753284956,38.840267,36.445255,41.152805
1219,12.19,4.9545169239180735,12.077544703543834,4.954517026358482,12.077544703543834,38.683426,36.298088,40.98663
1220,12.200000000000001,4.697777049836083,11.9824522401182,4.697777068623368,11.982452240118198,38.821217,36.42738,41.132626
1221,12.21,5.385542572067491,11.972520066490869,5.385542602330506,11.972520066490869,38.736652,36.34803,41.043022
1222,12.22,5.071632805594892,11.3689459373651,5.0716327165409325,11.3689459373651,38.770145,36.37946,41.078514
1223,12.23,5.258658195816563,11.949905569554566,5.258658203813042,11.949905569554566,38.767624,36.377094,41.07584
1224,12.24,5.134765862492444,11.668578458991469,5.1347658253146315,11.668578458991469,38.79649,36.40418,41.106426
1225,12.25,5.240471717628681,10.99500456826261,5.240471665257627,10.99500456826261,38.84485,36.449554,41.157665
1226,12.26,4.3088189980306675,10.978869583831646,4.308819004460087,10.978869583831646,38.673077,36.288376,40.975662
1227,12.27,4.273725665295814,10.809543616127627,4.273725645028974,10.809543616127627,38.752686,36.363075,41.060013
1228,12.280000000000001,4.542187868960129,10.941169818129357,4.542187926854771,10.941169818129357,38.784138,36.39259,41.093338
1229,12.290000000000001,5.276495021874884,11.314666627220332,5.27649498665975,11.314666627220332,38.74843,36.35908,41.0555
1230,12.3,4.80912323854639,11.158545668360041,4.8091233153509085,11.158545668360041,38.676373,36.291466,40.979153
1231,12.31,4.936545659839341,10.993825891065148,4.9365457710390075,10.993825891065148,38.774727,36.383755,41.083366
1232,12.32,4.27013787844138,10.9313765355673,4.27013779108722,10.9313765355673,38.784405,36.392838,41.09362
1233,12.33,4.2213541429369315,11.130209215986726,4.221354265553648,11.130209215986728,38.835518,36.4408,41.147778
1234,12.34,4.7789542389493604,11.786437280244185,4.778954256933826,11.786437280244181,38.800568,36.408005,41.110744
1235,12.35,5.891207439437982,11.82543170531869,5.891207495316672,11.825431705318692,38.816315,36.422783,41.12743
1236,12.36,4.710658642228613,11.087269848584732,4.710658576455549,11.08726984858473,38.804504,36.411697,41.114914
1237,12.370000000000001,5.252907528906762,11.772999942926525,5.252907640786313,11.772999942926525,38.781628,36.390236,41.09068
1238,12.38,4.2723628550258095,11.501019997887617,4.272362918074786,11.501019997887616,38.83376,36.439148,41.145912
1239,12.39,4.3379125386004596,9.778635246694009,4.337912555778476,9.778635246694009,38.797012,36.404667,41.106976
1240,12.4,5.6254118768383785,11.274432749708303,5.625411799101107,11.274432749708303,38.821285,36.427444,41.132694
1241,12.41,4.865885406074404,11.375033410366015,4.865885409377716,11.375033410366015,38.797405,36.405037,41.10739
1242,12.42,5.659441283423955,11.990093226720685,5.659441401618312,11.990093226720685,38.69146,36.305626,40.99514
1243,12.43,5.3035778419100135,12.237419351827574,5.3035779463442765,12.237419351827574,38.871223,36.474304,41.185608
1244,12.44,5.179234491961228,12.509205051582285,5.17923441864293,12.509205051582285,38.892365,36.49414,41.208008
1245,12.450000000000001,4.5019108491896604,11.733339799755514,4.501910925413499,11.733339799755514,38.749207,36.359814,41.056328
1246,12.46,4.574859183762543,12.256572911792714,4.5748590589148215,12.256572911792714,38.88156,36.484005,41.19656
1247,12.47,2.609625177983431,11.790258826715357,2.6096252067225847,11.790258826715357,38.796673,36.40435,41.106617
1248,12.48,2.989350976258464,11.64550982587821,2.989351023425336,11.64550982587821,38.90953,36.510246,41.226196
1249,12.49,5.388468529977497,11.909897434519298,5.388468402043844,11.909897434519298,38.7994,36.40691,41.10951
1250,12.5,5.476253162375248,12.314319446099098,5.47625316012736,12.314319446099098,38.7695,36.378853,41.077827
1251,12.51,4.594800829016376,11.800853095333476,4.594800709015058,11.800853095333476,38.70679,36.32001,41.011383
1252,12.52,5.323745693246999,12.096110436029258,26.637451906724174,37.975128468901964,38.733227,36.34482,41.0394
1253,12.530000000000001,5.764740364522373,12.585158764215516,26.478730154744913,37.62814933280938,38.79884,36.406384,41.108913
1254,12.540000000000001,5.3586380233493465,11.999753280798071,25.166228697678932,36.800626423201614,38.8129,36.419575,41.12381
1255,12.55,5.8786979016700105,12.02408896606094,24.595714216044104,36.619066481897256,38.707912,36.321064,41.012573
1256,12.56,5.712885701248424,12.97271714839572,5.712885718499796,12.972717148395718,38.737015,36.34837,41.043407
1257,12.57,5.77406499540045,12.830359295548504,5.774064863720903,12.830359295548503,38.6759,36.291023,40.978653
1258,12.58,5.480761099433443,12.608374813230434,5.480761027062603,12.608374813230434,38.741817,36.352875,41.048496
1259,12.59,5.897562357018542,12.984455694167416,5.897562188727039,12.984455694167416,38.824085,36.430073,41.135662
1260,12.6,6.061930423697072,12.505635751529644,6.061930549709612,12.505635751529644,38.880802,36.48329,41.19576
1261,12.61,5.9178023457703395,12.82820315855621,5.9178022905372725,12.82820315855621,38.84005,36.445053,41.15258
1262,12.620000000000001,5.505123170741303,12.741706988938544,5.505123166230767,12.741706988938544,38.763344,36.373077,41.071304
1263,12.63,4.913255378622546,12.371156894566186,4.91325534286994,12.371156894566186,38.785675,36.394028,41.094963
1264,12.64,4.93307176183073,12.522098244587726,4.933071769869271,12.522098244587726,38.830936,36.4365,41.14292
1265,12.65,4.310092814066037,12.485320879198142,4.310092721395343,12.485320879198142,38.68218,36.296917,40.98531
1266,12.66,4.9995112533564265,12.65518250038215,24.296923075879636,35.736749781179526,38.871567,36.474625,41.18597
1267,12.67,4.66383445534332,12.081362529798971,23.208143175989452,35.1635680244735,38.821033,36.427208,41.132427
1268,12.68,5.098590039342792,12.259557455349244,21.21169392165712,34.87802116851961,38.709003,36.322086,41.013725
1269,12.69,5.341022537424626,11.464600274382677,24.426325775248753,36.597547200501864,38.795654,36.403397,41.10554
1270,12.700000000000001,5.164442877084913,11.785340660352098,24.496491764351468,37.071567401312436,38.806133,36.413227,41.116642
1271,12.71,5.374147566495168,12.311386691282653,5.374147516527583,12.311386691282653,38.85979,36.463573,41.173492
1272,12.72,5.014140738015433,12.392153186289834,5.014140732376649,12.392153186289832,38.656933,36.273228,40.958557
1273,12.73,4.89302584597587,12.227832356906529,4.89302584746503,12.227832356906529,38.73334,36.344925,41.039516
1274,12.74,5.56392437266964,12.055145921257076,5.563924422673518,12.055145921257076,38.717197,36.329777,41.02241
1275,12.75,4.779448336802575,11.944359729247536,4.779448381794241,11.944359729247536,38.72636,36.33837,41.03212
1276,12.76,4.950997334526928,11.745181828439664,4.95099734719431,11.745181828439664,38.76916,36.378536,41.07747
1277,12.77,4.636544617470091,11.728101242384856,4.6365447115480585,11.728101242384854,38.66278,36.278713,40.964756
1278,12.780000000000001,5.199541453584236,11.785193756116685,5.199541456994536,11.785193756116685,38.920338,36.52039,41.237648
1279,12.790000000000001,5.0115356051151085,11.718924862482467,5.011535616504916,11.718924862482467,38.793606,36.40147,41.103367
1280,12.8,5.192144988723691,12.112213792633696,5.192144982614271,12.112213792633696,38.814297,36.420887,41.125294
1281,12.81,4.709831021954167,11.618920372593314,4.709831096699601,11.618920372593312,38.711323,36.32426,41.016186
1282,12.82,4.914808640231622,11.428285233317864,4.914808637038386,11.428285233317864,38.875343,36.47817,41.189972
1283,12.83,5.417312842051796,11.790598750125195,5.417312902041493,11.790598750125195,38.819286,36.425568,41.130577
1284,12.84,5.336306611207529,11.590231967450295,5.3363066043864835,11.590231967450295,38.811325,36.4181,41.122143
1285,12.85,4.936522403210759,10.961568815125608,4.936522301301159,10.961568815125608,38.844715,36.44943,41.15752
1286,12.86,4.81134922945945,11.60455066614064,4.811349172520338,11.604550666140637,38.784985,36.393383,41.094234
1287,12.870000000000001,4.506603724672338,11.553905765694214,4.506603674767143,11.553905765694214,38.842857,36.44769,41.155556
1288,12.88,5.035244921002738,11.948795020222104,5.035244988246982,11.948795020222104,38.841106,36.446045,41.153698
1289,12.89,5.257384728720647,11.734541581145095,5.257384657596667,11.734541581145093,38.74037,36.35152,41.046963
1290,12.9,4.484408176979258,11.579540620657298,4.484408113443111,11.5795406206573,38.842995,36.447815,41.155697
1291,12.91,4.755025594317369,10.727602538047963,4.755025487886542,10.727602538047963,38.85591,36.459934,41.169384
1292,12.92,5.067835314777835,11.62985550259414,5.067835255329436,11.62985550259414,38.67797,36.29297,40.98085
1293,12.93,5.515047967052697,10.830152694108316,5.515048039797244,10.830152694108316,38.87068,36.473797,41.185036
1294,12.94,5.03273052090089,10.879881488612572,5.032730524192142,10.879881488612572,38.784275,36.39272,41.093483
1295,12.950000000000001,5.465350138778101,10.870479777603109,5.465350169894356,10.870479777603109,38.810425,36.417255,41.12119
1296,12.96,4.642877213593763,10.206152486206575,4.64287715365986,10.206152486206575,38.840084,36.445084,41.152615
1297,12.97,4.863600404075686,10.250027241644425,4.8636002750804765,10.250027241644425,38.952995,36.551033,41.272247
1298,12.98,4.741497087919022,9.805671844312627,4.741497096267092,9.805671844312627,38.794876,36.402664,41.104717
1299,12.99,4.757732675641229,10.144183544445657,4.757732556464365,10.144183544445657,38.783657,36.39214,41.09283
1300,13.0,4.276408177491103,9.966040680354945,4.2764081372272775,9.966040680354945,38.722023,36.334305,41.027523
1301,13.01,4.402648783840718,10.023099170778025,4.402648746611996,10.023099170778025,38.82391,36.42991,41.135475
1302,13.02,4.6990884518477944,10.606066474760015,4.699088376986589,10.606066474760015,38.839054,36.44412,41.151524
1303,13.030000000000001,4.820352734872846,10.930396750132154,4.820352675342995,10.930396750132154,38.80508,36.41224,41.115524
1304,13.040000000000001,4.945486971444847,11.03444737090182,4.945486968607899,11.03444737090182,38.89367,36.495365,41.20939
1305,13.05,5.351329907239542,11.368863475327938,5.351329845208964,11.368863475327938,38.899334,36.500683,41.215393
1306,13.06,5.388154911430248,12.323583781597586,5.388155035378444,12.323583781597586,38.77705,36.385937,41.085827
1307,13.07,5.216813310342124,12.263053723389252,5.216813356020007,12.263053723389252,38.8222,36.428307,41.133667
1308,13.08,4.876341960074426,11.22027279941263,4.876341984111683,11.22027279941263,38.88073,36.483223,41.195683
1309,13.09,5.028099175543797,11.189294179749709,5.02809914640157,11.189294179749709,38.744335,36.35524,41.051163
1310,13.1,5.151155954862376,11.774300144676369,5.151155973444259,11.774300144676369,38.760616,36.370518,41.068417
1311,13.11,4.8649026890794955,10.932770116883692,4.864902642286911,10.932770116883692,38.81486,36.421417,41.125893
1312,13.120000000000001,5.41550358376081,11.24574338056954,5.415503582225774,11.24574338056954,38.78719,36.395454,41.096573
1313,13.13,4.689931641304535,11.292904546869963,4.689931662474614,11.292904546869963,38.881664,36.4841,41.19667
1314,13.14,4.830912949246352,11.218542484792543,4.830912826519007,11.218542484792543,38.726116,36.338146,41.031864
1315,13.15,4.946024341001424,10.566749507198152,4.946024315314919,10.566749507198152,38.79035,36.398422,41.099922
1316,13.16,4.732249901344616,10.394125721313793,4.7322499134549405,10.394125721313793,38.76448,36.37414,41.07251
1317,13.17,4.761213870015739,10.522143413731849,4.761213796117794,10.522143413731849,38.768726,36.378128,41.077007
1318,13.18,5.059396598504857,10.733857962320558,5.059396538214261,10.73385796232056,38.803665,36.41091,41.114025
1319,13.19,4.9707018180008165,11.139491522206567,4.970701949642777,11.139491522206567,38.909615,36.510326,41.226284
1320,13.200000000000001,5.304232434715342,11.598122372667339,5.304232495048316,11.598122372667339,38.776302,36.385235,41.085033
1321,13.21,4.915931127046337,11.996945518967038,4.915931267730967,11.996945518967038,38.849808,36.45421,41.162918
1322,13.22,4.987104032494823,11.919892744917828,4.987104004677917,11.919892744917826,38.698082,36.31184,41.00216
1323,13.23,4.918137361614958,12.387270485340167,4.918137481800215,12.387270485340167,38.741386,36.352474,41.048042
1324,13.24,5.23414683588597,11.69807648550595,5.234146707130574,11.69807648550595,38.788723,36.39689,41.098194
1325,13.25,4.3383201894876695,11.545189955474624,4.338320097739556,11.545189955474623,38.744026,36.35495,41.050835
1326,13.26,2.7099204598673183,10.940739138713013,2.709920489781038,10.940739138713013,38.92163,36.521603,41.239017
1327,13.27,2.9551295035444154,11.11659953910574,2.95512944485544,11.11659953910574,38.796375,36.404068,41.1063
1328,13.280000000000001,2.7448994942578353,11.462694174085613,2.744899450218655,11.462694174085613,38.7884,36.396587,41.09785
1329,13.290000000000001,2.797043656557838,11.961447343628139,2.797043621783509,11.961447343628137,38.799465,36.40697,41.109577
1330,13.3,2.769252464401025,11.821444225765145,2.7692524242667793,11.821444225765145,38.809692,36.416565,41.12041
1331,13.31,2.749256870018469,12.042586724467995,2.7492569402925087,12.042586724467995,38.761353,36.37121,41.069195
1332,13.32,2.752022641785309,12.243105233906615,24.169023880368606,36.258858887332266,38.877956,36.48062,41.19274
1333,13.33,4.508685273721584,12.880021616233241,24.926747188351456,35.836024167787045,38.800415,36.40786,41.110584
1334,13.34,4.944624825567004,12.510185493686862,4.94462473719205,12.510185493686862,38.75336,36.36371,41.060726
1335,13.35,5.195329049111534,12.59721257856937,5.1953289657038955,12.597212578569367,38.872524,36.475525,41.18699
1336,13.36,4.350090409706459,11.809949064330956,4.3500904334756605,11.809949064330956,38.70507,36.318398,41.009563
1337,13.370000000000001,5.2402947183056074,11.730918913881132,5.240294737928534,11.730918913881132,38.78894,36.397095,41.098427
1338,13.38,5.20093925111693,11.67403870747962,5.200939174296577,11.67403870747962,38.676666,36.291744,40.979465
1339,13.39,5.314001201611492,12.062314863354603,5.314001149796304,12.062314863354603,38.861485,36.465168,41.17529
1340,13.4,3.4653705727885953,11.789910014239625,3.465370673206394,11.789910014239624,38.78622,36.394543,41.095543
1341,13.41,3.0595097469047166,11.512854315885306,3.059509732880904,11.512854315885305,38.808647,36.41559,41.11931
1342,13.42,2.6584796491188296,11.288228752313518,2.6584796344353174,11.288228752313518,38.78134,36.389965,41.090374
1343,13.43,2.367187966491668,11.069774117935985,2.367187993401749,11.069774117935985,38.711163,36.324116,41.016018
1344,13.44,2.702176831403847,11.33069078213962,2.7021767646038493,11.330690782139616,38.810356,36.41719,41.121117
1345,13.450000000000001,2.1088077816114286,11.182172987288117,2.108807769315936,11.182172987288117,38.812183,36.418903,41.12305
1346,13.46,2.072677671758192,10.742706739144912,2.072677658699258,10.742706739144912,38.7379,36.3492,41.04435
1347,13.47,2.248219007087763,11.03862415543665,2.248219004901976,11.03862415543665,38.76601,36.375576,41.074127
1348,13.48,2.722704336224439,12.129394330567564,2.722704280894155,12.129394330567564,38.76435,36.37402,41.072372
1349,13.49,2.554331166983045,11.596827714109601,2.554331211982306,11.596827714109601,38.8189,36.42521,41.130173
1350,13.5,2.559446849776838,10.932940072545922,2.5594468667133685,10.932940072545922,38.748928,36.35955,41.056034
1351,13.51,2.55987439530163,11.526330806294316,2.559874396345102,11.52633080629432,38.817474,36.42387,41.12866
1352,13.52,2.5169374348522577,11.334186341594314,2.5169374365971744,11.334186341594314,38.730003,36.341793,41.03598
1353,13.530000000000001,2.796717891523244,12.011493280826047,2.7967178286339305,12.011493280826043,38.792007,36.39997,41.101673
1354,13.540000000000001,2.5184064508503052,11.812015031873988,2.5184064761849387,11.812015031873988,38.770916,36.38018,41.079327
1355,13.55,2.7773488292573267,11.537420703264349,2.7773487546102738,11.53742070326435,38.715443,36.32813,41.02055
1356,13.56,3.9614847225774747,12.220937010116703,3.9614846052638955,12.220937010116705,38.854866,36.458954,41.168274
1357,13.57,2.672632321040943,12.40072313915249,2.672632388935391,12.40072313915249,38.788128,36.39633,41.097565
1358,13.58,2.1750425941918903,12.415704370130335,2.1750425999755523,12.415704370130335,38.668667,36.28424,40.970993
1359,13.59,3.189218947008036,12.144111552806022,3.1892189142341905,12.144111552806024,38.71908,36.331543,41.024406
1360,13.6,2.4249798538298655,11.075439593266301,2.424979822285673,11.075439593266301,38.875946,36.478737,41.190613
1361,13.61,2.439678214497559,12.193810199550212,2.4396782204480516,12.193810199550212,38.832912,36.438354,41.145016
1362,13.620000000000001,2.34608327671887,11.609904934547917,2.346083237292634,11.609904934547917,38.894516,36.496162,41.21029
1363,13.63,2.5511929772615525,11.718206697280635,2.5511930381347674,11.718206697280635,38.756065,36.36625,41.063595
1364,13.64,3.005928592721483,12.00076079786754,3.005928544699396,12.00076079786754,38.833103,36.438534,41.145218
1365,13.65,4.07323983465693,11.606618187542123,4.073239727041279,11.606618187542121,38.7193,36.331745,41.024635
1366,13.66,3.3780808064854746,11.906824037991383,3.3780807302264617,11.906824037991383,38.839516,36.44455,41.15201
1367,13.67,2.9384634278930255,11.903578005749253,2.938463426355338,11.903578005749253,38.7541,36.364403,41.061512
1368,13.68,2.527031906772105,11.915382132003893,2.527031876077677,11.915382132003893,38.788975,36.397125,41.09846
1369,13.69,3.703461088819351,12.521131515159777,3.7034610343480074,12.521131515159777,38.882076,36.484486,41.197105
1370,13.700000000000001,4.187401491629823,12.330590996081161,4.187401622858704,12.330590996081163,38.824608,36.430565,41.13622
1371,13.71,4.582114338361497,12.843757807493411,10.910293929799154,23.723025572810133,38.795536,36.403282,41.10541
1372,13.72,5.265369784429509,13.664693573001461,11.124986910198832,22.704421870389066,38.670113,36.28559,40.972523
1373,13.73,5.828054026063409,13.30802787186214,11.110980709357413,23.062336944380423,38.67024,36.285713,40.972656
1374,13.74,4.5100591394356675,12.745985133428393,4.510059076204995,12.745985133428393,38.759476,36.369446,41.067207
1375,13.75,5.3443762471079665,12.782124217135443,10.654814902790177,23.822753448599812,38.783344,36.391846,41.092495
1376,13.76,3.894904396568266,12.36041105910671,3.8949043815678333,12.36041105910671,38.761265,36.371128,41.069103
1377,13.77,4.103965944215432,12.268331154448445,4.103966005908501,12.268331154448445,38.778717,36.3875,41.087593
1378,13.780000000000001,2.4423043210177795,11.952344567920449,2.442304297740087,11.952344567920449,38.780052,36.388752,41.08901
1379,13.790000000000001,3.2890706908746776,11.85985489987559,3.2890707251644393,11.85985489987559,38.89474,36.496372,41.210526
1380,13.8,3.8054201000275847,12.31642195121947,11.48936089094398,24.53313703093883,38.872593,36.475586,41.187057
1381,13.81,2.661247610327636,12.330386495174665,2.6612475879300597,12.330386495174665,38.733757,36.345314,41.039955
1382,13.82,2.887437267245994,11.165503814976807,2.8874373155348754,11.165503814976807,38.805767,36.412884,41.116253
1383,13.83,2.405113598271097,10.853436819382996,2.4051135924487927,10.853436819382994,38.77312,36.38225,41.081665
1384,13.84,2.118210269354775,10.858882754006588,2.1182102761166473,10.858882754006588,38.874813,36.477673,41.18941
1385,13.85,2.569962615634207,12.122969299947044,2.569962676013916,12.122969299947044,38.736588,36.347973,41.042957
1386,13.86,3.202493415975872,12.701391462001283,3.2024935152813963,12.701391462001283,38.830246,36.435856,41.142193
1387,13.870000000000001,3.713808431609348,12.803881876552436,3.7138083381546947,12.803881876552435,38.869133,36.472343,41.18339
1388,13.88,3.4720874289476975,11.958207337239683,3.47208750506781,11.958207337239681,38.77875,36.387535,41.08763
1389,13.89,3.715662651381779,12.055452914236467,3.715662581346572,12.055452914236467,38.864727,36.46821,41.178726
1390,13.9,2.112099717082493,11.979612006010385,2.11209966507478,11.979612006010385,38.750465,36.360992,41.05766
1391,13.91,3.056791902365992,11.998369511453424,3.0567919299195307,11.998369511453424,38.757336,36.36744,41.06494
1392,13.92,3.2663838526829987,11.907883310359233,3.2663838112283043,11.907883310359233,38.730286,36.342056,41.036278
1393,13.93,3.6395160180528667,11.841985517136914,3.639516125888788,11.841985517136914,38.799545,36.407043,41.10966
1394,13.94,5.537850468339094,12.594044482664959,5.537850428634825,12.594044482664959,38.785084,36.39348,41.09434
1395,13.950000000000001,5.018881757817604,12.605748818405395,5.018881925087944,12.605748818405395,38.91444,36.514854,41.2314
1396,13.96,4.322229847825398,12.594321221296878,4.322229769899701,12.594321221296878,38.772026,36.38122,41.0805
1397,13.97,4.422001710546457,12.007188313890595,4.422001675887809,12.007188313890593,38.914967,36.51535,41.231956
1398,13.98,3.124022354922652,12.514447576558847,3.1240222765386894,12.514447576558847,38.91523,36.515594,41.23223
1399,13.99,2.561802627085554,12.043535887732162,2.5618026055373213,12.043535887732164,38.720497,36.33287,41.025906
1400,14.0,2.808990941403183,12.47437345497944,2.808990974759986,12.474373454979442,38.803497,36.410755,41.11385
1401,14.01,2.468625525452603,12.147726585486565,2.4686255873016596,12.147726585486565,38.786407,36.39472,41.095745
1402,14.02,3.7825128587390027,12.601201968065237,3.7825129649126095,12.601201968065238,38.860138,36.4639,41.173862
1403,14.030000000000001,5.05198000479937,11.501647094040058,5.05197999834041,11.501647094040058,38.811573,36.41833,41.122406
1404,14.040000000000001,4.594594930093637,11.673331219733187,4.594594841113494,11.673331219733187,38.861176,36.464874,41.17496
1405,14.05,3.1695701810573476,11.453163054027504,3.169570164555173,11.453163054027504,38.914265,36.514694,41.231213
1406,14.06,3.8275951248270745,11.044950749738245,3.827595063324954,11.044950749738245,38.80034,36.40779,41.1105
1407,14.07,5.070011087079643,11.852345429039215,5.070011086350656,11.852345429039215,38.79353,36.4014,41.10329
1408,14.08,5.208797658746904,12.291852867253672,16.28944578860831,25.322260571589247,38.81652,36.422974,41.127647
1409,14.09,5.0122810235454756,12.366099600384276,16.0699829132382,25.06134794367648,38.699482,36.313152,41.00364
1410,14.1,3.9617352928448524,12.47258779029852,16.08442566320592,25.11242223010207,38.894985,36.4966,41.210785
1411,14.11,3.699899084555374,12.312200762519694,3.6998989923686447,12.312200762519694,38.834736,36.440067,41.14695
1412,14.120000000000001,4.678624151300685,13.071452084357126,14.423091456694484,23.94080684391397,38.747124,36.357857,41.05412
1413,14.13,4.452995457663996,12.264329977827522,14.278689298261586,24.766453266086383,38.95008,36.548298,41.26916
1414,14.14,4.686353836001456,13.002848234080966,15.252148708300476,23.98840875996534,38.726467,36.338474,41.03223
1415,14.15,5.318193036375549,13.733774906747776,13.810340759113432,23.089299365599203,38.808254,36.41522,41.118893
1416,14.16,5.266899089750378,12.933936801908034,5.26689919262374,12.933936801908034,38.878853,36.481464,41.19369
1417,14.17,4.986921138896563,12.912350054726062,12.926748682578989,23.619277391858905,38.700737,36.31433,41.00497
1418,14.18,5.0270112116709145,12.723984995311723,5.02701119056894,12.723984995311723,38.755642,36.36585,41.063145
1419,14.19,4.926617463660935,12.264993456993304,4.926617488283372,12.264993456993304,38.91874,36.518887,41.23595
1420,14.200000000000001,5.279584667531531,12.254310728157948,5.279584714021075,12.254310728157948,38.903492,36.50458,41.219795
1421,14.21,5.038576899162234,12.20954991526584,5.038576931026764,12.20954991526584,38.84743,36.451977,41.160397
1422,14.22,4.91813622312883,11.85841708891266,4.9181361573738425,11.85841708891266,38.737164,36.34851,41.043568
1423,14.23,5.305099261778856,12.275219779825788,5.305099095407434,12.275219779825788,38.77454,36.38358,41.083164
1424,14.24,5.282840207246385,13.215528080515941,5.282840357497789,13.215528080515941,38.893745,36.495434,41.20947
1425,14.25,5.0819629851471095,12.89101331057448,14.555534073884765,23.828622254181898,38.941895,36.540615,41.260487
1426,14.26,4.346535591046326,12.757206028984507,4.346535619856147,12.757206028984507,38.90443,36.505463,41.220795
1427,14.27,5.172660430449465,13.491278509928698,5.17266042640781,13.491278509928696,38.739704,36.350895,41.046257
1428,14.280000000000001,4.7618350906521565,12.509531791776475,4.761835164355894,12.509531791776478,38.76565,36.37524,41.07375
1429,14.290000000000001,4.584498595584814,12.311942083502503,4.584498650165178,12.311942083502503,38.799828,36.40731,41.109962
1430,14.3,3.9590428908359643,11.232175126238408,3.959042788470518,11.232175126238408,38.72056,36.332928,41.02597
1431,14.31,4.240492901007124,10.950926412393219,4.240492836424132,10.950926412393219,38.651104,36.267757,40.95238
1432,14.32,5.849445117285452,12.297056117361059,5.849445159925656,12.29705611736106,38.794067,36.401905,41.10386
1433,14.33,5.660587104286706,11.63307223413828,5.660587224436167,11.63307223413828,38.84192,36.446804,41.154556
1434,14.34,4.3838283468384445,11.107424555275871,4.38382835965553,11.107424555275871,38.669163,36.284702,40.97152
1435,14.35,5.077062717669284,12.143791422968272,14.190487244842428,24.17183523949506,38.67403,36.28927,40.976673
1436,14.36,5.936349393896203,11.96478568220548,5.93634954491071,11.96478568220548,38.828247,36.43398,41.14007
1437,14.370000000000001,5.154654510621097,12.845518829198333,5.154654441523407,12.845518829198333,38.85984,36.463623,41.17355
1438,14.38,6.306408876489056,13.71639017486067,6.306409030821181,13.71639017486067,38.88821,36.490242,41.203606
1439,14.39,5.9908741095003935,13.264871560539671,5.99087409961233,13.264871560539671,38.773903,36.382984,41.082493
1440,14.4,5.880448880007384,12.317165835082822,5.880448972611655,12.317165835082822,38.855453,36.459507,41.1689
1441,14.41,5.545103806027573,12.06314736087969,5.545103706099262,12.06314736087969,38.707066,36.320267,41.011677
1442,14.42,5.655128792349493,11.863106139211226,5.655128751331868,11.863106139211226,38.846176,36.4508,41.15907
1443,14.43,5.46360150041811,11.664569561639555,5.463601432888142,11.664569561639555,38.77782,36.38666,41.086643
1444,14.44,4.821668445946114,12.096344785430558,14.968796165656162,24.63960824528127,38.82121,36.427372,41.132614
1445,14.450000000000001,5.323408610971861,11.650579716762605,15.78515835362001,25.0375550208722,38.81951,36.42578,41.130817
1446,14.46,5.179749903370312,11.515659286967466,16.577319954584407,25.5889155219773,38.803074,36.41036,41.113403
1447,14.47,5.1071187843278905,11.364412009466806,5.107118809867135,11.364412009466806,38.690197,36.30444,40.993805
1448,14.48,4.5158912305288865,11.370603343547465,4.515891189866849,11.370603343547463,38.828815,36.43451,41.140675
1449,14.49,5.340209105777781,11.444213890348411,5.340209053705462,11.444213890348411,38.79284,36.400753,41.102554
1450,14.5,5.325493087654682,11.557385388115078,5.32549300204181,11.557385388115078,38.819576,36.42584,41.130882
1451,14.51,6.073129554667026,12.028978269815788,6.073129575863225,12.028978269815784,38.886566,36.4887,41.201862
1452,14.52,5.745792861374407,11.543827689093856,15.917739888427306,25.72034333624594,38.83781,36.44295,41.150208
1453,14.530000000000001,5.525856134544825,11.219834237799637,5.5258560957618625,11.219834237799638,38.79091,36.39894,41.10051
1454,14.540000000000001,5.088199209044688,10.985961947656477,5.088199241770297,10.985961947656477,38.764435,36.3741,41.07246
1455,14.55,5.2098487842999415,10.819217459936661,5.209848947195353,10.819217459936661,38.843517,36.448303,41.15625
1456,14.56,4.858946567531321,10.742793041544653,4.858946444320253,10.742793041544653,38.755882,36.366074,41.0634
1457,14.57,5.9673327320402345,11.396191784022333,5.967332724992147,11.396191784022335,38.71913,36.331593,41.02446
1458,14.58,5.419379391438055,11.114794219779563,5.4193793853726175,11.114794219779563,38.890007,36.49193,41.20551
1459,14.59,5.08056512616467,10.913435324468564,5.080565165981037,10.913435324468564,38.90445,36.50548,41.220814
1460,14.6,4.881114405895597,10.514195840440358,4.881114328130068,10.514195840440356,38.78327,36.391777,41.09242
1461,14.61,5.616903015507793,11.070689347434904,5.616902977586846,11.070689347434904,38.77869,36.387474,41.087563
1462,14.620000000000001,5.200608555008134,10.24789766050241,5.200608538035786,10.247897660502412,38.92975,36.52922,41.24762
1463,14.63,5.080707361371444,9.887763641924977,5.080707398246143,9.887763641924975,38.777466,36.38633,41.08627
1464,14.64,5.401197524514074,11.427152125599719,5.401197529240446,11.427152125599719,38.68709,36.301525,40.990513
1465,14.65,4.842748914238386,10.744461766954595,4.842748845210571,10.744461766954595,38.87533,36.478157,41.18996
1466,14.66,4.970821376173214,10.848779819934833,4.970821498878036,10.848779819934833,38.689766,36.304035,40.993347
1467,14.67,5.39890308045937,11.44417772441788,5.398902988656077,11.44417772441788,38.911503,36.5121,41.228287
1468,14.68,4.999635720955505,10.790124122325492,4.999635757434715,10.790124122325492,38.900482,36.50176,41.21661
1469,14.69,5.305680452849496,10.878993514294617,5.30568039651483,10.878993514294617,38.7508,36.361305,41.058014
1470,14.700000000000001,5.110651650990262,11.303749821725578,16.810333382031136,25.297970362145126,38.911987,36.512554,41.228798
1471,14.71,5.303480306093917,11.899652251561363,15.304255170004312,24.73725728363276,38.81863,36.424953,41.129883
1472,14.72,5.372568529602566,11.152171272477739,16.45348201926277,25.472054158546513,38.815407,36.42193,41.12647
1473,14.73,5.251456596829819,11.328716755926008,16.33973978533388,25.128872193381678,38.767414,36.376896,41.075615
1474,14.74,5.729597502752509,11.194465042003397,17.659963620713057,25.263016101001796,38.692444,36.30655,40.996185
1475,14.75,5.036082185922481,11.264019918214466,5.0360821185942815,11.264019918214464,38.715866,36.32853,41.021004
1476,14.76,3.9859478084264217,11.393591804568711,3.9859478426564174,11.393591804568711,38.826096,36.431957,41.13779
1477,14.77,4.660082780946677,11.736133928395008,4.660082736438507,11.736133928395008,38.87565,36.478455,41.190296
1478,14.780000000000001,5.070267055860574,11.817826164340904,5.070267066188987,11.817826164340904,38.851414,36.455715,41.16462
1479,14.790000000000001,4.968474128251114,12.219497029778584,4.968474198395646,12.219497029778584,38.706543,36.31978,41.01112
1480,14.8,5.631377012097114,11.95446579611228,5.631377053903485,11.95446579611228,38.832912,36.438354,41.145016
1481,14.81,5.1533574188286195,11.633427245957328,5.1533574518921474,11.633427245957328,38.82304,36.429092,41.134556
1482,14.82,5.139647641452781,11.576948824893318,5.139647659111796,11.576948824893316,38.843105,36.44792,41.155815
1483,14.83,4.993087677648843,10.675148069528802,4.993087680322,10.675148069528802,38.76977,36.37911,41.078114
1484,14.84,5.67666362260105,11.86057539970603,5.676663604303972,11.86057539970603,38.834244,36.439606,41.146427
1485,14.85,5.499251293442987,11.083930504256136,5.499251150458239,11.083930504256136,38.79401,36.40185,41.103798
1486,14.86,5.727426532300954,10.803859589995561,5.727426529631973,10.803859589995563,38.738586,36.349846,41.045074
1487,14.870000000000001,5.810714223638694,11.338686324459317,5.810714284420877,11.338686324459317,38.82161,36.42775,41.133038
1488,14.88,5.496275235690409,11.908418294184443,5.496275341918129,11.908418294184443,38.821823,36.427948,41.133263
1489,14.89,5.835149648563843,11.90601867343523,5.8351496025257426,11.90601867343523,38.80812,36.415092,41.118748
1490,14.9,5.562725581579316,10.969694238642157,5.562725588663277,10.969694238642157,38.72338,36.33558,41.02896
1491,14.91,5.42784440810922,11.31394705583051,5.42784437715286,11.313947055830509,38.829147,36.434822,41.14103
1492,14.92,5.320054457646713,12.345447388725376,5.320054500830269,12.345447388725376,38.821835,36.42796,41.133278
1493,14.93,5.374692242080394,13.133212698918122,5.374692110742485,13.133212698918122,38.82253,36.42861,41.134014
1494,14.94,5.877420768934681,13.137380775209124,5.877420830558818,13.137380775209124,38.711693,36.32461,41.01658
1495,14.950000000000001,5.701466536895094,12.822067199038083,5.701466576598561,12.822067199038084,38.937477,36.536472,41.255806
1496,14.96,5.575505531909566,13.18706858630428,5.575505478908953,13.18706858630428,38.60935,36.228577,40.90814
1497,14.97,5.303881741737172,12.962579212123819,5.303881846564949,12.962579212123819,38.71162,36.324543,41.016502
1498,14.98,5.649392497335614,12.86414362333646,5.649392488360342,12.864143623336458,38.865223,36.468674,41.17925
1499,14.99,4.845060516711888,12.68251325466028,4.845060411566908,12.68251325466028,38.749756,36.360325,41.056908
1500,15.0,5.566599137753134,13.106833556872582,5.566599139147321,13.106833556872582,38.751232,36.36171,41.05847
1501,15.01,5.2201812143594,13.042890877072377,5.220181089022736,13.042890877072377,38.715973,36.328625,41.021114
1502,15.02,5.576931405302244,12.931280976503944,5.5769314485929735,12.931280976503944,38.750698,36.36121,41.057903
1503,15.030000000000001,5.223893604615829,12.771778393709313,5.22389352639322,12.771778393709315,38.785988,36.394325,41.095295
1504,15.040000000000001,4.79898665750501,13.073582357727032,4.798986715561932,13.073582357727032,38.786842,36.395123,41.0962
1505,15.05,5.072163127032294,12.959128210761094,5.0721631386125825,12.959128210761095,38.79576,36.403496,41.105656
1506,15.06,5.83719740960357,13.191356679794106,5.837197541245349,13.191356679794106,38.857376,36.46131,41.170937
1507,15.07,4.855330859732137,12.461848827411655,4.855330917341056,12.461848827411655,38.824085,36.43007,41.135662
1508,15.08,5.624999319575317,12.377530980228025,5.624999452247653,12.377530980228025,38.774895,36.383915,41.083546
1509,15.09,5.513754885218151,12.528081605668627,5.513754881157635,12.528081605668627,38.730373,36.34214,41.036373
1510,15.1,4.994165046456122,10.951822473916208,4.994165000069039,10.951822473916208,38.740135,36.3513,41.046715
1511,15.11,4.528771582953859,11.532836654469474,4.528771588492054,11.532836654469474,38.697807,36.31158,41.001865
1512,15.120000000000001,5.9229513843914114,12.345032114845752,5.922951494876287,12.345032114845754,38.795647,36.403385,41.10553
1513,15.13,5.707834680040238,12.855736945980864,5.707834818052676,12.855736945980862,38.78715,36.395416,41.09653
1514,15.14,5.882095783841716,12.71311771317525,5.882095669599604,12.713117713175249,38.763702,36.373413,41.071686
1515,15.15,5.72579350886414,12.121104067632325,5.725793614831841,12.121104067632327,38.74168,36.35275,41.04835
1516,15.16,5.483743148511936,13.445407250413785,5.48374314529729,13.445407250413785,38.72276,36.33499,41.0283
1517,15.17,5.155975069469148,13.609751853662925,5.155975150390301,13.609751853662925,38.860973,36.464687,41.174747
1518,15.18,5.369056786393691,13.939153272273039,5.369056800927367,13.93915327227304,38.808697,36.415634,41.119358
1519,15.19,5.271544761216794,13.483414580509248,5.271544746445443,13.483414580509248,38.81959,36.425854,41.1309
1520,15.200000000000001,5.191803377338555,13.50789178763515,5.191803286085261,13.50789178763515,38.854412,36.45853,41.167793
1521,15.21,5.141909015729794,13.518734689279917,5.141909128660872,13.518734689279919,38.710045,36.323063,41.01483
1522,15.22,5.240061087358039,13.923040028311052,5.24006100600149,13.923040028311052,38.8048,36.411976,41.11523
1523,15.23,5.843311229783252,14.784349219267272,5.843311154678785,14.784349219267272,38.82952,36.435173,41.141422
1524,15.24,5.575498359517096,14.243057342063054,5.575498352733414,14.243057342063054,38.81078,36.417587,41.121563
1525,15.25,5.283204827553133,15.002944767976224,5.283204941446288,15.002944767976224,38.77422,36.38328,41.08283
1526,15.26,5.706100950750007,13.982627077765336,5.706101073084308,13.982627077765336,38.820145,36.426376,41.13149
1527,15.27,5.906757729163717,14.241005517409684,5.906757747305201,14.241005517409684,38.66689,36.282566,40.969105
1528,15.280000000000001,5.779009546810469,14.006904291473585,5.779009678719643,14.006904291473587,38.850895,36.45523,41.16407
1529,15.290000000000001,5.866298483568143,14.575839486390148,5.866298457563596,14.575839486390148,38.796177,36.403885,41.106094
1530,15.3,6.88787791530085,15.94860295460619,6.887877867010833,15.94860295460619,38.76758,36.37705,41.075794
1531,15.31,5.8660285181055025,14.984420105412156,5.866028644731787,14.984420105412156,38.7053,36.31861,41.009804
1532,15.32,5.696680084787928,14.414325974296053,5.696680128826683,14.414325974296053,38.846222,36.450844,41.15912
1533,15.33,5.630080049836164,13.944476685208809,5.630079940808101,13.944476685208809,38.83524,36.44054,41.147484
1534,15.34,5.635021162155191,14.149073574669877,5.635021110086949,14.149073574669876,38.826557,36.432392,41.138283
1535,15.35,5.559016527300544,12.470859909425412,5.559016432905141,12.470859909425412,38.838245,36.44336,41.150665
1536,15.36,5.421630384419537,12.225813858947072,5.421630257564631,12.225813858947072,38.777084,36.38597,41.085865
1537,15.370000000000001,5.766556876229018,11.470868056399203,5.766556887671881,11.470868056399201,38.800304,36.40776,41.110466
1538,15.38,6.023751363127598,10.979070997737663,6.023751289424532,10.979070997737661,38.783398,36.391895,41.092556
1539,15.39,6.876144650519603,11.626997732247355,6.876144663415297,11.626997732247355,38.839172,36.44423,41.15165
1540,15.4,5.9065292654131305,11.782845546971766,5.906529133748891,11.782845546971766,38.724075,36.336227,41.029697
1541,15.41,5.582790793926917,11.281852356164864,5.582790830944613,11.281852356164864,38.659683,36.275806,40.96147
1542,15.42,5.310349723777385,10.538824847121585,5.310349712967954,10.538824847121585,38.79832,36.405895,41.108364
1543,15.43,5.407103137292766,10.570787624094406,5.407103185121807,10.570787624094406,38.70051,36.314117,41.00473
1544,15.44,5.350688598034428,10.683861425517247,5.350688499349368,10.683861425517247,38.79812,36.40571,41.10815
1545,15.450000000000001,5.72540924480236,10.67483474141575,5.725409226020259,10.67483474141575,38.853027,36.45723,41.16633
1546,15.46,5.39052646088471,10.226236894618701,5.390526323700226,10.226236894618701,38.836422,36.44165,41.148735
1547,15.47,5.9419202262587545,11.310790381163894,5.941920106790315,11.310790381163896,38.74353,36.354485,41.050312
1548,15.48,5.360626586535206,10.19691435280673,5.360626636806776,10.19691435280673,38.82484,36.430782,41.136463
1549,15.49,4.907346603508038,9.874024035245299,4.907346626796594,9.874024035245299,38.83094,36.436504,41.142925
1550,15.5,4.471466169486737,9.951322987600971,4.471466085684516,9.951322987600971,38.948925,36.547215,41.267937
1551,15.51,4.953521190678523,9.559014944351972,4.953521237883414,9.55901494435197,38.753166,36.363525,41.06052
1552,15.52,5.2608313859514,10.116074388001646,5.26083130447371,10.116074388001646,38.674538,36.28975,40.97721
1553,15.530000000000001,5.50475018309852,10.201152551470132,5.504750377250372,10.201152551470132,38.822865,36.42893,41.13437
1554,15.540000000000001,4.698832632580437,9.928287527543194,4.698832634460585,9.928287527543194,38.826775,36.432594,41.13851
1555,15.55,5.213628605668537,9.92155520247514,5.213628657839645,9.92155520247514,38.73391,36.345455,41.04012
1556,15.56,5.057449776681751,10.269932424039895,5.057449751674977,10.269932424039895,38.72241,36.334663,41.02793
1557,15.57,5.7823953782798165,10.775096813760094,5.782395385393012,10.775096813760095,38.75802,36.368076,41.065662
1558,15.58,5.970916754825142,11.462604860758045,5.970916746821821,11.462604860758045,38.869473,36.47266,41.18375
1559,15.59,5.893109118565343,12.519111282558523,5.893109062574179,12.519111282558523,38.767555,36.37703,41.075768
1560,15.6,5.4461108712503234,12.777146287539276,5.446110837564995,12.777146287539276,38.80989,36.416756,41.120625
1561,15.610000000000001,6.033144417116321,13.190683755155977,6.0331444901638855,13.190683755155977,38.826553,36.43239,41.138275
1562,15.620000000000001,5.848973192496108,12.469379494588813,5.848973151225239,12.469379494588813,38.6256,36.243824,40.925358
1563,15.63,5.253735673465664,12.361517747219176,5.253735664479688,12.361517747219176,38.731827,36.343502,41.03791
1564,15.64,5.950345435765919,12.847164961389419,5.950345432278498,12.847164961389419,38.766727,36.37625,41.07489
1565,15.65,5.33418438025667,12.053665027926876,5.334184358552207,12.053665027926876,38.844463,36.449196,41.157257
1566,15.66,5.029970223291407,12.797984578054185,5.0299701746388,12.797984578054185,38.979603,36.575996,41.300438
1567,15.67,6.009224434453043,13.165664438849563,6.0092242564824625,13.165664438849563,38.72832,36.340214,41.034195
1568,15.68,5.339725667015953,12.810393473284684,5.339725777572434,12.810393473284684,38.847633,36.452168,41.160614
1569,15.69,5.672107750298394,12.041847951979678,5.672107608528534,12.041847951979678,38.75152,36.36198,41.058773
1570,15.700000000000001,5.784103534404634,11.649006547574468,5.784103527056263,11.649006547574468,38.781925,36.390514,41.090996
1571,15.71,6.312411329256606,11.717473904942471,6.312411389353755,11.717473904942475,38.73589,36.347317,41.042217
1572,15.72,5.488913973149831,11.661535294512065,5.4889139226482335,11.661535294512065,38.751026,36.36152,41.058254
1573,15.73,5.79172767650125,12.261916716654692,5.791727603129762,12.261916716654694,38.86906,36.472275,41.183315
1574,15.74,5.7747499825190385,12.973922281666923,5.774750091835912,12.973922281666923,38.84414,36.448887,41.15691
1575,15.75,5.93766660043542,12.730588555786218,5.937666553464977,12.730588555786218,38.674667,36.289867,40.97735
1576,15.76,5.163154609527347,13.286035367414753,5.163154477353154,13.286035367414753,38.782578,36.391125,41.091682
1577,15.77,5.892327947922145,13.040045862284979,5.892327812679954,13.040045862284979,38.930965,36.53036,41.24891
1578,15.780000000000001,5.28939979898981,12.671578251164016,5.289399968898594,12.671578251164018,38.700565,36.31417,41.00479
1579,15.790000000000001,5.605329483146143,13.09032360274241,5.605329534390734,13.09032360274241,38.818287,36.424633,41.12952
1580,15.8,4.868399291776932,12.927663308850379,4.868399472482408,12.927663308850379,38.69257,36.306664,40.996315
1581,15.81,5.418946456175931,13.075038761763896,5.418946449639562,13.075038761763896,38.7706,36.379887,41.078995
1582,15.82,5.931331342002446,13.115254567258287,5.93133147758946,13.115254567258287,38.941845,36.540573,41.260433
1583,15.83,5.1804178813652175,12.973102010432354,5.180417717830464,12.973102010432354,38.75551,36.365723,41.063004
1584,15.84,5.735923811325987,12.497905006560188,5.735923620670526,12.497905006560186,38.89129,36.493134,41.20687
1585,15.85,5.417891210083524,11.863406662741404,5.417891228093646,11.863406662741404,38.801933,36.409286,41.112194
1586,15.860000000000001,5.206641198961657,12.115476423989579,5.206641390788358,12.115476423989579,38.757404,36.367504,41.065014
1587,15.870000000000001,5.551270611543295,11.699577255770523,5.551270662683465,11.699577255770523,38.804234,36.411446,41.114628
1588,15.88,5.4489494700955285,12.340959463510409,5.44894942223469,12.340959463510409,38.796673,36.40435,41.106617
1589,15.89,5.621958606195828,12.56927059379862,5.621958501781732,12.56927059379862,38.71519,36.327892,41.020287
1590,15.9,5.248266996693394,11.919747769819285,5.248266864215791,11.919747769819285,38.695435,36.309353,40.99935
1591,15.91,5.374970480742857,11.815734522388162,5.374970423420515,11.815734522388162,38.71751,36.33007,41.022743
1592,15.92,5.498136415453185,11.894002083417853,5.498136271625861,11.894002083417853,38.80193,36.409283,41.112186
1593,15.93,5.685627791571984,12.104921000579418,5.6856277037810505,12.104921000579418,38.70385,36.317253,41.00827
1594,15.94,5.318223392207144,12.54138131337308,5.318223237602574,12.54138131337308,38.87649,36.479248,41.191193
1595,15.950000000000001,4.801967930323589,12.212000889781574,4.801968043230434,12.212000889781574,38.81381,36.42043,41.12477
1596,15.96,5.295951268056854,12.787124605870758,5.295951229432465,12.787124605870758,38.747192,36.357918,41.05419
1597,15.97,5.099846653344073,11.878683028523296,5.09984682063349,11.878683028523294,38.776314,36.385246,41.085045
1598,15.98,5.427619405671732,12.633833051913719,5.427619450530931,12.633833051913719,38.841522,36.446434,41.15414
1599,15.99,5.8468089986859475,12.424325428611034,5.846809007859998,12.424325428611036,38.824665,36.43062,41.13628
1600,16.0,5.246133129147428,12.580025950081305,5.246133054316462,12.580025950081305,38.757973,36.368034,41.065613
1601,16.01,5.8594449210823205,12.231811420996793,5.859444873915813,12.231811420996795,38.749935,36.360493,41.0571
1602,16.02,6.860430606018883,13.038079355614146,6.860430732009719,13.038079355614146,38.70607,36.319336,41.010624
1603,16.03,6.136090062210153,13.106803206829616,6.1360900908700815,13.106803206829616,38.97506,36.571735,41.295624
1604,16.04,6.174977259141262,12.740570494812065,6.174977415500855,12.740570494812065,38.823536,36.429554,41.13508
1605,16.05,6.404023389820767,13.608865306251333,6.404023362363083,13.608865306251332,38.829845,36.43548,41.14177
1606,16.06,7.23681325239074,13.97340599180959,7.236813091940909,13.973405991809589,38.777527,36.386383,41.08633
1607,16.07,5.3959382496139146,13.498747180100052,5.395938411151062,13.498747180100052,38.928623,36.528164,41.24642
1608,16.080000000000002,5.25674302586084,12.80189177673923,5.25674308609739,12.80189177673923,38.770245,36.37955,41.078617
1609,16.09,5.1726536207746205,12.342466820406734,5.172653666135178,12.342466820406736,38.83834,36.443447,41.15077
1610,16.1,4.9280010592900805,11.417362767725718,4.928000923160159,11.417362767725718,38.844357,36.449093,41.157143
1611,16.11,5.893168450383254,11.806777725264206,5.893168308230122,11.806777725264206,38.84241,36.447266,41.15508
1612,16.12,5.989963267100185,11.952543272672632,5.989963121789037,11.952543272672632,38.91501,36.51539,41.232
1613,16.13,5.44957139057656,12.058147943345476,5.449571468511559,12.058147943345476,38.80895,36.41587,41.119625
1614,16.14,5.136967745067012,12.522659948080143,5.136967605371312,12.522659948080143,38.774097,36.383167,41.0827
1615,16.15,5.442548993653834,12.33891237670575,5.442548948105352,12.338912376705752,38.77084,36.380108,41.079247
1616,16.16,4.855729338800218,11.809427140416213,4.855729305295536,11.809427140416213,38.78777,36.395992,41.097183
1617,16.17,5.741303780200302,11.92532688870447,5.741303964382017,11.92532688870447,38.743786,36.354725,41.050583
1618,16.18,6.079423038594753,12.395179792706635,6.07942307165811,12.395179792706635,38.830788,36.436363,41.142765
1619,16.19,6.036283906558891,12.9298731092177,6.036283884319459,12.9298731092177,38.774345,36.3834,41.082962
1620,16.2,5.3537159313765255,13.034371379809674,5.353715974187367,13.03437137980967,38.771374,36.38061,41.079815
1621,16.21,6.1602867371150865,12.566088458541058,6.160286690888191,12.56608845854106,38.859337,36.46315,41.17301
1622,16.22,5.333032737587618,13.246552267411314,5.333032667035462,13.246552267411314,38.875446,36.478268,41.190083
1623,16.23,5.6882747871103945,13.287766810226127,5.688274857075628,13.287766810226127,38.94721,36.545605,41.266117
1624,16.240000000000002,5.8383502430903365,13.860606378928061,5.838350264219331,13.860606378928061,38.64191,36.25913,40.942642
1625,16.25,5.542673262345544,14.776770032442151,5.542673180979333,14.77677003244215,38.809563,36.416447,41.120277
1626,16.26,5.255694918244815,14.235314303209314,5.255694762028642,14.235314303209313,38.811928,36.418663,41.12278
1627,16.27,4.638975524231262,14.453106154119212,4.638975564238681,14.453106154119212,38.811367,36.418137,41.12219
1628,16.28,7.621200574163677,16.133362014226964,7.62120065836741,16.133362014226964,38.77585,36.384808,41.084553
1629,16.29,9.61146727638195,16.706953584477414,9.611467015255306,16.706953584477414,38.778255,36.387066,41.0871
1630,16.3,9.458201120736533,16.990760812235163,9.45820121192571,16.990760812235163,38.80212,36.409462,41.11239
1631,16.31,9.484385543375245,16.91902900095038,9.484385521498815,16.91902900095038,38.753914,36.364227,41.061314
1632,16.32,10.031478394884896,18.238754272271382,10.031478458193567,18.238754272271386,38.855644,36.459682,41.169098
1633,16.330000000000002,9.837537947639088,19.108117216311975,9.837537805727276,19.108117216311975,38.60836,36.227646,40.907093
1634,16.34,10.471751531728495,19.584447278139724,10.471751707305778,19.584447278139724,38.789864,36.39796,41.099403
1635,16.35,9.914806971575187,18.31566970846233,9.914806696867974,18.315669708462334,38.771736,36.38095,41.080196
1636,16.36,9.180411412091281,17.488210468620377,9.180411362032894,17.488210468620377,38.84078,36.445736,41.153347
1637,16.37,8.307439549704705,16.376396180123617,8.307439500506632,16.376396180123617,39.00227,36.59727,41.32446
1638,16.38,8.89199169151524,16.676602445509804,8.891991726629858,16.676602445509808,38.71764,36.330193,41.02288
1639,16.39,9.725157517680065,15.459588520400127,9.725157654663542,15.459588520400127,38.7516,36.362057,41.05886
1640,16.4,8.275941381608806,14.110754912170616,8.2759415404778,14.110754912170618,38.810978,36.417774,41.121777
1641,16.41,9.16192725611078,14.503833925030449,9.16192711058999,14.503833925030449,38.75022,36.360764,41.0574
1642,16.42,9.115276760308872,14.103761427298576,9.11527675872492,14.103761427298577,38.749603,36.360184,41.056744
1643,16.43,9.164730828402044,14.52644262166508,9.164730933325542,14.52644262166508,38.81643,36.422886,41.12755
1644,16.44,9.807566994333923,14.71862968372824,9.807567172916286,14.71862968372824,38.805305,36.41245,41.115765
1645,16.45,8.644155395211785,13.966625895752582,8.644155478257037,13.966625895752582,38.93643,36.535492,41.2547
1646,16.46,8.40289699217579,13.172798219168602,8.40289713994598,13.172798219168602,38.87686,36.479595,41.19158
1647,16.47,8.138651678568063,13.182459304881036,8.138651519048718,13.182459304881036,38.868626,36.471867,41.182858
1648,16.48,5.71921327152958,11.900621265104359,5.719213120631547,11.900621265104359,38.7926,36.400524,41.1023
1649,16.490000000000002,7.314325659710692,12.805453005559626,7.314325729559633,12.805453005559626,38.866974,36.470318,41.181107
1650,16.5,7.3524316282666735,13.282757118139136,7.3524318050312765,13.282757118139136,38.81433,36.42092,41.125328
1651,16.51,8.138299204156093,14.03612477154548,8.138299289744042,14.036124771545479,38.775295,36.384293,41.08397
1652,16.52,8.924231137758012,14.281527087442212,8.924231319594812,14.281527087442212,38.793777,36.40163,41.10355
1653,16.53,8.98330352654408,14.703027079158021,8.983303400273117,14.703027079158021,38.849625,36.454037,41.162724
1654,16.54,9.681207850398515,14.87938863103809,9.681207968240425,14.879388631038092,38.93318,36.53244,41.251255
1655,16.55,8.308286558021766,13.726722971874729,8.308286457686066,13.726722971874729,38.784397,36.39283,41.093613
1656,16.56,8.431021666428702,13.428295777149204,8.4310217248333,13.428295777149204,38.71414,36.32691,41.019173
1657,16.57,8.78537957909246,13.451980760976681,8.785379516558397,13.451980760976681,38.782455,36.391006,41.091553
1658,16.580000000000002,8.157280440826238,13.455928387526226,8.157280202709028,13.455928387526226,38.85958,36.46338,41.17327
1659,16.59,7.430120131974151,13.706049300461656,7.430120360768623,13.706049300461656,38.752728,36.363113,41.060055
1660,16.6,7.00926773650767,13.409574733151628,7.009267662372274,13.409574733151628,38.79601,36.403725,41.105915
1661,16.61,8.084109190111302,15.282200046148505,8.084109216959073,15.282200046148505,38.76717,36.376667,41.07536
1662,16.62,7.332328069243169,14.242236988213385,7.3323279547198155,14.242236988213385,38.75844,36.368473,41.06611
1663,16.63,8.422137724318794,13.688050396162417,8.422137973747493,13.688050396162417,38.91802,36.518215,41.23519
1664,16.64,5.795137087217059,13.217421180664507,5.795136963688165,13.217421180664507,38.745388,36.356228,41.05228
1665,16.65,8.280856692270545,14.364660921300958,8.280856731969234,14.36466092130096,38.911266,36.51188,41.228035
1666,16.66,8.401369098295579,14.707750482301329,8.401369112648617,14.707750482301329,38.838806,36.443886,41.15126
1667,16.67,7.552135468590924,14.196450518372684,7.552135315692423,14.196450518372684,38.734566,36.34607,41.040813
1668,16.68,8.16827332606114,15.34062364113134,8.168273364189828,15.34062364113134,38.829456,36.435112,41.141354
1669,16.69,7.957949823471354,15.25215208732603,7.957949903063414,15.252152087326028,38.787285,36.39554,41.096672
1670,16.7,8.455932639217453,15.560558549639046,8.455932471351238,15.560558549639044,38.947517,36.545895,41.266445
1671,16.71,8.254483570384515,14.723798815100105,8.254483761101383,14.723798815100105,38.678543,36.293507,40.981457
1672,16.72,8.512706546419126,14.472066156757114,8.512706682900971,14.472066156757114,38.859364,36.463177,41.173042
1673,16.73,9.369473028973326,15.642907404086563,9.369473179931743,15.642907404086563,38.8393,36.444347,41.151783
1674,16.740000000000002,9.705725700431739,16.7102606235868,9.705725649555148,16.7102606235868,38.780758,36.389416,41.089756
1675,16.75,8.910911789303395,16.12547754773711,8.910911743041906,16.12547754773711,38.742805,36.353806,41.049545
1676,16.76,9.545642830587017,16.874162555822586,9.54564274720004,16.874162555822586,38.92807,36.527645,41.24584
1677,16.77,6.861682509429677,16.82876639485765,6.86168236657523,16.82876639485765,38.878395,36.481033,41.193203
1678,16.78,8.904765580434265,18.101550538919756,8.904765333506424,18.101550538919756,38.787144,36.39541,41.096523
1679,16.79,9.77438653630041,19.238858491920936,9.774386424218092,19.238858491920933,38.82411,36.430096,41.13569
1680,16.8,9.59164611093204,18.611445876257477,9.591646294006642,18.61144587625748,38.757057,36.367176,41.064644
1681,16.81,10.30566248781109,18.389151188563623,10.305662389037588,18.389151188563623,38.773056,36.382187,41.081593
1682,16.82,9.532994507413342,17.455098321725725,9.532994592779705,17.455098321725725,38.96908,36.566128,41.28929
1683,16.830000000000002,8.700101898636019,16.56797086146828,8.700101839428985,16.56797086146828,38.671,36.28643,40.973465
1684,16.84,7.2313738162196675,18.197750771752094,7.231373747747779,18.19775077175209,38.875603,36.478413,41.190247
1685,16.85,6.895312955877421,19.16686783712582,6.895312803312712,19.16686783712582,38.847027,36.4516,41.15997
1686,16.86,6.661432599570387,17.8219594155347,6.6614326678282145,17.8219594155347,38.789017,36.397167,41.098507
1687,16.87,5.623583563036401,17.147396828590068,5.623583732910476,17.147396828590068,38.71823,36.330746,41.023506
1688,16.88,5.870429396397493,16.13027298850448,5.870429405633746,16.13027298850448,38.7804,36.38908,41.08938
1689,16.89,6.459999801004724,16.232207359348497,6.459999838341913,16.232207359348497,38.759563,36.369526,41.0673
1690,16.9,7.404605716694739,15.575806919630912,7.404605660576213,15.575806919630912,38.815876,36.42237,41.126965
1691,16.91,8.258854564137073,16.62008244562292,8.25885456754066,16.62008244562292,38.805153,36.412304,41.1156
1692,16.92,6.952548446919021,16.00272027929991,6.952548518985192,16.002720279299908,38.736744,36.348114,41.04312
1693,16.93,6.697818666855269,16.92029166233451,6.697818507932721,16.920291662334513,38.726036,36.33807,41.031776
1694,16.94,8.993843749609267,17.406727746651836,8.993843749644371,17.406727746651836,38.705498,36.318798,41.010017
1695,16.95,8.09751755022167,18.232569147929603,8.097517668128111,18.232569147929603,38.84529,36.44997,41.158134
1696,16.96,8.537752275835548,17.699622218365473,8.537752482757933,17.699622218365477,38.63783,36.255302,40.93832
1697,16.97,8.367376380443389,18.36766233877019,8.367376197030595,18.36766233877019,38.811874,36.418613,41.122726
1698,16.98,8.387235448946194,18.103237080500936,8.387235238908174,18.103237080500936,38.840313,36.445297,41.152855
1699,16.990000000000002,9.461434268805075,19.031806484221192,9.461434130080063,19.031806484221192,38.64781,36.26467,40.948895
1700,17.0,9.39870622297693,18.40572443700889,9.398706332176303,18.40572443700889,38.890915,36.492783,41.20647
1701,17.01,8.859938145990647,17.86363020840195,8.859938325911505,17.86363020840195,38.75518,36.365414,41.062653
1702,17.02,7.5315761992778105,17.069201811254505,7.531576178462852,17.069201811254505,38.77224,36.38142,41.08073
1703,17.03,7.892382633189061,16.592018651860197,7.892382645706738,16.5920186518602,38.98387,36.580006,41.304962
1704,17.04,8.961077531782918,18.060211726907234,8.961077369889134,18.060211726907234,38.865784,36.4692,41.179844
1705,17.05,8.108383602003233,16.41335293226749,8.108383723345485,16.41335293226749,38.873756,36.47668,41.18829
1706,17.06,7.411959523652382,16.643596610726092,7.411959719445588,16.643596610726092,38.72892,36.340775,41.034832
1707,17.07,8.580299306617338,16.89983325872151,8.580299140382513,16.89983325872151,38.83448,36.439827,41.14668
1708,17.080000000000002,8.490913473984275,17.57516577153181,8.490913611168093,17.57516577153181,38.912395,36.512936,41.229233
1709,17.09,7.8087268282920475,17.009980891521593,7.808726734698827,17.009980891521593,38.83881,36.44389,41.151264
1710,17.1,10.739522169874864,17.066376820026218,10.739522032317504,17.066376820026218,38.873,36.475975,41.187492
1711,17.11,9.21392768653471,17.628456101699474,9.213927703382142,17.628456101699474,38.876114,36.478893,41.190792
1712,17.12,8.838592251066006,16.659843849349944,8.838592198968284,16.659843849349944,38.793243,36.401134,41.102985
1713,17.13,10.887415444524656,18.242859631356136,10.887415625367183,18.242859631356136,38.76329,36.373028,41.071247
1714,17.14,11.403270108240688,18.42669874574997,11.403270084395436,18.42669874574997,38.783604,36.392086,41.09277
1715,17.150000000000002,10.811831140793567,18.18728063765327,10.811830823567066,18.187280637653274,38.831806,36.437317,41.143845
1716,17.16,9.851650237300543,17.29052046437269,9.851650131591663,17.29052046437269,38.77946,36.3882,41.088383
1717,17.17,10.385207498765544,18.001827218795512,10.385207383804872,18.001827218795512,38.74771,36.35841,41.05474
1718,17.18,9.736066953267,18.67875248360091,9.736066701029419,18.67875248360091,38.842598,36.44744,41.155277
1719,17.19,7.757444503268148,17.731691057527282,7.757444409091173,17.731691057527282,38.774128,36.383194,41.08273
1720,17.2,6.9697163651337055,16.532512721098403,6.969716273065871,16.532512721098406,38.718006,36.330536,41.023266
1721,17.21,5.161408842985694,15.16563868646626,5.161408750059602,15.16563868646626,38.777138,36.38602,41.08592
1722,17.22,6.3610266536784925,16.240204231154696,6.361026748244867,16.240204231154696,38.694603,36.308575,40.99847
1723,17.23,5.946117259974073,17.142915589148345,5.946117355025225,17.142915589148345,38.64054,36.257847,40.94119
1724,17.240000000000002,5.664523168684893,15.982919872292605,5.664522990982227,15.982919872292605,38.75242,36.362823,41.05973
1725,17.25,5.588221518114008,15.292507491416316,5.588221647408932,15.292507491416318,38.86174,36.46541,41.17556
1726,17.26,4.821293943508158,14.740776007126335,4.821293875461766,14.740776007126335,38.76158,36.37142,41.06944
1727,17.27,6.255324883516256,15.55254018634757,6.255324956410043,15.552540186347569,38.628147,36.246216,40.92806
1728,17.28,5.634019520319803,15.084015393822769,5.63401956119243,15.08401539382277,38.864914,36.46838,41.17892
1729,17.29,4.671153502164755,14.411199655794231,4.67115354979561,14.411199655794231,38.848465,36.45295,41.161495
1730,17.3,4.775462855642418,14.58820949009881,4.775462843956282,14.588209490098812,38.833275,36.438694,41.1454
1731,17.31,5.472721261059224,14.259510038799252,5.4727213580619605,14.259510038799252,38.614067,36.233006,40.913143
1732,17.32,5.428993636984033,13.817597597697127,5.428993652368113,13.817597597697127,38.777954,36.386787,41.086784
1733,17.330000000000002,5.134974180330583,14.03995015354615,5.134974224381069,14.039950153546148,38.945663,36.54415,41.264477
1734,17.34,4.6169221853737215,13.108336270119752,4.6169221366041695,13.108336270119754,38.782494,36.39105,41.091595
1735,17.35,5.556990696758119,13.380430977961245,5.556990650898371,13.380430977961245,38.723392,36.33559,41.028976
1736,17.36,4.75480393123851,12.79212293889379,4.7548038757308415,12.79212293889379,38.68785,36.30224,40.991318
1737,17.37,3.9594698764909655,13.193904028497363,3.9594698448994614,13.193904028497363,38.818806,36.425117,41.13007
1738,17.38,2.698902927104516,12.547479625066597,2.698902950157695,12.547479625066599,38.87843,36.481068,41.193245
1739,17.39,2.3958811088430463,12.366027550703642,2.3958810818668015,12.366027550703642,38.776245,36.38518,41.084972
1740,17.400000000000002,2.633338112962244,12.20177417329542,2.6333381485976832,12.20177417329542,38.832504,36.437973,41.144585
1741,17.41,1.9250324482861605,12.089326128470537,1.9250324434397799,12.089326128470537,38.723423,36.335617,41.029007
1742,17.42,2.0438423901247567,11.962269231692677,2.0438423615679167,11.962269231692675,38.711613,36.324535,41.01649
1743,17.43,2.37408290411594,11.747650619045634,2.3740828862519034,11.747650619045634,38.764805,36.374447,41.072853
1744,17.44,2.2473744809708323,12.012715845585156,2.2473744846930197,12.012715845585156,38.6498,36.266533,40.951
1745,17.45,3.0759044526505206,12.242557102851658,3.0759044700853577,12.242557102851658,38.732635,36.34426,41.03877
1746,17.46,2.7426003897958324,12.059022825072164,2.742600411549264,12.059022825072166,38.717617,36.33017,41.022854
1747,17.47,3.1628867749513065,11.799146369953535,3.1628867475370375,11.799146369953535,38.75292,36.363293,41.060257
1748,17.48,2.6817681754242586,12.402259942998532,2.6817682023920137,12.402259942998532,38.787457,36.395702,41.09685
1749,17.490000000000002,3.7348420164610667,12.764014640666439,3.734842040815653,12.764014640666439,38.80974,36.41661,41.12046
1750,17.5,2.5613119572558376,11.713245124576568,2.561311961340278,11.713245124576568,38.844128,36.44888,41.1569
1751,17.51,2.4158164390741486,11.337231165075687,2.4158164035736864,11.337231165075687,38.77143,36.380665,41.079872
1752,17.52,2.897844893975915,11.353744580655457,2.897844861539272,11.353744580655457,38.78594,36.394276,41.095245
1753,17.53,2.1726938318893794,11.263338865150791,2.1726938188548566,11.263338865150791,38.7358,36.347233,41.042126
1754,17.54,2.0815289401982904,10.858527807085954,2.081528937555844,10.858527807085954,38.83965,36.444675,41.152153
1755,17.55,2.2730289930556027,10.879489839383504,2.2730290080029842,10.879489839383503,38.77929,36.38804,41.0882
1756,17.56,2.256102618162625,10.823897447293621,2.256102621765785,10.823897447293621,38.819878,36.426125,41.131207
1757,17.57,2.231864084105459,11.18772606764945,2.231864128696277,11.187726067649448,38.777515,36.386375,41.08632
1758,17.580000000000002,2.0588701205586633,11.104805184616524,2.058870182059262,11.104805184616524,38.801132,36.408535,41.111343
1759,17.59,2.270019094339561,11.091323054144581,2.2700191127101106,11.091323054144581,38.79996,36.407433,41.1101
1760,17.6,2.288286936430937,10.997792426808289,2.2882869657756553,10.997792426808289,38.864807,36.46828,41.17881
1761,17.61,2.7115044758517257,11.11970922920662,2.7115045374156783,11.11970922920662,38.813587,36.420223,41.12454
1762,17.62,2.2817537454130967,10.789685773540677,2.2817538089082623,10.789685773540677,38.904278,36.505318,41.22063
1763,17.63,2.477430298331751,12.196531944828042,2.477430236882186,12.196531944828042,38.7773,36.386173,41.086094
1764,17.64,1.8561880685153735,11.175525823874956,1.8561880344572834,11.175525823874956,38.81868,36.425003,41.129936
1765,17.650000000000002,2.1456834877319584,11.00323945275013,2.145683506521049,11.00323945275013,38.673622,36.288887,40.976242
1766,17.66,2.340138109315284,11.087580998058957,2.340138090744767,11.087580998058957,38.72231,36.33457,41.02783
1767,17.67,2.1367006600768637,10.725852123129751,2.1367005967699098,10.725852123129751,38.797966,36.405563,41.10799
1768,17.68,2.544938903300646,10.493462634001629,2.544938841939818,10.493462634001629,38.757843,36.367916,41.06548
1769,17.69,1.95042004255924,10.38560657835928,1.9504200262872728,10.38560657835928,38.79555,36.403297,41.10543
1770,17.7,2.035781527742683,10.120888754150394,2.035781539763414,10.120888754150393,38.824265,36.43024,41.135853
1771,17.71,2.1572462101612695,10.189051260851157,2.1572462034752053,10.189051260851157,38.732277,36.343925,41.038387
1772,17.72,2.231664092973787,10.345496040335634,2.231664125510729,10.345496040335634,38.809284,36.416183,41.11998
1773,17.73,2.340598941217411,10.879312015650195,2.340598998088313,10.879312015650195,38.74847,36.35912,41.055546
1774,17.740000000000002,2.646891904424332,10.666346802373221,2.646891934118478,10.666346802373221,38.722168,36.33444,41.027676
1775,17.75,2.368911042681222,10.650230001279754,2.3689110456073648,10.650230001279754,38.84021,36.4452,41.15275
1776,17.76,2.1966467552425626,10.013598210911345,2.1966467021267038,10.013598210911345,38.816742,36.42318,41.12788
1777,17.77,2.2288828990663645,11.124179499893518,2.228882887511275,11.124179499893518,38.833076,36.43851,41.14519
1778,17.78,2.3145386746355165,10.640831776800736,2.3145386788283147,10.640831776800734,38.684566,36.299156,40.98784
1779,17.79,1.7977826988756587,10.021512933826136,1.7977826601025415,10.021512933826136,38.723846,36.336014,41.029457
1780,17.8,2.536276365736709,9.717434836457777,2.5362763870251173,9.717434836457777,38.89652,36.49804,41.21241
1781,17.81,2.1101938720173985,9.865407857121077,2.1101938344324003,9.865407857121077,38.790092,36.398174,41.099648
1782,17.82,2.082259140234812,9.333107800954542,2.082259132920546,9.333107800954542,38.841717,36.446617,41.154343
1783,17.830000000000002,2.6181164854509293,8.935320052282794,2.6181164694421444,8.935320052282794,38.928635,36.528175,41.246437
1784,17.84,2.495904350705573,8.52412985311837,2.4959043133041288,8.52412985311837,38.664486,36.280315,40.966564
1785,17.85,1.961748732270084,8.534812635998167,1.9617486905784283,8.534812635998167,38.806744,36.4138,41.117287
1786,17.86,1.9697945431707096,8.58826131430136,1.96979459444036,8.58826131430136,38.74978,36.360348,41.05693
1787,17.87,2.1554103398675855,8.697049325242677,2.155410313196155,8.697049325242675,38.799763,36.40725,41.10989
1788,17.88,1.9565212319850493,9.078037886818715,1.956521270559895,9.078037886818715,38.890404,36.492302,41.20593
1789,17.89,2.091665944234436,9.335769284811587,2.0916658953155562,9.335769284811587,38.720352,36.332733,41.025753
1790,17.900000000000002,1.8698198211699628,8.981993103782065,1.8698198385150329,8.981993103782065,38.726646,36.338642,41.03242
1791,17.91,2.1767046926257776,8.658610059522058,2.1767047162704305,8.658610059522056,38.70988,36.32291,41.01466
1792,17.92,2.2286472617594493,9.014465458619346,2.228647267845599,9.014465458619346,38.755432,36.365654,41.062923
1793,17.93,2.0164254895656923,8.928327409483508,2.0164255187128677,8.928327409483506,38.784847,36.393253,41.09409
1794,17.94,2.350864055937567,9.576269575767787,2.350864100874286,9.576269575767787,38.78505,36.393444,41.094303
1795,17.95,2.538684351222895,9.540543831369721,2.538684305042939,9.54054383136972,38.80756,36.414566,41.118156
1796,17.96,2.414752428568623,9.27514019508144,2.414752434150126,9.275140195081438,38.922966,36.522854,41.24043
1797,17.97,2.6556636312238746,9.748422048412003,2.6556636156970908,9.748422048412003,38.886665,36.488792,41.20197
1798,17.98,2.275884242242969,9.49412738894442,2.2758842457804076,9.49412738894442,38.96687,36.564053,41.28695
1799,17.990000000000002,2.11526650395966,9.608708868594782,2.115266492729362,9.60870886859478,38.889458,36.491413,41.204926
1800,18.0,2.532559300491627,10.072052572751488,2.5325593666490356,10.072052572751488,38.771923,36.381126,41.080395
1801,18.01,2.34391499524071,10.898524584162049,2.3439149455185904,10.898524584162049,38.83608,36.441326,41.148373
1802,18.02,2.2762529975647285,11.24515428833557,2.276253001728086,11.24515428833557,38.84064,36.44561,41.153206
1803,18.03,2.705489500912052,11.089041928118528,2.7054894588944007,11.089041928118528,38.790703,36.398746,41.100292
1804,18.04,2.3313200898983006,10.815364826721899,2.3313201093908402,10.815364826721899,38.727272,36.33923,41.033085
1805,18.05,2.196263409561215,10.305106091580269,2.196263444602572,10.305106091580269,38.843124,36.447937,41.155838
1806,18.06,2.529779817315634,10.17626425343139,2.529779764322998,10.17626425343139,38.792255,36.400208,41.10194
1807,18.07,2.2599549108149155,10.8278687699066,2.2599549288026277,10.8278687699066,38.752003,36.362434,41.059288
1808,18.080000000000002,2.3762928675830777,10.465272524212846,2.3762929206940107,10.465272524212846,38.72739,36.33934,41.03321
1809,18.09,2.2129181347178983,10.569624082589632,2.212918160445501,10.569624082589632,38.718105,36.330627,41.023373
1810,18.1,2.2876962838644737,10.778392758175409,2.2876962995630157,10.778392758175409,38.707912,36.321064,41.012573
1811,18.11,2.1524112309596437,11.078270490674903,2.152411251382159,11.078270490674903,38.788715,36.396885,41.098186
1812,18.12,2.6083359964742403,11.292691841528736,2.608336002555629,11.292691841528736,38.752842,36.36322,41.060177
1813,18.13,2.507295664043811,11.089314084431024,2.507295662816054,11.089314084431024,38.870693,36.473804,41.185043
1814,18.14,3.076010909754405,11.53864286997088,3.0760109132194344,11.538642869970879,38.71245,36.325317,41.01738
1815,18.150000000000002,2.9428469022095434,11.108702675856351,2.9428468498011386,11.108702675856351,38.69039,36.304623,40.994007
1816,18.16,2.6768806668110674,11.554658423473223,2.6768807474711123,11.554658423473223,38.74849,36.35914,41.05557
1817,18.17,2.5567901908731216,11.465413841534076,2.556790221266757,11.465413841534076,38.73778,36.34909,41.044224
1818,18.18,2.586919725738812,11.153148225181363,2.586919710202156,11.153148225181363,38.6707,36.286144,40.973145
1819,18.19,2.9023573431556393,10.940666168732914,2.9023572984689237,10.940666168732914,38.771557,36.380783,41.08001
1820,18.2,2.6401399817124878,11.40428147082471,2.6401400173979366,11.40428147082471,38.820747,36.426937,41.132126
1821,18.21,3.788919997926476,11.726309072799603,3.7889200757522605,11.726309072799603,38.94809,36.546432,41.26705
1822,18.22,2.6470052738371126,12.27593205340846,2.6470052276908462,12.27593205340846,38.714607,36.327347,41.01967
1823,18.23,3.7655193817622865,12.015777489025513,3.765519388278136,12.015777489025513,38.795094,36.40287,41.104946
1824,18.240000000000002,2.623674331232743,11.746269717644745,2.6236743502497037,11.746269717644745,38.795204,36.402973,41.105064
1825,18.25,2.7480263342092033,13.19165201175572,2.748026353242026,13.19165201175572,38.828777,36.434475,41.140636
1826,18.26,3.963143597064944,14.45062018019015,3.963143523281136,14.45062018019015,38.925556,36.525288,41.243176
1827,18.27,3.9441118838810163,13.848692363327228,3.944112008751567,13.848692363327226,38.79873,36.40628,41.1088
1828,18.28,2.7669341027928427,14.129296792135008,2.766934022263926,14.129296792135005,38.89346,36.49517,41.209167
1829,18.29,3.278969930039058,14.576855074800697,3.2789699847054754,14.576855074800696,38.89246,36.49423,41.208107
1830,18.3,3.0734654370564676,14.239271257932453,3.073465461475595,14.239271257932453,38.842293,36.44716,41.154957
1831,18.31,2.3402169040449197,13.474303234040804,2.340216879234017,13.474303234040804,38.661636,36.27764,40.96354
1832,18.32,2.970956689764548,14.460441955548296,2.9709566319747114,14.460441955548296,38.84375,36.448524,41.156498
1833,18.330000000000002,2.8324880659894416,14.064120523733452,2.832488049841197,14.064120523733452,38.70101,36.31459,41.005264
1834,18.34,4.575010611776573,15.026403614387608,4.575010607156826,15.02640361438761,38.793438,36.401314,41.10319
1835,18.35,4.4309033622629075,15.242813190635951,4.430903331134753,15.242813190635951,38.668434,36.28402,40.97074
1836,18.36,4.210957364724469,15.169755256690143,4.210957469538034,15.169755256690143,38.64218,36.259384,40.94293
1837,18.37,5.202532691872694,15.864227413876318,5.202532875344569,15.864227413876318,38.71188,36.324787,41.016777
1838,18.38,5.630215663338834,16.911816720138702,5.630215719907411,16.911816720138706,38.92141,36.521393,41.23878
1839,18.39,5.268731253807538,16.18204924356138,5.268731266485173,16.18204924356138,38.808132,36.4151,41.11876
1840,18.400000000000002,5.325200110028444,16.079158718761686,5.325200143350239,16.079158718761683,38.9061,36.50703,41.22256
1841,18.41,5.281468389945166,16.16337388330066,5.281468258901882,16.16337388330066,38.861984,36.465633,41.17582
1842,18.42,5.945715668579001,16.528933016677218,5.945715654612353,16.528933016677218,38.783783,36.392258,41.092964
1843,18.43,4.689436468820304,15.675295263464173,4.689436339258528,15.675295263464173,38.647537,36.264412,40.948605
1844,18.44,4.67187259488664,15.817600100404357,4.671872614563206,15.81760010040436,38.78948,36.3976,41.098995
1845,18.45,5.2945590236682305,15.803277611019954,5.294558916420386,15.803277611019954,38.91091,36.511543,41.227657
1846,18.46,5.627664779121687,15.994988317088177,5.627664709696807,15.994988317088179,38.845943,36.45058,41.15882
1847,18.47,4.521588434081146,15.27120260589362,4.521588330942164,15.271202605893622,38.76197,36.371788,41.06985
1848,18.48,4.998451995441895,15.385887759593142,4.9984519676679,15.385887759593142,38.707554,36.320724,41.01219
1849,18.490000000000002,5.596557723164537,16.04957832052484,5.59655778201325,16.04957832052484,38.925625,36.525352,41.24325
1850,18.5,6.039211982727599,16.025494469936408,6.039211939837071,16.025494469936408,38.87249,36.47549,41.18695
1851,18.51,5.242020702794033,15.616965447337115,5.242020555908276,15.616965447337117,38.89953,36.500862,41.2156
1852,18.52,6.96709682876418,16.89969392183597,6.967096679381954,16.899693921835965,38.850945,36.455276,41.16412
1853,18.53,7.170049459314719,16.645778423907586,7.170049288490017,16.645778423907586,38.874027,36.476933,41.188576
1854,18.54,9.017823449633607,18.823215414004114,9.017823726363481,18.823215414004114,38.816864,36.423294,41.12801
1855,18.55,5.302520736700317,17.08950063705145,5.302520659807993,17.08950063705145,38.722042,36.334324,41.027546
1856,18.56,6.41944491088194,16.508983984022677,6.4194449898674,16.508983984022677,38.896416,36.49794,41.2123
1857,18.57,6.323238503685613,16.64242053568953,6.323238622784027,16.642420535689528,38.69684,36.310673,41.00084
1858,18.580000000000002,4.515244902881455,15.033670461232433,4.515244842615302,15.033670461232433,38.721375,36.333694,41.026836
1859,18.59,5.651705546934288,15.733305966076124,5.651705602413736,15.733305966076124,38.690517,36.30474,40.99414
1860,18.6,5.844714964165311,15.886446444872869,5.844715021200207,15.886446444872869,38.89194,36.493744,41.20756
1861,18.61,5.391419109566089,15.380736495005994,5.391419138179512,15.380736495005994,38.740883,36.351997,41.047504
1862,18.62,3.9623924595821562,14.960340759152961,3.9623923870029922,14.960340759152963,38.797436,36.405067,41.10743
1863,18.63,5.027047153638661,14.803612016825978,5.027047168926198,14.803612016825978,38.72899,36.34084,41.034904
1864,18.64,4.916906511737146,15.253326184674439,4.916906604410859,15.253326184674439,38.88362,36.485935,41.198742
1865,18.650000000000002,2.8674430543529135,15.012519395301203,2.867443025603542,15.0125193953012,38.709373,36.322433,41.014122
1866,18.66,3.064084584671478,14.96276921509537,3.064084612154285,14.96276921509537,38.872276,36.475292,41.186726
1867,18.67,2.942794709937627,15.09194959530866,2.94279472959363,15.09194959530866,38.808167,36.415134,41.118797
1868,18.68,4.221800597480845,15.494057597366995,4.2218005478054,15.494057597366995,38.809505,36.416393,41.120216
1869,18.69,3.6422028035467577,15.379114673609013,3.642202793104225,15.379114673609012,38.62457,36.24286,40.92427
1870,18.7,2.2726004689481822,14.331148125601564,2.272600443077709,14.331148125601562,38.781185,36.38982,41.09021
1871,18.71,4.5153656190826075,14.708943420541539,4.515365677489322,14.70894342054154,38.828693,36.434395,41.140545
1872,18.72,2.143359669738082,14.115675189332388,2.1433596126573917,14.115675189332388,38.801575,36.408947,41.11181
1873,18.73,2.4740727634339095,14.211942187293804,2.474072709340671,14.211942187293804,38.84098,36.445927,41.153564
1874,18.740000000000002,2.351124039276171,13.83330212670006,2.3511240398309856,13.83330212670006,38.84311,36.44792,41.15582
1875,18.75,3.184108466547631,14.646747949816046,3.1841084137552795,14.646747949816046,38.80048,36.407925,41.110653
1876,18.76,3.7680013215687858,15.43052933163835,3.7680013747918486,15.430529331638349,38.771713,36.380928,41.08017
1877,18.77,3.440926654281648,14.074941060582583,3.4409267254961273,14.074941060582583,38.844448,36.44918,41.157238
1878,18.78,4.763728373376837,15.898960075790816,4.763728361174406,15.898960075790818,38.782433,36.39099,41.091534
1879,18.79,3.190417129894145,15.001466081537263,3.1904171017871525,15.001466081537265,38.830173,36.435783,41.142113
1880,18.8,2.419326914695001,14.313855443429901,2.4193270027044917,14.313855443429901,38.893356,36.49507,41.209057
1881,18.81,2.585350546436509,13.905445490806425,2.585350589492385,13.905445490806425,38.71825,36.330765,41.02353
1882,18.82,2.1898896179951852,13.18638747659889,2.1898896053760777,13.186387476598888,38.897053,36.49854,41.212975
1883,18.830000000000002,2.698833719113735,13.003088012681634,2.69883371091292,13.003088012681634,38.69311,36.307175,40.99689
1884,18.84,2.326921411388355,13.413171863951126,2.3269213971752896,13.413171863951126,38.926773,36.52643,41.244465
1885,18.85,2.3387185479827246,13.116660264226391,2.3387185721797423,13.116660264226391,38.661415,36.27743,40.963306
1886,18.86,2.8096358525507035,13.258224260634437,2.8096359328266907,13.258224260634437,38.807156,36.414185,41.117725
1887,18.87,2.104933871128703,12.751823818192824,2.10493393678733,12.751823818192822,38.880848,36.483334,41.195805
1888,18.88,3.086885743371312,14.200099734466326,3.0868857489254102,14.200099734466326,38.832867,36.438313,41.14497
1889,18.89,3.682261130261415,14.834811360746563,3.682261233437725,14.834811360746563,38.922832,36.522728,41.240288
1890,18.900000000000002,4.568637592371005,15.385152570831375,4.568637472119791,15.385152570831375,38.87505,36.477894,41.189663
1891,18.91,5.620801906208261,15.047529896677629,5.6208017917136255,15.047529896677627,38.762054,36.37187,41.06994
1892,18.92,5.021012633837837,15.703295310244078,5.0210127801597375,15.70329531024408,38.748825,36.35945,41.05592
1893,18.93,5.307996207240035,15.584338344238203,5.307996190882461,15.5843383442382,38.770336,36.379635,41.078712
1894,18.94,5.488006082514783,15.449900953989689,5.4880061746065225,15.449900953989689,38.90899,36.50974,41.22562
1895,18.95,4.716905955034501,15.675600714468619,4.716906021232536,15.675600714468619,38.82631,36.43216,41.13802
1896,18.96,5.17737199722156,14.686337526922607,5.177371950924411,14.686337526922609,38.97426,36.570988,41.294777
1897,18.97,4.122118389505677,15.10256784022957,4.122118357115565,15.10256784022957,38.8522,36.45645,41.16545
1898,18.98,4.9132983298320365,16.42653466323148,4.913298219651913,16.426534663231482,38.8264,36.432247,41.13812
1899,18.990000000000002,5.050859529735943,17.21521696052416,5.050859384457369,17.21521696052416,38.840504,36.445477,41.153057
1900,19.0,5.9851648583094,16.88350880273447,5.985164999624571,16.88350880273447,38.747517,36.358223,41.054535
1901,19.01,6.128730194469718,16.09085492415922,6.128730346999563,16.09085492415922,38.710754,36.32373,41.015587
1902,19.02,3.6641351669616147,15.175520970187563,3.664135128803775,15.175520970187563,38.867744,36.47104,41.18192
1903,19.03,2.837480861642261,14.71920188034689,2.8374809355291313,14.71920188034689,38.79524,36.403004,41.1051
1904,19.04,2.4196628344268185,14.892737553083256,2.419662843038067,14.892737553083256,38.79918,36.406704,41.109276
1905,19.05,3.5617535001505916,14.854571858897534,3.5617534617747526,14.854571858897533,38.811493,36.41826,41.122322
1906,19.06,2.858136726564139,14.840715907155735,2.858136751580989,14.840715907155735,38.83288,36.43832,41.144978
1907,19.07,3.5217902775857395,15.580278429280506,3.521790252762589,15.580278429280506,38.90441,36.505447,41.22077
1908,19.080000000000002,2.309195457736276,14.146781680145411,2.3091954696838375,14.146781680145411,38.65676,36.273067,40.958378
1909,19.09,2.5024009679868366,14.99348572814104,2.502400938612006,14.993485728141039,38.80182,36.40918,41.112072
1910,19.1,2.242438018505592,13.425927077719715,2.242438059394827,13.425927077719713,38.777367,36.386234,41.086163
1911,19.11,2.485680634051725,13.772985842261832,2.4856806390650488,13.772985842261834,38.796375,36.40407,41.106304
1912,19.12,3.8239685340554925,14.915106937052252,3.8239684031097,14.915106937052252,38.718155,36.330673,41.023426
1913,19.13,4.477778265471871,14.873007308792776,4.477778150550585,14.873007308792776,38.86433,36.467834,41.178307
1914,19.14,6.015311072192034,15.470565715987224,6.0153110720908405,15.470565715987226,38.857193,36.461136,41.170742
1915,19.150000000000002,4.744295562570603,14.438320909198346,4.744295669464707,14.438320909198348,38.944134,36.54272,41.26286
1916,19.16,2.4061009560774207,12.64028788256789,2.406100929944694,12.64028788256789,38.79366,36.401524,41.103428
1917,19.17,2.490102126920351,12.050806664653363,2.490102102872831,12.050806664653363,38.84202,36.4469,41.154663
1918,19.18,2.8747129237916305,12.18663554956441,2.874712879934405,12.18663554956441,38.87375,36.476673,41.188286
1919,19.19,2.142986391275976,11.772446692562072,2.142986398548396,11.772446692562072,38.812565,36.419262,41.12346
1920,19.2,2.1810282876450113,11.63174603276954,2.1810283201870866,11.631746032769543,38.724663,36.33678,41.030323
1921,19.21,2.3930973403714435,12.244931647538086,2.393097364117046,12.244931647538086,38.941475,36.540222,41.26004
1922,19.22,2.1865794826721556,11.910310107657537,2.186579511382936,11.910310107657537,38.845497,36.450165,41.15835
1923,19.23,2.399389083511484,11.744925364630708,2.399389058235636,11.744925364630706,38.802547,36.409863,41.112843
1924,19.240000000000002,2.5552199359817953,12.446214116954355,2.555219937862348,12.446214116954355,38.887405,36.489487,41.20275
1925,19.25,2.181735616966666,11.692987787108299,2.181735588542079,11.692987787108299,38.707184,36.32038,41.011803
1926,19.26,2.2791039083217233,11.574900746931812,2.279103868442546,11.574900746931814,38.752384,36.362793,41.059692
1927,19.27,2.4238109916621755,12.27917686885407,2.423811009852201,12.27917686885407,38.829853,36.435486,41.141773
1928,19.28,2.264338810742232,12.148062625957591,2.2643387481121993,12.14806262595759,38.696934,36.310764,41.000942
1929,19.29,2.0577683457413456,12.03838810681965,2.05776834544461,12.038388106819648,38.84931,36.453743,41.16239
1930,19.3,2.220325987072535,11.938565460658241,2.220325978204529,11.938565460658241,38.941254,36.540016,41.259808
1931,19.31,2.520905101182387,12.961605946353473,2.5209050671740294,12.961605946353474,38.82394,36.429935,41.13551
1932,19.32,2.096097953698712,13.723717192014218,2.096097917269539,13.72371719201422,38.9678,36.564926,41.287933
1933,19.330000000000002,2.0775931838240402,13.130804168373231,2.0775931496262516,13.130804168373231,38.79453,36.40234,41.104347
1934,19.34,2.140926669033126,13.0882530413792,2.140926679718186,13.088253041379202,38.854355,36.458477,41.167736
1935,19.35,2.8833083444284497,13.055852411037808,2.8833083919242872,13.055852411037808,38.82867,36.434376,41.140522
1936,19.36,3.016400683272139,14.15018745356322,3.01640067789315,14.150187453563221,38.777023,36.385914,41.0858
1937,19.37,2.857378407205258,14.994652559885017,2.857378418239783,14.994652559885017,38.802135,36.409477,41.112408
1938,19.38,2.6452112608946496,13.956457848690253,2.6452112106485073,13.956457848690254,38.807972,36.41495,41.11859
1939,19.39,2.8281602356698885,13.534674254950001,2.828160271293297,13.534674254950001,38.82186,36.427986,41.13331
1940,19.400000000000002,3.270224733385428,14.043310502290554,3.2702246545748497,14.043310502290552,38.79296,36.400867,41.102684
1941,19.41,3.7126318967739937,14.600375978318542,3.7126317863455633,14.600375978318542,38.76219,36.371998,41.070084
1942,19.42,3.9190319245770446,14.823258859713972,3.9190318964325908,14.823258859713972,38.838688,36.443775,41.151134
1943,19.43,3.6459056904681946,14.516203511273712,3.645905643585639,14.516203511273712,38.781525,36.390137,41.09057
1944,19.44,2.8204301710484754,13.77644393832001,2.8204300840844363,13.776443938320009,38.817482,36.423878,41.128666
1945,19.45,3.7926196529135985,14.407718853304743,3.7926197404369963,14.407718853304742,38.87007,36.473225,41.184387
1946,19.46,3.3141433720048186,13.72871378277099,3.3141434343592255,13.72871378277099,38.822903,36.428963,41.13441
1947,19.47,3.0741859561121965,13.481610781653766,3.074185956406563,13.481610781653767,38.85458,36.458687,41.167973
1948,19.48,2.3778246890273405,14.641502146929923,2.3778247088185873,14.641502146929923,38.782654,36.391193,41.091763
1949,19.490000000000002,3.0416256273643505,14.233254289122595,3.0416255950738815,14.233254289122591,38.974415,36.571133,41.294945
1950,19.5,2.8938719714852095,14.679398393052361,2.8938720267707883,14.67939839305236,38.906353,36.507267,41.222828
1951,19.51,3.45348600060925,14.484156111974798,3.4534860939058465,14.484156111974798,38.90363,36.50471,41.219944
1952,19.52,2.545349202984153,14.342970477668088,2.545349156094667,14.342970477668088,38.707623,36.320793,41.012268
1953,19.53,2.9832015128355422,14.787240845605107,2.9832014798729976,14.787240845605105,38.763733,36.373444,41.07172
1954,19.54,2.7870790698096566,14.786805738772753,2.787079087893931,14.786805738772753,38.675827,36.29096,40.978577
1955,19.55,2.5245921575526524,14.904336277675624,2.5245921090956496,14.904336277675624,38.72971,36.34152,41.035667
1956,19.56,2.374638928136163,15.166574551034392,2.374638929767577,15.166574551034392,38.84374,36.448513,41.156487
1957,19.57,2.3527143886908313,14.676540262369182,2.352714458660021,14.676540262369182,38.7117,36.32462,41.016586
1958,19.580000000000002,2.444153171445548,14.76267014492723,2.444153134940637,14.76267014492723,38.79626,36.403965,41.106182
1959,19.59,2.409681705301676,14.53792162631046,2.4096817191099733,14.537921626310462,38.808296,36.415257,41.118935
1960,19.6,1.8270238729588228,14.07041251892155,1.8270239152827636,14.07041251892155,38.767345,36.37683,41.075542
1961,19.61,2.262236395768973,14.40473049438629,2.262236339174496,14.40473049438629,38.758125,36.36818,41.065777
1962,19.62,2.7864541260311544,15.214007046343887,2.786454198603291,15.21400704634389,38.912254,36.512806,41.22908
1963,19.63,2.7880530155677077,14.894628625681243,2.7880530015826874,14.894628625681245,38.73075,36.34249,41.03677
1964,19.64,2.3540789611897175,14.282528981360729,2.354078973944665,14.28252898136073,38.675526,36.290672,40.978256
1965,19.650000000000002,3.097621127732373,15.05966726223785,3.097621083532381,15.05966726223785,38.759983,36.369923,41.067745
1966,19.66,3.2710055960239655,15.624458193603033,3.2710056242877017,15.624458193603033,38.83986,36.444874,41.152374
1967,19.67,2.6383818556392127,15.830168026176134,2.6383818487256763,15.830168026176134,38.904972,36.505974,41.221367
1968,19.68,3.6001138131122956,16.078521056227082,3.6001137326355463,16.078521056227082,38.75614,36.366318,41.063675
1969,19.69,3.849570181020539,16.809829683339647,3.84957022724114,16.809829683339647,38.813885,36.420498,41.124855
1970,19.7,4.911000792918682,17.55773575269252,4.911000821353654,17.55773575269252,38.981228,36.577522,41.302162
1971,19.71,5.281550966109497,17.31499502329236,5.281550936341588,17.31499502329236,38.819008,36.42531,41.130283
1972,19.72,5.863421080737199,16.528276412944276,5.86342122304064,16.528276412944273,38.762856,36.37262,41.07079
1973,19.73,6.63081372247463,16.04795170021364,6.630813662004127,16.04795170021364,38.775455,36.38444,41.084137
1974,19.740000000000002,5.516763873745279,15.920865354184597,5.516763792224327,15.920865354184595,38.772285,36.381466,41.08078
1975,19.75,6.143343046636532,15.687234298338142,6.1433429772359185,15.687234298338142,38.790257,36.398327,41.09982
1976,19.76,6.0141586628396055,15.546478808302627,6.014158744772893,15.546478808302627,38.64154,36.258785,40.942253
1977,19.77,4.535667221564607,14.896044400364346,4.535667247493201,14.896044400364346,38.786304,36.394623,41.09563
1978,19.78,3.851335040940671,14.969144535029114,3.8513350586579436,14.969144535029114,38.842358,36.44722,41.15502
1979,19.79,2.717347367170632,14.853497803580801,2.717347405170172,14.853497803580801,38.848583,36.45306,41.161617
1980,19.8,4.048455567327686,14.68517098426537,4.048455521762581,14.68517098426537,38.805576,36.412704,41.11605
1981,19.81,4.662683652546101,15.107295437262636,4.662683726983932,15.107295437262636,38.79824,36.405823,41.10828
1982,19.82,5.259166426386334,15.62977233513186,5.259166366220034,15.629772335131861,38.73926,36.35048,41.045788
1983,19.830000000000002,5.073274871669718,14.631456944481636,5.073274853326452,14.631456944481636,38.790848,36.398884,41.10045
1984,19.84,4.448565524157232,15.430847575599323,4.448565545417725,15.430847575599323,38.81837,36.42471,41.12961
1985,19.85,4.95005328406153,15.191853625589692,4.950053252932349,15.19185362558969,38.6953,36.30923,40.99921
1986,19.86,5.288446761001847,14.852476814440426,5.28844681097442,14.852476814440426,38.832623,36.438084,41.144707
1987,19.87,5.28032291793482,14.75653070306426,5.28032295016271,14.756530703064259,38.76993,36.379257,41.078285
1988,19.88,6.440092022367849,15.91575723281612,6.440092152701452,15.91575723281612,38.83021,36.43582,41.142155
1989,19.89,5.85279314390134,15.92765170264641,5.852793168850097,15.92765170264641,38.81114,36.417923,41.121944
1990,19.900000000000002,4.198467689269585,14.47541586549483,4.198467744574382,14.475415865494831,38.82796,36.433712,41.13977
1991,19.91,5.337494241869416,15.185267376446422,5.337494228599834,15.185267376446422,38.73397,36.345516,41.040184
1992,19.92,5.566008421193731,14.914293443486304,5.566008411040275,14.914293443486303,38.938366,36.537308,41.25675
1993,19.93,5.131831380138563,14.353549416382284,5.131831367773058,14.353549416382284,38.738033,36.349327,41.044487
1994,19.94,5.321052689400362,15.194646926717525,5.321052639566732,15.194646926717525,38.83835,36.443455,41.150776
1995,19.95,5.182927911623853,15.43053000605284,5.182927785231575,15.43053000605284,38.83883,36.44391,41.151287
1996,19.96,3.770835641486082,14.828940178210514,3.770835580021897,14.828940178210512,38.76541,36.375015,41.073494
1997,19.97,5.221961776613016,14.946140015345932,5.22196163078643,14.94614001534593,38.802155,36.409492,41.112427
1998,19.98,5.755902734649455,16.213119679648376,5.755902691477778,16.213119679648376,38.789326,36.397453,41.09883
1999,19.990000000000002,5.1080615401229785,16.088541640234105,5.108061609765444,16.088541640234105,38.669735,36.28524,40.972126
2000,20.0,6.716436227533345,16.32341936157036,6.71643622559418,16.323419361570362,38.611668,36.230755,40.9106
2001,20.01,3.6773496316444407,15.534854160925498,3.6773496465435636,15.534854160925498,38.73345,36.345028,41.03963
2002,20.02,6.473810535537971,16.511225482878277,6.473810374674845,16.511225482878277,38.697525,36.311317,41.001568
2003,20.03,6.34910926030838,17.405998294081012,6.349109189547334,17.405998294081012,38.827034,36.43284,41.13879
2004,20.04,5.115506850892591,16.498743996614458,5.1155068705848095,16.498743996614458,38.96164,36.559143,41.281406
2005,20.05,4.6507565489473786,16.0943315347609,4.650756493759322,16.0943315347609,38.86025,36.464005,41.17398
2006,20.06,4.89656814198469,15.73084035128463,4.896568180546458,15.730840351284632,38.727356,36.339306,41.033173
2007,20.07,5.387623760802914,15.287087483474316,5.387623684455538,15.287087483474316,38.831814,36.437325,41.143852
2008,20.080000000000002,4.490374506015212,14.138509621518358,4.490374533334779,14.138509621518358,38.827644,36.43341,41.139435
2009,20.09,5.444658060299608,14.13692231220861,5.444658011422993,14.13692231220861,38.77577,36.384735,41.08447
2010,20.1,4.733402835705848,13.46026847795379,4.7334028338162835,13.46026847795379,38.739616,36.35081,41.046165
2011,20.11,4.023958074486411,14.003576992616242,4.02395817061436,14.003576992616242,38.73178,36.34346,41.037865
2012,20.12,3.3053554728364687,13.121077497306556,3.3053554109038226,13.121077497306556,38.66623,36.281948,40.968407
2013,20.13,3.9073619294113677,13.314679147150713,3.9073619135920925,13.314679147150713,38.709927,36.322952,41.01471
2014,20.14,2.759161066659616,12.820826511568027,2.7591611274424204,12.820826511568027,38.766514,36.376053,41.074665
2015,20.150000000000002,3.790565338466352,13.835443356496812,3.7905653275739573,13.835443356496812,38.856743,36.460716,41.170265
2016,20.16,4.3239732326323725,14.197249326170416,4.323973114315792,14.197249326170416,38.888397,36.490417,41.2038
2017,20.17,4.548886859488003,13.595735673231827,4.548886893743231,13.595735673231827,38.817516,36.42391,41.128704
2018,20.18,3.8338304334471913,14.153811003906931,3.833830431755727,14.153811003906931,38.790806,36.39884,41.1004
2019,20.19,3.296314358519647,14.404686640863298,3.2963143379197075,14.404686640863298,38.689415,36.303707,40.992973
2020,20.2,3.048203257249942,14.498407079672983,3.048203287174119,14.498407079672983,38.92314,36.52302,41.24062
2021,20.21,2.7800483408733347,14.72001961442565,2.7800484168733206,14.72001961442565,38.84464,36.44936,41.15744
2022,20.22,2.933954681087198,14.687556180303092,2.9339547600334828,14.687556180303092,38.81688,36.423313,41.12803
2023,20.23,5.375061525116039,16.05513780648809,5.37506170012719,16.05513780648809,38.70649,36.31973,41.011066
2024,20.240000000000002,5.153167689409276,15.576384329244645,5.153167610201912,15.576384329244645,38.748814,36.359444,41.055912
2025,20.25,5.362235716241762,15.954001584782986,5.362235668520649,15.954001584782986,38.85026,36.454636,41.1634
2026,20.26,5.166924266757913,14.560453757178847,5.166924301890558,14.560453757178847,38.83074,36.43632,41.142715
2027,20.27,4.568857772249869,15.813850159882822,4.568857697411996,15.813850159882822,38.737484,36.34881,41.043903
2028,20.28,4.333221016068122,15.051964300331063,4.333221037218713,15.051964300331063,38.74055,36.35169,41.047157
2029,20.29,5.383222610232495,15.57764864353667,5.383222570520902,15.57764864353667,38.83451,36.439854,41.14671
2030,20.3,6.8441054859988615,17.78550155453356,6.844105452617448,17.78550155453356,38.719128,36.331585,41.024456
2031,20.31,8.18996181567241,18.345856401067927,8.189961638220222,18.345856401067927,38.84011,36.44511,41.15264
2032,20.32,7.000930243393646,18.648011691179907,7.000930146703295,18.648011691179907,38.917305,36.517544,41.234436
2033,20.330000000000002,8.943669532179912,19.079704436748987,8.943669436117574,19.079704436748987,38.766434,36.375977,41.07458
2034,20.34,8.388964661916022,19.312224076547537,8.388964507731988,19.312224076547537,38.941856,36.54058,41.260445
2035,20.35,7.492367319729307,19.31170143256183,7.492367305746112,19.31170143256183,38.834267,36.439625,41.14645
2036,20.36,8.5912290155921,19.56334213897773,8.591229101381654,19.56334213897773,38.818165,36.42452,41.12939
2037,20.37,10.205529384450548,20.366693712467434,10.205529376735095,20.366693712467434,38.696617,36.310463,41.000607
2038,20.38,10.462853535970812,20.818057771356884,10.462853553885939,20.818057771356884,38.747017,36.357758,41.05401
2039,20.39,10.735097632275963,21.210967869236363,10.735097665449098,21.210967869236363,38.791965,36.399933,41.10163
2040,20.400000000000002,10.089590180414138,20.962041416270843,10.089589886981054,20.962041416270843,38.73367,36.345234,41.039864
2041,20.41,9.956450603467022,20.16679700626249,9.956450607999301,20.16679700626249,38.935326,36.534454,41.253525
2042,20.42,10.388239830200854,21.149810697190826,10.388239460330686,21.149810697190826,38.898563,36.499958,41.214577
2043,20.43,10.553462483353101,20.672668137005587,10.553462628215213,20.672668137005587,38.669876,36.285374,40.972275
2044,20.44,11.450259849470566,20.509102854403256,11.450259984018166,21.715315576222356,38.7847,36.393116,41.093933
2045,20.45,10.13606696756997,20.05527367803301,10.136066741504086,20.05527367803301,38.78712,36.395386,41.096497
2046,20.46,9.439546563437439,19.65811896947647,9.439546551971379,19.65811896947647,38.7676,36.37707,41.075813
2047,20.47,7.749382155684353,19.746899774505625,7.749382079469686,19.746899774505625,38.751,36.361492,41.058224
2048,20.48,7.417037653988611,19.60845739721587,7.417037798577394,19.60845739721587,38.81845,36.424786,41.129692
2049,20.490000000000002,7.530936491448994,19.395427816341172,7.530936556342778,19.395427816341172,38.818974,36.425274,41.130245
2050,20.5,5.830729058455349,19.27188458606219,5.830729188852616,19.27188458606219,38.81519,36.421726,41.126236
2051,20.51,8.51633087363391,20.25377182199768,8.516330686772195,20.25377182199768,38.801807,36.40917,41.11206
2052,20.52,9.524865571907622,20.59000107697074,9.524865481442898,20.59000107697074,38.76691,36.376423,41.07508
2053,20.53,8.723613943017522,20.332298530823902,8.723613719371981,20.332298530823902,38.815018,36.421566,41.126057
2054,20.54,9.235315047000705,20.87939667860916,9.235315318147357,20.87939667860916,38.815,36.421547,41.126034
2055,20.55,10.51790177243075,21.49703414768932,10.51790171896544,21.49703414768932,38.756107,36.366287,41.063637
2056,20.56,10.257759082812772,21.108491628277456,10.257758846392758,21.108491628277456,38.883606,36.485924,41.198727
2057,20.57,11.259416790801458,21.650917627676584,11.259416690977867,21.650917627676588,38.696465,36.31032,41.000443
2058,20.580000000000002,11.098485700205797,22.622147449260247,11.09848539792966,22.622147449260247,38.884037,36.48633,41.199184
2059,20.59,11.542038206114382,22.92016961348943,11.542038114788165,22.92016961348943,38.788555,36.396732,41.098015
2060,20.6,9.950981466160604,21.185991120788326,9.950981288224279,21.185991120788326,38.80456,36.411755,41.11498
2061,20.61,9.30221574991269,20.37295431068317,9.302215825513912,20.37295431068317,38.768997,36.37838,41.077293
2062,20.62,8.001834143900346,19.44675995208561,8.001834115448528,19.44675995208561,38.701447,36.314995,41.005722
2063,20.63,11.468550601520056,20.981629144884867,11.468550525924494,20.981629144884867,38.75894,36.368946,41.06664
2064,20.64,12.790689177859784,22.130341617120457,12.790689399463059,22.130341617120457,38.755756,36.365955,41.063267
2065,20.650000000000002,11.956191933513594,21.850324348898845,13.353791419866937,22.879658471077377,38.790363,36.39843,41.099934
2066,20.66,11.205738716203793,22.136093842044613,12.52686019625024,22.148321502030623,38.872066,36.475094,41.1865
2067,20.67,11.57178954181952,21.241371637999784,12.612399767066838,22.037417699926262,38.779804,36.388523,41.088745
2068,20.68,12.761310329074226,21.26558864493353,12.761310399249023,21.26558864493353,38.793118,36.401016,41.10285
2069,20.69,12.057763895611682,20.882034521698948,12.057763858570489,20.882034521698948,38.839275,36.44433,41.15176
2070,20.7,10.293721298279523,19.5943640338662,10.293721407272763,19.5943640338662,38.712048,36.324944,41.016956
2071,20.71,9.869237602703846,19.148478011082613,9.869237334475468,19.148478011082613,38.89867,36.500057,41.214687
2072,20.72,10.519083701118284,20.155195618592376,10.519083722687302,20.15519561859238,38.709126,36.3222,41.01386
2073,20.73,11.96905721423702,21.10799198611232,11.969057306769109,21.10799198611232,38.69807,36.31183,41.002144
2074,20.740000000000002,10.153280289449702,21.652374058981472,10.153280493395691,21.652374058981472,38.65244,36.26901,40.953796
2075,20.75,11.224416277903146,22.65189864291054,11.224416569427623,22.65189864291054,38.814224,36.42082,41.125214
2076,20.76,9.843870216815459,21.8894679553843,9.843870346356134,21.889467955384298,38.795208,36.402977,41.105064
2077,20.77,9.585586197460175,21.310331691118495,9.58558611952412,21.310331691118495,38.824684,36.430634,41.136295
2078,20.78,9.729494091349311,21.467661803295453,9.729493881899565,21.467661803295453,38.845085,36.449776,41.157913
2079,20.79,10.096550122842762,21.655105864387345,10.096550143598192,21.655105864387345,38.793266,36.401154,41.103012
2080,20.8,9.903045876940284,21.589976105799337,9.903045743420929,21.589976105799337,38.791557,36.399548,41.101196
2081,20.81,8.654341706048104,21.152801870554963,8.654341672456914,21.152801870554963,38.82958,36.435226,41.141483
2082,20.82,9.19854340111306,21.311347472913393,9.198543637645969,21.311347472913393,38.788887,36.397045,41.09837
2083,20.830000000000002,10.105300216540023,21.689267173483966,10.105300123250734,21.689267173483966,38.700066,36.3137,41.00426
2084,20.84,9.546504199445055,21.91526218532475,9.54650421715922,21.91526218532475,38.704052,36.31744,41.00848
2085,20.85,9.599283716318622,21.57667826571304,9.599283695320514,21.57667826571304,38.820984,36.427162,41.132378
2086,20.86,9.225696790697906,20.81784557424825,9.225696560313486,20.81784557424825,38.81557,36.422085,41.126644
2087,20.87,8.534922615431995,19.77165282168979,8.534922689616632,19.771652821689788,38.804302,36.41151,41.1147
2088,20.88,8.389004837175856,19.876044777592483,8.389004901952731,19.87604477759248,38.92489,36.524662,41.24247
2089,20.89,8.621653956324927,21.41718493104766,8.621653745999687,21.41718493104766,38.783333,36.39183,41.092484
2090,20.900000000000002,8.27097147554008,20.783555510026734,8.27097132880317,20.783555510026734,38.750446,36.360973,41.05764
2091,20.91,10.009852219949636,22.63130091715126,10.009852232549827,22.63130091715126,38.894653,36.49629,41.21043
2092,20.92,8.720081399420826,21.93847428973592,8.720081449737323,21.938474289735918,38.80156,36.408936,41.111794
2093,20.93,9.067474375176575,21.726969057447825,9.06747439641496,21.726969057447825,38.874485,36.477364,41.189064
2094,20.94,9.854023859479597,22.760844541798097,9.854023885168086,22.760844541798097,38.816902,36.423332,41.12805
2095,20.95,8.64063297445522,22.28521273954935,8.64063300171276,22.28521273954935,38.772526,36.38169,41.08103
2096,20.96,8.716341939368512,21.549226041217107,8.716341740037873,21.549226041217107,38.70605,36.319313,41.0106
2097,20.97,9.254661932359518,21.506100868820628,9.254661712317995,21.506100868820628,38.777397,36.38626,41.086193
2098,20.98,11.062496710637504,22.24737059502484,11.062496600316134,22.24737059502484,38.831474,36.437008,41.143494
2099,20.990000000000002,9.984699082893044,22.175351089476948,9.984699108887874,22.175351089476948,38.752426,36.36283,41.05974
2100,21.0,11.667639232689435,22.3639990711174,11.667639209315189,22.363999071117398,38.90117,36.502403,41.21734
2101,21.01,10.71993846102499,22.27922831507621,12.007926856240225,22.864974523158033,38.767895,36.37735,41.07613
2102,21.02,11.80571931749205,22.2493231111043,12.523662325346322,23.20472576446126,38.78394,36.392403,41.09313
2103,21.03,10.936058441653383,20.552248161187563,14.599189160620691,24.552153340457274,38.83775,36.442894,41.15014
2104,21.04,12.26090011261785,21.514003436602515,12.810398727311693,23.81229573437381,38.752712,36.363102,41.06004
2105,21.05,11.295831065920803,20.19127513479867,13.886972429900405,25.493377576811834,38.801662,36.409035,41.111908
2106,21.06,10.398355955077584,19.988249355890172,14.186101918897313,25.65103111594415,38.823612,36.429626,41.13516
2107,21.07,10.075677282473377,20.405703568234447,13.794649185449218,23.99764756382388,38.67493,36.290115,40.977627
2108,21.080000000000002,11.466181622526069,21.234440728076713,13.438452441448666,24.930615838274424,38.79724,36.404884,41.10722
2109,21.09,10.301920301696148,20.75297651252756,12.699175322092577,24.260157272873492,38.848408,36.452896,41.161434
2110,21.1,9.800232942750432,19.391561754723927,12.989365724976153,23.554003069489127,38.700493,36.314102,41.00471
2111,21.11,10.134027416719197,19.573399815046354,12.583769096505108,22.903519518814978,38.816994,36.42342,41.12815
2112,21.12,8.560745137522595,18.87999553706717,13.555277921696973,24.29162312177741,38.802723,36.410027,41.11303
2113,21.13,9.037767187842121,18.9009860770796,14.149376033837896,23.897961074042186,38.786194,36.39452,41.095516
2114,21.14,10.183195566692058,19.18711025538659,14.873550987196294,25.28161715734584,38.740192,36.351353,41.046776
2115,21.150000000000002,11.942381578154432,20.818425401339436,11.942382002635677,23.298015712987123,38.82873,36.43443,41.140583
2116,21.16,12.39245446228618,20.179830763380387,12.504398642897568,23.77351237960796,38.87333,36.47628,41.18784
2117,21.17,11.644468094859644,20.282541011338775,12.195447691888281,23.70306836897982,38.814583,36.421154,41.12559
2118,21.18,9.615098773174111,21.01975503353378,11.04128734082667,22.252023870505347,38.762775,36.372543,41.070705
2119,21.19,9.455364797008645,20.944096909441512,10.655778903061323,22.456340316443878,38.70462,36.317974,41.009083
2120,21.2,9.335501228316923,21.42454013699261,11.439074394457448,23.005289254472107,38.771748,36.380962,41.08021
2121,21.21,9.569229227460767,19.643782247427335,12.951292976822097,24.607332327685597,38.729004,36.340855,41.03492
2122,21.22,10.402146185776335,19.975184577896233,13.37269122043371,24.911116154600467,38.84087,36.445824,41.153446
2123,21.23,10.275067366068864,20.417010941965604,12.451892893013753,24.063259367384685,38.789467,36.39759,41.098984
2124,21.240000000000002,9.208541153817789,21.15598612843532,13.059877313753038,24.560834105770358,38.77033,36.37963,41.078705
2125,21.25,10.233302052834981,20.573226320957225,12.839991659000736,24.506293435247276,38.820076,36.426308,41.131413
2126,21.26,8.465042582460283,19.2694895485128,13.530899279825626,24.52317038940755,38.874737,36.477604,41.18933
2127,21.27,8.917910003992583,19.780313355991456,11.453522543538547,23.921835567168056,38.730923,36.34265,41.036953
2128,21.28,8.564541909524062,19.99269202824167,12.430808974505501,25.006441682939677,38.85522,36.45929,41.16865
2129,21.29,11.217546757934105,21.001520313628344,12.532600203119733,25.00524176238473,38.75428,36.36457,41.061703
2130,21.3,10.175317647178472,21.30858095723144,11.94551325976055,24.128389321364814,38.782482,36.391037,41.091583
2131,21.31,10.320336359519478,22.432662255697757,11.165957772956437,23.953410785466723,38.76022,36.370144,41.067997
2132,21.32,11.459178823596554,22.08980144621839,12.727957839547392,25.189472799854542,38.80896,36.41588,41.119637
2133,21.330000000000002,10.409897137703265,22.521144201790865,12.030926808918151,24.084281885597427,38.705418,36.31872,41.00993
2134,21.34,9.410200879491365,21.79317062758096,12.882187234711061,25.232425818326096,38.75962,36.369583,41.06736
2135,21.35,8.86916076328994,21.20944006916076,14.57319297134842,27.591145578080056,38.882877,36.485237,41.197956
2136,21.36,8.51588368946135,20.634133460297107,14.789844756243218,27.930316166476935,38.87392,36.476833,41.188465
2137,21.37,8.625582005461622,20.11799959236919,14.645404407982092,27.313040371816356,38.78515,36.393536,41.094406
2138,21.38,7.559290282255242,20.626854003956062,13.693249033964499,25.937975630754117,38.770855,36.380127,41.079266
2139,21.39,8.623166405385982,19.788784467205442,12.53746790420389,24.98389628234891,38.800526,36.407967,41.110703
2140,21.400000000000002,7.513586856269572,19.58591233462503,13.171548570844799,25.957300711302054,38.850334,36.4547,41.163475
2141,21.41,7.520087270923792,19.57898934635754,13.847302205957435,25.472294698655844,38.723335,36.335537,41.028915
2142,21.42,9.259445191595834,20.677935507387804,14.805440849045812,26.32873178359857,38.71213,36.325024,41.017044
2143,21.43,8.671952738742867,20.494937194437565,15.49459903338238,28.18042164378837,38.850834,36.45517,41.164005
2144,21.44,8.502959724202999,19.436948258588025,16.120848340374113,28.711520000841105,38.724316,36.336452,41.029953
2145,21.45,5.793513944810608,18.69684920072201,16.428211279986243,27.990674170839632,38.839157,36.444214,41.151634
2146,21.46,6.650595669870526,18.529222275015524,15.735235885791603,27.814154688575115,38.76026,36.370186,41.06804
2147,21.47,6.89348454532589,17.091902814131785,18.747938024116895,30.09826436742962,38.722485,36.334736,41.02801
2148,21.48,6.518132506001106,17.27453850066816,17.038169882566745,29.27753106483753,39.003197,36.59814,41.32544
2149,21.490000000000002,6.074706678906574,16.913606874431895,17.5349285779196,29.563166692613436,38.75793,36.367996,41.065567
2150,21.5,5.883792586092027,16.860598914058095,19.75010498373053,30.998096333802046,38.87917,36.48176,41.194023
2151,21.51,8.241816916187377,17.788403319935412,19.909847462357646,31.082375613416065,38.82356,36.42958,41.135105
2152,21.52,8.564049512754421,18.466870723555047,18.593584724651336,30.3366188420073,38.77198,36.38118,41.080456
2153,21.53,8.503889743893398,19.060443551362873,18.662807818423158,30.229948151270133,38.758755,36.36877,41.06644
2154,21.54,9.165969561806941,19.62937505371075,18.78791473411942,30.256557354313845,38.79031,36.39838,41.099876
2155,21.55,9.117291166766993,19.585735302664595,19.53183282934052,31.274684417262662,38.89657,36.498085,41.212463
2156,21.56,9.101462480583693,19.03473221251811,19.839632951392513,31.298140095590792,38.773857,36.38294,41.082443
2157,21.57,9.549869058428715,19.377687938173437,20.561003234352327,31.483248657595787,38.79484,36.402634,41.10468
2158,21.580000000000002,8.817330697713166,19.170940404045062,19.18254609875652,31.34879841229236,38.815815,36.42231,41.1269
2159,21.59,7.326401211026457,18.10042780907501,20.99262837322433,32.000696567539265,38.93261,36.531906,41.25065
2160,21.6,9.58047447218343,18.69844023882553,17.07894441689945,29.411880053047827,38.7429,36.353893,41.049644
2161,21.61,10.363549258694588,19.33391945294479,16.558748616427685,29.135684938146262,38.815147,36.421688,41.126194
2162,21.62,9.214606108882732,18.45355547404029,17.322596511237233,29.880057968823092,38.792416,36.400356,41.102108
2163,21.63,9.446418365364904,18.5465358816005,17.500354475478712,29.864269433957187,38.777573,36.38643,41.08638
2164,21.64,8.431472834517125,18.92175149139655,19.15469897594015,29.24056022461464,38.83203,36.437527,41.14408
2165,21.650000000000002,9.449404055495272,19.627910129455643,19.880715908750776,29.12646702989301,38.859238,36.463055,41.172905
2166,21.66,9.646084651406861,19.333461108190036,19.881465140447986,30.047543553102532,38.74824,36.358906,41.0553
2167,21.67,11.463840512838802,20.387807429078272,18.920017036647263,29.932325571680366,38.801502,36.408882,41.111736
2168,21.68,10.938613777785356,20.379031768648726,19.225146113613878,29.128411183249426,38.82239,36.428482,41.13387
2169,21.69,9.958271230514415,20.308136948559156,18.92212369652822,29.03989115620673,38.75323,36.363586,41.060593
2170,21.7,8.831493272143295,19.337635521969467,20.453328523345657,29.942432249315484,38.763348,36.37308,41.071312
2171,21.71,8.310543326985709,18.899639632325552,21.01460429604271,30.564646102486442,38.894928,36.496548,41.210724
2172,21.72,7.411309360874394,18.4093449752819,21.427676755115595,31.73144131902815,38.764732,36.37438,41.072777
2173,21.73,8.056824487289829,18.215673252168937,20.35243823159182,30.427543714012405,38.84522,36.4499,41.158054
2174,21.740000000000002,6.419498509614167,18.256313835829864,22.44270613814104,32.37462929766356,38.926216,36.525906,41.243874
2175,21.75,6.626719634247378,18.3719514889104,21.066300665408626,30.554909750661842,38.855793,36.459824,41.16926
2176,21.76,6.761149121211683,18.141484723249583,19.862374693677374,31.502760713323777,38.84284,36.447666,41.15553
2177,21.77,7.482928086035316,18.438101054244896,21.93681419497477,31.839124235417422,38.791195,36.39921,41.100815
2178,21.78,9.051755357569323,19.101875727128412,18.604953165426128,31.229654235953138,38.86929,36.47249,41.183556
2179,21.79,9.543763224762806,19.822653410712313,20.716930773414557,32.237031131763004,38.79952,36.40702,41.10963
2180,21.8,8.67978053386191,19.026631898858398,19.783275194448578,31.061419116794646,38.85516,36.459232,41.168587
2181,21.81,9.099729194762544,19.966584400458743,19.459851481561923,31.75836453638242,38.861515,36.465195,41.17532
2182,21.82,7.887130797503626,19.24415931348691,19.994948845540236,31.91648139509556,38.912815,36.51333,41.229675
2183,21.830000000000002,8.587337976307087,19.49478024812191,20.057957506364925,32.21905050103146,38.80244,36.409763,41.11273
2184,21.84,8.74658945555537,19.604357072246376,21.546799776796604,34.56300339998782,38.77485,36.383873,41.083496
2185,21.85,7.902805709632072,18.554371163584367,21.966856761928685,32.87534523332238,38.83026,36.435867,41.14221
2186,21.86,7.319456315325835,18.179808081368154,20.765281497042537,33.11677185707514,38.798023,36.405617,41.108047
2187,21.87,6.824222884993261,18.169908649745313,21.272917146469833,32.7406582001623,38.90295,36.504074,41.219227
2188,21.88,6.988713586612189,18.446996542292904,20.87591837509661,32.65451414010177,38.845654,36.45031,41.158516
2189,21.89,5.858072256621561,18.073220782897202,22.197418408632064,32.67856550003855,38.81165,36.418404,41.122486
2190,21.900000000000002,6.824450206973781,18.454592071194835,22.43582709531001,34.00005957683599,38.74952,36.360107,41.05666
2191,21.91,6.0998444362101205,17.735989004138947,22.844839507742556,34.1447498279162,38.81034,36.417175,41.1211
2192,21.92,5.793656279782867,16.54142790426589,23.659563011851247,34.55947868742937,38.782406,36.39096,41.0915
2193,21.93,5.9136559536504665,16.567160494467903,28.42580055081636,38.8578375243539,38.783363,36.39186,41.092518
2194,21.94,5.12091201939943,16.294441121417634,27.562228480862725,39.017329758241665,38.772175,36.381363,41.08066
2195,21.95,5.798418576562981,17.04246640694855,26.715366126553096,38.92019966795128,38.738213,36.349495,41.044678
2196,21.96,5.872595903209475,16.854611898901467,27.51420751273174,38.933654963690856,38.642628,36.259804,40.9434
2197,21.97,5.474721067682769,17.010754921250925,28.566253539705006,39.076743199523094,38.760345,36.370262,41.068127
2198,21.98,4.8370225628856325,16.3639249907481,25.796489459340464,36.6892139751748,38.716644,36.329254,41.021824
2199,21.990000000000002,5.430755851047383,16.495606331100436,28.56113609802619,40.565253858667624,38.73974,36.350925,41.046295
2200,22.0,5.717321242680163,17.22029752997919,26.789802918178623,36.5959755946859,38.673447,36.288723,40.976055
2201,22.01,4.9094562714776915,17.74710285560939,27.00746965634753,39.52670181603852,38.83333,36.438744,41.145454
2202,22.02,5.823793962563247,17.35985164487421,26.061818680445906,36.82149036460198,38.816544,36.422997,41.12767
2203,22.03,5.517528965851628,17.119769205516974,24.629981235840862,35.59519000061154,38.833942,36.43932,41.146107
2204,22.04,5.575078829565955,16.968891572243965,24.06011342781346,35.44323574860292,38.5831,36.20395,40.88033
2205,22.05,4.051331905559064,16.37160647112253,29.854310924095817,40.821957340399386,38.65926,36.27541,40.96102
2206,22.06,3.7054770923848763,16.382701144844805,29.472227944855774,41.21484761836627,38.672905,36.288216,40.975483
2207,22.07,4.3712580947943716,16.62499417964453,29.732477516663494,41.444166769670694,38.77393,36.38301,41.08252
2208,22.080000000000002,4.265827546394607,17.512829606587378,29.975262599381885,42.17164966851603,38.66401,36.27987,40.966057
2209,22.09,5.713546024358866,17.458484137113402,30.393969166571562,43.018128852009475,38.69961,36.31327,41.003777
2210,22.1,7.190687448258387,18.73589737612586,12.82108603858528,23.156546820470272,38.825966,36.431835,41.137653
2211,22.11,6.5133392403409625,18.480183404815023,11.376782640878849,23.485746944711536,38.87228,36.475292,41.186726
2212,22.12,5.160628971018716,18.502615683726365,30.126808127203656,42.170152714003414,38.68401,36.298634,40.987247
2213,22.13,6.036070916723208,18.620028295470167,10.039995981133192,22.088888645969973,38.799545,36.407043,41.10966
2214,22.14,5.64355048385869,18.891284203779737,7.987988978880575,20.76513624469738,38.674335,36.289555,40.976997
2215,22.150000000000002,7.186267078889566,18.35783498281644,9.776411349015786,22.006178728670893,38.76822,36.37765,41.07647
2216,22.16,5.983205108717953,17.75397218929611,10.929915098037739,23.337605886457688,38.788265,36.39646,41.097713
2217,22.17,6.626674521396121,18.287264201456097,12.152452525307138,22.749998849647824,38.816402,36.422863,41.12752
2218,22.18,6.134163270053389,18.89589288559365,11.834382245884361,22.328743709686293,38.746414,36.35719,41.053364
2219,22.19,6.054817339164771,18.351297947628474,27.435217996002798,41.38744328034173,38.795483,36.403233,41.10536
2220,22.2,7.287598966588301,19.008327461517975,10.787947292761803,21.420946714803826,38.762417,36.372208,41.070324
2221,22.21,7.656069786684239,19.659651028342275,26.170074832365103,39.66475218487152,38.738186,36.34947,41.044647
2222,22.22,8.166754168778455,20.15790131076976,9.54898107047696,21.104622025690784,38.811348,36.418118,41.122166
2223,22.23,7.560379726595978,19.69856116863072,24.292263326010666,38.14205429564223,38.73461,36.346115,41.04086
2224,22.240000000000002,6.1202980649910685,18.986191149452132,24.099863171009233,36.80873130325825,38.74549,36.356323,41.052387
2225,22.25,4.527798528747309,17.917941015304287,21.854545606491822,35.28972244625545,38.67212,36.287476,40.974648
2226,22.26,5.55330486662733,17.98835045852552,22.411985394409424,35.65571076222184,38.82553,36.43143,41.137196
2227,22.27,7.636857211743945,18.42065841090825,23.67372277514716,36.91258917201425,38.933544,36.532784,41.25164
2228,22.28,7.033451069231404,18.400689579121234,24.874954171229223,38.12906949490293,38.71258,36.325443,41.01752
2229,22.29,4.8565732003696676,18.040400972984077,23.781652155847834,36.62758673896182,38.876415,36.479176,41.19111
2230,22.3,4.0750805087341195,16.828362090166557,24.11250881583527,35.97198206458733,38.712814,36.325665,41.01777
2231,22.31,6.838810030344963,18.572662761356327,23.403554660915756,35.80255937704587,38.896046,36.497593,41.211906
2232,22.32,6.405441327853277,19.060244126727454,22.889167315566663,34.77097379832254,38.73241,36.34405,41.03853
2233,22.330000000000002,7.5853679463881,19.55798360681341,20.751138648354274,33.70012379478394,38.79701,36.404667,41.106976
2234,22.34,8.175493250847682,20.230967571688563,21.041342447830218,32.71007553734899,38.787506,36.39575,41.096905
2235,22.35,6.880078221667751,19.89736582539486,21.929479690297224,33.517140964158465,38.730377,36.342144,41.036377
2236,22.36,8.892848462819384,20.686751128095228,20.096471486955267,32.39213370642732,38.806885,36.413933,41.117435
2237,22.37,8.489514077309478,20.638713306846586,21.195765372546393,32.1996261895877,38.788944,36.3971,41.09843
2238,22.38,7.318685359175326,20.30676509743134,21.710254548449267,32.367692309839335,38.84849,36.452972,41.161522
2239,22.39,6.977621334486608,19.835262293998575,22.458369770328265,33.95163029945984,38.818424,36.424763,41.129665
2240,22.400000000000002,6.762734716189916,19.3714077778677,23.07784261708115,32.64568591945192,38.730602,36.342354,41.036613
2241,22.41,6.247825306408662,18.41390140582445,22.269826364124462,32.76853623550971,38.671837,36.287212,40.97435
2242,22.42,6.91386715426279,19.0936326853187,21.32134796813324,31.953893751751313,38.792564,36.400494,41.102264
2243,22.43,9.05036839298699,19.460287730386366,19.83878760254148,31.37449505937956,38.79596,36.40368,41.10586
2244,22.44,10.66986593243467,19.594406991910265,21.190506981036897,33.53955609476748,38.78659,36.39489,41.095936
2245,22.45,9.717420167604452,18.686052528175473,22.603418823332017,34.363131590770855,38.77979,36.388508,41.08873
2246,22.46,11.920328030195767,19.770506020210295,20.87515232372911,32.51110467178929,38.894684,36.49632,41.210464
2247,22.47,10.417244196229147,18.75430325978107,22.044048254931297,33.03355039787457,38.732277,36.343925,41.038387
2248,22.48,8.435558233334515,18.732661742747954,22.19369449190605,32.713686665066696,38.88871,36.49071,41.204136
2249,22.490000000000002,9.84962577894499,18.317022955160386,19.90683882628774,31.3523147818392,38.80358,36.41083,41.113937
2250,22.5,8.048954941315344,17.16999348818896,21.163660366859546,32.10898112075894,38.915092,36.51547,41.23209
2251,22.51,8.669749335213021,16.826980157422202,21.944432241785258,31.28572527932849,38.760777,36.37067,41.06859
2252,22.52,9.130624763140801,17.36023399565668,19.917268784533995,29.310852689092414,38.71747,36.33003,41.022697
2253,22.53,9.129232190891301,16.4371662386583,20.353635932885418,30.30400917478093,38.76097,36.37085,41.06879
2254,22.54,9.674631967788287,17.540337118886228,19.044586490649653,29.420213702119717,38.84219,36.44706,41.154846
2255,22.55,9.979501149313782,17.49339162870392,20.271027441736376,30.946209250654125,38.91617,36.516476,41.233227
2256,22.56,8.787936520877643,17.04933619759968,20.65333378233922,31.754494317751014,38.789066,36.397213,41.098557
2257,22.57,10.02337474683005,18.56513850349288,20.362342585320594,32.01814468712002,38.77544,36.384426,41.08412
2258,22.580000000000002,12.001398945005697,19.825322093507033,18.15282839850312,30.344941387030012,38.723804,36.335976,41.029415
2259,22.59,10.307872840937204,19.63926976045293,17.503630413109423,29.719336595724332,38.717808,36.330345,41.023056
2260,22.6,12.026210217931581,19.645382586338158,17.581729202219986,30.17619826914772,38.825134,36.431057,41.136776
2261,22.61,9.841742952729819,18.646930660198734,18.148155670068004,30.349008185154897,38.86712,36.47045,41.181255
2262,22.62,9.938909490652527,17.791899721153015,17.45183648240272,28.886204413118588,38.800697,36.408127,41.11088
2263,22.63,9.90247252491572,17.535017506628524,16.519471311478032,28.34962062958368,38.771847,36.381054,41.080315
2264,22.64,10.326195169217465,18.309501529370593,16.87107721623075,27.957530366203223,38.728485,36.340366,41.03437
2265,22.650000000000002,9.896481819229173,17.766113667430012,18.264704862926585,28.307536934610475,38.781796,36.39039,41.090855
2266,22.66,11.19494613558346,18.336489390597432,17.238292018618722,27.14542828768672,38.707104,36.320305,41.011715
2267,22.67,9.535380783079558,17.13236387044085,18.57024386168552,29.134586725328184,38.69346,36.3075,40.997257
2268,22.68,7.592435403216472,16.41200924714165,18.086949246745995,27.698574709712044,38.78872,36.396885,41.09819
2269,22.69,7.349089334457434,17.09607227835179,16.144276785831472,27.431810532159922,38.78234,36.390903,41.091434
2270,22.7,7.5482894960234574,16.39721667801996,14.538639398095368,26.915077361695904,38.80258,36.409893,41.11288
2271,22.71,7.502675406671871,17.55559387023597,14.698732718896355,26.54495386322645,38.696262,36.31013,41.00023
2272,22.72,7.714464313575779,17.189421933475767,13.42252910738209,27.042653527758333,38.81756,36.423946,41.128746
2273,22.73,6.62013041093611,17.3646856011254,12.792073771770145,26.13385422268018,38.83132,36.436863,41.14333
2274,22.740000000000002,5.272284177984847,15.995701510724082,11.982624921915773,26.644841836707453,38.835,36.440315,41.14723
2275,22.75,6.769477068692101,17.201532675085605,13.183331375773111,27.344650205861203,38.805336,36.41248,41.115795
2276,22.76,5.890628511233757,16.87771165103053,11.904172778345965,26.85712608947227,38.79739,36.40502,41.107376
2277,22.77,5.975124758540925,17.670622579732612,12.104553848231657,26.172391235028797,38.821003,36.42718,41.1324
2278,22.78,6.767796210863856,17.299607396842248,12.401597932455088,27.451008199443528,38.898407,36.49981,41.21441
2279,22.79,7.444223846864355,17.220403767513197,13.172814611723844,28.624406912503787,38.791523,36.399517,41.101162
2280,22.8,6.538747684606805,16.46817810432434,12.128201605232865,27.0276764530058,38.64763,36.264496,40.9487
2281,22.81,5.362521284965908,16.58779904276792,12.695996987741763,27.815408340495384,38.83608,36.441326,41.14837
2282,22.82,5.8147773711087885,16.848063693278306,13.53850968260704,28.147689339976154,38.82348,36.429504,41.13502
2283,22.830000000000002,4.271616931231542,16.055517499152508,13.59341808532604,27.71036941919218,38.742897,36.35389,41.04964
2284,22.84,6.2873860058454945,17.65721444887047,13.058697451799743,27.29815554233748,38.76394,36.373634,41.071934
2285,22.85,6.184417747733482,17.272880405858768,12.508890212291222,28.030467982447142,38.71673,36.329334,41.02191
2286,22.86,7.767809311566451,18.86988502281938,12.581166272040061,28.106376096850376,38.82227,36.428368,41.13374
2287,22.87,10.365251798951784,20.92078141020885,12.895427403969123,27.52425573782221,38.903484,36.504574,41.219788
2288,22.88,10.239734985503869,20.91796183533582,13.525014513352392,27.54392370652149,38.76026,36.370186,41.06804
2289,22.89,9.58534525687247,21.1394134079902,14.508902636541961,27.995235746215428,38.786156,36.39448,41.095474
2290,22.900000000000002,9.483676102545726,20.28424338264115,13.120448712496676,28.369763103218503,38.902428,36.503582,41.21867
2291,22.91,8.560193028049675,20.286943480279906,13.932955133326656,28.8992648715928,38.68461,36.2992,40.987885
2292,22.92,10.649252480050935,22.232191531765256,12.315507721538895,27.64432831240833,38.740475,36.351616,41.047073
2293,22.93,11.066047353655446,22.42737610250981,14.157065808253561,27.534598730650135,38.851917,36.45619,41.165154
2294,22.94,9.02614683406606,21.473528027125532,16.253297824092225,29.590933596188734,38.805454,36.41259,41.11592
2295,22.95,8.118857952607863,20.729558474417924,16.3627165825568,29.40225219221519,38.70607,36.319332,41.01062
2296,22.96,8.971949532326894,21.880732174773858,18.430863296446915,30.02488570445416,38.769722,36.37906,41.07806
2297,22.97,8.95920172126291,21.015036357077523,17.109390870820107,30.055657236777883,38.62433,36.242634,40.924015
2298,22.98,10.162132756878249,22.38648417630423,18.156206874135083,29.876991203901795,38.824955,36.43089,41.136585
2299,22.990000000000002,9.255763461776745,21.451873769993732,18.75336818482917,31.06070850947616,38.85657,36.460552,41.170082
2300,23.0,8.505527640669401,20.523802758598983,17.858363460344403,30.57131359905351,38.78146,36.390076,41.0905
2301,23.01,9.60818179560466,20.442566437178193,17.55027555806305,29.652927989519707,38.893566,36.49527,41.209282
2302,23.02,9.946260480141438,20.46601751447479,17.052332957753656,29.25919629463665,38.828934,36.43462,41.1408
2303,23.03,9.231799067416485,20.148364317302914,16.690035767002044,28.609661100026727,38.83669,36.4419,41.149017
2304,23.04,8.498611386598458,19.994057649636698,15.883994990009143,28.090372045399956,38.722446,36.3347,41.027973
2305,23.05,7.786233578788962,19.46864766377041,14.234891219384462,26.321452097144675,38.82047,36.426678,41.131832
2306,23.06,9.843871774848347,20.704819183091615,14.673202963529224,26.96350857424586,38.79815,36.405735,41.10818
2307,23.07,10.883085704585847,22.209647003946998,13.680095418310524,26.10957272535676,38.79756,36.40518,41.10756
2308,23.080000000000002,9.576060999025335,21.130749985092976,13.427583534493872,26.498347428524728,38.790726,36.39877,41.100315
2309,23.09,9.186163016236248,20.487977968244934,13.88546291896289,26.454911474771905,38.914677,36.515076,41.231647
2310,23.1,9.946415917915557,20.386623708553337,14.217281863431017,26.72776719056932,38.836403,36.441628,41.148712
2311,23.11,9.654754305514734,20.842285106837668,12.582497678879802,25.364165227861804,38.69363,36.307663,40.99744
2312,23.12,9.212643259473872,20.997101261994178,12.600871429564789,25.170392974726706,38.767258,36.376747,41.07545
2313,23.13,9.313374327663494,20.961371783187168,13.997183096501052,26.532724906814384,38.846138,36.450768,41.15903
2314,23.14,8.6937030778472,20.705525450905164,14.067207642841677,25.87305688326234,38.904594,36.505615,41.220966
2315,23.150000000000002,8.463999679005132,20.123009293488604,15.262228065676174,26.742978090301822,38.747547,36.358253,41.054565
2316,23.16,8.541262869775053,20.670946489742747,14.86941741798401,27.228368897525023,38.802948,36.410236,41.113266
2317,23.17,8.566544787546041,21.148354826589912,14.632271494789862,26.593716295543793,38.884377,36.48665,41.199547
2318,23.18,9.29180753111633,21.52005330936038,13.207424135791266,24.79782570180642,38.73792,36.34922,41.04437
2319,23.19,8.369314353136604,21.178213735589623,13.100829191191671,24.801343690809,38.865337,36.46878,41.17937
2320,23.2,9.331453028555329,22.332430374094038,10.48094386867782,22.730571857492702,38.779816,36.388535,41.08876
2321,23.21,9.862635692428702,22.72356797546282,10.16477364301387,23.14343325263168,38.855824,36.459854,41.169292
2322,23.22,10.36113189277297,23.419669845624597,12.847034699091648,24.051715457380052,38.831257,36.436802,41.14326
2323,23.23,11.073764848150702,23.731157062971114,12.976446484065463,24.3738177897268,38.884502,36.486763,41.199677
2324,23.240000000000002,10.62849146086885,23.66046149824223,11.900736219386632,23.66046149824223,38.804966,36.412132,41.115406
2325,23.25,8.892692871418124,22.696100883826734,13.332237968297308,24.574465842977652,38.785305,36.393684,41.094574
2326,23.26,8.38777527049876,22.498607007217352,14.33826141224136,24.91848781631226,38.656994,36.27328,40.958622
2327,23.27,9.547792827081306,23.916013204674424,15.65667148559108,25.939814564557533,38.7833,36.3918,41.092445
2328,23.28,9.0306342804461,22.53403177917236,15.530539866852527,26.239728556274518,38.712402,36.325275,41.01733
2329,23.29,10.572703932925704,23.6337189521072,17.707955632615857,25.980658287602843,38.787777,36.396004,41.09719
2330,23.3,11.492897797919593,23.941278807442767,17.295048454195115,26.383834124569425,38.746834,36.357586,41.05381
2331,23.31,10.70314595251264,24.17002596366611,17.70934818790569,25.824904333126764,38.849174,36.453613,41.162247
2332,23.32,10.656430680765135,23.14793358886633,16.599661137636556,25.3741759961819,38.976276,36.57288,41.296917
2333,23.330000000000002,10.875731534370972,23.64529046320784,18.08228497904128,25.438419505113607,38.906067,36.506996,41.222523
2334,23.34,10.278177839249725,23.56105776457926,16.68835986882939,25.029906274111145,38.738663,36.349915,41.045155
2335,23.35,11.138518413788558,22.488383150925927,17.30161764451252,25.058095725606837,38.68174,36.296505,40.984844
2336,23.36,11.598043969831064,22.8389466533037,16.199872711615676,24.474989805531436,38.7156,36.328278,41.020718
2337,23.37,13.628839306353727,21.819884114010854,15.505270690775276,24.386164973232994,38.870384,36.473515,41.18472
2338,23.38,11.842190932324144,22.446442208058308,15.278689290544566,24.14664190523466,38.682133,36.29687,40.98526
2339,23.39,12.113309851200608,23.05127190573432,15.757111423605783,24.603648871469524,38.666718,36.28241,40.968925
2340,23.400000000000002,12.374148174367946,22.266264694709623,15.37683680266489,23.963979400688515,38.947586,36.545956,41.266518
2341,23.41,12.824714417337452,22.24930560959796,13.344963580563409,22.24930560959796,38.76838,36.3778,41.07664
2342,23.42,12.064064095876846,21.69244204823472,15.080540964841854,23.313788564699333,38.71714,36.329723,41.02235
2343,23.43,12.722090719559773,20.995397010768492,15.678107795457251,22.84902590058181,38.72108,36.33342,41.026527
2344,23.44,10.659545874829547,19.366378469948636,16.51865401736909,24.5172758438109,38.76172,36.371548,41.06958
2345,23.45,11.478009314606398,19.876799473508743,15.871446455291457,24.590432442805117,38.8647,36.468185,41.178696
2346,23.46,12.296338517131803,19.8897769857156,16.77008681398715,24.424197033831994,38.862988,36.466576,41.176884
2347,23.47,9.912940648290018,18.531433673230424,16.995645477929983,25.584623239016544,38.69957,36.313232,41.003735
2348,23.48,8.777786140960922,18.531610429125422,16.77569268918456,24.870613943842958,38.837505,36.442665,41.149883
2349,23.490000000000002,8.033033412759801,17.755431708342474,16.953838906817726,26.218043688116147,38.82045,36.426662,41.131813
2350,23.5,8.94390176942274,16.748645575131654,16.496330553758295,26.254411452166188,38.798504,36.40607,41.10856
2351,23.51,9.50523295985376,17.623191697947675,17.466368208489968,26.744188113657728,38.86431,36.467815,41.178284
2352,23.52,9.30928784555257,18.6761996340578,27.87466509185112,38.39742581055442,38.732475,36.34411,41.038597
2353,23.53,9.743371217171724,17.49166436147063,28.896530208699176,39.372275193780936,38.759888,36.369835,41.067642
2354,23.54,8.651895579252285,17.914197974433865,18.42117658315034,26.3767706965284,38.79371,36.40157,41.10348
2355,23.55,8.030965218780608,18.362897631654004,25.297992054777797,38.26928048901111,38.71443,36.32718,41.01948
2356,23.56,8.476555517966842,17.543604279751875,27.515330454608133,39.19335314417703,38.725914,36.33795,41.031647
2357,23.57,7.846003138587016,17.981285086291354,27.365094973661947,38.95156940836117,38.72758,36.339516,41.03341
2358,23.580000000000002,8.75455203400666,19.385685034934642,24.883570710262127,37.48374462431129,38.886784,36.488907,41.202095
2359,23.59,8.253066340335726,18.95611089644729,25.71098611714344,37.79045956901309,38.734856,36.346344,41.04112
2360,23.6,9.626638937243733,19.93894660147635,23.78657153988607,36.74959597025236,38.730633,36.342384,41.036648
2361,23.61,10.405161503272337,19.5384940927688,25.064592152652214,37.32744463369335,38.844307,36.449047,41.15709
2362,23.62,7.064094185901857,19.19772475859448,23.421254200813433,37.344841662532055,38.72192,36.334206,41.027412
2363,23.63,9.50549541912599,18.55579807923224,25.18278696632567,37.95656334254775,38.694103,36.308105,40.997944
2364,23.64,8.948172086603353,19.184417351970403,24.465340211495345,37.69838691621216,38.80295,36.410244,41.113274
2365,23.650000000000002,7.117530315646748,18.076711399938933,25.857380905616374,38.82334802404631,38.81927,36.425556,41.130566
2366,23.66,6.647878682158394,18.003946005503515,25.339819197538176,38.88054319525809,38.70312,36.316566,41.007496
2367,23.67,6.914692108588047,18.62846347801447,24.772652827645565,38.44718890685859,38.81637,36.422832,41.127487
2368,23.68,6.754548393455853,17.913277800142275,26.077566757894427,39.19280735376006,38.884163,36.486446,41.199318
2369,23.69,7.103044593114,18.06110282582365,25.46519320255294,38.82883728620305,38.681797,36.29656,40.9849
2370,23.7,8.569720459681843,19.26841382006045,24.49474733743359,37.540822515784676,38.773445,36.382557,41.08201
2371,23.71,7.540153877716792,18.560878386242624,25.965814860600002,38.31609727616312,38.86768,36.470978,41.181854
2372,23.72,6.80611592970175,17.44738880581386,26.274720748371184,39.1668507907234,38.756645,36.36679,41.064205
2373,23.73,6.915621941721585,17.289634893753735,28.07677710009936,39.33568446749791,38.800934,36.408348,41.111134
2374,23.740000000000002,5.722916575290313,16.509720019541202,27.45432152851007,40.018124887372,38.761745,36.371574,41.06961
2375,23.75,6.7946143429749375,16.890514016926275,28.064299361666926,39.729177894140186,38.82762,36.433388,41.13941
2376,23.76,6.564863179918284,16.37191158785077,28.823351366189232,40.22997987038296,38.844143,36.448895,41.156914
2377,23.77,8.253214846274373,17.791280869442563,27.41416262435062,38.98765655108279,38.79879,36.406334,41.10886
2378,23.78,6.998737959569382,17.66178055582075,27.78841493768161,39.02598417870768,38.803097,36.410378,41.113426
2379,23.79,8.447196086895234,17.995188551624587,27.881682471312665,38.69341015232479,38.72864,36.340515,41.034534
2380,23.8,7.128179197862889,17.60402791413823,26.133691619506532,39.0141107414103,38.83175,36.437263,41.143784
2381,23.81,5.499315815006918,17.825235994808327,24.71196431802049,38.88599669371363,38.885685,36.487873,41.200928
2382,23.82,5.1159273044937095,17.154232310005945,25.66398683612854,39.387099919448424,38.78679,36.395077,41.09615
2383,23.830000000000002,5.157028407348439,16.921854209961218,24.60626093489063,39.71594289250643,38.728306,36.3402,41.03418
2384,23.84,5.7682481108691555,16.65034834173148,25.813419486820862,40.38786958034339,38.89388,36.495564,41.209614
2385,23.85,4.08198095813885,16.293449853725793,25.9384251587985,40.90458566573652,38.856712,36.460686,41.17023
2386,23.86,4.334202997399943,15.849369586597913,27.522581639167857,41.179288686300964,38.762054,36.37187,41.06994
2387,23.87,3.7141949193424457,15.382725510883994,27.360718958988645,41.57840624360402,38.895184,36.496784,41.21099
2388,23.88,3.79846682056805,15.293033526084162,25.856981802493863,41.536994424478706,38.7594,36.369373,41.067123
2389,23.89,4.806435915614408,14.825017231115273,26.311725497456937,42.00245261597353,38.763615,36.373333,41.071594
2390,23.900000000000002,3.899850009156764,15.467946678713316,25.959377578247324,41.107132242637704,38.75468,36.36495,41.062126
2391,23.91,5.227790313114586,15.850201528654672,26.47473048286256,40.88797349504805,38.915295,36.51566,41.232304
2392,23.92,5.410237144090603,15.9094965539479,26.774680766647574,40.78333237292469,38.847782,36.45231,41.16077
2393,23.93,2.992067379951737,15.356841232826014,28.477875584610754,41.16594453146356,38.762905,36.372665,41.07084
2394,23.94,3.838853483925956,15.365923534989085,28.647450404375387,41.20000030812585,38.802597,36.40991,41.112896
2395,23.95,4.033086309160283,15.365251626367986,30.743907313479877,41.28104244784688,38.876247,36.47902,41.190933
2396,23.96,4.31743302899979,14.690427943936132,31.208913103449966,41.94164325719387,38.852325,36.45657,41.16558
2397,23.97,4.292098922462241,14.340785255568557,30.15728977656341,42.37075381741061,38.697598,36.311386,41.001644
2398,23.98,3.3313073497735424,14.337446037590249,30.687139087715597,42.40771786801987,38.641518,36.258762,40.942226
2399,23.990000000000002,3.307070814998618,14.189835823302829,30.604905655335134,42.555612572611395,38.806416,36.41349,41.11694
2400,24.0,4.451445071952324,14.782615734789166,29.278335792674163,42.083439258623166,38.821545,36.42769,41.13297
2401,24.01,5.8198206579858125,15.73498297309707,28.555704551066956,41.000374489712044,38.886887,36.489002,41.202206
2402,24.02,5.0812481327083505,14.91371856688194,29.04500798798104,41.97299314995938,38.75057,36.361088,41.05777
2403,24.03,5.284620433216177,15.176016902091602,29.68154811290541,41.75050259658565,38.73593,36.347355,41.04226
2404,24.04,5.213668790806493,15.5172165846869,30.350910082571378,41.828569510297996,38.963993,36.56135,41.2839
2405,24.05,6.052531687408298,15.173170734888274,31.818467896330144,42.04168422836821,38.72274,36.334976,41.028282
2406,24.060000000000002,5.65018200108631,15.431780185632636,31.17469665079109,41.9158934030147,38.760696,36.37059,41.0685
2407,24.07,5.80208019629378,14.475931915333637,32.13136158724126,42.87669635383441,38.795647,36.403385,41.10553
2408,24.080000000000002,6.100842015033402,15.092171755822848,32.384259795079615,42.723947762033106,38.860645,36.464375,41.174397
2409,24.09,6.008838729641399,15.189667942094959,31.31120026174884,42.378898107347005,38.76107,36.37094,41.068893
2410,24.1,6.097324761554031,15.344290991505517,17.310579972394525,25.53121860099595,38.727566,36.339504,41.033398
2411,24.11,6.038997649560972,14.612442372224292,32.20109792773727,43.71467451617368,38.893463,36.495174,41.209175
2412,24.12,6.390234008018493,15.013740225338106,17.698748285693455,25.561535259708137,39.002567,36.59755,41.32477
2413,24.13,6.015427700105533,14.225066591665126,17.157393317698403,25.737437605710358,38.67482,36.29001,40.97751
2414,24.14,6.897118273424071,15.022796191061964,16.543407882569213,25.01409528805753,38.789463,36.397583,41.09898
2415,24.150000000000002,7.211830724775703,16.692897659373266,30.804786088877446,41.72320660981657,38.869602,36.472782,41.183887
2416,24.16,7.524832458266348,16.476657598261482,30.076667626656317,41.30550967912122,38.837395,36.442562,41.149765
2417,24.17,7.793968022684858,16.319374348876313,31.04705499496381,42.05096314755004,38.785156,36.393543,41.094414
2418,24.18,7.6513824522518705,15.326424246132783,31.50369171989426,43.02005315268585,38.927338,36.52696,41.245064
2419,24.19,7.572541678107135,15.050686750503766,32.61396852484156,43.226475449458356,38.81961,36.425873,41.13092
2420,24.2,7.663305096526837,15.678582917211886,15.052061483874743,25.190691053230665,38.803673,36.41092,41.114033
2421,24.21,7.645121918602698,15.593551913522791,16.4575313438636,26.11542430811554,38.953262,36.551285,41.27253
2422,24.22,6.58001562791904,14.373626001492914,18.206748655120073,26.519752057521707,38.806023,36.413124,41.116524
2423,24.23,6.389468534780021,13.796278832764092,17.582532343691117,27.48141273039331,38.7721,36.38129,41.08058
2424,24.240000000000002,4.353935443768569,13.258899265893497,18.45414071198421,28.39277414730572,38.741955,36.353004,41.04864
2425,24.25,5.041218621455472,14.06840401166433,33.48907689934826,44.91371176682916,38.762745,36.372517,41.07067
2426,24.26,5.563826193887453,13.29604360241484,33.973313693014155,45.10894002490508,38.870564,36.473686,41.18491
2427,24.27,5.784282025277988,13.424657014177551,33.83358326862991,44.554066189032795,38.667534,36.283173,40.969788
2428,24.28,6.419024344947241,14.015178249391889,35.27375572383579,45.371109434701786,38.867447,36.47076,41.181606
2429,24.29,6.044444667917402,14.106312037532408,34.479152078760904,44.98858275440715,38.801807,36.40917,41.11206
2430,24.3,5.55112766161223,15.090382744861108,33.386893643860056,44.450115007608694,38.82996,36.435585,41.141884
2431,24.310000000000002,5.436124206158059,15.495836689441163,34.82538182466364,44.80970005920308,38.860306,36.464058,41.174038
2432,24.32,7.503435126402615,14.680378105832812,33.679996189543,44.690204521009356,38.699368,36.313046,41.003517
2433,24.330000000000002,6.84426783601119,14.070332825961646,33.94895973762158,45.6235148184553,38.744465,36.355362,41.0513
2434,24.34,6.9860502686776105,14.41102631458411,33.79992937489784,45.51631724228731,38.72592,36.33796,41.031654
2435,24.35,5.5388248959872595,14.28471949674814,34.31786612491152,45.39989646807957,38.73176,36.343437,41.037838
2436,24.36,6.480846002314722,14.578271874632252,32.25412840107586,44.55020361200142,38.88335,36.48568,41.198456
2437,24.37,6.194101534439689,14.465923701498483,33.023643882100124,44.52994958957453,38.883907,36.486206,41.199047
2438,24.38,5.463395080050494,14.951068955760482,33.12229094564462,44.00546107188648,38.827023,36.432827,41.138775
2439,24.39,6.544981766247022,15.119491451171257,32.41570769030041,44.180537374199794,38.90379,36.504864,41.22011
2440,24.400000000000002,5.345493019522559,13.74514059394612,33.76878787621819,45.4073767339512,38.925404,36.525143,41.243015
2441,24.41,5.563173794753483,14.229633538146736,32.683347236878454,44.398010937037284,38.806057,36.41316,41.11656
2442,24.42,5.508332574918457,14.709999805553144,31.931871787476,43.55962941201625,38.78,36.388702,41.08895
2443,24.43,6.6523794865084085,14.915187837325885,33.62335739635582,43.8829592326164,38.887985,36.490032,41.20337
2444,24.44,7.714993857791561,14.521849943752263,34.512126576048374,44.19767922254454,38.744778,36.355656,41.051636
2445,24.45,7.307954629517471,15.620236600757648,32.72436197761894,43.370991594044625,38.80549,36.412624,41.11596
2446,24.46,7.079082822231569,14.533702949814673,33.33491341807269,44.20911074867838,38.74443,36.35533,41.051266
2447,24.47,6.012287451275934,15.202994939499545,32.78822865554812,44.136230334500546,38.67204,36.287403,40.974564
2448,24.48,6.992183448185243,15.628501794805441,32.432264943990994,44.20438791393712,38.88631,36.48846,41.20159
2449,24.490000000000002,6.587059473432618,15.589892236202735,31.74342609876177,43.851688598511075,38.8279,36.43365,41.1397
2450,24.5,8.065927587269575,15.809814573861527,30.890069202106424,43.72531134458024,38.77792,36.386753,41.08675
2451,24.51,8.45654281215745,16.646449728469406,31.65850595699981,43.038363572826086,38.66018,36.27627,40.961998
2452,24.52,9.775475703042613,17.236921804001742,30.12313129043747,42.094938207319906,38.87035,36.473484,41.184685
2453,24.53,10.033751960481526,18.0256665932025,30.03664819619785,42.379789509580725,38.838215,36.44333,41.15063
2454,24.54,9.367103656206107,18.266115427482976,29.82743715015028,42.35769505500396,38.641026,36.2583,40.941708
2455,24.55,8.84930699301912,16.85855513842182,30.407908866767904,42.433181261015164,38.719933,36.332344,41.02531
2456,24.560000000000002,8.1500479260113,16.924659169052628,32.17166970986675,43.22435806158304,38.81843,36.424767,41.12967
2457,24.57,9.064496224199196,17.307729638109322,30.729882327652103,42.73540452812191,38.841656,36.446556,41.154278
2458,24.580000000000002,8.405014985179747,16.290895763278073,31.40515064218984,43.207607620368776,38.738136,36.349422,41.044594
2459,24.59,8.466725395095256,16.278203679227325,30.59463950023724,42.95288340504736,38.736565,36.347946,41.04293
2460,24.6,8.789732127553314,15.203587658931937,31.94658698248894,43.409770821047935,38.817272,36.42368,41.128445
2461,24.61,8.896377346413033,15.4989252407049,33.35283185219619,44.04216491762046,38.88221,36.48461,41.197247
2462,24.62,8.571786230453876,16.1171248389475,31.356071860060844,42.611497319339975,38.746105,36.356903,41.05304
2463,24.63,7.902915379500352,15.476882275834777,29.935761097543885,42.90180725428396,38.745197,36.35605,41.05208
2464,24.64,7.4764470077527205,15.776378372784613,32.5227760488274,44.126334518329756,38.947598,36.54597,41.26653
2465,24.650000000000002,7.04304801772071,15.511622156570143,30.07905237950743,42.94384234389248,38.72852,36.3404,41.03441
2466,24.66,5.90283780271114,15.0840245622414,30.18655880047535,42.981197761537416,38.843903,36.448666,41.15666
2467,24.67,4.003575075239427,13.681353504524724,32.31822182589921,44.44021146274779,38.896656,36.49817,41.212555
2468,24.68,4.553871492641847,13.245639318404251,33.29301487713746,45.032032042345236,38.77754,36.386395,41.08634
2469,24.69,5.136760053403974,12.861225553990234,34.44439381790166,45.063164433419715,38.78767,36.395905,41.09708
2470,24.7,4.571144742616819,13.478741959846923,34.565728108702864,44.68576286149245,38.750977,36.361473,41.0582
2471,24.71,4.839133567005033,13.348879134836782,35.963414405553635,44.83946279765051,38.749123,36.35973,41.056236
2472,24.72,5.061569588342657,12.948906095525375,36.14947710416777,44.93893731561737,38.863113,36.466694,41.177013
2473,24.73,5.1786132491310655,12.518556445302973,36.72840478835117,45.009528765871124,38.782883,36.39141,41.092007
2474,24.740000000000002,4.083975090145596,11.792764395576267,36.46624380318943,45.74128639398727,38.821877,36.427998,41.133324
2475,24.75,4.512103812067367,11.658086797657425,37.66632141293044,46.452451144908,38.781307,36.389935,41.09034
2476,24.76,4.2885111752671765,12.247748321221255,39.309778666056616,47.330834976149376,38.846714,36.451305,41.159637
2477,24.77,4.152553419585091,12.292326053320037,38.984623594362645,47.65817002312828,38.769974,36.379295,41.078327
2478,24.78,3.6950930695639506,12.434098546386675,39.56317684336708,47.67438817689018,38.847473,36.45202,41.160442
2479,24.79,4.618568491977515,13.161865348881411,38.4361055349697,46.60077913230622,38.714725,36.327457,41.01979
2480,24.8,3.7719330229749493,14.008524525618558,36.26451623050083,46.52626944060444,38.836006,36.44126,41.148296
2481,24.810000000000002,3.635965483482804,12.647547116032673,38.25298527214573,47.69888291146435,38.790234,36.398308,41.099796
2482,24.82,3.7515986331052593,12.230238280855453,39.24237579614905,47.895486803298404,38.69648,36.310337,41.00046
2483,24.830000000000002,3.2572520970996566,12.043566518875123,39.619863510028274,47.6568134264421,38.845886,36.450527,41.15876
2484,24.84,3.2948480736087333,11.98300105963184,38.67190424789421,47.288979974594085,38.709705,36.322746,41.014473
2485,24.85,2.9457224086481997,11.49325224322772,23.30002480476891,36.31244077584391,38.800484,36.407925,41.110657
2486,24.86,5.212052630478098,12.533155631242227,38.74654466959314,46.72533127617247,38.636055,36.25364,40.93644
2487,24.87,5.289099483658503,12.558705073937817,38.85156965836699,47.638690401930695,38.809616,36.416496,41.120335
2488,24.88,5.515254718866089,12.715183561376355,23.787849012165964,36.92028864259086,38.837162,36.44234,41.149517
2489,24.89,5.969361637717991,12.487872596178756,21.264063299103615,36.44045803831507,38.805984,36.413086,41.11648
2490,24.900000000000002,6.0760705679606435,12.135453467613443,22.967204204613374,37.163117214510116,38.776836,36.38574,41.0856
2491,24.91,5.0892902204056245,11.941596886975702,39.54190165669338,48.602512162575856,38.818073,36.42443,41.12929
2492,24.92,4.853599297467339,12.557487061533891,39.34142668842574,48.12866727253194,38.752304,36.362717,41.05961
2493,24.93,5.839186905582132,12.575909060368032,38.4182816475333,47.347591537662964,38.84558,36.45024,41.15844
2494,24.94,5.201038013489832,13.332971331942955,38.99304020250207,47.39415690619514,38.81665,36.423096,41.127785
2495,24.95,5.520371441360565,13.070830410097427,24.539060955019938,38.10188400821302,38.80922,36.416122,41.11991
2496,24.96,6.933228021786962,13.882539755342702,36.34221756514526,46.27120376626176,38.721096,36.333435,41.026543
2497,24.97,7.972884201602101,14.159419559716543,22.620358541207466,36.06034024825188,38.737988,36.349285,41.04444
2498,24.98,7.213109170638574,13.537119692995427,21.82409763914724,35.528839696318016,38.82249,36.428577,41.133972
2499,24.990000000000002,7.256269668319574,13.19660328636042,23.680450666814508,36.02979955623197,38.809616,36.416496,41.12033
2500,25.0,6.813593754106322,12.334373617114363,24.003749227862226,36.2091276952851,38.78748,36.39572,41.096874
2501,25.01,7.151433246315159,12.696223251273473,23.88210329526907,35.272914844356784,38.849842,36.454243,41.162956
2502,25.02,8.036535633615438,13.628803799276856,22.6737363936961,34.463972986051324,38.759907,36.36985,41.06766
2503,25.03,6.67746073073573,13.330324153199083,22.29107918892138,33.64040687897075,38.824005,36.429996,41.13558
2504,25.04,8.262394388020999,14.764804692808324,19.31813190610399,32.2251687944945,38.78362,36.3921,41.09279
2505,25.05,7.885971060188273,14.823261346771064,20.315481815577435,32.6337183178519,38.683414,36.298077,40.986618
2506,25.060000000000002,8.761984065921167,14.833711860570272,34.81065261423233,42.84305844969023,38.745274,36.35612,41.05216
2507,25.07,8.277281258592197,14.760110075170692,33.70238420389677,42.53061094331956,38.778362,36.38717,41.08722
2508,25.080000000000002,10.016924824807518,16.95628124139534,30.254448696131174,40.47713549993054,38.77355,36.38265,41.082115
2509,25.09,7.95344571301626,15.938500222161306,31.79839311922574,41.47606273496129,38.727165,36.33913,41.03297
2510,25.1,9.864354461460211,16.78459150923011,32.09836197638681,40.745346754823785,38.82909,36.43477,41.14097
2511,25.11,7.521008693957416,15.5802045671827,33.17124690564768,41.43686066319349,38.805016,36.412178,41.11546
2512,25.12,7.859019571561906,15.999472794187161,32.547873598551064,41.08691904752983,38.77669,36.3856,41.08545
2513,25.13,8.995899868270923,15.791223299493081,33.29395854326241,41.66495629889117,38.80636,36.41344,41.116882
2514,25.14,11.186787886693713,17.493274334021933,31.266378437048004,40.272960057122525,38.896816,36.498318,41.212723
2515,25.150000000000002,11.355884660484243,17.81802590243915,30.79054597661687,39.61129723571444,38.769974,36.379295,41.07833
2516,25.16,10.250823729983741,17.598369765176205,31.309453187497496,40.25566198294329,38.81375,36.420376,41.124714
2517,25.17,9.696075851502021,16.51784640451119,32.02977073284,40.97961926383696,38.74627,36.357056,41.053215
2518,25.18,10.587626379176573,17.15968924025902,30.728778287283244,41.013455969513146,38.79787,36.405476,41.107887
2519,25.19,8.758427013055938,17.012571499074138,30.245961100001583,40.607386861319966,38.92219,36.52213,41.239613
2520,25.2,9.348853737760052,16.91732401455126,31.403075460005255,40.509682336677415,38.736984,36.348343,41.043377
2521,25.21,10.52518947141298,17.855514175404117,31.976661279850052,40.30251798745415,38.8458,36.450447,41.15867
2522,25.22,9.017635511384322,16.003752105233616,34.54220576722769,42.269767424916346,38.84425,36.448994,41.15703
2523,25.23,7.3052473368230935,15.28278397743422,35.820750668167264,43.20755557624157,38.76155,36.371395,41.069405
2524,25.240000000000002,7.286588778498248,15.391413354533894,35.55448592273543,42.90593630314926,38.9453,36.543816,41.264095
2525,25.25,4.927799637421547,14.116063134097816,26.143788530301805,36.63129802627048,38.893787,36.495476,41.209515
2526,25.26,5.800803118175511,14.353352896063393,25.02958926602748,35.31365298370974,38.848625,36.4531,41.161663
2527,25.27,6.4101848575714735,15.31274455672468,35.28500447449206,43.01627817111322,38.74798,36.358658,41.055023
2528,25.28,5.3365065851240185,14.932868791453492,35.98500975069112,43.31881385144672,38.81935,36.425632,41.13065
2529,25.29,5.6009876621973875,14.825102690217866,36.15648561856447,43.13618569185449,38.664547,36.280373,40.96663
2530,25.3,6.435776488887749,14.270412718366494,23.770533931989203,36.140593239503964,38.886284,36.488438,41.201565
2531,25.310000000000002,6.066318529555942,13.367524809516505,6.066318530222369,13.367524809516505,38.830547,36.43614,41.14251
2532,25.32,6.517851007521371,14.349145427125602,35.52502027300631,43.37407693227528,38.830055,36.435677,41.14199
2533,25.330000000000002,6.9749671138501945,15.056380774364058,24.866879842676777,35.11580299902557,38.908115,36.508923,41.224697
2534,25.34,6.591672837141272,15.552155880826216,23.020902459627287,33.469950099071724,38.74022,36.351376,41.046803
2535,25.35,6.737650218491853,15.474479374037438,22.730687429898758,33.668798632777005,38.840595,36.445564,41.153156
2536,25.36,5.411679085506927,14.986954580243133,24.487019881946743,34.60885344312997,38.80761,36.41461,41.118206
2537,25.37,3.617391136317913,13.92190557929754,23.70947519123308,34.480104466743995,38.744358,36.355263,41.05119
2538,25.38,4.316920791219644,14.017047210867098,23.01834068539553,33.88074355450162,38.79914,36.406666,41.109234
2539,25.39,3.9925472952063203,14.04511808257892,23.097180624456065,33.21877138912984,38.80387,36.411106,41.114246
2540,25.400000000000002,4.416362937143736,14.02065513238387,22.261589680190465,32.530893849349056,38.87683,36.479565,41.19155
2541,25.41,4.184359392567743,14.312511080327177,4.184359391131141,14.312511080327177,38.717457,36.330017,41.022686
2542,25.42,5.803773697923117,14.854079243452249,5.803773710639701,14.854079243452249,38.73656,36.347942,41.042927
2543,25.43,5.517555671409175,15.427489481847035,20.739070958890665,31.42491586978292,38.698902,36.312607,41.003025
2544,25.44,5.776724590265649,15.252400822239915,5.776724708525372,15.252400822239915,38.843105,36.447918,41.155815
2545,25.45,4.969004667406959,14.25283233728641,4.96900471614619,14.252832337286412,38.792988,36.40089,41.10271
2546,25.46,5.844001639169669,14.798517638162672,22.09545466297331,32.31302968246864,38.849754,36.45416,41.16286
2547,25.47,5.7510593830502055,14.008438266017855,5.751059574106719,14.008438266017855,38.722916,36.33514,41.02847
2548,25.48,5.883653169267624,13.856384852128697,5.883653296866196,13.856384852128699,38.855957,36.45998,41.169434
2549,25.490000000000002,5.674385951203179,13.74983486540015,5.674385977973732,13.749834865400151,38.76865,36.37805,41.076923
2550,25.5,5.513178329866698,12.65838555640607,5.513178378361865,12.658385556406067,38.803726,36.41097,41.11409
2551,25.51,5.895819268956317,13.31861272086473,5.895819389434816,13.318612720864728,38.92442,36.52422,41.241974
2552,25.52,4.836619983645168,12.419461517965868,4.836620072830614,12.419461517965866,38.966217,36.563442,41.28626
2553,25.53,5.051448087180114,12.504322794253948,5.05144822158509,12.504322794253948,38.753197,36.363556,41.060555
2554,25.54,5.881901220322941,12.82332279899626,5.881901236229891,12.82332279899626,38.77451,36.383553,41.083138
2555,25.55,4.866528215284902,12.435722553609207,4.866528194512726,12.435722553609207,38.76555,36.375145,41.073643
2556,25.560000000000002,5.035152168195411,12.577386800749773,5.035152056300047,12.577386800749771,38.821815,36.427944,41.13326
2557,25.57,5.444128407365091,12.535568795429759,5.444128481009015,12.535568795429759,39.001976,36.596992,41.324142
2558,25.580000000000002,5.713501662590697,13.084328836407366,5.7135018132000805,13.084328836407368,38.839695,36.44472,41.152203
2559,25.59,4.997083737299294,12.838706623390065,4.997083667087775,12.838706623390065,38.796894,36.404556,41.106853
2560,25.6,5.283717308594842,13.539800914492448,5.283717233544695,13.539800914492444,38.78594,36.39428,41.095245
2561,25.61,4.261495795911134,14.245356652096753,21.267703699186747,30.059414395906142,38.83656,36.441776,41.14888
2562,25.62,4.437176861614737,16.079921121330482,4.4371767695860305,16.079921121330482,38.88932,36.491283,41.20478
2563,25.63,4.073423707480675,16.082129207974404,17.623134940467175,28.065501102270844,38.658237,36.274452,40.95994
2564,25.64,3.459712007711008,16.404908246154083,17.095789157631803,27.197682718985515,38.827248,36.433037,41.13901
2565,25.650000000000002,3.6833652325894666,16.39924348982182,16.665017690586897,27.793876039205568,38.766323,36.375874,41.074463
2566,25.66,3.228938642972787,15.90348306513344,17.46637316398494,27.87982240358977,38.82153,36.427677,41.132957
2567,25.67,3.7606128861903922,16.504832828552406,17.39290872323761,27.26691581910618,38.730743,36.342487,41.036762
2568,25.68,4.16166273455438,15.638781488420745,18.377139691426617,28.3021048809219,38.854275,36.4584,41.167652
2569,25.69,5.716115063861669,16.080752876553262,18.815907865615237,27.89584904319597,38.909454,36.510178,41.226116
2570,25.7,6.3501669023065,16.680291155756986,19.193975452623963,27.595551669465415,38.97851,36.574978,41.299286
2571,25.71,5.957321352073891,16.084216282485126,19.308265418892386,27.536028766571448,38.753136,36.3635,41.06049
2572,25.72,5.348765719359658,16.253133083032765,18.861734012014757,27.315827719611214,38.940876,36.53966,41.259407
2573,25.73,6.82522099055569,16.037655389653715,19.56696292734278,27.99360638918103,38.696175,36.31005,41.000137
2574,25.740000000000002,7.214933714158131,15.679076680937909,20.16693803568373,28.011241941917998,38.894848,36.49647,41.21064
2575,25.75,3.7177791609283273,15.30610516602116,20.273593603540206,28.42446420643154,38.917435,36.517666,41.23457
2576,25.76,4.002622091490797,15.010673006465845,4.002622096049042,15.010673006465845,38.715298,36.32799,41.020397
2577,25.77,3.3776948414989914,14.721518275541806,3.377694825328373,14.721518275541808,38.79932,36.406834,41.109425
2578,25.78,5.686985821876478,15.453698835067478,20.394516398218435,29.800512479028818,38.802525,36.40984,41.112816
2579,25.79,5.976613141182785,16.45975243803986,19.556183076555193,28.969618425694787,38.69843,36.312164,41.002525
2580,25.8,5.597641989915945,14.713709777186777,19.879836744100054,29.862523854597008,38.82127,36.42743,41.13268
2581,25.810000000000002,5.939066706282107,16.392717143224065,18.500149465373642,28.782928907315156,38.727962,36.339874,41.033817
2582,25.82,7.294308341645574,17.513652082698254,18.92518758132427,28.823064708683997,38.68735,36.30177,40.990788
2583,25.830000000000002,8.545185854508501,18.875089370132784,17.98577516991499,27.55250027813689,38.787346,36.3956,41.096737
2584,25.84,8.88062210121464,17.62640936670074,8.8806220193591,17.62640936670074,38.850628,36.454975,41.163784
2585,25.85,8.716024119714781,18.733079193784906,17.63453281031565,25.992345327016423,38.850983,36.45531,41.16416
2586,25.86,7.984416865428981,17.715210987811886,19.37490040391113,27.31610988844091,38.899357,36.5007,41.215416
2587,25.87,7.433662517656811,16.64327574097457,19.794156578026083,28.25116529018503,38.791607,36.399597,41.10125
2588,25.88,6.709852988717547,16.744312065402834,6.709853071242381,16.744312065402834,38.90411,36.50516,41.22045
2589,25.89,7.869872950435368,17.34236961364893,7.869872810669493,17.34236961364893,38.84923,36.45367,41.162308
2590,25.900000000000002,8.147234174258983,16.988342645524764,8.147234114577135,16.988342645524764,38.910767,36.51141,41.227505
2591,25.91,7.587390380759774,16.332480310417093,7.587390265019965,16.332480310417093,38.8621,36.465744,41.17594
2592,25.92,7.984400011940532,16.355721478235512,7.9844000896156615,16.355721478235516,38.789043,36.397194,41.098537
2593,25.93,7.827805182946443,15.695734092055286,7.827805314079263,15.695734092055288,38.839813,36.44483,41.15233
2594,25.94,6.861919125134159,16.260050420455286,6.861919237527075,16.260050420455286,38.85423,36.458355,41.167603
2595,25.95,7.41359404528675,16.68401412006711,7.413594117912377,16.68401412006711,38.74339,36.35435,41.050163
2596,25.96,8.063489108490923,15.459243838675947,8.06348917865088,15.459243838675949,38.714916,36.327637,41.019993
2597,25.97,8.061731553850906,15.630793040854192,8.061731495977075,15.630793040854192,38.89011,36.492027,41.20562
2598,25.98,6.970959614470103,14.469374829647535,6.970959583802445,14.469374829647535,38.74064,36.35177,41.047245
2599,25.990000000000002,6.714986779715615,14.364513800292997,6.714986737752846,14.364513800292997,38.730038,36.341824,41.036015
2600,26.0,6.177743975555791,14.464624003060758,6.177744175498152,14.464624003060758,38.869793,36.47296,41.18409
2601,26.01,5.88386545783016,13.572037608668762,5.883865517548269,13.572037608668762,38.856922,36.460884,41.170456
2602,26.02,4.053512297212541,12.791623747571583,4.053512304766278,12.791623747571583,38.84671,36.4513,41.159634
2603,26.03,4.499048007146582,12.023913653000328,4.49904804160535,12.023913653000326,38.799046,36.406578,41.10913
2604,26.04,4.793508594882567,12.342070396967587,4.79350854117277,12.342070396967586,38.777187,36.386066,41.08597
2605,26.05,4.8296891894905185,12.349836138638144,4.829689296946956,12.349836138638144,38.7221,36.334377,41.027607
2606,26.060000000000002,5.522198182656579,12.55065724743583,5.52219804325205,12.55065724743583,38.854637,36.45874,41.168034
2607,26.07,5.355039789427375,12.670526399681533,5.355039925146888,12.670526399681533,38.68078,36.2956,40.98382
2608,26.080000000000002,6.0011592126735485,13.025202188269397,6.001159069992413,13.025202188269395,38.768635,36.37804,41.076912
2609,26.09,4.421290857126219,12.958368969166218,4.421290729794427,12.958368969166218,38.79498,36.40276,41.104824
2610,26.1,5.329702242352153,14.4226441411627,5.329702413556127,14.4226441411627,38.77935,36.388096,41.088264
2611,26.11,5.146889035944002,14.477500562707213,5.1468890301243375,14.477500562707215,38.853027,36.45723,41.16633
2612,26.12,4.115034494480915,13.334806649753755,4.115034587211966,13.334806649753755,38.675987,36.291107,40.97875
2613,26.13,5.287780908165182,13.714837032391307,5.287780833028722,13.714837032391307,38.826283,36.432133,41.13799
2614,26.14,4.931884400983135,13.816939109920389,4.931884335048291,13.816939109920389,38.763718,36.37343,41.0717
2615,26.150000000000002,5.3890157263381075,14.138769290206366,5.389015849126178,14.138769290206366,38.824116,36.4301,41.135696
2616,26.16,5.6408891946171025,13.662461272761151,5.640889161940321,13.662461272761151,38.824783,36.430725,41.136402
2617,26.17,5.636565877748615,14.254849875016557,5.636565753027673,14.254849875016557,38.689632,36.30391,40.993206
2618,26.18,5.059337648015239,13.998931089089748,5.059337700295184,13.998931089089748,38.97556,36.57221,41.296158
2619,26.19,5.485047313953516,13.89694296313086,5.4850472607707665,13.89694296313086,38.601826,36.22152,40.90017
2620,26.2,5.053554683672945,12.91612152479128,5.0535547684910975,12.916121524791281,38.69968,36.31334,41.00385
2621,26.21,4.450080084488067,12.196741796673056,4.450080041779893,12.196741796673052,38.74776,36.35845,41.054794
2622,26.22,4.592396813964141,12.381310251834591,4.592396730329674,12.381310251834591,38.74145,36.352535,41.04811
2623,26.23,4.42818051265725,13.079571860320842,4.428180560602641,13.079571860320842,38.821087,36.42726,41.13249
2624,26.240000000000002,4.920306681501957,12.515936371725532,4.9203066179549015,12.51593637172553,38.79141,36.39941,41.101044
2625,26.25,5.664597494589225,13.768181341182197,5.664597497473848,13.768181341182197,38.808594,36.415535,41.11925
2626,26.26,7.172719948339693,15.153680994288305,7.1727198244530275,15.153680994288306,38.912495,36.513027,41.229336
2627,26.27,7.3062212548940995,15.879898663570671,7.306221489788393,15.87989866357067,38.783695,36.392174,41.09287
2628,26.28,8.088525975663474,17.18634605555742,8.088526092087209,17.18634605555742,38.786304,36.394623,41.095634
2629,26.29,7.993915765522229,16.25108625905905,7.993915754947135,16.25108625905905,38.672794,36.28811,40.975365
2630,26.3,7.924819578367788,16.54042102447044,7.924819691126247,16.54042102447044,38.761105,36.370975,41.06893
2631,26.310000000000002,7.607920574478128,16.00930999838465,7.607920487917112,16.00930999838465,38.823986,36.429977,41.13556
2632,26.32,7.019651819604269,16.97571229284056,7.019651828487402,16.97571229284056,38.865963,36.469368,41.180035
2633,26.330000000000002,10.193306556684531,17.810806089572747,10.193306819918167,17.810806089572747,38.832325,36.437805,41.144394
2634,26.34,7.768692883090316,17.271304840815098,7.768692743496778,17.271304840815098,38.838142,36.443264,41.15056
2635,26.35,9.503676626258441,17.632085062366517,9.503676472530959,17.632085062366514,38.78244,36.390995,41.091537
2636,26.36,9.36547162989468,18.71032142295019,9.365471865947168,18.71032142295019,38.71893,36.331398,41.024246
2637,26.37,10.404728626250783,19.86833401846337,10.404728654024767,19.86833401846337,38.95908,36.55674,41.278694
2638,26.38,8.674174226256495,18.858743617450866,8.674174491931765,18.858743617450866,38.841934,36.44682,41.15457
2639,26.39,8.112699425881178,19.364666458832797,8.112699383682132,19.364666458832797,38.982304,36.578533,41.303303
2640,26.400000000000002,7.558187321744002,18.64728646499134,7.558187436592389,18.64728646499134,38.893433,36.495144,41.209137
2641,26.41,9.247625250166973,20.097906580031964,9.247625230849591,20.097906580031964,38.791332,36.399338,41.10096
2642,26.42,9.931542026375267,19.834504603782246,9.931541825421435,19.834504603782246,38.771095,36.380352,41.07952
2643,26.43,9.858661833843085,20.134045314207217,9.858661647700984,20.134045314207214,38.77997,36.388676,41.08892
2644,26.44,8.578262609407663,20.273382321766416,8.578262710964044,20.273382321766416,38.800476,36.407917,41.11065
2645,26.45,9.90389671071681,20.276984771493144,9.90389683651382,20.276984771493144,38.75189,36.362328,41.05917
2646,26.46,10.509338768887718,18.98722990547108,19.65191290803377,33.094011957270716,38.955242,36.553143,41.274628
2647,26.47,10.548983641763483,19.777256332587665,19.98226030373442,32.41448278288454,38.816803,36.423237,41.127945
2648,26.48,10.675536116538215,19.701234366454873,19.86591859787117,32.460913938399585,38.750393,36.360924,41.057583
2649,26.490000000000002,10.081055455123714,19.629939777128854,10.08105530751073,19.629939777128854,38.887974,36.49002,41.203354
2650,26.5,8.918063133650115,19.845305894036887,8.918063047132893,19.845305894036887,38.83775,36.442894,41.15014
2651,26.51,10.114905090826596,20.175427290704103,18.928747062148982,30.890856015819413,38.78643,36.39474,41.095768
2652,26.52,8.21037984094294,18.059745145311112,8.210379881778337,18.059745145311112,38.812378,36.419086,41.12326
2653,26.53,6.780287670343522,16.51822397510131,6.7802875512162855,16.51822397510131,38.644024,36.261116,40.94488
2654,26.54,6.146076766025694,17.44690673745798,6.146076681631914,17.44690673745798,38.87369,36.47662,41.188225
2655,26.55,6.45823086177353,16.900937501314036,6.458231017456444,16.900937501314036,38.872326,36.475338,41.186775
2656,26.560000000000002,6.842113740898056,16.63066027139689,6.842113541439828,16.63066027139689,38.815186,36.421722,41.126236
2657,26.57,7.645335995029337,17.512773731016658,7.645335869022874,17.512773731016658,38.695034,36.30898,40.998928
2658,26.580000000000002,8.204382039441432,17.985281206108645,8.204382204852338,17.985281206108642,38.768764,36.378162,41.07705
2659,26.59,9.624555342456139,19.49515772178223,15.03080937726313,28.022406585921974,38.84296,36.447784,41.155663
2660,26.6,10.294185861599589,20.222988656194097,14.725100049842396,28.176415535952202,38.897305,36.498775,41.21324
2661,26.61,10.540699769394308,19.756592046436683,17.366143760463082,29.766476052189894,38.728268,36.340164,41.03414
2662,26.62,12.575755022032494,21.13991688857352,14.129842826464564,28.187824312591022,38.78536,36.39373,41.094627
2663,26.63,12.466997837474612,21.26323963943254,13.238791156966155,27.99669680212105,39.027977,36.62139,41.351692
2664,26.64,11.719056274142359,21.488263446484343,11.719056082042203,26.832131064453446,38.88845,36.490467,41.20386
2665,26.650000000000002,12.004827658850996,21.1959728815619,12.716066776520686,26.90454562884248,38.67399,36.28923,40.976627
2666,26.66,10.891959909334659,21.856338948965142,10.891959921632955,26.030785363279602,38.69477,36.308735,40.99865
2667,26.67,11.651127226243808,21.61997633217294,11.651126857266595,26.959001354114964,38.707954,36.321102,41.01262
2668,26.68,12.732809229737901,21.479242473509874,12.732809230848964,27.132919614153977,38.70056,36.314163,41.004784
2669,26.69,13.4926409981825,22.9007515145128,13.492640864057538,27.02255782900674,38.76875,36.37815,41.077034
2670,26.7,13.297770461236658,22.7210741679694,14.82210083824313,26.884293998290683,38.74387,36.3548,41.05067
2671,26.71,11.963011093492582,21.8948469722449,14.143726305142458,28.18807679326085,38.76631,36.37586,41.074448
2672,26.72,12.505574253142743,22.18865273629756,14.681352360940346,28.475310764016164,38.826992,36.4328,41.138744
2673,26.73,14.062639090953196,23.333504843809802,15.44403795289377,28.5663313589177,38.88313,36.485474,41.198223
2674,26.740000000000002,12.406222746220044,22.90356502505278,12.40622271000083,27.082811630829124,38.831783,36.437294,41.143818
2675,26.75,13.093531278106935,22.30595295664802,13.093531184829088,27.52447000723568,38.925423,36.525158,41.24303
2676,26.76,12.12284307623889,21.47952193469753,12.585418414330075,26.51076498861137,38.742725,36.35373,41.04946
2677,26.77,12.60006337890697,22.70259179000801,12.600063178335247,26.39657083784301,38.78074,36.389397,41.089737
2678,26.78,12.184318894939743,22.516600867749556,12.969633731317641,27.419758777888763,38.706394,36.319637,41.010967
2679,26.79,13.338758479898893,21.60223406970319,14.030422333107435,27.41214837983067,38.74322,36.354195,41.049984
2680,26.8,14.678379464872181,24.067002348709188,14.678379551358368,27.230362121057194,38.798573,36.40613,41.10863
2681,26.810000000000002,13.402944297329489,22.70153605537684,17.327130593254434,28.41753800973016,38.91055,36.511204,41.227272
2682,26.82,14.61857914022118,22.119729659669876,16.302705872321688,28.319808837719698,38.69865,36.312374,41.00276
2683,26.830000000000002,15.522185483299259,23.26036825974957,16.777122100423338,28.58043665590081,38.772747,36.3819,41.08127
2684,26.84,15.592833610552516,23.801103083033958,16.292232402072827,28.67582540101976,38.76969,36.379032,41.078033
2685,26.85,15.122178565019947,23.98489161992283,15.122178382117324,28.849594714731893,38.818516,36.424847,41.129765
2686,26.86,14.72199179528827,23.500654337273804,14.721991987878928,29.099917954749383,38.72121,36.33354,41.026665
2687,26.87,15.44112942224015,22.98016760468675,15.697382607000309,30.408475843805594,38.855923,36.459946,41.169395
2688,26.88,16.345628853826724,24.78035831071493,17.428899483553742,29.05399638178321,38.796646,36.404324,41.10659
2689,26.89,15.951824804405918,25.003046444870627,17.851310355026442,30.003642067486314,38.88282,36.485184,41.197895
2690,26.900000000000002,17.312491227701063,26.52066092527156,24.29155605741608,32.39470936469221,38.73833,36.349606,41.044804
2691,26.91,16.82754705017155,26.373363365879328,23.463783824658027,32.18576996927937,38.831684,36.437202,41.14371
2692,26.92,17.25889565570436,26.036833486496956,17.979207805997834,29.369144168552662,38.770992,36.380253,41.079407
2693,26.93,17.22022731895014,26.40989914713733,19.182240854828265,31.268401870879796,38.777927,36.38676,41.086758
2694,26.94,17.20937231018349,27.539345116430358,25.192245961288403,32.23190357142463,38.7523,36.362713,41.059605
2695,26.95,17.623576173492214,27.520158864815667,19.78899607841137,31.765632843316627,38.82536,36.431267,41.137012
2696,26.96,18.852810040092077,28.248511112990826,19.510336780223398,31.20755384606167,38.71601,36.328663,41.021152
2697,26.97,17.021802078191424,29.014229464134328,22.6375788890325,32.12629381817351,38.784588,36.393013,41.093815
2698,26.98,16.213089590520042,28.74695031942128,23.041688057129793,31.52204529458985,38.886864,36.48898,41.20218
2699,26.990000000000002,13.994407844593214,28.04935570659632,21.917158365774014,30.436941731836068,38.74839,36.359043,41.055458
2700,27.0,13.382053395269148,27.467569937249834,21.102876743687663,30.985947597284813,38.873573,36.47651,41.1881
2701,27.01,11.788854591912317,26.115128471143827,22.393617452490307,30.928812294486182,38.894196,36.49586,41.20995
2702,27.02,10.33990948909453,26.047426750823266,21.52049938222593,30.098383082675316,38.795147,36.40292,41.105003
2703,27.03,10.825680024969456,26.36568201020956,19.694778696810918,29.31969737917514,38.809875,36.41674,41.12061
2704,27.04,13.022691674260889,27.362567621827573,20.069376907101752,29.434178752150828,38.78078,36.38944,41.08978
2705,27.05,13.861577847488208,26.261279500259715,18.682383179818522,30.29182323296351,38.886383,36.48853,41.201668
2706,27.060000000000002,14.009317928910729,27.75779577905792,14.009317725746511,27.757795779057922,38.754265,36.364555,41.061684
2707,27.07,14.564924722489843,27.138999999470162,14.564924461753568,27.13899999947016,38.794556,36.402363,41.104374
2708,27.080000000000002,16.033791566814184,28.42679378624619,19.24818764568201,30.751713989002788,38.824757,36.430702,41.13637
2709,27.09,16.393723779793948,28.71986969763396,18.919153180707323,31.19168049334864,38.774426,36.383472,41.083046
2710,27.1,16.327812515167192,29.482057813551148,18.108711193386927,30.7069730555519,38.747154,36.357883,41.05415
2711,27.11,16.949855818004817,29.437019482548944,17.6883029367953,31.071245986405106,38.723934,36.336098,41.02955
2712,27.12,18.35067798711498,29.8956599029853,20.02861753154234,32.13605062599634,38.804256,36.41147,41.114655
2713,27.13,18.453156853710457,30.27184089756266,18.914721725458183,32.55043844977528,38.77113,36.380383,41.079556
2714,27.14,18.905952588029955,31.055898528401443,19.027506488039382,32.999862727737074,38.845455,36.450127,41.158306
2715,27.150000000000002,18.59351782039346,31.870121163955087,18.593517492284857,32.35836782416646,38.710457,36.32345,41.015266
2716,27.16,19.202928574374532,31.883200975309475,19.202929127421402,31.88320097530947,38.915577,36.515923,41.2326
2717,27.17,19.325483473803672,32.27923695145338,19.97199356631944,32.27923695145338,38.68301,36.297695,40.986187
2718,27.18,18.48568315279285,32.50195176453278,19.79819338036008,32.60075365539492,38.853367,36.45755,41.16669
2719,27.19,17.66661962410746,32.29302164069495,21.12584119649636,33.20769458983168,38.66179,36.277782,40.963703
2720,27.2,18.065705864591354,32.679324414934726,21.33345915196568,33.851033029152276,38.766697,36.37622,41.074856
2721,27.21,17.084028578205466,32.89309417008455,20.462089538557997,33.341649130716654,38.799553,36.407055,41.109673
2722,27.22,18.116027333954296,32.46111985454737,21.054760572591718,32.46111985454737,38.80385,36.411083,41.11422
2723,27.23,18.170014357577625,32.56592189553821,22.461751834914114,33.54624427321241,38.8813,36.48376,41.196285
2724,27.240000000000002,18.20515304171081,32.031224627323,22.43281702815906,33.36729409849398,38.73667,36.34805,41.043045
2725,27.25,17.740113542409482,31.537860931852098,20.97764709736125,33.02320811156202,38.779644,36.38837,41.088573
2726,27.26,17.391242917502492,31.84482753716451,24.09545609393184,34.572617363578956,38.684513,36.299107,40.98778
2727,27.27,16.2343065399652,31.88789250894444,24.86381669465605,34.01247525967649,38.69991,36.313553,41.004093
2728,27.28,17.80170983137202,32.374147412443904,24.0170796606602,33.9479397359047,38.90683,36.507713,41.223335
2729,27.29,16.465840024829784,31.092754139490395,24.48813148160777,33.852069746825286,38.812225,36.418945,41.123096
2730,27.3,16.5941313927844,31.448582095453173,25.261111035436393,33.645513305402176,38.90119,36.502422,41.217358
2731,27.310000000000002,16.701796964394735,31.22491588285799,24.200719659882566,33.105851424718146,38.862167,36.465805,41.176014
2732,27.32,15.991164307852138,30.11369352723296,25.87709414087493,34.731062035939914,38.87037,36.4735,41.1847
2733,27.330000000000002,14.128072662182879,28.0384134038688,25.836098787827073,35.01377917593494,38.7916,36.39959,41.101242
2734,27.34,13.740457358690064,28.309409592553198,25.138727542686635,33.827154810651514,38.74931,36.35991,41.056435
2735,27.35,14.603891299685161,27.266819378297264,14.886828053450948,28.464705119939488,38.923798,36.523636,41.24131
2736,27.36,12.35078781013424,27.483751587972865,12.350787665143626,27.73160303071646,38.778423,36.387226,41.08728
2737,27.37,14.880309327710457,26.26061465590213,15.213671715852078,28.32952623141803,38.84205,36.446926,41.154694
2738,27.38,15.588423236967802,28.63345300599223,22.23178073481642,31.48132475310778,38.84358,36.448364,41.15632
2739,27.39,16.18223607058897,29.59918357395147,20.69520606327336,30.6160792992586,38.73003,36.341816,41.036007
2740,27.400000000000002,15.759179406520946,29.227707599857993,20.432697374967887,30.18216742435445,38.86286,36.466457,41.176746
2741,27.41,16.04694400986917,27.930573005112254,20.80623001130559,31.172089523055647,38.852005,36.456272,41.165245
2742,27.42,15.820806333092856,28.903451727652627,20.403254832360787,30.007909302728354,38.65371,36.270203,40.955143
2743,27.43,17.323037608573838,28.85300205845318,19.84181869314439,30.220082892591872,38.916862,36.517128,41.233963
2744,27.44,15.444231736277809,28.18085739208472,19.732710230693858,29.63713028262484,38.702324,36.315823,41.006653
2745,27.45,15.029988796664588,27.765783896460636,16.054786969651587,27.765783896460636,38.831356,36.436893,41.143368
2746,27.46,15.042267540110638,27.739771312464807,17.60897226081322,27.739771312464807,38.742226,36.35326,41.048927
2747,27.47,14.612222887221272,27.943026788570474,17.623813040567658,27.943026788570474,38.69683,36.310665,41.000835
2748,27.48,12.858197935794685,29.028278942093973,18.103451526802264,29.028278942093976,38.79409,36.401928,41.10388
2749,27.490000000000002,15.154845953046543,29.304509607008768,19.07416451583865,29.304509607008768,38.74494,36.35581,41.051807
2750,27.5,15.168536591158494,28.051191039559512,18.793441214016045,28.337030177042248,38.857136,36.461082,41.17068
2751,27.51,15.534959968181504,27.24283203855089,17.6107376294255,27.24283203855089,38.86162,36.465294,41.175434
2752,27.52,15.358276289827401,27.531369370601798,18.74347978244491,27.884838022627278,38.856133,36.460144,41.169617
2753,27.53,16.442652187682818,26.423148144488408,17.92696723119633,27.459561192601843,38.925056,36.52482,41.242645
2754,27.54,15.886522323838456,26.530077727696618,17.998605405263582,27.17093015708415,38.655586,36.271965,40.95713
2755,27.55,16.243273348400464,27.591054064318755,19.309544895654867,28.30693817915603,38.82357,36.42959,41.135117
2756,27.560000000000002,15.859691897041694,27.883238911764778,17.94126893266755,28.990124271135944,38.818108,36.424465,41.12933
2757,27.57,15.378745469090637,27.774927549078345,19.559461405024432,30.781181830153212,38.885468,36.487667,41.2007
2758,27.580000000000002,15.646730708193545,26.66686674336529,20.24603927801035,31.8356447574467,38.87851,36.48114,41.19333
2759,27.59,15.789698173396333,25.48983867394968,23.228207047250873,32.92080305364055,38.8628,36.4664,41.17668
2760,27.6,15.539138600506343,25.21755780882879,22.242849915605298,32.98071108394516,38.817394,36.423794,41.128574
2761,27.61,13.267750087249924,24.207487774886832,22.901665990432413,34.5340053725067,38.829655,36.4353,41.141567
2762,27.62,12.05351473008621,23.588871220544842,22.832641177788513,34.9647293340579,38.813034,36.419704,41.123955
2763,27.63,10.359877224685428,22.68834081383103,20.390156587854527,31.125576440315456,38.835247,36.440544,41.147488
2764,27.64,11.086653728759272,22.738415253027966,25.842964820421397,36.45498427210111,38.882137,36.484543,41.19717
2765,27.650000000000002,11.35015844458196,23.903949368655674,24.210400274215868,35.7423943592454,38.73982,36.351,41.04638
2766,27.66,10.158350005864591,23.04758799322709,20.6992159917495,31.859012677373862,38.8383,36.44341,41.150723
2767,27.67,9.750396530116952,22.730559409980803,25.46161442648012,35.989644089852014,38.6962,36.310074,41.000164
2768,27.68,10.571047712966816,22.180643212605,21.505889904036735,31.520988211426992,38.82244,36.42853,41.133923
2769,27.69,12.128384554402105,23.334218696557876,21.73063101162299,32.12396210219373,38.83304,36.438473,41.14515
2770,27.7,14.436494274747702,24.39811238904774,25.773958427006125,34.39758778169136,38.701786,36.315315,41.006084
2771,27.71,14.663111471469456,24.644170732698548,25.288672201032917,33.905008314891866,38.87301,36.47598,41.1875
2772,27.72,14.985582417982705,25.261374738242722,26.67034177491265,34.9243279788117,38.698105,36.311863,41.002182
2773,27.73,15.05449133967064,26.60863109264178,26.33515107286389,33.88373087212964,38.70278,36.31625,41.007137
2774,27.740000000000002,15.526927056672623,27.23745141996111,24.24516090736099,33.36371081274056,38.77907,36.387836,41.08797
2775,27.75,15.051115141674368,26.6603791610196,24.643203606400945,33.97905201173016,38.881176,36.483643,41.19615
2776,27.76,15.629320438100349,26.853507142926265,24.67343598393984,33.367081561320326,38.858143,36.462032,41.17175
2777,27.77,14.931126599699684,26.006290022946253,25.426595634765786,34.18422153521033,38.816917,36.423347,41.12807
2778,27.78,14.516192782866174,25.508487937564016,26.729923089894964,35.425416192784844,38.94774,36.5461,41.26668
2779,27.79,11.746477615403773,25.633348298340362,27.193570288911808,35.549121261294424,38.880005,36.482544,41.194912
2780,27.8,12.611488959593583,24.553064053207983,26.15481730936791,35.72289241009296,38.941357,36.540115,41.25992
2781,27.810000000000002,12.329666211341301,24.909005845105703,24.43679128161333,34.84165965969053,38.70235,36.31584,41.00668
2782,27.82,12.35638261838582,24.45114968922751,24.632986247967217,34.70474878738431,38.844303,36.449043,41.157085
2783,27.830000000000002,10.651950893579276,24.19417782286024,23.153658690019235,34.94075486906305,38.79531,36.403072,41.105175
2784,27.84,9.331184377066725,22.991615742555286,23.91466570845603,34.817116577740315,38.828655,36.43436,41.140503
2785,27.85,10.367460656125711,22.698257905710296,24.593291392676992,34.8849875569164,38.793514,36.401386,41.10327
2786,27.86,10.416441212687786,23.839042962043195,22.704677098092986,33.49883902268736,38.766052,36.375618,41.074177
2787,27.87,9.396089664455225,23.63347228093451,24.137873623120175,34.936026864572035,38.81848,36.424816,41.129726
2788,27.88,9.602493894060657,24.523716601995073,25.33092115645855,36.050467358519,38.825405,36.43131,41.137062
2789,27.89,9.550588198615117,24.653199878891048,25.648399172039174,37.05637449313211,38.87185,36.474888,41.186268
2790,27.900000000000002,11.064531946728653,23.88425473446185,24.389358650673092,35.53482696100323,38.903755,36.50483,41.220078
2791,27.91,11.05157743203891,24.05516764479759,24.921148806492678,35.9870798849511,38.84793,36.452446,41.160927
2792,27.92,10.98167187296537,24.483695186916226,24.77153007940075,35.60519520486212,38.70236,36.31585,41.006687
2793,27.93,8.158678760071627,22.893572221910425,26.25982512681331,36.1143643104803,38.763264,36.373,41.07122
2794,27.94,8.979645085120907,23.44404104471259,26.337983044162115,35.724131786982035,38.794334,36.402157,41.10414
2795,27.95,8.300771556381315,23.31194781490632,27.926553565585692,37.49759347685083,38.82219,36.42829,41.13365
2796,27.96,7.8132689661797645,23.16974946228957,27.93074317609193,37.79059431155423,38.857536,36.46146,41.171104
2797,27.97,7.582018565968528,22.952283945648997,27.264185234451155,37.049208874480065,38.767635,36.377106,41.07585
2798,27.98,7.453658154521511,23.113175936177427,14.182952578726574,23.886742151488654,38.68397,36.298595,40.987206
2799,27.990000000000002,8.800042100257153,24.116656294002905,13.696079924784252,24.116656294002905,38.852974,36.457176,41.16627
2800,28.0,8.795102527078082,24.213684243392517,14.634266467533283,25.39017671845744,38.882294,36.48469,41.19734
2801,28.01,9.695240662292196,24.767526861469502,15.884282787227425,26.158506980201363,38.788433,36.396618,41.09789
2802,28.02,10.044367851549485,24.96980434164985,14.304827843889873,25.244085166551773,38.875717,36.47852,41.19037
2803,28.03,8.475993628642193,24.103534553337024,17.793040938657978,27.05465966480088,38.74807,36.358746,41.055122
2804,28.04,9.264862933784961,24.124284332530905,27.065304145817016,39.55232410676378,38.67364,36.288902,40.97626
2805,28.05,11.137629831876566,23.097366937166363,17.028769329603584,27.351210983386995,38.804874,36.412045,41.115307
2806,28.060000000000002,9.37834340548764,23.40998117734507,17.31299363411982,27.445921968063843,38.670246,36.28572,40.972664
2807,28.07,9.926378590260434,25.329041200374384,26.78910862159776,38.663844024416754,38.845364,36.45004,41.158207
2808,28.080000000000002,11.038539797193202,26.306520425165573,26.006949034016156,38.381093475179256,38.84494,36.449642,41.15776
2809,28.09,11.822076407799395,27.004966918518587,24.90144166507836,37.69006825842891,38.772305,36.38148,41.0808
2810,28.1,12.81016982527282,26.58842883842885,24.97709197849846,37.518138949878896,38.905476,36.506443,41.2219
2811,28.11,11.117618067534986,25.444307939697627,24.35922286357104,36.803862174774196,38.765285,36.374897,41.07336
2812,28.12,11.674551486636595,25.013512367794878,23.338533168485082,36.28774404844204,38.67484,36.290028,40.97753
2813,28.13,13.791173196485913,25.094892414774254,23.624758783271393,36.40169463882055,38.72182,36.334114,41.027313
2814,28.14,11.638995497027128,24.71261833544482,19.215499690022344,31.102608170988,38.797997,36.40559,41.10802
2815,28.150000000000002,11.765973812547262,24.570986309045857,19.965306808605792,30.544146162631048,38.84037,36.44535,41.152916
2816,28.16,13.482838106906904,25.09631563260472,17.656718535241588,29.701510573668067,38.69954,36.313206,41.0037
2817,28.17,12.405983115461241,24.786144058630086,18.163641638110715,28.701671373445567,38.70387,36.31727,41.00829
2818,28.18,11.667123897425778,24.743247672161065,19.71435350387093,28.982522239364197,38.730225,36.342,41.036217
2819,28.19,11.846899911869636,24.279052082808004,17.850598351806617,27.081284189989088,38.80806,36.415035,41.118683
2820,28.2,12.235413746335842,24.296844750132877,15.575079244393278,25.996062912762454,38.798347,36.405922,41.108395
2821,28.21,12.514202917911986,24.85287103018812,16.39399749289602,26.906907002672078,38.733185,36.344776,41.03935
2822,28.22,12.586934015998786,24.202894245299188,15.06703194878324,26.281261647166055,38.822746,36.428818,41.134247
2823,28.23,14.364225996356875,24.51774076544807,15.909510209248307,25.96036614257696,38.783646,36.392124,41.092815
2824,28.240000000000002,15.897383380758676,26.144049393327307,18.644451042738368,26.651983537403545,38.717484,36.330044,41.022713
2825,28.25,15.621158685109137,26.913087082697537,19.67926005012013,27.278461828552658,38.71683,36.329433,41.022022
2826,28.26,15.95368743747715,25.95328264605083,18.184844918442042,25.95328264605083,38.760483,36.37039,41.06827
2827,28.27,15.230696421715464,26.26178109696742,17.613053236950293,26.26178109696742,38.795856,36.403584,41.105755
2828,28.28,16.03691434061256,26.08859304468229,17.766842392704795,26.08859304468229,38.91036,36.511024,41.22707
2829,28.29,16.145559034305535,26.179728889675644,18.224556843733208,26.179728889675644,38.740192,36.351353,41.046772
2830,28.3,15.078003973891576,25.21136696317028,18.13163428542839,25.21136696317028,38.85009,36.45447,41.163216
2831,28.310000000000002,16.754525408256047,25.922224883933,17.734698529901465,25.922224883933,38.651314,36.267956,40.952606
2832,28.32,16.73103582828685,24.908535150732238,16.932948336194094,24.908535150732238,38.998905,36.594112,41.320892
2833,28.330000000000002,15.128631984489658,25.597956380973002,17.419881204945096,25.597956380973002,38.88275,36.485123,41.197823
2834,28.34,15.764295567735065,24.809549841196546,16.50470335457303,24.809549841196546,38.851208,36.455524,41.164402
2835,28.35,15.397565957341579,24.611359042667534,15.397566019314802,24.611359042667534,38.89672,36.498226,41.212624
2836,28.36,13.263232755705104,25.5994621808267,16.018072532447388,25.5994621808267,38.696613,36.31046,41.0006
2837,28.37,11.696893479813607,25.16258835590714,15.50415875003559,25.545923962399055,38.8081,36.415073,41.11873
2838,28.38,11.612932083151389,24.38174495928852,16.426935904894947,25.665423277615716,38.844425,36.449158,41.157215
2839,28.39,11.42660944691273,25.39530437368449,17.05108752394506,25.765384949350782,38.718445,36.330948,41.023735
2840,28.400000000000002,14.871859925416427,26.599528140156593,16.68042039505687,26.599528140156593,38.826958,36.432766,41.138706
2841,28.41,15.219020272450395,25.477677076973634,15.21902050217163,25.477677076973634,38.75648,36.36664,41.064034
2842,28.42,13.665609935867161,24.63212221273426,13.665610038927275,24.63212221273426,38.75581,36.36601,41.063324
2843,28.43,13.150840897380284,24.770772291603883,13.150840917870847,24.770772291603883,38.777485,36.386345,41.086285
2844,28.44,14.614649304564816,26.11173023395696,14.614649532070331,26.11173023395696,38.69603,36.309914,40.999985
2845,28.45,13.999498881600825,26.04973028925418,13.999498925265833,26.04973028925418,38.77236,36.38154,41.08086
2846,28.46,15.300201625274637,26.113622746678914,15.30020143268463,26.113622746678914,38.801224,36.408623,41.111443
2847,28.47,15.345955598475262,26.31144767454289,15.345955906970307,26.31144767454289,38.81848,36.424816,41.129726
2848,28.48,14.295792635009297,25.96782990906751,14.295792819745438,25.96782990906751,38.76962,36.378967,41.077957
2849,28.490000000000002,12.688870783306806,25.33998229094693,12.688870697122297,25.33998229094693,38.73931,36.35053,41.045845
2850,28.5,15.467525863496288,25.045225487042934,15.4675262777538,25.045225487042934,38.79711,36.404762,41.107082
2851,28.51,14.625370068806406,23.601910439961134,14.625370268863842,23.601910439961134,38.89941,36.50075,41.215473
2852,28.52,12.19160994643654,23.26757360753813,12.191609811150926,23.26757360753813,38.66057,36.276638,40.96241
2853,28.53,11.911096789552442,22.823018241756603,11.911096768327607,22.823018241756603,38.828884,36.434574,41.140747
2854,28.54,11.781803732726225,22.202154265242463,11.781803916156633,22.20215426524246,38.843575,36.44836,41.15631
2855,28.55,12.8037438030407,22.97199429957033,12.803743868529041,22.97199429957033,38.802753,36.410057,41.11306
2856,28.560000000000002,13.755036994678969,23.304890626927854,13.755037267894837,23.304890626927858,38.854176,36.458305,41.167545
2857,28.57,12.654595923021045,22.32595738465325,12.654595708133527,22.325957384653254,38.78266,36.391205,41.091774
2858,28.580000000000002,12.934576847222159,22.788970894263766,12.934576666613106,22.788970894263763,38.811028,36.41782,41.12183
2859,28.59,13.991900845110843,24.05771055699073,13.991900672613497,24.05771055699073,38.803925,36.41115,41.1143
2860,28.6,13.035847099334978,23.808724895414812,13.035847338495348,23.808724895414812,38.800457,36.407898,41.110626
2861,28.61,12.856525842228486,23.982504249393546,12.856525995838522,23.982504249393546,38.896385,36.497913,41.21227
2862,28.62,10.241810823170871,22.354461226442638,10.241810868824683,22.354461226442638,38.811745,36.41849,41.12259
2863,28.63,10.172814179113699,22.174127198508042,10.172814248110686,22.174127198508042,38.82587,36.431747,41.137554
2864,28.64,9.083596308419558,22.61590445757605,9.083596475455414,22.61590445757605,38.815926,36.422417,41.127018
2865,28.650000000000002,9.787518242319296,23.364090389015594,9.787518144775165,23.36409038901559,38.77551,36.38449,41.084194
2866,28.66,9.852611587870351,24.470117516889456,9.852611604123549,24.470117516889456,38.749554,36.360134,41.056694
2867,28.67,8.660267699578494,25.198497249298033,8.660267581884913,25.198497249298033,38.693447,36.30749,40.99725
2868,28.68,8.657152291883982,24.728478791164243,8.657152382268919,24.728478791164243,38.715282,36.32798,41.020382
2869,28.69,8.31912722895688,24.364000823290002,8.319126941434892,24.364000823290002,38.921436,36.52142,41.23881
2870,28.7,8.542449206399995,24.752726559341195,8.542449351883267,24.752726559341195,38.79422,36.40205,41.10402
2871,28.71,8.986172201494792,24.643545340770903,8.986172074697297,24.643545340770903,38.820824,36.42701,41.132206
2872,28.72,10.139997298312265,25.51364216906868,10.13999730255127,25.51364216906868,38.869923,36.473083,41.184227
2873,28.73,12.209565077146445,25.96546319627665,12.209565089508672,25.96546319627665,38.924988,36.524754,41.242573
2874,28.740000000000002,11.66253797775887,25.9863509890691,11.662537928852226,25.9863509890691,38.794056,36.401894,41.103848
2875,28.75,12.488712634448703,25.242188245948448,24.26503541229572,34.0590386314352,38.713512,36.326317,41.018505
2876,28.76,13.211797197946144,26.418535456986845,24.124150658429176,35.78211178051757,38.84163,36.446533,41.15425
2877,28.77,12.052586810398479,26.96759155134326,28.07272803943302,36.2721646071926,38.82091,36.427094,41.132298
2878,28.78,13.690292714267457,27.71078835434997,29.653500680120768,37.06197099547205,38.83835,36.443455,41.150776
2879,28.79,13.754808121570848,26.719349315177087,13.754808225198138,26.719349315177087,38.728176,36.34008,41.034046
2880,28.8,14.364247250765713,27.61290538344178,14.364246894879363,27.61290538344178,38.751133,36.361618,41.058365
2881,28.810000000000002,13.727513376034281,26.084684724512602,13.72751325727152,26.084684724512602,38.82034,36.42656,41.131695
2882,28.82,13.171900928361508,25.118779235886258,13.171900538206772,25.118779235886254,38.775787,36.38475,41.084488
2883,28.830000000000002,11.315476396857717,24.74139727255962,11.315476294811274,24.74139727255962,38.86015,36.463913,41.173874
2884,28.84,11.551297392534623,24.380978379167715,11.551297610833293,24.380978379167715,38.73508,36.346558,41.04136
2885,28.85,10.755953509502605,23.109326254795615,10.755953622960751,23.10932625479562,38.825676,36.431564,41.13735
2886,28.86,12.549572601035546,23.523387627269184,12.549572287334554,23.523387627269184,38.86083,36.46455,41.174595
2887,28.87,11.383671776055905,22.272828013062988,11.383671989728752,22.272828013062988,38.737106,36.348457,41.043507
2888,28.88,11.221919399290554,22.431651370234693,11.221919572529156,22.431651370234693,38.813557,36.420193,41.124508
2889,28.89,11.84249740475867,21.839762134576425,11.842497215021297,21.839762134576425,38.851154,36.455475,41.164345
2890,28.900000000000002,8.838588800750768,20.602896440431422,8.838589000052227,20.602896440431422,38.717255,36.32983,41.022472
2891,28.91,8.93703441549762,21.77512242395354,8.937034304010146,21.77512242395354,38.831474,36.437008,41.143494
2892,28.92,9.153026809172337,21.742240392526124,9.153026974075843,21.742240392526124,38.755116,36.365353,41.062584
2893,28.93,9.755707668204762,22.384592224740917,9.755707704141406,22.384592224740917,38.772133,36.381325,41.08062
2894,28.94,10.716031663448137,23.002129178601844,10.71603156726425,23.002129178601844,38.786633,36.39493,41.09598
2895,28.95,11.685122470175154,23.99829488051337,11.685122344772719,23.99829488051337,38.750072,36.360622,41.057243
2896,28.96,11.791704309473184,23.216162146791326,11.79170426702225,23.216162146791326,38.816326,36.42279,41.12744
2897,28.97,9.563834062974742,22.200065832498215,9.56383412075298,22.200065832498215,38.81108,36.417873,41.121887
2898,28.98,8.87409931030868,21.428626069452775,8.87409918252601,21.428626069452775,38.796093,36.40381,41.106007
2899,28.990000000000002,9.460688732633692,21.97604239678637,9.46068860243876,21.97604239678637,38.70641,36.319653,41.010983
2900,29.0,9.396948470484853,22.121908358095293,9.396948542553849,22.121908358095293,38.91968,36.51977,41.23695
2901,29.01,8.745959048155324,21.05241802340558,8.745959039240528,21.05241802340558,38.779167,36.387924,41.08807
2902,29.02,8.037474825357412,20.553798372572498,8.03747456706132,20.553798372572498,38.704285,36.317657,41.008728
2903,29.03,8.167391569484918,20.57367013679633,8.167391529636879,20.57367013679633,38.758587,36.36861,41.066265
2904,29.04,7.945937260040712,20.40792899451751,7.945937365740668,20.40792899451751,38.86969,36.472862,41.183983
2905,29.05,8.541055703540462,20.94978730371277,8.541055764938596,20.94978730371277,38.815865,36.42236,41.126953
2906,29.060000000000002,10.926939719327617,22.41029563938651,10.926939741701153,22.41029563938651,38.695248,36.309177,40.999153
2907,29.07,10.556657558065071,21.824214703818665,10.55665745896292,21.824214703818665,38.828255,36.433983,41.14008
2908,29.080000000000002,10.211073215949446,21.50223884740619,10.211073102262166,21.50223884740619,38.884956,36.48719,41.200157
2909,29.09,10.276939551266816,22.291582453474298,10.276939447221604,22.291582453474298,38.824665,36.43062,41.13628
2910,29.1,12.401846689835066,23.480696071974787,12.401846553629017,23.48069607197479,38.702774,36.316242,41.007126
2911,29.11,9.983243015133057,21.11526071927695,9.983243240049438,21.115260719276954,38.731487,36.343185,41.03755
2912,29.12,10.208048209012306,20.711901281292604,10.208048145058504,20.711901281292604,38.76848,36.377895,41.076744
2913,29.13,8.583487862922736,20.10112227664827,8.583487981301705,20.10112227664827,38.82919,36.43486,41.14107
2914,29.14,10.826892770521866,21.7473598157607,10.826893060097039,21.7473598157607,38.849915,36.454308,41.16303
2915,29.150000000000002,11.507320139865172,22.57334054815287,11.507320143963625,22.573340548152867,38.791206,36.39922,41.100826
2916,29.16,11.293389611059654,23.4692699554878,11.293389448515464,23.4692699554878,38.69954,36.313206,41.0037
2917,29.17,14.01558024159063,24.503317669558566,14.015580336883398,24.503317669558566,38.728756,36.340622,41.03466
2918,29.18,13.08087525022401,25.184764532739603,13.080875563669114,25.184764532739603,38.847343,36.451897,41.160305
2919,29.19,14.207137821558016,26.29495448291474,14.207138042326417,26.29495448291474,38.740784,36.351906,41.0474
2920,29.2,12.78231097212016,25.37056689291228,12.7823109633204,25.370566892912283,38.802708,36.41001,41.11301
2921,29.21,13.361474664643083,25.724393159305667,13.361474933019842,25.724393159305667,38.87982,36.482372,41.194717
2922,29.22,11.679705087615861,25.22830698204417,11.679705110037807,25.22830698204417,38.830376,36.435974,41.142326
2923,29.23,12.932002113858783,25.850454329429237,18.92229066110889,29.800189435072486,38.78241,36.390965,41.091503
2924,29.240000000000002,11.902071430779397,26.10148538799688,18.749166998597875,29.277944217265098,38.953617,36.551617,41.272907
2925,29.25,10.028908451167094,25.003681855676227,19.625951070399328,29.895776439762383,38.779484,36.38822,41.088406
2926,29.26,12.446950928170335,26.694865250375802,18.76262673088425,29.313520513150024,38.852592,36.45682,41.165867
2927,29.27,11.841982488991706,26.604947617665797,18.871422475123815,29.721351207095278,38.879787,36.482338,41.194683
2928,29.28,13.595099788086936,27.013734599640465,17.709903705484546,29.01436335956258,38.77156,36.380787,41.08001
2929,29.29,12.929976569952789,27.297957606593553,18.08389790342529,28.627546383825422,38.72226,36.334522,41.02777
2930,29.3,13.994857287221812,28.279804481243648,18.516361035711384,29.65010817718565,38.74907,36.359684,41.056183
2931,29.310000000000002,12.86646603946897,27.63529961508526,18.946725495057848,29.32084885305866,38.778587,36.38738,41.087456
2932,29.32,14.016033188823407,28.848439885257168,19.628694939592805,30.55812580620392,38.897644,36.499096,41.2136
2933,29.330000000000002,15.102121243344481,29.42168201504438,19.179381507918485,30.703441983297314,38.84947,36.45389,41.16256
2934,29.34,14.919255556561284,28.314630128775832,19.041340675754334,30.93698078302736,38.838623,36.443714,41.15107
2935,29.35,15.114745779038827,27.39503502196549,20.39523196894802,32.853990340788094,39.009,36.60358,41.331585
2936,29.36,15.007129496806929,27.076244568887635,20.033396805804013,32.32062934892555,38.84575,36.450397,41.158615
2937,29.37,14.908893485681329,28.372611554319377,18.35917501304305,30.849598127052765,38.91777,36.517982,41.23493
2938,29.38,16.0548206476993,27.760416148880484,19.329777538301315,31.292740768506054,38.791077,36.3991,41.10069
2939,29.39,15.739207240751565,27.174370145509155,20.383213882401083,31.679844946265124,38.77104,36.380302,41.079464
2940,29.400000000000002,12.8608462007307,27.155681737126347,19.914527937043836,31.449143940447712,38.813663,36.42029,41.12462
2941,29.41,14.104868301309905,27.27644949695032,18.917932116400703,31.85628901438013,38.738983,36.350216,41.045494
2942,29.42,14.71230996914451,26.60093655849226,19.36504269607497,31.22238992514538,38.758724,36.36874,41.06641
2943,29.43,13.284051675339803,27.053576548188065,21.149662232087074,31.832301792844564,38.665485,36.281254,40.96762
2944,29.44,14.922699354762106,26.4518166253842,19.93346488381376,32.30119308628109,38.7848,36.39321,41.09404
2945,29.45,15.467815786866726,26.028032598411052,20.588899112122295,32.751826472341605,38.79156,36.399555,41.101204
2946,29.46,15.936037467257663,25.47259919110884,21.91245647285337,33.51661068226605,38.845863,36.45051,41.158737
2947,29.47,15.486008459482738,25.81851873289272,23.702691450520938,33.357177004873165,38.771065,36.38032,41.079487
2948,29.48,13.248058732003877,23.741781345726285,24.523171362587632,35.49153458514819,38.79917,36.406696,41.109264
2949,29.490000000000002,14.107098429062747,23.253341847327114,24.04290794473456,35.37485755049339,38.840687,36.44565,41.15325
2950,29.5,11.618638345250226,22.371811963183927,26.388540988743912,36.58650856436278,38.84609,36.450718,41.158974
2951,29.51,11.202445086927504,23.447921791613,23.776728243698674,34.68089463432945,38.837738,36.442883,41.15013
2952,29.52,13.182779542762717,23.330878883589314,23.77595504233811,34.65762784944022,38.80796,36.41494,41.118576
2953,29.53,12.667642111890135,23.83425371236395,23.114016933748104,34.318516980654614,38.70858,36.32169,41.013283
2954,29.54,12.352857239931634,23.529527718276434,24.668285279097912,35.21577352376367,38.74138,36.352467,41.04803
2955,29.55,11.53406746973292,22.720466501318803,24.722030917710295,35.976220970825835,38.728737,36.340603,41.034637
2956,29.560000000000002,10.756923674396662,23.04308553473269,26.19040674613808,36.60546230993452,38.831352,36.436893,41.143364
2957,29.57,10.845871023043063,22.932239768536927,24.535924359443978,36.06175390250025,38.68826,36.302624,40.991753
2958,29.580000000000002,11.553663050377414,22.61136136864654,26.667111711159414,36.60335566962096,38.801666,36.409035,41.111908
2959,29.59,10.464968353799094,21.774984024808347,25.314865212462376,37.31983007152954,38.8119,36.41864,41.122753
2960,29.6,11.245190359228827,21.411506697422727,25.830731574524112,36.610197419435686,38.748486,36.359135,41.055565
2961,29.61,9.27687744995438,20.619855457451,26.30636661269777,37.89608988975535,38.859188,36.46301,41.172855
2962,29.62,9.18476206956719,21.667793696009873,25.269861078752655,37.17833723557927,38.844864,36.44957,41.157677
2963,29.63,10.206209380179242,21.94468711858813,23.275388065713173,36.83267447751734,38.84035,36.44533,41.152897
2964,29.64,12.067757520445747,22.459944745095616,24.23986994617013,36.28691007132609,38.795475,36.40323,41.10535
2965,29.650000000000002,10.8927935486036,21.845944264647358,25.256925517992148,37.39916342314629,38.85403,36.45817,41.167393
2966,29.66,10.638542644194704,22.274513764731967,26.442478802860897,37.29174228985243,38.741394,36.35248,41.04805
2967,29.67,9.578421316950612,22.5374951871229,27.873642417907178,37.53811633290269,38.754665,36.364933,41.06211
2968,29.68,9.380238414579551,22.11925089852084,27.01210599098044,37.222589461998695,38.7968,36.40447,41.10675
2969,29.69,11.166410555588236,22.23615240148887,27.401070282814473,37.08092797046331,38.81013,36.41698,41.12088
2970,29.7,9.322720410395068,21.653538802929905,28.0492194883707,38.02953295385123,38.958622,36.556316,41.278214
2971,29.71,8.721568103466586,22.01616853133222,28.71080076266236,38.41540675924974,38.805832,36.412945,41.116325
2972,29.72,9.88565099165708,21.515938397132597,28.170498456429176,37.763981960888714,38.906307,36.507225,41.222782
2973,29.73,9.671836986490215,21.300909989061942,27.8775360073097,37.73458571088005,39.00152,36.596565,41.323658
2974,29.740000000000002,11.560451150683628,21.948080865761387,26.87193112175173,36.56778509445744,38.749493,36.36008,41.05663
2975,29.75,9.039317186120359,20.454165778558586,29.007365107595053,38.632022947722525,38.73491,36.346394,41.041176
2976,29.76,8.509494839879613,20.469486241063485,28.00287641067646,38.74098808283854,38.762585,36.372364,41.070503
2977,29.77,10.177884922693792,21.84362190058027,26.96988819120502,37.23889040541016,38.937317,36.53632,41.255634
2978,29.78,9.395611484527995,22.08721946617876,27.555419577138373,37.4450273702861,38.821995,36.428112,41.13345
2979,29.79,9.251751058595346,22.088606403116547,25.536154199375115,36.979175417692495,38.739933,36.35111,41.046497
2980,29.8,11.051613322800806,21.804868350054306,26.396504330489655,37.520805036932956,38.851566,36.455856,41.16478
2981,29.810000000000002,10.829588594859638,21.259539588863728,25.67022643545993,38.04757456197588,38.89089,36.492756,41.206444
2982,29.82,11.775104383783814,20.897680648294415,26.20074423964858,38.84259917872565,38.89284,36.494587,41.20851
2983,29.830000000000002,10.579389407209119,21.172994879575125,26.96539107003319,39.33264622994243,38.725807,36.337856,41.031532
2984,29.84,10.572753580755098,19.403838935855767,28.485810159513154,40.10887796472732,38.75806,36.36812,41.06571
2985,29.85,9.184401877968428,18.69182811456101,29.754491008328333,40.88458947714056,38.780144,36.38884,41.089108
2986,29.86,10.728980800495895,19.10054584875524,29.43422354916837,39.66722079763325,38.667404,36.283054,40.969654
2987,29.87,10.28943726872921,18.83306588968564,28.32823076036567,39.560144891789136,38.824745,36.43069,41.136364
2988,29.88,10.719729544403341,19.106447691262012,28.092377127820118,38.909402412532,38.80781,36.414803,41.11842
2989,29.89,9.697584585317049,18.076568954952222,29.284604306675963,40.56340131187528,38.84341,36.448204,41.15614
2990,29.900000000000002,9.157053123590988,18.786544092841417,30.16749002943377,40.06375490337438,38.85718,36.46113,41.17073
2991,29.91,10.35911787727302,18.449335852784905,29.398722612676618,38.97658387696431,38.73126,36.34297,41.03731
2992,29.92,9.598843140740263,18.003830719614726,32.29677129387074,40.64264964836459,38.78433,36.39277,41.09354
2993,29.93,8.044984565766951,17.966467455120036,32.075783809000086,41.479130202350945,38.74927,36.35987,41.056396
2994,29.94,9.045943475196498,18.248827253453772,31.992985222844297,40.99531917784464,38.876835,36.47957,41.191555
2995,29.95,8.825646499547096,18.009965969662172,31.180390642091723,40.97259425694444,38.735325,36.346786,41.04162
2996,29.96,7.939865707908805,16.84964968099732,32.15255769041203,41.1990530593642,38.791904,36.399876,41.101566
2997,29.97,9.083919747489979,17.338252971132675,31.542966450680808,40.70329557626091,38.885433,36.487637,41.200665
2998,29.98,7.987664604140873,17.04239623262495,30.688746818601455,41.11114091604663,38.829582,36.43523,41.141487
2999,29.990000000000002,6.167760250004302,16.255690168302333,30.630548268009278,42.01848965257635,38.82292,36.42898,41.13443
3000,30.0,6.169220150874264,17.27455665445088,29.45373824478129,40.90918852052198,38.80154,36.408916,41.111774
3001,30.01,7.989399731241812,17.416910303646386,29.291068031945322,40.66326645970534,38.884434,36.4867,41.199604
3002,30.02,7.572250720317277,16.87623125853318,28.466789274281858,41.48408277409893,38.8597,36.46349,41.173397
3003,30.03,8.070093605082432,17.634222887565638,29.947258557280705,41.10804953483155,38.65703,36.27332,40.95866
3004,30.04,6.053761327764523,16.669407121423927,30.921721217439966,42.000475388345585,38.9038,36.504875,41.220127
3005,30.05,6.44893958612461,17.55457728479286,30.851885539097573,41.66297889764741,38.834034,36.439407,41.146202
3006,30.060000000000002,5.8290610698746,16.4343652295912,30.227936157586512,41.9885600217818,38.722923,36.335148,41.028477
3007,30.07,7.011618706220098,17.783918319701947,29.032675841601826,40.78649021923561,38.936966,36.53599,41.255264
3008,30.080000000000002,6.203008675254701,18.49196104015198,26.672632017994736,39.54067559900493,38.82426,36.430237,41.13585
3009,30.09,7.524672780430435,19.489424648327688,25.473851971365136,38.85304424040101,38.79052,36.398575,41.100098
3010,30.1,6.5724419071869224,18.70784349501328,25.939210891536415,39.65288754283738,38.890156,36.49207,41.20567
3011,30.11,6.5192345108636145,19.20646533465278,25.407364879971617,39.003458506603714,38.68326,36.297935,40.986458
3012,30.12,7.76062775563426,19.94689396791407,25.10423878890779,38.57513516205398,38.817513,36.423904,41.1287
3013,30.13,8.43062542368881,20.257455454418704,25.30432597153294,38.191917469309594,38.82771,36.43347,41.139503
3014,30.14,9.056818912007712,20.22292029554718,26.521170007705848,38.578405212115726,38.869995,36.473152,41.184307
3015,30.150000000000002,6.123705539753604,18.41971000004411,26.005452177648298,39.214611737207925,38.784184,36.39263,41.093384
3016,30.16,9.547827263849147,18.67753040925679,25.523515245762308,39.15625199696895,38.768803,36.3782,41.07709
3017,30.17,7.844541297372348,18.535087896250218,25.517885050008466,39.61420505758878,38.72919,36.34103,41.03512
3018,30.18,7.972791219044164,18.351198817930353,25.763554853976775,40.377230442750765,38.810085,36.416935,41.12083
3019,30.19,6.68584200027401,17.511315212428,26.6918670316789,40.45474047820851,38.794952,36.402737,41.104797
3020,30.2,8.020503172199714,19.497920413872897,24.220774781430418,38.87654595139613,38.851265,36.455574,41.16446
3021,30.21,6.069766794262601,18.567188065338865,23.8684122628545,35.51423250967473,38.722763,36.335,41.02831
3022,30.22,6.813211666956205,18.690484254691118,23.621168349607593,34.98688521714408,38.85459,36.4587,41.167988
3023,30.23,4.99409699979269,16.318774956101503,23.653540960179335,35.77975337140139,38.72879,36.340652,41.034695
3024,30.240000000000002,8.638373161409096,18.697324466971654,22.80283517790166,34.26136451687109,38.895847,36.49741,41.2117
3025,30.25,9.146449639573335,18.594791757066105,21.48826157510597,33.99250100011554,38.933018,36.532288,41.25108
3026,30.26,7.708203650059396,17.62683214151037,22.83881358301551,34.92959586320681,38.67106,36.28648,40.973526
3027,30.27,8.56371905108581,18.651569711346546,22.17092083934562,34.48852203447808,38.85469,36.458794,41.16809
3028,30.28,8.342435186401824,18.907283327900785,22.28404467163331,34.523636101697996,38.78337,36.39187,41.092525
3029,30.29,8.275120431835859,17.322121523903043,22.380315152524826,34.881159139785744,38.919792,36.51988,41.23707
3030,30.3,8.479841373232183,17.298473935885255,23.65344130249142,36.76185928929523,38.930584,36.530003,41.2485
3031,30.310000000000002,9.164353204325664,18.562480808566548,23.08332659799703,36.07872985548149,38.64108,36.25835,40.94176
3032,30.32,8.066685959067602,19.78235137203159,21.69489966853012,35.27624970232379,38.755234,36.365467,41.062714
3033,30.330000000000002,8.16370663181429,20.04236911890045,22.415433813219966,34.29296758086563,38.83037,36.43597,41.142323
3034,30.34,10.354253844683024,21.100480374336406,21.773554280113256,36.647667384081075,38.78792,36.396137,41.097347
3035,30.35,10.077088621407661,21.792324803884835,22.032249817119776,37.491865267187286,38.835884,36.441143,41.148163
3036,30.36,9.125455590202233,20.940359560119543,23.328118705951994,38.94091869900298,38.78693,36.395206,41.096294
3037,30.37,8.914107119875853,20.106200229982377,24.301728246319303,39.27209147702369,38.817993,36.42436,41.12921
3038,30.38,8.97665463705428,20.309553486057144,23.471768146845015,38.91099870406916,38.80191,36.409264,41.112167
3039,30.39,8.57485379897578,20.027209126273544,21.05114013326664,33.591081838369874,38.738987,36.350224,41.0455
3040,30.400000000000002,8.300357192460774,19.08891443388959,20.856144749144296,33.7729627050697,38.74835,36.35901,41.05542
3041,30.41,9.379425201847196,19.488993872397533,20.748528499278912,33.84424014236002,38.792816,36.40073,41.10253
3042,30.42,8.366821852198708,18.741322593475388,21.460723310798624,33.4723229265382,38.744514,36.355408,41.051357
3043,30.43,8.862733542053126,19.255761951695444,20.91107299105039,33.95706719885517,38.835648,36.44092,41.14791
3044,30.44,10.582074324428534,19.69001355776673,19.592662343129074,34.038895999091444,38.80493,36.412098,41.115368
3045,30.45,10.295819549605001,19.997306040162155,20.003971145025613,34.43932855139789,38.686058,36.300556,40.989418
3046,30.46,9.884267144459097,19.273836453800605,18.16807157158634,33.74907275716836,38.7123,36.32518,41.017223
3047,30.47,10.774384121349405,19.969137859835165,18.97053977404135,33.35075501626381,38.821873,36.427994,41.133316
3048,30.48,10.913059933036546,19.2547975214388,18.081041539160204,32.99131867513232,38.793167,36.401062,41.102905
3049,30.490000000000002,9.665114596340146,19.366404896270936,31.917694358815314,42.42615293645917,38.797314,36.40495,41.107296
3050,30.5,10.716984151722384,19.205523081665618,31.321782959762302,42.696463642562996,38.670345,36.285812,40.97277
3051,30.51,10.292284107239016,19.102228330101397,30.33236518564115,42.65605911207771,38.849426,36.45385,41.16251
3052,30.52,10.67607585456227,19.999162842396714,19.786863454943617,37.2375764903123,38.81464,36.42121,41.125656
3053,30.53,8.953064449924534,19.121204497674146,32.96874717561178,45.24573343106247,38.856533,36.460518,41.17004
3054,30.54,8.338963296132842,17.921362996399914,22.629530221174825,38.87159362920691,38.87524,36.478073,41.189865
3055,30.55,8.442160820355836,17.854449789979068,22.373911331534043,38.76960671883215,38.915394,36.51575,41.232407
3056,30.560000000000002,7.899567119766337,17.79257823677437,22.629877869703137,39.01631758828576,38.81705,36.42347,41.12821
3057,30.57,8.607115803359681,18.278014857763687,24.733855064561837,40.461718551529714,38.837498,36.442657,41.14987
3058,30.580000000000002,8.858501031706378,19.449916933855018,34.26315109501814,46.284314024945054,38.714043,36.326817,41.01907
3059,30.59,8.707937367775836,19.032254180824204,22.801263303605527,39.8478636588182,38.794548,36.40236,41.10437
3060,30.6,8.95602976773453,18.93252608814087,33.29165688631074,46.04927358108892,38.74215,36.353188,41.048847
3061,30.61,9.157607070881088,17.575991030270398,23.98189850246422,39.9361477429286,38.808617,36.415558,41.119274
3062,30.62,10.500137142739018,18.32027927530447,30.175518414019727,44.226560225001386,38.949444,36.547703,41.268486
3063,30.63,8.078037391061295,17.09743329212121,23.45535207725811,39.39266610332148,38.757946,36.36801,41.065586
3064,30.64,8.34499993976069,17.501820817055346,21.501287023208164,37.91202604386291,38.63619,36.25376,40.936577
3065,30.650000000000002,8.429668038303571,18.01253759367404,31.61321836635517,44.03644625146303,38.74422,36.355133,41.051044
3066,30.66,7.762974980241244,16.572041764529978,22.489411048270103,37.735272658966366,38.774677,36.383713,41.083317
3067,30.67,6.357734227544846,16.669591414459077,21.72219430092549,37.61809188516332,38.67841,36.293377,40.98131
3068,30.68,7.117481091331087,16.427086243202687,22.83239105418929,37.953057616801956,38.729744,36.34155,41.035706
3069,30.69,8.417230574842959,17.292664934626504,28.881903715402895,42.23299499908634,38.767056,36.37656,41.075237
3070,30.7,7.093732886270483,16.898471833449708,30.750460961493342,43.911337531451814,38.847546,36.452084,41.16052
3071,30.71,5.325081246969449,14.918142431468162,22.852727952916315,38.17509315212678,38.79723,36.404873,41.107212
3072,30.72,5.425901572229674,14.845331200001224,22.920272429685692,38.189270165766935,38.76209,36.3719,41.069977
3073,30.73,6.561722990360081,15.743589048653574,23.998387480591028,38.980240838027576,38.66691,36.282585,40.969128
3074,30.740000000000002,9.337254316352714,16.915546128105095,21.599038330965076,37.87205844898961,38.74218,36.353218,41.04888
3075,30.75,9.136124651723083,16.48855606940947,22.854513601825403,37.758389849248815,38.842247,36.447117,41.154907
3076,30.76,9.409068462566722,16.95183189864937,21.102787327546956,36.60793310832962,38.777954,36.386787,41.086784
3077,30.77,8.424504337121443,16.500121015596616,21.446866873950245,36.85385962055906,38.88622,36.488373,41.201496
3078,30.78,5.756953261204602,16.787750943212878,20.257989438574235,35.271035561820845,38.768776,36.378174,41.07706
3079,30.79,6.106505536336648,15.963373555307676,20.949768812179663,35.523905699216925,38.88113,36.4836,41.196106
3080,30.8,6.991871077155837,16.12128120693304,21.293093404705804,37.228315777740605,38.88257,36.484947,41.197628
3081,30.810000000000002,8.534967238727546,17.286684572027603,20.525981215943762,36.271299967547996,38.862938,36.46653,41.17683
3082,30.82,6.808417969375474,16.70095206912518,20.88099291977597,36.095457210667995,38.841232,36.446163,41.15383
3083,30.830000000000002,7.6696343611242535,17.13099504630764,21.60482110492766,36.53062949152345,38.911827,36.512405,41.22863
3084,30.84,8.294672103264842,17.112235838052694,22.25118989510148,37.55402895582662,38.82623,36.432083,41.13793
3085,30.85,6.965678254063436,16.71977680803368,22.014497982138685,37.984477124435934,38.922398,36.52232,41.239826
3086,30.86,8.043485942829081,16.312433972864937,22.94180997150257,37.946217206760714,38.84723,36.451786,41.160183
3087,30.87,9.178103151287996,17.79814592007904,23.280228595212066,37.69616189984161,38.78762,36.395855,41.097027
3088,30.88,8.390673211009657,17.806970109850358,24.24479620706377,38.41652088372836,38.84922,36.45366,41.162296
3089,30.89,8.801551151589749,16.88950440677374,25.301278074374352,38.948572352368146,38.7782,36.387016,41.087044
3090,30.900000000000002,9.948058174206901,18.322819598341137,24.87253095257722,37.53228052842661,38.76241,36.3722,41.070316
3091,30.91,10.980028202705702,19.31294520983749,23.793460987747444,37.97703032539791,38.744328,36.355232,41.051155
3092,30.92,9.91443430166969,19.54342950939964,25.01507521700562,38.35055100510076,38.738655,36.34991,41.045147
3093,30.93,10.855227556689021,19.427214215367922,24.297864605998832,39.227091578001875,38.69247,36.306572,40.996212
3094,30.94,10.612644098843532,19.3261842890571,24.773922374632402,39.33466656882979,38.889576,36.491524,41.20505
3095,30.95,8.556956365311704,18.84295272761839,25.76183197891114,39.12017182010185,38.776928,36.385822,41.0857
3096,30.96,11.48194261049205,20.139887720953613,26.397830802476154,40.09458505458532,38.750557,36.36108,41.05776
3097,30.970000000000002,10.188162202918704,19.47549086720932,27.418495097431546,40.6023137765768,38.86606,36.46946,41.180138
3098,30.98,9.343558421614524,19.26980531762292,25.918584054010058,39.05084808960513,38.76245,36.37224,41.07036
3099,30.990000000000002,11.236417165962255,20.07773280480143,25.590461947383808,39.53329424928565,38.827377,36.433163,41.139153
3100,31.0,10.73792065959078,20.287196438956446,27.085686886296667,39.988380543728006,38.949642,36.547886,41.268692
3101,31.01,10.828631959882507,19.92433414609348,25.500319340436036,39.04727672869688,38.834637,36.439972,41.146843
3102,31.02,10.908451722280702,19.835495906432847,10.908451468956128,19.835495906432843,38.848183,36.452686,41.161198
3103,31.03,11.022358581095165,20.113919677567416,11.02235863077704,20.113919677567416,38.868164,36.471436,41.18237
3104,31.04,12.432325085223095,21.489761180852618,12.742024655622018,21.489761180852614,38.834576,36.439915,41.146774
3105,31.05,12.350733771135213,22.397442300095456,12.350733387020576,25.00693165878958,38.853024,36.457226,41.166325
3106,31.060000000000002,12.77017932135157,24.032132436740483,27.132263591773167,39.08448931245737,38.712124,36.325012,41.017033
3107,31.07,13.091377009938782,24.102818520919865,14.122820007031674,24.102818520919865,38.744488,36.35538,41.051327
3108,31.080000000000002,11.778167122443328,25.140271506820714,26.510674940999163,38.71837235576266,38.876762,36.4795,41.191475
3109,31.09,13.088644100674303,24.01933857707529,25.416732803338785,38.30963569547343,38.88697,36.48908,41.202293
3110,31.1,12.689017262064029,24.128851986698482,25.741798015242427,40.0765949583427,38.881355,36.48381,41.196342
3111,31.11,13.08285648428811,22.630404860922404,13.082856733900643,22.630404860922408,38.700146,36.313774,41.00434
3112,31.12,11.900208639833215,22.253497587886518,14.007916508159731,26.714120382281404,38.78403,36.392487,41.093224
3113,31.13,11.900794572919452,22.132908301604814,11.900794535315265,22.132908301604814,38.76622,36.375774,41.074352
3114,31.14,10.819775914945467,21.381359785810396,10.819775762103628,21.381359785810396,38.807495,36.414505,41.118084
3115,31.150000000000002,9.524990082716954,20.659161300812396,9.524990073931656,20.659161300812396,38.75532,36.365547,41.062805
3116,31.16,9.994599643319242,20.562953573033102,9.994599899512327,20.562953573033106,38.7681,36.37754,41.076347
3117,31.17,8.732280545641641,19.58191540114732,8.732280640461278,19.58191540114732,38.84764,36.452175,41.16062
3118,31.18,7.883701986679388,18.67590728106275,7.883702026820751,18.675907281062752,38.888725,36.490726,41.20415
3119,31.19,9.689819791962442,19.95762273718302,9.689819606668424,19.95762273718302,38.809914,36.416775,41.120647
3120,31.2,8.987686221503962,18.56447165348808,8.987686193744688,18.56447165348808,38.895065,36.496677,41.21087
3121,31.21,10.912769747185132,20.13357408445756,24.846392669080032,40.928544692136285,38.72702,36.33899,41.032818
3122,31.220000000000002,9.532193332621953,19.758318925592214,9.532193384725204,19.758318925592214,38.82672,36.432545,41.138454
3123,31.23,10.99835986868376,19.85036600154554,10.998359801389855,19.850366001545538,38.836258,36.441494,41.14856
3124,31.240000000000002,11.378065481636956,19.788449617308746,11.3780656239681,19.78844961730875,38.680798,36.29562,40.98384
3125,31.25,12.036440389892855,19.78797838574678,12.036440436824273,19.78797838574678,38.72885,36.34071,41.03476
3126,31.26,11.123305351058985,20.10723646125308,19.918875382118518,36.84230237215563,38.80203,36.409374,41.112293
3127,31.27,13.114224634800538,20.96158301197005,13.114224732454009,20.96158301197005,38.81428,36.420876,41.12528
3128,31.28,11.545739227153513,20.55930773465294,11.545739393464343,20.55930773465294,38.857403,36.461334,41.170963
3129,31.29,11.275743357045117,20.951592650566475,11.275743355856479,20.951592650566475,38.740482,36.351624,41.047085
3130,31.3,10.805287318647249,21.308972956669297,10.805287366369509,21.308972956669297,38.784973,36.39337,41.094223
3131,31.310000000000002,10.8299388489401,21.426963046727877,10.829939000281406,21.426963046727877,38.829533,36.435184,41.141434
3132,31.32,10.128605567438308,21.17479715815083,10.128605387062356,21.17479715815083,38.701603,36.315144,41.00589
3133,31.330000000000002,11.341566656770233,21.62483593046979,11.34156656531557,21.62483593046979,38.66065,36.276714,40.962494
3134,31.34,9.523303495244646,20.066588296583696,9.523303528471498,20.066588296583696,38.847363,36.451916,41.160324
3135,31.35,9.716635219707074,20.947588540157785,9.716635342310845,20.94758854015779,38.79225,36.400204,41.101936
3136,31.36,8.792242413019935,21.438400959366273,8.792242299033997,21.438400959366277,38.7518,36.362244,41.059074
3137,31.37,7.173454634897842,19.60012757655374,7.17345467739976,19.60012757655374,38.9062,36.507122,41.222664
3138,31.38,6.750934353832184,19.42478077717088,6.750934343192423,19.42478077717088,38.875942,36.478733,41.19061
3139,31.39,6.395325671260577,18.818340322198264,6.395325672492291,18.818340322198267,38.81374,36.420364,41.124702
3140,31.400000000000002,8.089319179046223,19.25371547526655,8.089319331836652,19.25371547526655,38.867207,36.47053,41.18135
3141,31.41,7.770179174565316,20.0976428055548,7.770179186505607,20.0976428055548,38.7686,36.378006,41.076874
3142,31.42,9.72248136802819,20.52165235737224,9.722481391272307,20.52165235737224,38.824074,36.43006,41.13565
3143,31.43,7.384548229409714,19.999878180508794,7.384548190346745,19.999878180508794,38.765717,36.375305,41.073822
3144,31.44,7.666492414733643,19.484052642195362,7.6664924702494694,19.484052642195362,38.74826,36.358925,41.055325
3145,31.45,7.011897681629451,18.540631210752636,7.011897620372575,18.540631210752636,38.89412,36.495785,41.209866
3146,31.46,8.051503197875922,17.12948973440274,8.051503367382915,17.12948973440274,38.769012,36.378395,41.07731
3147,31.470000000000002,8.446908638977042,16.497723965759572,8.446908697043082,16.497723965759572,38.73893,36.350166,41.045437
3148,31.48,6.371163338436818,15.611351401968832,6.371163500601932,15.611351401968832,38.915924,36.51625,41.23297
3149,31.490000000000002,6.124046953369997,15.380315108093084,6.124047060450541,15.380315108093084,38.753014,36.36338,41.06036
3150,31.5,7.81670517442899,15.798472475779763,7.816705152203255,15.798472475779763,38.7069,36.320114,41.0115
3151,31.51,7.537388286248122,16.20888335569024,7.537388316015863,16.208883355690244,38.73005,36.34183,41.036026
3152,31.52,7.799837091713591,15.790355439463035,7.79983723135828,15.790355439463035,38.79855,36.40611,41.108604
3153,31.53,7.265373475506516,16.404818683117497,7.265373429866304,16.404818683117497,38.765987,36.375557,41.07411
3154,31.54,6.558328201870439,16.468535303409656,6.558328048901197,16.468535303409656,38.866512,36.469883,41.180614
3155,31.55,5.859327330150231,15.056249588890717,5.859327162206508,15.056249588890719,38.71599,36.32864,41.02113
3156,31.560000000000002,5.900520515590983,14.488468435311157,5.900520573420255,14.488468435311157,38.60436,36.223896,40.902855
3157,31.57,6.365575634070967,14.549860758641449,6.365575662915258,14.549860758641449,38.712307,36.325188,41.01723
3158,31.580000000000002,6.232008768303236,14.076487650954835,6.232008787776897,14.076487650954835,38.682087,36.29683,40.98521
3159,31.59,6.182882152315642,15.28415343869803,6.182882139446586,15.28415343869803,38.97923,36.57565,41.300045
3160,31.6,6.412013283600676,15.194025128266052,6.412013111918343,15.194025128266052,38.767963,36.37741,41.0762
3161,31.61,5.544805046541856,14.504726358555686,5.544804990058303,14.504726358555686,38.681744,36.29651,40.984848
3162,31.62,6.958610930021281,15.28751973915547,6.958610977518148,15.28751973915547,38.863518,36.467075,41.177444
3163,31.63,5.096643132443018,14.100308239678622,5.096643064863975,14.100308239678624,38.92935,36.528847,41.247196
3164,31.64,6.1300175575060125,14.717692596878223,6.130017690048541,14.717692596878223,38.839386,36.44443,41.151875
3165,31.650000000000002,5.625587652794501,14.31217162373847,5.625587621807754,14.31217162373847,38.815815,36.422314,41.1269
3166,31.66,4.835661781916299,14.051522550736008,4.835661840585842,14.051522550736008,38.77169,36.38091,41.08015
3167,31.67,5.271291896486821,13.569596304226202,5.271291745096296,13.569596304226202,38.815376,36.4219,41.126434
3168,31.68,6.027188274255443,13.746771416343776,6.027188156762408,13.746771416343776,38.81587,36.422363,41.126957
3169,31.69,5.981787301325241,13.472912658423072,5.981787259630515,13.472912658423072,38.924393,36.524197,41.241943
3170,31.7,5.655863696132684,13.450999004426517,5.655863834308547,13.450999004426516,38.77128,36.380524,41.079712
3171,31.71,5.63848223023564,13.923216134863456,5.638482141262259,13.923216134863456,38.87475,36.47761,41.189342
3172,31.720000000000002,5.735400374723958,12.928359199719495,5.735400480815977,12.928359199719495,38.867104,36.470436,41.181244
3173,31.73,6.224770241371881,13.617398640836857,6.2247703388413544,13.617398640836857,38.91345,36.513924,41.230347
3174,31.740000000000002,6.538301542719593,13.738522969480723,6.538301437000056,13.738522969480723,38.88567,36.487858,41.200912
3175,31.75,7.8009235170651285,15.185955567273664,7.800923504102237,15.185955567273664,38.82263,36.42871,41.134125
3176,31.76,6.972405181189031,14.613649799338548,6.972405097216678,14.613649799338548,38.91295,36.51346,41.229816
3177,31.77,6.400543811976239,16.018909865250365,18.120741978361497,31.417738603440853,38.810852,36.417652,41.12164
3178,31.78,7.544638745151403,15.715800339530091,18.21082821188746,31.040552414428163,38.81787,36.424244,41.12908
3179,31.79,5.575425927360319,13.975913720914383,17.533861589410844,31.33369396208513,38.837788,36.442932,41.15018
3180,31.8,3.8959490245001573,14.40773334187168,17.63167632451688,31.35235348327912,38.768993,36.378376,41.07729
3181,31.810000000000002,3.535165509251974,14.172847020283172,18.19956860756167,31.166998029487065,38.814724,36.421288,41.125744
3182,31.82,3.748467691410148,13.215282211451708,19.286839982622386,31.698706548014112,38.943497,36.542118,41.262184
3183,31.830000000000002,4.266526193601179,13.226942230703866,20.27483329703511,31.59694507873569,38.81902,36.42532,41.130295
3184,31.84,5.09867468896513,12.636924278835526,20.982198259658727,32.76163723692366,38.792683,36.400608,41.10239
3185,31.85,4.755250413692212,12.51188515332126,19.97561387340633,33.06331269759106,38.804474,36.41167,41.114883
3186,31.86,3.8380221706817936,11.999674242493121,20.160215070037218,33.428906628738225,38.87557,36.47838,41.190212
3187,31.87,3.975105232438009,11.665924500312434,22.42079734342635,34.27121170322715,38.7826,36.391144,41.09171
3188,31.88,4.8173196267792875,11.966383316362336,21.78763429677398,33.84612877783411,38.75612,36.3663,41.06365
3189,31.89,5.922532425598753,12.414209594866463,23.576453388087035,35.66426435877179,38.967773,36.564903,41.287907
3190,31.900000000000002,4.751833818397431,11.732804948090886,23.076295488391356,35.54322175437221,38.894432,36.496082,41.210197
3191,31.91,2.7061034333755347,11.133077087458386,24.352849855974824,35.462190487872384,38.848377,36.452866,41.1614
3192,31.92,2.7783234104514873,11.186854248040223,24.338299749280583,36.114269660316126,38.740963,36.352074,41.04759
3193,31.93,2.4326254950504924,10.862388389681126,22.99938207443395,35.55981532711831,38.70499,36.31832,41.00948
3194,31.94,2.2039708093461754,10.177905501299621,23.390097769943196,35.93424020293936,38.757763,36.36784,41.06539
3195,31.95,3.042054966711413,11.25048183610894,23.096405853940592,35.36130591173054,38.759243,36.36923,41.06696
3196,31.96,2.2607752084787447,11.046380996606462,21.6157515141277,36.06008782695226,38.800148,36.40761,41.110302
3197,31.970000000000002,2.2697019816743227,10.934749184613722,22.85149431400409,36.878811933128844,38.786476,36.394783,41.095814
3198,31.98,2.1566280994391493,10.84211319213808,23.66869123534453,37.13283295630369,38.76301,36.372765,41.07095
3199,31.990000000000002,3.2639625833706454,11.653095870900634,23.050662449434956,37.495668961598156,38.70409,36.317474,41.008522
3200,32.0,2.0828442980728687,10.800432407601171,23.545953236757924,37.74050413104498,38.86585,36.46926,41.179913
3201,32.01,2.8726869794652825,11.51410591625716,22.230205588545942,35.75565425105004,38.724895,36.337,41.03057
3202,32.02,2.4221439159692695,10.866061044139713,20.51985744205781,34.810248006096984,38.866554,36.469925,41.180664
3203,32.03,2.168388640099619,10.735670246752354,20.529391371586108,35.14987461839395,38.80376,36.411,41.11413
3204,32.04,2.5988736226797564,10.95942911367641,21.329720049680315,35.18388635580533,38.776196,36.385136,41.084923
3205,32.05,2.13834332127367,10.942517987791764,21.23268484530713,34.96012036936038,38.731724,36.343407,41.037804
3206,32.06,2.373942259766637,11.0280632207023,23.209942807153933,35.06748358569622,38.796158,36.403866,41.10607
3207,32.07,2.51587734960804,12.108776006357072,22.130314807650535,33.8675381318458,38.851704,36.455986,41.164925
3208,32.08,2.271241536966194,11.873110708990358,22.886238304882554,34.61021667439371,38.81658,36.42303,41.127712
3209,32.09,2.27163426007038,12.410520382378218,23.736934363780755,34.56588661984661,38.723766,36.335938,41.02937
3210,32.1,2.3061062510442834,13.071511507673117,25.14690929767609,35.9833763575603,38.80508,36.41224,41.11553
3211,32.11,2.446764813164361,14.353803548827422,22.06308654444228,33.75412330155242,38.834343,36.439697,41.146534
3212,32.12,4.736899666654118,14.737325874995015,22.16011349914722,33.144328573192794,38.76095,36.37083,41.068768
3213,32.13,3.898754736133903,14.845271569319738,22.00351742390957,34.035034913375426,38.664677,36.280495,40.966763
3214,32.14,2.905288628077155,14.842751286522107,22.932182714752717,34.624771207360084,38.821186,36.427353,41.13259
3215,32.15,2.6273784956526334,13.726998071084763,23.80066540701667,35.36285306981785,38.57362,36.195053,40.870285
3216,32.160000000000004,3.5648623185393555,15.408831167088865,23.575690702597065,35.73968229161238,38.805706,36.412827,41.116188
3217,32.17,4.966767228736016,15.65126046455831,22.968162007146702,35.799727570598726,38.69818,36.31193,41.002262
3218,32.18,4.32337018590501,15.980722844535466,23.330915462078142,36.05522966371902,38.897926,36.499363,41.2139
3219,32.19,4.837241556902343,16.04626562048692,22.949794931776157,36.101831489503475,38.812756,36.41944,41.12366
3220,32.2,5.187429797810008,16.060875279144643,24.10270871625407,35.791573495477515,38.671192,36.286606,40.973667
3221,32.21,7.115627637190254,16.861023152159106,22.544975027391626,34.4137131360156,38.812634,36.419327,41.123528
3222,32.22,4.67359617603897,15.127783288085423,22.69356251362004,34.511797005415914,38.747986,36.358665,41.05503
3223,32.230000000000004,3.27263925188783,14.648425019112468,25.172469325701453,36.06075849679717,38.770176,36.37949,41.078545
3224,32.24,4.064669983083505,14.779001822039682,25.42442364707828,36.553656142248705,38.830097,36.435715,41.142036
3225,32.25,4.746467442296613,14.593298370727227,23.80356341314348,37.13777703697117,38.71139,36.32433,41.01626
3226,32.26,3.174544824280275,14.035220261148645,25.73872234207024,37.57905758865047,38.718395,36.3309,41.02368
3227,32.27,4.158645962695819,15.548522217622484,26.38642362823171,37.99984357341003,38.867134,36.470467,41.181274
3228,32.28,3.545658177414589,15.158902689421295,27.52710925274261,38.55940889165233,38.747414,36.358128,41.054424
3229,32.29,4.16297953016999,14.997502405272666,26.250861409257936,37.92479866167785,38.76842,36.37784,41.076683
3230,32.3,2.454949200689351,14.788880326352837,26.10666105046535,38.82708431897471,38.80163,36.409,41.11187
3231,32.31,2.127904540577024,13.957090052826667,26.525623890526596,38.559285950962696,38.634293,36.25198,40.934566
3232,32.32,3.4809288571092374,14.453674487664063,27.17850498062519,38.1226562142988,38.735184,36.346653,41.041466
3233,32.33,3.999148877568649,15.363575556803593,28.82650836270455,39.94458189462758,38.921444,36.52143,41.23882
3234,32.34,3.1561760333946474,14.163821013758344,28.383214487481137,39.56843766446903,38.832447,36.43792,41.144524
3235,32.35,2.6956133153107436,14.258983432898635,27.134584467202288,39.29647916149192,38.823654,36.42967,41.135204
3236,32.36,2.3877613840331424,13.155804094649033,26.112476750552215,38.14009321784796,38.761208,36.37107,41.069042
3237,32.37,2.550313476632499,13.152124902001496,25.907574107637103,37.93240453316407,38.849903,36.4543,41.16302
3238,32.38,3.2622741152783354,13.386212734861958,25.36909708529772,37.18804174401518,38.815502,36.42202,41.126568
3239,32.39,2.5891339701143203,12.576837662148415,25.86530210870051,38.31870840968853,38.738377,36.34965,41.044853
3240,32.4,2.826577872134723,11.98176368546128,27.204886796217416,39.42293115226662,38.892433,36.494205,41.20808
3241,32.410000000000004,2.4283607025823035,12.239232658592071,27.24870190880693,38.547270470622266,38.85987,36.46365,41.17358
3242,32.42,2.6004485419334196,12.498195580517633,27.063983800952002,37.99612849307006,38.758793,36.368805,41.066483
3243,32.43,3.304461056153804,12.426628904489146,25.75266277793351,37.94160332289482,38.71871,36.331196,41.024017
3244,32.44,3.1412979360959596,12.52133410604995,26.452048781431884,37.74553574415656,38.724873,36.336975,41.030544
3245,32.45,2.72324980719793,12.546181000863982,25.267943051919328,36.394390616533066,38.75989,36.369835,41.067646
3246,32.46,2.51630716913878,12.09568919544518,24.303482475279637,36.39923583871099,38.818317,36.42466,41.12955
3247,32.47,2.7229953959047224,11.736543917299715,23.882719984443835,37.09668255884339,38.891685,36.493504,41.207287
3248,32.480000000000004,2.788795020298908,11.599412821495829,2.7887950086436835,11.599412821495829,38.8764,36.47916,41.191093
3249,32.49,2.8382569059433798,11.159672798709758,2.83825685453367,11.159672798709758,38.799698,36.40719,41.10982
3250,32.5,2.353440701067109,11.929131209345568,2.353440751671366,11.929131209345568,38.779907,36.38862,41.088856
3251,32.51,2.6635978426445144,12.396411689015007,2.663597801813512,12.396411689015007,38.858646,36.4625,41.172283
3252,32.52,2.5641332317513528,11.140266516977565,2.564133205976888,11.140266516977565,38.82857,36.43428,41.140415
3253,32.53,3.0670273070398504,10.877029227810551,3.0670274051191972,10.877029227810551,38.92762,36.52722,41.24536
3254,32.54,2.2982619394626065,9.70056451704425,2.2982619232380777,9.70056451704425,38.92819,36.527756,41.245964
3255,32.55,2.091074014483356,10.190493937672924,2.091073954881693,10.190493937672922,38.818363,36.4247,41.1296
3256,32.56,2.293324336445459,9.917158259882289,2.2933243407545154,9.917158259882287,38.666477,36.28218,40.96867
3257,32.57,2.688434631228288,10.25864851779921,2.6884346433212762,10.25864851779921,38.745293,36.356136,41.052177
3258,32.58,2.1418033297600796,8.798413685117556,2.1418032870407537,8.798413685117556,38.779724,36.388447,41.08866
3259,32.59,2.7096289725476965,9.094172005887144,2.7096288968134328,9.094172005887145,38.664505,36.28033,40.96658
3260,32.6,2.367529458598574,9.528086606308682,2.367529406771273,9.528086606308682,38.763542,36.37326,41.071514
3261,32.61,2.367609192265868,8.750188083451349,2.367609188176518,8.750188083451349,38.80078,36.408207,41.110973
3262,32.62,2.560914599174129,8.358520628472155,2.560914601869804,8.358520628472155,38.796257,36.40396,41.10618
3263,32.63,2.179935162170131,7.033165171025129,2.1799351601996344,7.033165171025129,38.86833,36.47159,41.18254
3264,32.64,2.2467781243791998,7.248456080554747,2.2467780525287924,7.248456080554746,38.771404,36.380642,41.079845
3265,32.65,2.267658992115309,7.202544580218201,2.2676590308791904,7.202544580218201,38.733036,36.34464,41.039192
3266,32.660000000000004,2.2437485990105266,6.9095000377594475,2.243748576585971,6.9095000377594475,38.71321,36.326035,41.01819
3267,32.67,2.3549995256643785,7.073127165964039,2.3549994632061457,7.073127165964039,38.749294,36.359894,41.05642
3268,32.68,2.159002554965499,7.876191957418378,2.1590025340238697,7.876191957418378,38.820744,36.426937,41.132122
3269,32.69,2.188487359824472,7.736457881275316,2.1884873609065605,7.736457881275316,38.802227,36.40956,41.112503
3270,32.7,2.149859645522699,7.473534101716496,2.1498596631509455,7.4735341017164965,38.79723,36.404873,41.10721
3271,32.71,1.9903621030530836,7.660617613789989,1.9903621314342397,7.660617613789989,38.74739,36.358105,41.0544
3272,32.72,2.105925493604398,8.398793060569789,2.1059255141299915,8.398793060569789,38.86136,36.465046,41.175156
3273,32.730000000000004,2.7172333240031104,8.735202830631582,2.7172333228071626,8.735202830631582,38.841354,36.446274,41.153957
3274,32.74,3.0302266782043015,9.055841303763263,3.030226653084386,9.055841303763263,38.741673,36.35274,41.048344
3275,32.75,2.331504432619502,9.099249086996323,2.3315043998809353,9.099249086996323,38.790943,36.398975,41.100548
3276,32.76,2.0236938027120916,9.017534251637056,2.023693782659563,9.017534251637056,38.851612,36.455902,41.16483
3277,32.77,2.0493751649118876,8.330635398635254,2.0493751161654767,8.330635398635254,38.910435,36.511097,41.227154
3278,32.78,2.088351419897939,8.614468520936317,2.0883514072930414,8.614468520936315,38.757275,36.36738,41.064873
3279,32.79,2.688103181038088,8.601791101028017,2.688103117273647,8.601791101028017,38.753296,36.363647,41.060658
3280,32.8,2.1011766620618757,8.344661920054705,2.1011767380854773,8.344661920054705,38.890507,36.492397,41.20604
3281,32.81,2.262559677449085,7.808523802770303,2.262559710514568,7.808523802770303,38.826656,36.432484,41.138386
3282,32.82,2.10055357704595,8.550417956794112,2.1005536131988176,8.550417956794112,38.697998,36.31176,41.002068
3283,32.83,2.5867546350688064,8.952044021018605,2.586754688007889,8.952044021018605,38.792934,36.40084,41.102657
3284,32.84,2.5313683976396244,8.360470770209865,2.5313684212391534,8.360470770209865,38.930748,36.530155,41.248676
3285,32.85,2.022027804375442,7.603995197642259,2.022027835240985,7.603995197642258,38.926117,36.52581,41.243767
3286,32.86,2.429878536736029,8.523507956746903,2.4298785466643595,8.523507956746903,38.83596,36.441216,41.148243
3287,32.87,2.3631387104455097,8.274696929472002,2.3631386459423447,8.274696929472002,38.895573,36.49715,41.211407
3288,32.88,2.4885399147156293,9.111871523561659,2.488539836101039,9.111871523561659,38.96032,36.557907,41.28001
3289,32.89,2.7571459792401045,8.494987835235065,2.7571459583439877,8.494987835235065,38.721573,36.33388,41.02705
3290,32.9,2.218355095306174,8.885571526646112,2.218355150942556,8.885571526646112,38.883896,36.486195,41.199036
3291,32.910000000000004,3.3567184029477675,8.361727113699766,3.3567183389934048,8.361727113699766,38.813477,36.42012,41.124424
3292,32.92,2.7798881987873285,8.018659439041091,2.7798881594930807,8.018659439041091,38.693024,36.30709,40.996796
3293,32.93,2.3051789815029733,8.303427924122628,2.305178981632216,8.303427924122628,38.89735,36.49882,41.21329
3294,32.94,2.2679283876065206,8.57524750851864,2.2679284055943505,8.57524750851864,38.79074,36.398785,41.10033
3295,32.95,2.2832179801732817,8.380621201233337,2.2832179285244623,8.380621201233337,38.88285,36.485214,41.197926
3296,32.96,3.315153779117284,10.448549615063337,3.315153743714139,10.448549615063337,38.631184,36.249065,40.931274
3297,32.97,1.974091600858716,9.6509945629349,1.974091548989859,9.6509945629349,38.772045,36.38124,41.08052
3298,32.980000000000004,2.456102492093022,9.632281489477283,2.456102483314375,9.632281489477283,38.768333,36.377758,41.07659
3299,32.99,2.1638709945225267,9.48140324566852,2.163870963752223,9.48140324566852,38.75893,36.368935,41.066628
3300,33.0,2.0498777192333573,9.829648195082848,2.049877703574189,9.829648195082848,38.910046,36.51073,41.22674
3301,33.01,2.4934590294506433,9.459605073399057,2.4934590796927347,9.459605073399057,38.765675,36.375263,41.073776
3302,33.02,2.3587428171332503,8.501717498452708,2.358742747492211,8.501717498452708,38.776352,36.38528,41.085087
3303,33.03,2.5584617186177088,8.76740008591555,2.558461686828175,8.767400085915549,38.797012,36.404667,41.10698
3304,33.04,2.3144444248843414,8.51327778574977,2.3144444263613138,8.51327778574977,38.710228,36.323235,41.015026
3305,33.05,2.416145472867721,8.498483267793665,2.41614544468347,8.498483267793665,38.87073,36.473843,41.18509
3306,33.06,2.030445534954434,8.279059478636828,2.030445489698767,8.279059478636828,38.847008,36.45158,41.15995
3307,33.07,2.2951044791176303,8.630409740768403,2.2951044745578164,8.630409740768403,38.783276,36.391777,41.092422
3308,33.08,2.1215011548877634,8.034994369844636,2.121501143400596,8.034994369844634,38.715183,36.327885,41.02028
3309,33.09,2.3636300163148642,8.330941370884283,2.363630024967856,8.330941370884283,38.84945,36.453873,41.162537
3310,33.1,2.34400953158072,8.3876144644847,2.3440095332789004,8.387614464484702,38.821144,36.42731,41.132545
3311,33.11,1.9900292713848071,7.401682660025303,1.9900292760384537,7.401682660025303,38.93086,36.530262,41.248795
3312,33.12,2.2735278136364396,8.14580381278266,2.2735278361449165,8.145803812782658,38.946903,36.54532,41.265793
3313,33.13,2.363849968515039,7.663591419113473,2.3638499892394145,7.663591419113473,38.847656,36.452187,41.160637
3314,33.14,2.1102902871403835,7.847890806009584,2.1102902565327444,7.847890806009584,38.754833,36.365093,41.06229
3315,33.15,2.4578721399293446,7.459511547159077,2.457872133481478,7.459511547159077,38.717022,36.329613,41.02223
3316,33.160000000000004,2.1094978460210667,7.420819100821297,2.1094979103926725,7.420819100821296,38.764862,36.3745,41.072914
3317,33.17,1.801350569247876,7.501265715395583,1.801350583010529,7.501265715395583,38.73839,36.349663,41.044865
3318,33.18,2.1289068179091677,7.376624270887799,2.1289068774820166,7.376624270887798,38.748405,36.359062,41.055477
3319,33.19,2.254935164224008,7.147194601376572,2.254935232179068,7.147194601376573,38.753666,36.363995,41.06105
3320,33.2,2.186145564196425,7.087430417275093,2.186145601252232,7.087430417275092,38.81205,36.418777,41.12291
3321,33.21,2.3369371509994283,7.564664413800396,2.336937114837995,7.564664413800396,38.77401,36.383083,41.082603
3322,33.22,2.06179455766939,7.341424029108786,2.061794577276279,7.341424029108786,38.837963,36.443096,41.150368
3323,33.230000000000004,2.116291844777458,7.659196778393699,2.1162917821821825,7.6591967783936985,38.845875,36.450516,41.15875
3324,33.24,1.8543663719713457,7.502540443720666,1.8543663178990535,7.502540443720666,38.80523,36.41238,41.115685
3325,33.25,1.8562842586988344,7.921366972702707,1.8562842487876368,7.921366972702707,38.837208,36.442387,41.149567
3326,33.26,2.007499302506232,7.185831400338549,2.0074993440154354,7.185831400338548,38.82117,36.427338,41.132572
3327,33.27,1.9550380962755618,7.339884584350491,1.9550380461563268,7.339884584350491,38.745144,36.356,41.05202
3328,33.28,2.055102429253761,6.848565564885998,2.055102369920809,6.848565564885998,38.774067,36.383137,41.082664
3329,33.29,2.4577115087058865,7.4035768088588,2.45771154952795,7.4035768088588005,38.730473,36.34223,41.036476
3330,33.3,2.0759092188606996,7.448412619608906,2.0759092753531614,7.448412619608905,38.878845,36.481457,41.193684
3331,33.31,2.3224329638201584,7.213095856446468,2.322432961473929,7.213095856446467,38.78978,36.39788,41.09931
3332,33.32,1.9722441325640103,7.080303153259416,1.9722441492495513,7.080303153259416,38.841557,36.44647,41.154175
3333,33.33,2.171081974859584,6.99453044670955,2.1710819590677493,6.99453044670955,38.856194,36.4602,41.16968
3334,33.34,2.2066676856384606,6.9521924178017755,2.2066676838575217,6.9521924178017755,38.775898,36.384857,41.084606
3335,33.35,2.0127259748679847,6.948919169361713,2.0127259836771367,6.948919169361713,38.77989,36.3886,41.088833
3336,33.36,1.8881946640533538,6.875463217396456,1.8881946765681021,6.875463217396456,38.878426,36.48106,41.193237
3337,33.37,2.0727797021987624,7.473722132363405,2.072779692433429,7.473722132363406,38.777454,36.38632,41.086258
3338,33.38,2.3510751510460177,7.412365253859511,2.3510751219509687,7.4123652538595115,38.797825,36.405434,41.10784
3339,33.39,2.112818208858653,7.2687463938675005,2.112818218792393,7.268746393867501,38.760033,36.36997,41.067795
3340,33.4,2.1771861934233074,7.480375573939142,2.177186170666664,7.480375573939142,38.742313,36.353344,41.049023
3341,33.410000000000004,2.056004099971909,7.500722727495874,2.0560041416425983,7.500722727495873,38.821926,36.428047,41.133377
3342,33.42,2.1048087138292604,7.470412693189627,2.104808683447779,7.470412693189627,38.772327,36.381504,41.080822
3343,33.43,2.197083608922176,7.326810463560034,2.19708362638564,7.326810463560034,38.68296,36.29765,40.986137
3344,33.44,2.084497539171904,7.948082166958439,2.0844976020489168,7.948082166958439,38.79276,36.400677,41.10247
3345,33.45,2.221740847560919,7.755221302388214,2.2217408280194024,7.755221302388214,38.794643,36.402447,41.10447
3346,33.46,2.1520755444983943,7.583005770692021,2.1520755269726495,7.583005770692021,38.68069,36.29552,40.98373
3347,33.47,1.937395766246454,7.326159192087358,1.937395805293756,7.326159192087359,38.854706,36.458805,41.168106
3348,33.480000000000004,2.2156565509218598,7.401950234978841,2.2156565999187596,7.401950234978841,38.670856,36.286293,40.973312
3349,33.49,2.1102312284748876,7.152332324651067,2.110231289865898,7.152332324651067,38.83846,36.443558,41.150894
3350,33.5,2.2216266289058244,7.890974684350478,2.2216266355848613,7.890974684350478,38.848454,36.452934,41.16148
3351,33.51,2.3430315933091785,7.484006588711806,2.343031615467445,7.484006588711807,38.824768,36.430714,41.136387
3352,33.52,2.266610813526442,7.718115776806844,2.2666108580118074,7.718115776806844,38.81573,36.422234,41.126812
3353,33.53,1.9366686822124903,7.597451191803973,1.9366686770355555,7.597451191803972,38.747383,36.3581,41.054394
3354,33.54,1.9351647219396881,7.965711532824164,1.9351647353789265,7.965711532824164,38.761703,36.371536,41.069565
3355,33.55,2.12083635930917,7.970173097038058,2.120836390689983,7.9701730970380575,38.702652,36.316128,41.007
3356,33.56,2.22242197269225,7.2596554409191185,2.2224219622911816,7.2596554409191185,38.810776,36.417583,41.121563
3357,33.57,1.988192348519492,7.297500879919588,1.9881923269711328,7.297500879919588,38.762455,36.372242,41.070366
3358,33.58,2.284415866546782,7.020519763461108,2.284415851407983,7.020519763461108,38.853043,36.457245,41.166348
3359,33.59,2.0048156302291256,6.944418136486526,2.0048156718795496,6.944418136486526,38.757023,36.367146,41.064606
3360,33.6,1.8607729806597297,7.614280256071873,1.8607729829176478,7.614280256071873,38.740734,36.35186,41.047348
3361,33.61,2.2603921245752527,7.633129026856507,2.26039213781819,7.633129026856506,38.7833,36.3918,41.092445
3362,33.62,2.308300013296353,8.02369984774987,2.3082999969403963,8.023699847749869,38.833504,36.43891,41.145645
3363,33.63,2.2911787472110636,7.924439809799453,2.29117869442604,7.924439809799452,38.842186,36.447056,41.154842
3364,33.64,2.436860230375189,7.5229513175105325,2.43686016669821,7.522951317510532,38.79914,36.406666,41.109234
3365,33.65,2.059005155014891,7.302220715799367,2.0590051298409646,7.302220715799366,38.73651,36.3479,41.042877
3366,33.660000000000004,2.1597068941746924,7.65432799429956,2.1597069045938087,7.65432799429956,38.812515,36.419216,41.123405
3367,33.67,2.080883483126324,7.6528489330429466,2.0808834681380146,7.6528489330429466,38.72234,36.334602,41.027863
3368,33.68,2.469119044080118,7.564815226850366,2.469119082891724,7.5648152268503654,38.71261,36.32547,41.017548
3369,33.69,2.01065516631408,7.381559840834596,2.010655164439239,7.381559840834596,38.758156,36.36821,41.065807
3370,33.7,1.7125675464302224,7.82047314815337,1.7125675923285775,7.82047314815337,38.74536,36.3562,41.05225
3371,33.71,2.3711387102811545,8.29662918714003,2.3711387499686642,8.29662918714003,38.75751,36.367603,41.065125
3372,33.72,2.251209558020853,8.707705332140284,2.251209615559631,8.707705332140284,38.775146,36.38415,41.083813
3373,33.730000000000004,2.4965856410937524,7.910552165782456,2.496585692347223,7.910552165782456,38.785103,36.393494,41.094357
3374,33.74,2.237898264930148,7.7940707371572255,2.2378982006057226,7.7940707371572255,38.76187,36.371696,41.069748
3375,33.75,2.256915773079384,7.967397110964699,2.2569157147050367,7.967397110964699,38.859978,36.463753,41.173695
3376,33.76,2.1364833724043715,7.795244670968085,2.1364833146006603,7.795244670968085,38.81367,36.4203,41.124626
3377,33.77,2.3014277348838004,7.896859904694427,2.3014276757374206,7.896859904694428,38.79617,36.403877,41.106083
3378,33.78,2.2544899683089326,7.759530983878216,2.2544899859748133,7.759530983878216,38.820885,36.42707,41.132275
3379,33.79,2.0230082626325268,7.916449122602383,2.0230082806278533,7.916449122602384,38.77209,36.381283,41.08057
3380,33.8,1.9934638278098291,7.9509683669745455,1.9934638690708746,7.950968366974546,38.93559,36.534702,41.253807
3381,33.81,2.0482779870684116,7.339987348557846,2.0482779833796743,7.3399873485578455,38.77649,36.38541,41.08523
3382,33.82,2.613686068483674,8.134277130522346,2.613686069547246,8.134277130522346,38.758656,36.36868,41.066338
3383,33.83,1.8854337103444982,7.91240128739144,1.885433709932389,7.91240128739144,38.91096,36.51159,41.22771
3384,33.84,1.8633207050221285,7.587338495381068,1.8633207412313328,7.587338495381068,38.870384,36.47352,41.18472
3385,33.85,1.7745761710423267,7.0292465047954025,1.7745762010665393,7.0292465047954025,38.865997,36.4694,41.18007
3386,33.86,2.050865505516189,7.158963249446493,2.0508655014217028,7.158963249446493,38.811356,36.41813,41.122177
3387,33.87,2.14786559159648,7.511935938568525,2.1478656398371676,7.511935938568525,38.90069,36.501953,41.216827
3388,33.88,2.1720188470146464,7.550120999806631,2.1720188496866566,7.550120999806631,38.740326,36.35148,41.046917
3389,33.89,1.9022086617665104,7.718658199505305,1.9022086070867348,7.718658199505306,38.704628,36.31798,41.009094
3390,33.9,2.0593635750649195,7.681509397579473,2.0593635210910306,7.681509397579473,38.8416,36.446507,41.15422
3391,33.910000000000004,1.8974370517327812,7.275142506728098,1.8974370832872312,7.275142506728098,38.80663,36.413692,41.11717
3392,33.92,2.234654208452038,6.919878525526156,18.408564669646335,29.731516965546092,38.737385,36.348717,41.0438
3393,33.93,2.1173689801808533,6.916637325997885,19.264604984807757,30.088460337847824,38.83506,36.440372,41.147293
3394,33.94,1.9532413822158423,7.434688202739361,18.127056133017657,29.448530926151097,38.75138,36.36185,41.058628
3395,33.95,1.8990661222476883,7.120224611114964,18.9445240775952,29.81267557177843,38.844727,36.449444,41.157536
3396,33.96,2.219341745055805,7.37251314889624,2.219341716779805,7.37251314889624,38.83893,36.444,41.15139
3397,33.97,2.4151045032270306,7.698553659354107,18.50297144976461,29.44527425257819,38.777695,36.386543,41.08651
3398,33.980000000000004,2.073838464484757,8.06683787188116,18.83396681493345,29.274093973436113,38.807835,36.414825,41.118446
3399,33.99,1.7016766973646789,7.704275567682246,19.862418968868916,29.7288080552738,38.867256,36.47058,41.181404
3400,34.0,1.8434547512055002,7.540397461401803,20.405926931549374,29.665051344486955,38.773422,36.382534,41.081985
3401,34.01,2.4019735285388144,8.021881200196924,20.495520432898278,30.058007110308267,38.75142,36.36189,41.05867
3402,34.02,2.5710458857007064,7.999586139972105,20.305828384680144,29.82220292789958,38.7373,36.34864,41.043713
3403,34.03,2.4457100996938053,7.803852708520641,19.65804205357023,29.70964738534351,38.685257,36.299805,40.988567
3404,34.04,2.1132260862538,7.6368611628227185,19.706557597995662,29.605312722419573,38.80352,36.410774,41.113873
3405,34.05,2.202872079823112,7.710294348137622,19.522162783918876,29.333451742911173,38.77215,36.381336,41.08063
3406,34.06,2.248152520161856,7.897904280189152,18.669216057604142,29.51739903095906,38.836933,36.442127,41.149273
3407,34.07,2.1542018147634625,7.327072388439625,2.154201824770171,7.327072388439625,38.86888,36.472107,41.183125
3408,34.08,2.349253736941156,7.744533178677256,19.621793553753864,29.740006101970234,38.838905,36.44398,41.151367
3409,34.09,2.3845211868497493,8.161011596029999,2.3845212419752837,8.161011596029999,38.78575,36.394104,41.095047
3410,34.1,2.1947020723077038,8.021694133052721,17.989659656692428,28.980868560146266,38.81521,36.421745,41.12626
3411,34.11,2.267438495332808,8.089586819711156,2.2674385387218137,8.089586819711158,38.85779,36.4617,41.171375
3412,34.12,2.189882589783772,7.7820303175234296,2.189882599687394,7.7820303175234296,38.73553,36.346977,41.041836
3413,34.13,2.4067799244256487,8.131723753988888,2.4067799748514833,8.13172375398889,38.861263,36.464954,41.175053
3414,34.14,2.183031345778636,8.027915538972906,2.1830314078702107,8.027915538972907,38.786488,36.394794,41.09583
3415,34.15,2.197589416016758,8.230578908727638,2.1975893773123154,8.230578908727638,38.827023,36.43283,41.138775
3416,34.160000000000004,2.1862564498873187,7.647904024043452,2.18625640972544,7.647904024043452,38.78506,36.39345,41.094315
3417,34.17,2.071059922398438,7.175186698530535,2.0710599778594343,7.175186698530536,38.967564,36.5647,41.28768
3418,34.18,2.198583040099864,7.4325328434837905,2.1985830481043336,7.4325328434837905,38.851463,36.45576,41.16467
3419,34.19,2.7412633113609077,7.7126558984729865,2.741263307360731,7.712655898472986,38.772087,36.38128,41.080566
3420,34.2,2.4014694696619747,7.4217153365683926,2.401469496948231,7.4217153365683926,38.83753,36.442688,41.149906
3421,34.21,1.9262889297368504,8.040124851054669,1.926288917224216,8.040124851054669,38.701405,36.314957,41.00568
3422,34.22,1.9331457624395054,8.15277461684181,1.9331458212718586,8.15277461684181,38.84245,36.447304,41.15512
3423,34.230000000000004,1.9423156256694483,8.71936209990447,1.9423156053633968,8.71936209990447,38.85963,36.463425,41.173325
3424,34.24,2.2814270712956985,9.311274352112722,2.281427121578492,9.311274352112722,38.802303,36.409634,41.112587
3425,34.25,2.258936828405984,8.441220811483328,2.2589368360842506,8.441220811483328,38.6976,36.311386,41.001648
3426,34.26,2.2455687959082367,8.84993800743673,2.245568797162077,8.84993800743673,38.79688,36.40454,41.106834
3427,34.27,2.3632857412871915,8.910622477917228,2.363285688380584,8.910622477917228,38.836807,36.44201,41.149143
3428,34.28,2.691355555412389,8.953906406311972,2.6913555468017902,8.953906406311972,38.626503,36.244675,40.92632
3429,34.29,2.37022985242875,8.598357603628786,2.370229898943747,8.598357603628786,38.751186,36.361668,41.058422
3430,34.300000000000004,2.7037122649380656,8.717370348861703,16.269473547935444,28.16489856031925,38.695084,36.309025,40.99898
3431,34.31,2.5175704146636164,8.545403078331208,16.747440107089112,28.318366899610364,38.801437,36.40882,41.111664
3432,34.32,2.193686513989615,8.875181232443843,16.319372584269633,28.014125988156678,38.77903,36.387794,41.087925
3433,34.33,2.2584970637262907,9.008172689978455,16.728741418107482,28.061762876060676,38.862396,36.46602,41.176254
3434,34.34,2.314762729891001,8.619439304040299,16.617184851224273,28.12312466189178,38.743687,36.35463,41.050476
3435,34.35,2.2438979248485236,8.376116165961111,16.536480173613988,28.15816148970481,38.66596,36.281696,40.96812
3436,34.36,2.1510694234126704,8.592823340178745,17.74502214236923,28.192860043434404,38.869576,36.472755,41.18386
3437,34.37,2.477168465031341,8.346499572714116,17.325483062947423,28.282264146592468,38.82166,36.427795,41.13309
3438,34.38,2.27409096057899,9.020324077040566,16.517083455578216,27.698362429294484,38.888775,36.490776,41.204205
3439,34.39,2.1623390100655118,8.477272189564383,18.665222991072568,28.22623929625483,38.80512,36.412273,41.115566
3440,34.4,2.325060384218778,8.974329899441438,18.01964006801869,27.858298154145036,38.81378,36.420403,41.124744
3441,34.410000000000004,2.586626964534194,8.590651055812433,18.218836300391928,27.993129108359916,38.726364,36.33838,41.032124
3442,34.42,2.4224721919505585,8.116005755224393,17.961441690539303,28.693424363262693,38.8555,36.45955,41.16895
3443,34.43,2.2807447404662944,9.109559413387755,17.38155692230837,27.509490775170857,38.78015,36.388847,41.08911
3444,34.44,2.477277868907489,8.308560147847679,18.31129419582706,28.45763008206571,38.933105,36.53237,41.251175
3445,34.45,2.3830168899272057,8.461247012263007,18.502589273889228,28.083498547638875,38.835266,36.440567,41.14751
3446,34.46,2.3740625070952546,8.472067065742175,18.398462632502074,27.968479284252584,38.80871,36.41564,41.11937
3447,34.47,2.128363656669663,8.449898165039015,17.932132083570686,28.104028888965043,38.81806,36.42442,41.12928
3448,34.480000000000004,1.9248484912442274,7.790599542869195,19.37009501152161,28.668435744183405,38.762848,36.372612,41.07078
3449,34.49,1.9528170340168693,7.8060528314531314,19.33391884005181,28.578207485912856,38.7188,36.33128,41.02411
3450,34.5,2.3979616185149455,7.852235052868655,20.462689251017796,28.935631154244025,38.928913,36.528435,41.24673
3451,34.51,2.1002142572385343,7.332774637555085,21.10058997822013,29.239400575629723,38.723995,36.336155,41.029613
3452,34.52,2.56078784291749,7.858456777414567,21.59260376822386,28.784865482218663,38.67911,36.294037,40.982056
3453,34.53,2.393848324943569,7.849032763933253,20.940820071109698,28.724374839942882,38.87864,36.481262,41.193462
3454,34.54,2.540921637765035,8.381572009327579,21.194401373875266,28.432486138336497,38.907024,36.507896,41.223537
3455,34.550000000000004,2.3130044355320787,8.396384967421845,21.004464249450475,28.348250651353936,38.742794,36.353794,41.049534
3456,34.56,2.442591598981345,7.672390453695884,21.205384591689,29.978400981028994,38.803688,36.410934,41.11405
3457,34.57,2.1317219761312054,7.580414439712574,22.365558441385346,29.753647559714963,38.73717,36.348515,41.04357
3458,34.58,2.591870127898458,7.361080922603606,22.57644204470066,29.99084928144202,38.668842,36.2844,40.971176
3459,34.59,2.2370297942000894,8.505949298723172,22.812579027661037,29.662973568319643,38.774506,36.383553,41.083134
3460,34.6,2.5534730877295573,9.166254326156723,21.57339415871325,29.87488058087211,38.775673,36.384644,41.08437
3461,34.61,2.102253371696084,8.666960533477956,2.102253310733753,8.666960533477955,38.795216,36.402985,41.105076
3462,34.62,2.5727064858397073,8.683123422043327,2.572706464472183,8.683123422043327,38.81249,36.419193,41.12338
3463,34.63,2.301799114933952,8.61173844866053,23.32707476230432,30.689821315531958,38.82853,36.434242,41.140373
3464,34.64,1.9010515530676064,8.280029220992242,22.555582411927592,30.873766657365817,38.800266,36.407722,41.110424
3465,34.65,2.41232744750534,9.027260816612841,22.384394054453296,31.652711171150596,38.797104,36.404755,41.107075
3466,34.660000000000004,2.1781928879766874,8.301155462074474,22.662162832594678,32.21715552144625,38.714447,36.327194,41.019497
3467,34.67,2.3084902655422828,7.8075587064345,21.334846645764276,31.80956281868357,38.66894,36.284496,40.971283
3468,34.68,1.9306078758582736,7.654555880251779,1.9306078497683727,7.654555880251779,38.804993,36.41216,41.115433
3469,34.69,2.0727070573774995,7.678628941312189,2.072707066462214,7.678628941312189,38.813347,36.42,41.124287
3470,34.7,1.8788041143534173,8.171388680115749,1.878804145581374,8.171388680115749,38.88444,36.486706,41.19961
3471,34.71,2.14653638921474,8.133613509350187,2.1465364144418877,8.133613509350187,38.844563,36.449287,41.157356
3472,34.72,1.9453314677757791,7.827889364225637,1.9453314409092732,7.827889364225637,38.835236,36.440536,41.14748
3473,34.730000000000004,2.043489771430449,8.033276054414058,2.0434898364106693,8.033276054414058,38.803566,36.410816,41.113922
3474,34.74,2.081129063216433,8.206163968333069,2.081129066789981,8.206163968333069,38.660618,36.276684,40.962463
3475,34.75,2.405462068341879,8.429589072909065,2.4054620800202144,8.429589072909065,38.813324,36.419975,41.12426
3476,34.76,2.300485755021525,7.992078071479119,2.3004857952765914,7.99207807147912,38.75503,36.365276,41.062496
3477,34.77,2.357576521430618,7.698056297598786,20.498958677025072,32.351818027170715,38.880646,36.483147,41.19559
3478,34.78,2.33277314710536,7.551470268335158,21.447987403353107,32.27078484208919,38.830616,36.4362,41.142582
3479,34.79,2.0703863767184165,7.742121153200339,20.775819202764268,32.53953994850941,38.77873,36.387512,41.087605
3480,34.800000000000004,2.3881784477605477,7.889387717099263,19.752001679109494,31.658174981097513,38.80623,36.41332,41.116745
3481,34.81,2.256881575256419,7.679753726111806,19.336313678897326,31.986364059380826,38.849434,36.453857,41.16252
3482,34.82,2.1047381440384862,7.738481790036071,19.603747554571683,31.736713307410827,38.849438,36.45386,41.162525
3483,34.83,2.1133278123366455,7.521021228522784,19.166432470128555,31.777305140080383,38.80086,36.40828,41.111057
3484,34.84,2.0324047077390204,7.103837019575948,19.392913761475416,31.576840535267962,38.627262,36.245384,40.92712
3485,34.85,2.0852694224183277,7.658312399814318,19.142148107384354,31.533907917051152,38.738102,36.349392,41.04456
3486,34.86,2.029935158727383,7.531611119539663,19.50189966692747,32.70232745976481,38.662395,36.27835,40.964344
3487,34.87,1.9237930490805615,7.632583356272826,20.38027049767806,32.33747078279684,38.68705,36.301487,40.99047
3488,34.88,2.371877705520376,7.8857456169977675,20.24925424527434,32.28360022068598,38.75542,36.365643,41.062912
3489,34.89,2.4343916621479256,8.296009828514277,20.459252320422696,31.773769408377134,38.86664,36.47,41.180748
3490,34.9,1.9865252872353554,7.979961352293895,20.60385207968449,32.32771927292727,38.762177,36.37198,41.07007
3491,34.910000000000004,2.0852026463948836,7.515955664020892,20.721943499266352,33.05735450736192,38.75514,36.365376,41.06261
3492,34.92,2.0455266220820567,7.46636936021349,19.757462265751972,33.233398093655886,38.8599,36.46368,41.17361
3493,34.93,1.9562988558020944,8.013535400017133,19.494207295925452,33.12995520258851,38.797462,36.40509,41.107452
3494,34.94,2.0657427356953555,7.830433179686305,20.845445961416196,33.76620335390613,38.746677,36.357437,41.053646
3495,34.95,2.212459989554983,7.771838558877186,21.308900816401486,34.021056940977296,38.65848,36.27468,40.9602
3496,34.96,2.038467846969031,8.373282307155767,21.380883185461116,34.24479479087887,38.689346,36.30364,40.9929
3497,34.97,1.9974808878665329,8.14071241028416,20.49438626210885,33.96033714826661,38.730785,36.342525,41.036808
3498,34.980000000000004,1.982409941644231,8.002848752188866,21.449993605129222,33.64340617988123,38.772175,36.381363,41.080658
3499,34.99,2.009798841943666,7.961434489521866,21.033681895721557,33.332798652642424,38.761074,36.370945,41.068897
3500,35.0,1.846563185078591,8.108095302219583,21.503314224815103,33.782209341514196,38.915024,36.515404,41.232014
3501,35.01,2.1154536568477025,8.612219432059849,22.39485441910108,33.97242445489943,38.660324,36.27641,40.96215
3502,35.02,2.504257953766393,8.421880843950843,22.15132309630325,34.425557427279514,38.849586,36.454,41.16268
3503,35.03,2.1902257861679635,8.581604678720229,22.392060913174802,34.369140016271565,38.783512,36.392,41.092674
3504,35.04,1.9267162284363686,8.389463803668496,23.184425891216545,34.108831405781345,38.829533,36.435184,41.141438
3505,35.050000000000004,2.013135419563507,8.100894442023323,21.682111709743594,33.56690094922791,38.723465,36.335655,41.02905
3506,35.06,2.121042573300816,8.400983210410882,20.43102769279753,33.032206462129366,38.6947,36.308662,40.998573
3507,35.07,2.441777813030569,7.949041278505221,21.161647307818097,33.72487809866629,38.803608,36.41086,41.113964
3508,35.08,2.296332777192013,8.042079437257817,20.91773511690857,33.49745518189187,38.86786,36.471146,41.18204
3509,35.09,2.275841045392795,8.64817610308699,21.219184074733572,33.116518867698176,38.844864,36.44957,41.15768
3510,35.1,1.937166493697542,8.259530528648277,19.6304595353703,33.14351494095844,38.730312,36.34208,41.036304
3511,35.11,2.2851474692666067,8.464456195155202,19.777943789370987,33.702772210336725,38.90428,36.50532,41.220634
3512,35.12,2.297736118585737,8.608831798667714,20.985985655418514,33.29901749981166,38.830235,36.43584,41.142178
3513,35.13,1.915769482895625,8.0156330902912,20.519023361153295,33.12833623493413,38.793804,36.401657,41.103577
3514,35.14,2.0942193503541673,7.75328385646182,20.523140334228586,32.53229206872881,38.84389,36.448654,41.156647
3515,35.15,1.8831986567481567,7.698777177363494,20.339017981878776,32.57171431722097,38.790356,36.398422,41.099926
3516,35.160000000000004,2.5827595044020177,8.402547880449186,20.46555475274072,32.629651316416,38.810593,36.41741,41.12137
3517,35.17,2.2745826008898624,8.352935223406234,20.33273916902099,32.27874502724089,38.788517,36.396698,41.09798
3518,35.18,2.3354327193623527,8.324617984320916,20.34799471964509,32.322849367328054,38.730072,36.341854,41.036053
3519,35.19,2.1540387311903646,8.2701454075419,19.286042772658995,31.879588420407885,38.783062,36.39158,41.092197
3520,35.2,1.8825245331074074,8.174388865827828,19.13226105111916,32.499487151195844,38.82653,36.43237,41.138256
3521,35.21,2.467995429845473,8.127228094148006,20.02114491311234,32.976831250937096,38.884308,36.48658,41.19947
3522,35.22,2.051634830451523,7.93655801985321,20.900910992758547,33.29262680931041,38.8594,36.46321,41.173084
3523,35.230000000000004,2.222425267601934,8.068489552839914,21.245987758224754,33.253693241603614,38.818657,36.42498,41.129913
3524,35.24,1.9724124872810147,7.314162092429182,23.896748878301413,34.797854421005546,38.757153,36.367264,41.064743
3525,35.25,2.00521850613967,7.442182306275713,22.895204930669387,34.96051200207676,38.740784,36.351906,41.0474
3526,35.26,1.8103601112791536,6.928007529467989,22.07861561709515,34.58448182145223,38.768475,36.37789,41.076744
3527,35.27,2.0127483101563817,7.370495879440532,21.112240945587555,34.32446297202537,38.81499,36.42154,41.126026
3528,35.28,1.9855498923192831,6.9455245470420675,1.985549874102576,6.9455245470420675,38.857395,36.46133,41.17096
3529,35.29,2.016935155696288,7.037070691782386,2.016935131036903,7.037070691782386,38.796066,36.40378,41.105976
3530,35.300000000000004,1.9670261343047544,7.229298046092215,22.1525071265261,34.294903029784926,38.695576,36.309486,40.999504
3531,35.31,2.0305703742340526,7.118493885340743,21.97467024624917,35.157375255527384,39.00426,36.599136,41.326565
3532,35.32,2.2848194829357253,7.353010349946614,25.16637456477174,35.54039522357593,38.768623,36.37803,41.076897
3533,35.33,2.070300104106083,6.787533572608123,24.5503458293096,35.915800182503844,38.726498,36.3385,41.032265
3534,35.34,2.0386768752504087,6.714474980426382,23.437831686326717,35.35032504298908,38.70999,36.323013,41.014774
3535,35.35,2.0122002194558215,6.4840767112847,2.0122001971488213,6.4840767112847,38.798386,36.405956,41.108433
3536,35.36,1.872124636477772,6.160935719044584,1.872124620000884,6.160935719044584,38.858944,36.462784,41.1726
3537,35.37,2.1472876961584637,6.249818517976411,2.147287673445262,6.249818517976411,38.66537,36.281143,40.9675
3538,35.38,1.9012697383200936,6.511960184736223,1.9012696836621936,6.511960184736223,38.67277,36.28809,40.97534
3539,35.39,1.985987567952704,6.9919730243503615,1.98598753661104,6.991973024350361,38.776154,36.385098,41.084877
3540,35.4,2.055437528913021,7.007762897426492,2.0554374776449458,7.007762897426492,38.798187,36.40577,41.108223
3541,35.410000000000004,2.1518628386586385,7.1646504534112605,2.151862873400505,7.164650453411261,38.809742,36.41661,41.120464
3542,35.42,2.237264338554566,7.018778201265628,2.2372643141876782,7.018778201265628,38.728737,36.340603,41.034637
3543,35.43,1.9136261497667466,6.045643103152396,1.9136261754773733,6.045643103152396,38.823963,36.429955,41.135532
3544,35.44,1.9294613856187346,6.306371384521098,1.9294613877030728,6.306371384521099,38.86853,36.471775,41.182755
3545,35.45,1.8390529361268697,6.122583110252529,1.8390529306076482,6.122583110252529,38.904778,36.50579,41.22116
3546,35.46,1.9038996984503296,6.511357536071136,1.9038996598905926,6.511357536071136,38.80839,36.415348,41.119038
3547,35.47,1.9002782913329959,6.699372958183784,1.9002782700704353,6.699372958183784,38.94598,36.54445,41.264812
3548,35.480000000000004,1.8806450994922892,6.424938335411056,1.8806450680969418,6.424938335411057,38.815376,36.4219,41.12644
3549,35.49,1.9110647708849504,6.4587203708301875,1.9110648081477561,6.4587203708301875,38.72867,36.340538,41.034565
3550,35.5,1.7902144467110799,6.231904953514517,1.7902144485381728,6.231904953514517,38.8349,36.44022,41.14712
3551,35.51,1.7662094066040388,7.043075217935254,1.7662094190038011,7.043075217935254,38.692238,36.306355,40.995968
3552,35.52,2.2313065001395875,7.199825904225197,2.2313065234273672,7.199825904225197,38.75411,36.36441,41.06152
3553,35.53,1.8509927623484141,6.816950170950714,1.8509927754577902,6.816950170950714,38.782578,36.391125,41.091682
3554,35.54,1.9007295996556783,6.441687418702706,1.9007295990571338,6.441687418702706,38.73655,36.347935,41.042915
3555,35.550000000000004,2.180510174250179,6.834795959394476,2.180510127910077,6.834795959394476,38.847263,36.45182,41.16022
3556,35.56,2.0324135195569686,6.651187044178389,2.032413484650432,6.651187044178389,38.743332,36.354298,41.0501
3557,35.57,1.8080933172946219,6.380087028262484,1.8080933204915006,6.380087028262484,38.835594,36.44087,41.147854
3558,35.58,2.16078473054657,6.3826660856546535,2.1607846807921063,6.3826660856546535,38.684135,36.29875,40.98738
3559,35.59,1.8477341097763842,6.612540632174191,1.8477341411392187,6.612540632174191,38.706192,36.319447,41.01075
3560,35.6,1.7866085822710291,6.560534041508519,1.7866085679947992,6.560534041508519,38.61369,36.23265,40.91274
3561,35.61,2.093910553328177,7.025437351911965,2.0939104913206052,7.025437351911964,38.727757,36.339684,41.033596
3562,35.62,1.8277679826286102,7.118505591784916,1.8277680226049653,7.118505591784916,38.70142,36.31497,41.00569
3563,35.63,2.0880595982654953,7.142874621414958,2.0880595648355036,7.142874621414958,38.88011,36.482643,41.195023
3564,35.64,2.2671687304949804,7.3066594611184685,2.2671688006701856,7.3066594611184685,38.75964,36.369602,41.067383
3565,35.65,2.4873805959151936,7.203210177501911,2.4873806338186837,7.203210177501911,38.795856,36.403587,41.105755
3566,35.660000000000004,2.1772047723931873,7.59144687049442,2.1772047623262027,7.59144687049442,38.86064,36.464375,41.174397
3567,35.67,1.9145339505760957,7.353893796468925,1.9145339751708397,7.353893796468925,38.764412,36.374077,41.072437
3568,35.68,2.009138365060573,6.830911709977405,2.009138395223795,6.830911709977405,38.819748,36.426003,41.13107
3569,35.69,2.178901881633555,7.188056587455928,2.178901856684094,7.188056587455928,38.790188,36.398266,41.099747
3570,35.7,1.9471504429879132,6.749417806659953,1.9471503919078657,6.749417806659953,38.82469,36.43064,41.136307
3571,35.71,2.0675407858938164,6.481209532686344,2.0675407491408793,6.481209532686345,38.774025,36.3831,41.082623
3572,35.72,1.8669214590550627,6.487176937135657,1.866921490970793,6.487176937135657,38.786205,36.39453,41.095528
3573,35.730000000000004,2.1523492281367274,6.921942204856907,2.1523491947068685,6.921942204856907,38.668354,36.283943,40.970657
3574,35.74,1.9581259093034438,6.510059099142678,1.958125878566066,6.510059099142678,38.63113,36.249016,40.93122
3575,35.75,2.039722556324689,6.372129888086021,2.0397224996377354,6.372129888086021,38.725758,36.337807,41.03148
3576,35.76,1.8588427998320929,6.333748946248753,1.8588427892879902,6.333748946248755,38.75739,36.36749,41.065
3577,35.77,2.0203150088874358,6.571103856736923,2.020314982714025,6.571103856736922,38.75695,36.367077,41.06453
3578,35.78,2.074182218292335,6.420132788252888,2.074182260265002,6.420132788252888,38.846657,36.451252,41.15958
3579,35.79,1.8824067705641991,6.307308785600661,1.8824068013637731,6.30730878560066,38.75283,36.363213,41.060165
3580,35.800000000000004,1.9314471585894624,6.21112685272101,1.931447158574928,6.21112685272101,38.741837,36.352898,41.04852
3581,35.81,1.8058040926010392,5.760031055031147,1.805804111710072,5.760031055031147,38.835476,36.44076,41.14773
3582,35.82,2.05252096132428,6.091590157696673,2.0525209541978775,6.091590157696673,38.80746,36.414474,41.11805
3583,35.83,1.9371275025053682,5.9151920986915885,1.937127470064031,5.9151920986915885,38.80853,36.415474,41.11918
3584,35.84,1.8443899234040968,5.520844786652293,1.8443899026492865,5.520844786652293,38.81767,36.42405,41.128864
3585,35.85,1.955085167522021,5.854143915897992,1.9550851729099734,5.854143915897993,38.91213,36.512684,41.228947
3586,35.86,1.829968270736224,5.375288934458766,1.829968246861265,5.375288934458766,38.6789,36.29384,40.981834
3587,35.87,1.8593392554115649,5.390405303852482,1.8593392697752609,5.390405303852482,38.861923,36.46558,41.175755
3588,35.88,1.6855175901825423,5.793013304645243,1.6855175840863887,5.7930133046452434,38.737164,36.34851,41.043564
3589,35.89,1.723617991334779,5.386335023768131,1.723617973266714,5.3863350237681304,38.75446,36.36474,41.06189
3590,35.9,1.8570686389840878,5.485342912117098,1.8570686779729164,5.485342912117098,38.779728,36.38845,41.088665
3591,35.910000000000004,1.8045027297762453,5.241866044308822,1.8045026788420337,5.241866044308822,38.72782,36.339745,41.033665
3592,35.92,1.8239725165407965,5.3865376341788265,1.823972509810202,5.3865376341788265,38.71499,36.3277,41.02007
3593,35.93,1.8912766890519477,5.493493160438293,1.8912766907186958,5.493493160438293,38.843533,36.448322,41.15627
3594,35.94,1.8320683700311338,5.926968218468271,1.832068353938609,5.926968218468271,38.882896,36.485256,41.197975
3595,35.95,1.9899463533543713,6.288392472105881,1.989946383067161,6.288392472105881,38.797623,36.40524,41.107624
3596,35.96,1.9128090599520116,6.017066629504541,1.9128090830245943,6.017066629504541,38.77244,36.381615,41.080944
3597,35.97,1.8143818901466375,5.856611820566251,1.814381914458271,5.856611820566251,38.93066,36.530075,41.248585
3598,35.980000000000004,1.9442425686064437,6.020100211081674,1.9442425131906664,6.020100211081674,38.824505,36.430466,41.13611
3599,35.99,1.9842795571398013,5.996654086456411,1.984279537853066,5.996654086456411,38.76229,36.37209,41.07019
3600,36.0,1.8907560652149396,5.436993018885833,1.890756061039589,5.436993018885833,38.91354,36.51401,41.230446
3601,36.01,1.9708763988661737,5.746757664206622,1.97087641639493,5.746757664206622,38.785408,36.39378,41.094685
3602,36.02,1.9725933628459775,6.08808037722304,1.972593367661627,6.08808037722304,38.805386,36.412525,41.11585
3603,36.03,1.8355251696512254,6.969050989029536,1.8355251549586478,6.969050989029537,38.82195,36.42807,41.1334
3604,36.04,2.035907271300149,7.843295121321429,2.035907256057751,7.843295121321428,38.8765,36.479256,41.191196
3605,36.050000000000004,1.9872983762247352,7.575693466373312,1.98729838858612,7.575693466373313,38.780437,36.389114,41.089417
3606,36.06,2.0633685332368894,7.614337279040954,2.063368490920984,7.614337279040954,38.712177,36.325066,41.01709
3607,36.07,1.8865908328712448,7.469627611466553,1.8865908329439058,7.469627611466553,38.66846,36.284042,40.97077
3608,36.08,2.2038306864028225,7.718817731756231,2.2038306530540104,7.718817731756231,38.755608,36.365818,41.06311
3609,36.09,2.0101968175096223,7.156300298360592,2.010196814971867,7.156300298360592,38.84924,36.453674,41.16231
3610,36.1,2.1787633993963187,7.6892647586307,2.178763353558275,7.689264758630701,38.810867,36.417667,41.12166
3611,36.11,1.872749271938014,7.278390329242855,1.8727492262061538,7.278390329242855,38.71911,36.33157,41.024437
3612,36.12,1.965792230299007,7.278728937169703,1.965792249695512,7.278728937169703,38.765682,36.37527,41.07378
3613,36.13,1.6588030468584656,7.359994989868136,1.6588030852001499,7.359994989868136,38.897835,36.499275,41.213802
3614,36.14,1.9875087816467587,7.720283130942985,1.9875088340211455,7.720283130942985,38.904125,36.505177,41.220467
3615,36.15,1.9171552951330655,8.493969473002721,1.917155299652373,8.493969473002721,38.887543,36.489616,41.202896
3616,36.160000000000004,2.1480711807052186,8.035047336475984,2.1480711711718885,8.035047336475984,38.8419,36.44679,41.15454
3617,36.17,2.1330370790437554,7.805202448803745,2.1330370439621675,7.805202448803744,38.677494,36.29252,40.980343
3618,36.18,1.9272249815187463,8.367382732677399,1.9272249799517753,8.367382732677399,38.815174,36.42171,41.126225
3619,36.19,1.9566716678605893,8.265048437815445,1.9566717194278658,8.265048437815445,38.83827,36.443382,41.150692
3620,36.2,1.9139195646340237,8.111559518499666,1.9139195751331581,8.111559518499666,38.856873,36.46084,41.170403
3621,36.21,1.8421244662779306,7.8007482291719645,1.84212447957398,7.8007482291719645,38.824223,36.4302,41.135807
3622,36.22,1.9871170439644623,8.009480310534991,1.9871170540624576,8.009480310534991,38.754627,36.364895,41.06207
3623,36.230000000000004,2.181351366579305,7.554654714021292,2.181351379970787,7.554654714021292,38.68434,36.298946,40.9876
3624,36.24,2.0802920413544346,8.356705265769845,2.0802920923656023,8.356705265769845,38.63823,36.255676,40.938744
3625,36.25,2.341024519048377,8.144844947670595,2.3410245577272155,8.144844947670595,38.903206,36.504314,41.219494
3626,36.26,2.191883668829495,8.131729431864043,2.1918836533670376,8.131729431864043,38.808205,36.41517,41.118835
3627,36.27,2.0834435658424124,8.56080156901264,2.083443558471373,8.56080156901264,38.813942,36.420555,41.124916
3628,36.28,2.283223707231361,8.136753649744515,2.2832237524805334,8.136753649744515,38.871426,36.474495,41.18582
3629,36.29,2.2898765645460344,8.051828162715546,2.289876527648714,8.051828162715546,38.795605,36.403347,41.105488
3630,36.300000000000004,1.859733905782235,8.163609084432593,1.85973387172799,8.163609084432595,38.85001,36.454395,41.163128
3631,36.31,1.8082662144045138,8.098664933944306,1.8082662671723648,8.098664933944306,38.766487,36.376026,41.074635
3632,36.32,1.872728811545304,7.914093546357345,1.872728771673995,7.914093546357345,38.70066,36.314255,41.004887
3633,36.33,2.185532823460773,8.537966761163597,2.1855328039527304,8.537966761163597,38.741074,36.352177,41.047707
3634,36.34,1.877864924901914,8.046586512340763,1.8778648712663075,8.046586512340763,38.78406,36.392517,41.093254
3635,36.35,1.9748512110809993,8.079881162556275,1.974851226202746,8.079881162556275,38.856026,36.460045,41.169506
3636,36.36,1.8891691202807677,7.458506940076658,1.8891690982497216,7.458506940076658,38.78665,36.394947,41.096
3637,36.37,1.8308896327864879,7.313271794266299,1.8308896205329628,7.313271794266299,38.780617,36.389286,41.089607
3638,36.38,2.0034492018994587,7.243476339044591,2.0034491718093417,7.243476339044591,38.945316,36.543827,41.26411
3639,36.39,1.8783992917399381,7.212437765435019,1.878399286448262,7.212437765435019,38.786236,36.394558,41.095562
3640,36.4,1.8701143173559727,7.646226750923719,25.51316146302981,36.40986437020844,38.83926,36.444313,41.15174
3641,36.410000000000004,1.8258681967991204,7.491320771472824,1.8258681622776463,7.491320771472824,38.88396,36.486256,41.1991
3642,36.42,1.9577686707210895,7.202217159161345,24.077626135329087,35.891140970118066,38.758415,36.36845,41.066082
3643,36.43,1.8770243452413369,7.8886894514265045,1.8770243590256124,7.888689451426504,38.922924,36.522816,41.240387
3644,36.44,1.7945787079368212,8.16181902681492,24.447446397937213,36.12449788692585,38.881424,36.483875,41.196415
3645,36.45,2.123127695341341,8.41400061935668,25.49946808400241,35.854742280863,38.775726,36.384693,41.084423
3646,36.46,1.8136329176857227,8.076085515679557,24.954299596812014,34.74438411605346,38.734764,36.346256,41.041023
3647,36.47,2.056446586107353,7.924351481528015,25.063782369823713,35.38822757299291,38.89105,36.492905,41.20661
3648,36.480000000000004,2.054682038740109,7.813138128445737,2.054682089550749,7.813138128445737,38.849968,36.454357,41.163086
3649,36.49,1.849512006804226,7.923214410354322,25.555103839516036,36.51593364632689,38.910816,36.511456,41.22756
3650,36.5,1.8938922539334793,7.973824029487571,25.468344514898067,35.36005748393422,38.926983,36.526623,41.244686
3651,36.51,1.7225826194921332,8.24814240146723,26.781590868195046,36.30863126984887,38.67741,36.292442,40.980255
3652,36.52,2.1167902140624917,7.583075683266591,26.19924293066946,36.74245815227699,38.852066,36.45633,41.16531
3653,36.53,1.9868592894322032,7.544124469287103,25.425096303042178,36.17297726195854,38.817974,36.42434,41.12919
3654,36.54,2.175740897889219,7.096581454783899,2.1757409343520013,7.096581454783899,38.777496,36.386356,41.0863
3655,36.550000000000004,1.844024877629448,7.1812642043332255,1.8440248556545358,7.1812642043332255,38.751976,36.362408,41.059258
3656,36.56,1.9561322778627581,7.415546549134158,26.594849079426027,36.10271322392745,38.78236,36.39092,41.091454
3657,36.57,2.006809692510994,6.8759852096730905,2.006809702723223,6.8759852096730905,38.827915,36.433666,41.13972
3658,36.58,1.8546322659305885,6.912973375419008,1.854632274954079,6.912973375419008,38.831684,36.437202,41.143715
3659,36.59,1.815693168216191,7.113157971513241,25.32189485726786,36.051466322827125,38.807327,36.41435,41.11791
3660,36.6,2.0286787565513404,6.640204246617512,2.028678802747012,6.640204246617512,38.85231,36.45656,41.16557
3661,36.61,1.762568410466023,7.1026454526505,1.762568418577693,7.1026454526505,38.840725,36.445686,41.153294
3662,36.62,1.9114309038382675,6.478145519690076,1.9114308610846167,6.478145519690076,38.800163,36.407623,41.110313
3663,36.63,2.0055753048707525,6.4714317878304,2.005575321511917,6.471431787830401,38.79245,36.400387,41.102142
3664,36.64,2.022311757761767,7.321157664321823,27.26841629898405,36.548862568538205,38.833447,36.438854,41.14558
3665,36.65,2.380413543891966,6.920538077204635,2.380413496356011,6.920538077204634,38.78616,36.394485,41.095478
3666,36.660000000000004,1.8161275803169135,7.1047994367011595,26.790575259566705,36.08144761024738,38.955956,36.553814,41.275387
3667,36.67,1.9436304329345613,6.5891004869476975,25.641692802311248,35.30795147885964,38.790253,36.398323,41.099815
3668,36.68,1.6680837008511682,7.156405145883991,24.50243088677105,34.17472162208078,38.745052,36.35591,41.051926
3669,36.69,1.8337298764239682,6.861569967274123,23.234220451488792,34.73498817957763,38.735657,36.347095,41.04197
3670,36.7,1.8552642945319116,6.6588119130875,1.855264322950165,6.6588119130875,38.70777,36.32093,41.012424
3671,36.71,1.7529280769751738,6.65173917890752,1.7529280900045134,6.65173917890752,38.835926,36.44118,41.14821
3672,36.72,1.7620448276537066,6.503911439554807,1.7620447861006487,6.503911439554807,38.683495,36.29815,40.9867
3673,36.730000000000004,1.7663015684638157,6.015830310939678,25.38989511516499,35.35563098113108,38.75308,36.363445,41.06043
3674,36.74,1.8733845240898632,6.128093820754361,1.8733845451972497,6.128093820754361,38.763855,36.373558,41.07185
3675,36.75,1.936918472315282,5.876457027795119,1.9369184275962033,5.876457027795119,38.86565,36.469074,41.179703
3676,36.76,2.013649781833061,5.609673134061054,2.0136497271360256,5.609673134061054,38.915554,36.5159,41.232574
3677,36.77,1.8653011330899376,6.20673603283125,1.865301102993797,6.20673603283125,38.78886,36.397022,41.098343
3678,36.78,1.8635682566736167,5.566414454560785,1.8635682345593163,5.566414454560785,38.857548,36.46147,41.171116
3679,36.79,1.908467546513115,5.774535554561095,25.71735402228458,35.55111703582418,38.86379,36.46733,41.17773
3680,36.800000000000004,1.9303503950207805,6.180526670258156,25.63179484816802,35.41791718816034,38.759926,36.36987,41.067684
3681,36.81,1.9987933614625393,5.929026701429539,24.21233579690608,35.32114684765498,38.74137,36.35246,41.048023
3682,36.82,2.0917934204204625,5.802459093078267,26.221102002877743,35.394633187571195,38.761593,36.371433,41.06945
3683,36.83,1.8684591378890723,5.8038527428223095,26.601387975890354,35.70499034260026,38.822502,36.42859,41.133987
3684,36.84,1.9765115111937572,5.966806062573724,25.588111968823117,34.92078359672854,38.90782,36.508644,41.224384
3685,36.85,1.7883170702995281,5.541048186585131,25.28825570580107,34.750398982364054,38.759995,36.369934,41.067757
3686,36.86,1.941835949096244,5.716205107142389,25.264719731809958,34.50615252560094,38.758236,36.368282,41.06589
3687,36.87,1.840689080616968,6.115447229877905,25.689992915060518,35.186936095869655,38.84642,36.45103,41.15933
3688,36.88,1.9671281400888574,5.598707603055958,1.9671280996010325,5.598707603055958,38.900074,36.501377,41.21618
3689,36.89,1.8643149449649448,5.210453453559725,1.8643149510607258,5.210453453559725,38.854454,36.45857,41.167843
3690,36.9,2.0709522895902985,5.927215546857637,2.0709523094741424,5.927215546857636,38.73931,36.350525,41.04584
3691,36.910000000000004,2.1541716501610133,5.635656079387625,2.1541716576276886,5.635656079387625,38.815098,36.42164,41.126137
3692,36.92,1.9457984132225152,6.169214285981489,1.9457984262472432,6.169214285981489,38.769924,36.37925,41.078278
3693,36.93,2.064586073569917,6.079640961201238,2.0645861035346065,6.079640961201238,38.79943,36.40694,41.109543
3694,36.94,1.8725867452123872,5.916282133427614,1.8725867464838646,5.916282133427614,38.841774,36.44667,41.154408
3695,36.95,2.0330154854087934,5.936108817951881,2.0330155093873845,5.936108817951881,38.798195,36.405777,41.10823
3696,36.96,2.015216714935451,5.625991981842147,2.015216746392622,5.625991981842148,38.70407,36.31746,41.008507
3697,36.97,1.882265313727132,5.670683952525417,1.8822653079400988,5.670683952525417,38.835106,36.44041,41.14734
3698,36.980000000000004,2.007582015930514,6.202792626670878,2.0075819796823624,6.2027926266708775,38.84908,36.453526,41.162144
3699,36.99,1.9053648146935895,5.987166689521318,1.9053648337033207,5.987166689521318,38.814915,36.421467,41.125946
3700,37.0,2.11820430626864,6.1148040051441,2.118204274495636,6.1148040051441,38.764523,36.374184,41.072556
3701,37.01,1.9616918631467004,5.753883276926303,1.9616918848111464,5.753883276926303,38.787918,36.396137,41.097343
3702,37.02,1.817975717717869,5.626450084691956,1.8179757114077186,5.626450084691956,38.79703,36.404686,41.107
3703,37.03,1.9432511395691163,5.462727893011741,1.9432511358560345,5.462727893011741,38.92994,36.5294,41.24782
3704,37.04,2.1572170707488185,5.540314181078091,2.1572170888202264,5.540314181078091,38.867832,36.471123,41.182014
3705,37.050000000000004,1.6369676547856258,5.2191793156904955,1.6369676770138362,5.2191793156904955,38.781574,36.390182,41.090622
3706,37.06,1.850300228005457,5.469850610357757,1.8503002551770755,5.469850610357757,38.769733,36.379074,41.078075
3707,37.07,1.9695138702873614,5.778709821549628,1.969513916852929,5.778709821549628,38.81722,36.42363,41.128387
3708,37.08,1.9736395607692572,5.326544951898627,1.973639574638741,5.326544951898627,38.838238,36.44335,41.150658
3709,37.09,1.947365004537233,5.305519042211584,1.9473650392163535,5.305519042211584,38.75324,36.363594,41.060596
3710,37.1,1.772657508728263,5.70751032773566,1.7726575051357758,5.70751032773566,38.71415,36.326912,41.01918
3711,37.11,1.8062580573787486,5.802630745389551,1.806258074500547,5.802630745389551,38.862362,36.46599,41.17622
3712,37.12,1.9159619267029975,5.725867844965981,1.9159619437627982,5.725867844965981,38.80174,36.409103,41.111984
3713,37.13,2.0439330924278196,5.518890856762166,2.0439331578456916,5.518890856762166,38.872936,36.47591,41.18742
3714,37.14,1.8318076726598669,5.672742700277469,1.8318076990417886,5.6727427002774675,38.88923,36.491196,41.204685
3715,37.15,1.8690823109289294,6.1375090833245505,24.033784996090937,34.726025274078374,38.797874,36.40548,41.10789
3716,37.160000000000004,2.0010146964968185,6.030840598106749,2.001014676299808,6.030840598106749,38.835835,36.441097,41.148113
3717,37.17,2.0491451035517225,5.954141471420444,24.430279973458426,34.627143640846654,38.772854,36.382,41.08138
3718,37.18,1.7349105006903587,5.791433292648459,1.734910517495782,5.791433292648459,38.789165,36.397305,41.098663
3719,37.19,1.8256882466490039,5.777389552039654,1.8256882454313241,5.777389552039654,38.93422,36.533417,41.252357
3720,37.2,1.8459516758983185,5.396107065988833,1.8459516677437728,5.396107065988833,38.75457,36.36484,41.062008
3721,37.21,1.9294288696872195,5.3928634087838665,1.9294289135749352,5.3928634087838665,38.659573,36.275707,40.961357
3722,37.22,1.7504551405128477,5.24515887649182,1.7504551481941246,5.24515887649182,38.80293,36.41022,41.113247
3723,37.230000000000004,1.8749591777207335,5.465756403910123,1.8749591474565002,5.465756403910123,38.854115,36.458252,41.16748
3724,37.24,1.78155735832396,5.264096154652067,1.7815574058434211,5.264096154652067,38.909626,36.510338,41.226295
3725,37.25,1.975491049761587,5.335494328718236,1.9754910028140453,5.335494328718236,38.68434,36.298946,40.9876
3726,37.26,1.7386165657160788,4.999926897023585,1.738616536086968,4.999926897023585,38.78444,36.39287,41.09366
3727,37.27,1.8290316904262527,5.363280755586295,1.8290317082696093,5.363280755586295,38.94769,36.546055,41.26663
3728,37.28,1.759016551011719,4.977598729901228,1.7590165456549272,4.977598729901228,38.752026,36.362457,41.059315
3729,37.29,1.928291215793077,5.469883158569489,1.9282911817649153,5.469883158569489,38.800514,36.40795,41.110687
3730,37.300000000000004,1.6422830116738165,5.3314634525853215,1.6422829716927385,5.3314634525853215,38.663486,36.279377,40.9655
3731,37.31,2.0062359773728375,5.866500028840508,2.0062359670958556,5.866500028840508,38.85163,36.455917,41.16485
3732,37.32,1.8171765648758391,5.269812093854118,1.8171765318428894,5.269812093854118,38.79066,36.39871,41.10025
3733,37.33,1.8672890198816603,5.160215998758595,1.8672889979368348,5.160215998758595,38.71361,36.326412,41.018612
3734,37.34,1.7846230135249894,5.138515511333187,1.7846230502799152,5.138515511333187,38.779865,36.38858,41.08881
3735,37.35,2.131918865686777,5.703363954374113,2.1319189129076777,5.703363954374113,38.95796,36.55569,41.277508
3736,37.36,1.7576891993788193,5.608169286483018,1.7576892199206622,5.608169286483018,38.7233,36.335503,41.028877
3737,37.37,1.8755082585747345,5.782438137794609,1.8755082731204784,5.782438137794609,38.703033,36.316486,41.007404
3738,37.38,1.8438067908442897,5.770632223247874,1.8438068283744413,5.770632223247874,38.894638,36.496273,41.210415
3739,37.39,1.915288255760954,5.263092162357694,1.9152882176509798,5.263092162357694,38.851173,36.45549,41.164364
3740,37.4,1.7257099584061466,5.746756497939494,1.7257098987592803,5.746756497939494,38.83266,36.43812,41.14475
3741,37.410000000000004,1.9722695435893995,5.1895632310533015,1.9722695121786638,5.189563231053301,38.867447,36.47076,41.181606
3742,37.42,1.9653974495945863,5.291839902085659,1.965397510515157,5.291839902085659,38.901867,36.503056,41.218075
3743,37.43,1.921544477553344,5.440448666179944,1.9215445246290541,5.440448666179944,38.717384,36.329952,41.02261
3744,37.44,1.8495607746058365,5.270133917806333,1.849560801018911,5.270133917806332,38.685734,36.30025,40.98907
3745,37.45,1.9226471139395847,5.333497763461619,1.922647050438313,5.333497763461619,38.8688,36.47203,41.18304
3746,37.46,1.8899572489025624,5.415643811666772,1.889957217630499,5.415643811666772,38.827133,36.43293,41.138893
3747,37.47,2.1104118650548633,5.588938745826163,2.110411829877411,5.588938745826163,38.895008,36.496624,41.21081
3748,37.480000000000004,1.829293678729191,5.403659818766905,1.8292936453780864,5.403659818766905,38.886524,36.48866,41.20182
3749,37.49,1.9473245232788272,5.277959174521443,1.9473244972436785,5.277959174521444,38.844666,36.449387,41.15747
3750,37.5,1.7915495519863998,5.2888272365770215,1.7915495549566551,5.2888272365770215,38.73327,36.344856,41.03944
3751,37.51,1.9387018034128225,5.17399152523367,1.938701775522676,5.17399152523367,38.78135,36.38997,41.09038
3752,37.52,1.9091262575299186,5.200550024540557,1.9091262782987226,5.200550024540556,38.87972,36.482273,41.194607
3753,37.53,2.0783391524276524,5.5855034620549615,2.078339122514361,5.5855034620549615,38.766342,36.37589,41.074482
3754,37.54,1.7546071043585003,5.441620403114231,1.7546070789977048,5.441620403114231,38.841774,36.44667,41.154408
3755,37.550000000000004,1.857678776972485,5.25288668389709,1.8576787663224041,5.25288668389709,38.708637,36.321743,41.01334
3756,37.56,1.734541725410173,5.208503947366154,1.7345417722185261,5.208503947366154,38.827988,36.433735,41.139797
3757,37.57,1.860151193297747,5.521030453883873,1.8601511612860002,5.521030453883873,38.804276,36.411484,41.114674
3758,37.58,2.136903727571757,5.608765033498123,2.1369037781020084,5.608765033498123,38.79395,36.401794,41.103733
3759,37.59,1.9524287596055614,5.599682294252648,1.952428757970566,5.599682294252648,38.844547,36.449272,41.157345
3760,37.6,1.8119334780625171,5.323983162498794,1.8119334783827383,5.323983162498794,38.81457,36.421146,41.125584
3761,37.61,1.8813500783796493,5.862474536200173,1.88135010432787,5.862474536200173,38.816784,36.42322,41.127926
3762,37.62,1.9070261688065666,5.65172794519539,1.9070261258296888,5.65172794519539,38.94949,36.54774,41.26853
3763,37.63,1.9435577831825288,5.8828665665783,1.9435578078575173,5.8828665665783,38.77785,36.38669,41.086678
3764,37.64,1.8596131660100883,5.392450856629997,1.8596131841370118,5.392450856629997,38.61722,36.235966,40.91648
3765,37.65,1.9367837162813417,5.520888686706043,1.936783667662631,5.520888686706043,38.791897,36.399868,41.101555
3766,37.660000000000004,1.8600781059304996,5.347168546821282,1.8600781451592991,5.347168546821282,38.95916,36.556816,41.278778
3767,37.67,1.7500216755650977,5.1777486149946155,1.750021658391944,5.1777486149946155,38.790394,36.398457,41.099964
3768,37.68,1.804750929115681,5.171311673865901,1.8047508860246804,5.171311673865901,38.87124,36.47432,41.185627
3769,37.69,1.762480789710961,5.603796741530478,1.76248080518151,5.603796741530478,38.91613,36.51644,41.233185
3770,37.7,1.868433326574654,5.955533928642899,1.868433283986657,5.9555339286429,38.811695,36.418446,41.12253
3771,37.71,1.8210984683026132,5.6993188311867335,1.8210984263877872,5.6993188311867335,38.726078,36.338108,41.031822
3772,37.72,1.8486179914756755,5.545269686012794,1.8486179785193162,5.545269686012794,38.81238,36.41909,41.123264
3773,37.730000000000004,1.9206841428446026,5.620693932656093,1.9206841622198343,5.620693932656093,38.781322,36.389946,41.09035
3774,37.74,1.7488592973042927,5.54784316974951,1.7488592964311276,5.54784316974951,38.813263,36.419918,41.124195
3775,37.75,1.8612190485208264,5.8017183329045725,1.8612190740409438,5.8017183329045725,38.68331,36.29798,40.986507
3776,37.76,2.027537912579569,6.095348640375065,2.0275378826414854,6.095348640375065,38.770874,36.380142,41.079285
3777,37.77,1.911911894709956,6.077425364226791,1.911911897649287,6.077425364226791,38.763058,36.372807,41.071
3778,37.78,1.8626052551147005,5.725001703982367,1.8626053031219585,5.725001703982367,38.747955,36.35864,41.055
3779,37.79,1.942003064301452,5.951483735121343,1.9420030643215498,5.951483735121342,38.71636,36.32899,41.021523
3780,37.800000000000004,1.7219791982177086,5.411715338517159,1.7219791453479996,5.411715338517158,38.920906,36.52092,41.238247
3781,37.81,1.7255138757407325,5.3272642245846535,1.7255138579112275,5.3272642245846535,38.784626,36.393047,41.093857
3782,37.82,1.7767529572574827,5.334397075731946,1.7767529821449017,5.334397075731946,38.79738,36.405014,41.10737
3783,37.83,2.1041246744192996,5.648954612241853,2.1041246652599197,5.648954612241853,38.897102,36.49859,41.213028
3784,37.84,1.8593807291285656,5.497571365380947,1.8593807685478674,5.497571365380946,38.7043,36.317673,41.008747
3785,37.85,1.7577387383205152,5.615240073498859,1.757738750965776,5.615240073498859,38.700806,36.314396,41.005043
3786,37.86,1.9064172687198386,5.786794466353404,1.9064172819171534,5.786794466353404,38.84269,36.44753,41.155373
3787,37.87,1.880207883000496,5.6932424294200885,1.880207925283209,5.6932424294200885,38.794445,36.40226,41.104256
3788,37.88,2.041426117897064,5.806677413471516,2.0414261271030485,5.806677413471516,38.779858,36.388573,41.088802
3789,37.89,1.8686109059392886,6.047616920946564,1.8686109158607713,6.047616920946564,38.857735,36.461647,41.171318
3790,37.9,1.8216348087588146,6.181324839581478,1.8216347989103376,6.181324839581477,38.842957,36.44778,41.15566
3791,37.910000000000004,1.8547488995019994,5.891482564359908,1.8547489227626384,5.891482564359908,38.79056,36.398617,41.100143
3792,37.92,1.926067889219132,5.844319046238346,1.9260678947882834,5.844319046238346,38.739353,36.350567,41.045887
3793,37.93,1.9211165108841441,5.834260910847843,1.9211165183993226,5.834260910847842,38.86944,36.472626,41.183716
3794,37.94,1.7862664974010007,5.426186666839218,1.7862665495710544,5.426186666839218,38.770668,36.379948,41.079063
3795,37.95,2.0834345973501542,5.74050113644282,2.0834346581011043,5.74050113644282,38.78228,36.390842,41.091366
3796,37.96,1.8049162694854177,5.656100196784997,1.804916310747003,5.656100196784997,38.810738,36.41755,41.12152
3797,37.97,1.9996121078175482,5.840722316037116,1.9996120648719322,5.840722316037116,38.84233,36.447193,41.154995
3798,37.980000000000004,2.014213656874665,6.169299229054799,2.0142136653855554,6.169299229054799,38.72943,36.341255,41.035374
3799,37.99,1.8528108701146477,5.8046796803448855,1.85281089848049,5.804679680344885,38.954716,36.552647,41.27407
3800,38.0,1.8333911488271284,6.032572496760985,1.8333911382424324,6.032572496760984,38.8512,36.455517,41.164394
3801,38.01,1.7199163334013847,5.983395733852949,1.7199163758995986,5.983395733852949,38.834644,36.439983,41.14685
3802,38.02,1.8037201198781545,5.946303083616194,1.8037201312195412,5.946303083616194,38.737793,36.3491,41.04423
3803,38.03,1.8156031533804213,6.479242944047005,1.8156031377199775,6.479242944047006,38.78113,36.389767,41.09015
3804,38.04,1.8109801718757248,6.664119053817552,1.810980176178903,6.664119053817552,38.75833,36.368374,41.065994
3805,38.050000000000004,1.802287388706293,6.712565163347929,1.8022874101411375,6.712565163347929,38.850407,36.45477,41.16355
3806,38.06,1.9709270593179942,6.669735095622989,1.9709270112310922,6.66973509562299,38.770573,36.37986,41.078964
3807,38.07,2.0981492366475045,6.6941947808041915,2.0981492522568814,6.6941947808041915,38.83876,36.443844,41.15121
3808,38.08,1.939853621093502,6.890309385743053,1.9398536192868232,6.890309385743053,38.670708,36.28615,40.973156
3809,38.09,1.8617129127021879,6.746223019701982,1.8617129147524878,6.746223019701982,38.8152,36.421734,41.126247
3810,38.1,1.8665894542927361,6.642657144988534,1.8665894837784327,6.642657144988534,38.667255,36.282913,40.969494
3811,38.11,1.9676344185966717,6.8311676028181765,1.9676343982150288,6.831167602818176,38.8191,36.425396,41.13038
3812,38.12,1.851143653584896,6.323340500179755,1.851143660082043,6.323340500179755,38.855446,36.4595,41.16889
3813,38.13,2.0758280677856438,6.817012912786179,2.075828116280383,6.817012912786179,38.63217,36.249992,40.932323
3814,38.14,1.794928123614009,6.6311792326751835,1.7949281521252818,6.6311792326751835,38.789333,36.397465,41.098843
3815,38.15,1.787934296343703,6.5492470579790885,1.7879343055598007,6.5492470579790885,38.760788,36.370678,41.068596
3816,38.160000000000004,1.7906117860693398,6.451510739870467,1.7906118088287057,6.451510739870467,38.70717,36.320366,41.011787
3817,38.17,1.7234219385655016,6.2455706766675405,1.7234219249997695,6.245570676667541,38.80127,36.408665,41.11149
3818,38.18,1.8105732478744019,6.625203931652187,1.8105732026154115,6.625203931652187,38.799355,36.406868,41.10946
3819,38.19,1.6867530828157573,6.6250389397261,1.6867530629445344,6.6250389397261,38.828663,36.434364,41.14051
3820,38.2,1.8258305300540019,6.800791519851498,1.8258304798471214,6.800791519851499,38.786346,36.39466,41.095676
3821,38.21,1.9348859312990063,6.81529089275376,1.934885972310799,6.81529089275376,38.81052,36.417347,41.121292
3822,38.22,1.8491097586483176,6.624756386204804,1.8491098009844193,6.624756386204804,38.98295,36.57914,41.303986
3823,38.230000000000004,1.7938366679599256,6.780346424259799,1.7938366716288294,6.780346424259799,38.75882,36.36883,41.066513
3824,38.24,1.7559085249731576,6.995312569724965,1.7559084863535743,6.995312569724965,38.856,36.46002,41.169476
3825,38.25,1.8750213507227096,7.197743926284246,1.8750213525551342,7.197743926284246,38.83633,36.441563,41.14864
3826,38.26,1.9187947342569658,7.236950767098345,1.91879470946269,7.236950767098345,38.79621,36.403915,41.10613
3827,38.27,1.9495711970106702,6.841635171955299,1.94957114598834,6.841635171955298,38.90382,36.50489,41.220146
3828,38.28,1.7938844303395385,6.540169812699425,1.7938844151010278,6.540169812699425,38.72497,36.33707,41.030647
3829,38.29,1.8750841420299316,6.3088170071118,1.8750841706036956,6.3088170071118,38.867683,36.47098,41.181858
3830,38.300000000000004,1.9779890178571253,6.37836292569497,1.9779890485489513,6.37836292569497,38.79153,36.399525,41.10117
3831,38.31,1.7891262074427987,6.6866281882897525,1.7891261941262617,6.6866281882897525,38.82728,36.433067,41.139046
3832,38.32,1.8735031110928966,7.261545657825726,1.8735030738444358,7.261545657825726,38.736313,36.347713,41.042667
3833,38.33,1.7195850526724037,8.250531293213019,1.7195850527177132,8.250531293213019,38.823074,36.429123,41.134594
3834,38.34,1.842117764364256,7.792671470080683,1.8421177923469505,7.792671470080683,38.7188,36.331276,41.02411
3835,38.35,1.9755037029800255,7.52545946634839,1.9755037021821824,7.52545946634839,38.68812,36.302494,40.991604
3836,38.36,1.769418956061825,7.57774803903435,1.7694189559438704,7.57774803903435,38.809097,36.41601,41.119785
3837,38.37,1.872143020863076,6.88299953002361,1.8721430399104437,6.88299953002361,38.699333,36.31301,41.003483
3838,38.38,1.8239247169858077,7.340308197425253,1.8239247171741204,7.340308197425253,38.752075,36.3625,41.059364
3839,38.39,1.8136896113697074,7.4825043213034945,1.8136896116027268,7.482504321303495,38.902798,36.50393,41.21906
3840,38.4,1.8553733774994632,6.887547282503566,1.8553733571451323,6.887547282503566,38.798347,36.405922,41.10839
3841,38.410000000000004,1.884256470351471,7.108596524916805,1.8842564807529076,7.108596524916805,38.759384,36.369358,41.06711
3842,38.42,1.7967757989406905,7.202772732819278,1.796775830864077,7.202772732819277,38.879436,36.48201,41.19431
3843,38.43,1.6205934829385589,7.3168693965477125,1.620593482136363,7.3168693965477125,38.89132,36.49316,41.206898
3844,38.44,1.9481723807725564,6.759009909867448,1.9481723486049423,6.759009909867448,38.741444,36.352528,41.0481
3845,38.45,2.120735009308162,6.403207275839421,2.120734997010874,6.4032072758394225,38.819263,36.42555,41.130554
3846,38.46,1.7320735501208386,6.780838624305636,1.7320735108935819,6.780838624305636,38.790764,36.398804,41.100357
3847,38.47,1.9064647052060126,7.345756409166358,1.9064647323201815,7.345756409166358,38.74034,36.35149,41.046932
3848,38.480000000000004,1.9667879672228328,7.259235828368174,1.966787962788776,7.259235828368174,38.765877,36.375454,41.07399
3849,38.49,2.0268092303402843,6.642653066116493,2.0268092027049,6.642653066116493,38.704304,36.317677,41.00875
3850,38.5,2.0812571066556766,7.260768630884305,2.081257078667613,7.260768630884305,38.671658,36.287045,40.974163
3851,38.51,2.011879346791026,7.108456209587589,2.0118794031293112,7.10845620958759,38.849808,36.45421,41.162918
3852,38.52,1.709013208748084,7.035401144848877,1.7090131831370707,7.035401144848877,38.73478,36.34627,41.04104
3853,38.53,1.9684135162615548,7.595228158110537,1.9684135527139994,7.595228158110537,38.82101,36.42719,41.132404
3854,38.54,1.9233877696016088,7.481330373479439,1.9233877971745301,7.481330373479439,38.837543,36.4427,41.14992
3855,38.550000000000004,1.81476895588879,7.835827812537533,1.8147689858593923,7.835827812537533,38.845844,36.45049,41.15872
3856,38.56,1.9604301446407448,7.503176234076144,1.9604301159350177,7.503176234076145,38.7492,36.359802,41.056316
3857,38.57,2.0839240740965135,7.3681191618404425,2.0839240560386925,7.368119161840442,38.768475,36.37789,41.07674
3858,38.58,1.8338574416723221,8.09156959189177,1.8338573957987434,8.09156959189177,38.80601,36.413113,41.116512
3859,38.59,1.859875037068795,7.426149159273754,1.8598750352048097,7.426149159273755,38.723408,36.3356,41.02899
3860,38.6,1.8586499633798437,7.384021962873267,1.858649914564283,7.384021962873268,38.72903,36.34088,41.03495
3861,38.61,1.8300240702138273,7.533477956730778,1.8300240672765022,7.533477956730778,38.6674,36.28305,40.96965
3862,38.62,1.896717924414354,7.1733369659386454,1.8967179259396574,7.1733369659386454,38.77314,36.382267,41.081684
3863,38.63,1.9140222236059883,6.30161483070989,1.9140222149817039,6.30161483070989,38.81612,36.4226,41.127224
3864,38.64,2.141746189366572,6.589248956112738,2.141746194329289,6.589248956112739,38.775383,36.384373,41.08406
3865,38.65,1.968442475201689,6.6230712224379085,1.968442427250165,6.623071222437907,38.810375,36.41721,41.121136
3866,38.660000000000004,1.8296861072582262,6.381931051064793,1.8296861190443565,6.381931051064793,38.653267,36.269787,40.954674
3867,38.67,1.7651024061047806,6.7085864769075,1.7651023927752805,6.708586476907499,38.895615,36.497192,41.211452
3868,38.68,1.9858456254037986,6.513623976609732,1.9858455878774197,6.513623976609732,38.830307,36.43591,41.142254
3869,38.69,1.8779956511393985,6.972801770247583,1.8779956612413409,6.9728017702475835,38.65163,36.268253,40.95294
3870,38.7,1.9218501783471422,7.003023089445313,1.9218501670222543,7.003023089445314,38.824524,36.430485,41.136127
3871,38.71,1.838587848960454,6.638976987901273,1.8385878302721272,6.638976987901273,38.93898,36.537884,41.2574
3872,38.72,1.9191411439651884,6.641040002962234,1.9191411362513264,6.641040002962234,38.819473,36.425743,41.130775
3873,38.730000000000004,1.8730745047546886,6.680186576896055,1.873074509150352,6.680186576896055,38.801964,36.409313,41.112225
3874,38.74,1.7691145686216985,6.7390627455215855,1.7691145853020136,6.7390627455215855,38.67549,36.29064,40.97822
3875,38.75,2.1295297351232563,6.74482195982143,2.129529748979157,6.744821959821431,38.80729,36.414314,41.117867
3876,38.76,1.7975174985345654,6.953796804864168,1.7975175128854317,6.953796804864168,38.77262,36.38178,41.08113
3877,38.77,1.8600842365818806,6.854015581108832,1.8600842253693308,6.854015581108833,38.753998,36.364304,41.0614
3878,38.78,1.8863229201830876,6.671671758622446,1.8863229491109028,6.671671758622446,38.813686,36.420315,41.124645
3879,38.79,1.893232704537094,6.338348601735264,1.8932327254872094,6.338348601735264,38.75602,36.366203,41.063545
3880,38.800000000000004,1.9346327315494039,6.899824833643991,1.9346327158858332,6.899824833643991,38.97701,36.573566,41.29769
3881,38.81,1.8594762580312023,6.837664443381391,1.85947628498926,6.837664443381391,38.873615,36.476547,41.18814
3882,38.82,1.7213751385581324,6.774880063658746,1.7213751342512116,6.774880063658746,38.769238,36.37861,41.07755
3883,38.83,1.9829002615766391,7.466631592220323,1.982900235336109,7.466631592220324,38.89932,36.500668,41.215378
3884,38.84,1.929589437576206,6.8925494843401305,1.9295894389950128,6.8925494843401305,38.762714,36.372482,41.070637
3885,38.85,1.9217010422264293,7.187077700459527,1.9217010444010225,7.187077700459527,38.84083,36.445786,41.153404
3886,38.86,1.8753090407321351,6.833052824816517,1.8753090134607515,6.833052824816517,38.814598,36.421173,41.125614
3887,38.87,1.7774120880042568,6.982730703199014,1.7774120608585866,6.982730703199014,38.855858,36.459885,41.169327
3888,38.88,1.7884412126521902,7.480653111103315,1.788441212572219,7.480653111103315,38.724735,36.33685,41.0304
3889,38.89,1.9309238725943005,7.417566189624624,1.9309239264565,7.417566189624625,38.809822,36.416687,41.120552
3890,38.9,1.8659395626345456,7.357516962920279,1.8659395623448438,7.357516962920279,38.747562,36.358265,41.05458
3891,38.910000000000004,1.9531792001944994,7.395052816553323,1.953179158574719,7.395052816553323,38.78645,36.394756,41.095787
3892,38.92,1.846937112539574,7.007490393169789,1.8469371201948748,7.007490393169788,38.8386,36.443695,41.151043
3893,38.93,1.7974526236309967,6.957908362514606,1.7974526666339157,6.957908362514606,38.914734,36.515133,41.23171
3894,38.94,1.8383565088595766,6.145480065719217,1.8383565144613294,6.145480065719217,38.70067,36.314266,41.004898
3895,38.95,1.8331377176605268,6.041906390577487,1.8331377130114126,6.041906390577488,38.865417,36.468857,41.17946
3896,38.96,1.8411294143446895,6.931369486006986,1.8411293786671574,6.931369486006986,38.83161,36.437134,41.14364
3897,38.97,1.9561773232582897,6.4970016603953695,1.9561772773285722,6.4970016603953695,38.785988,36.394325,41.0953
3898,38.980000000000004,2.1650154972221993,6.327112274582443,2.1650154681474514,6.327112274582443,38.73627,36.34767,41.04262
3899,38.99,1.8786152735996708,6.292982289251961,1.8786152481695715,6.292982289251961,38.780468,36.389145,41.08945
3900,39.0,1.9274472139361642,6.799079434442983,1.9274472428366143,6.799079434442983,38.83998,36.44499,41.152504
3901,39.01,1.931458081730951,7.120817741460919,1.9314580631317406,7.120817741460919,38.72258,36.334827,41.028114
3902,39.02,2.0282433646031404,6.759984044825171,2.028243378152863,6.759984044825171,38.78542,36.39379,41.094696
3903,39.03,1.8038540896911341,7.076703720766771,1.8038540499424824,7.076703720766772,38.741325,36.352417,41.047977
3904,39.04,1.7236467399931987,7.093866245697536,1.723646772955732,7.093866245697537,38.73489,36.34638,41.04116
3905,39.050000000000004,2.268527671901554,6.892884223742711,2.2685276330608617,6.892884223742711,38.825573,36.43147,41.13724
3906,39.06,1.734155564201117,6.493582544907104,1.7341555602446301,6.493582544907104,38.863766,36.467304,41.177704
3907,39.07,1.9093408130784466,6.395815845283997,1.9093408255263036,6.395815845283997,38.811546,36.41831,41.12238
3908,39.08,1.9342896509215355,6.96536038652668,1.9342896242210978,6.965360386526681,38.794888,36.402676,41.10473
3909,39.09,2.0036754803846555,7.183861429200862,2.0036754970252186,7.183861429200862,38.855904,36.45993,41.169376
3910,39.1,1.935004637321981,6.798823617797845,1.9350045897060821,6.798823617797845,38.75987,36.369816,41.067623
3911,39.11,2.046235003573607,6.659879978113559,2.0462349652945773,6.659879978113559,38.733646,36.34521,41.03984
3912,39.12,1.9963230050255203,6.222696721425407,1.996322963914129,6.222696721425407,38.852272,36.45652,41.165527
3913,39.13,2.28968034648545,6.850992087355785,2.2896802905390703,6.850992087355785,38.821453,36.4276,41.132874
3914,39.14,1.6800276834898211,6.293178074331825,1.6800277137166735,6.293178074331825,38.79305,36.40095,41.10278
3915,39.15,2.2019302555109848,6.626528018136494,2.2019302113221895,6.626528018136494,38.818054,36.424416,41.129272
3916,39.160000000000004,2.225377564833522,6.054431152311171,2.2253775446536617,6.054431152311171,38.800503,36.407944,41.110676
3917,39.17,1.8309659321893856,6.71432555320115,1.8309658925540382,6.71432555320115,38.772495,36.381664,41.081
3918,39.18,1.9441341908610072,6.580019368915689,1.944134171402796,6.580019368915689,38.835457,36.440742,41.147713
3919,39.19,1.9242556948556835,6.725161689072917,1.9242557457058196,6.725161689072917,38.79136,36.399364,41.100986
3920,39.2,1.7121975366773985,6.827788786290429,1.7121975616530432,6.82778878629043,38.819447,36.42572,41.13075
3921,39.21,1.7559312874079596,6.701225050269465,1.7559312991840506,6.701225050269465,38.60822,36.22752,40.906944
3922,39.22,1.7605956993093064,7.648677223818423,1.7605957189639514,7.648677223818423,38.79495,36.402733,41.104794
3923,39.230000000000004,1.8995131832405532,6.726315588529006,1.8995131861481371,6.726315588529006,38.87717,36.47988,41.191906
3924,39.24,1.9029233163578194,6.154169079615578,1.90292330715475,6.154169079615578,38.86269,36.466297,41.176567
3925,39.25,1.8717738721205024,6.614613482937265,1.8717738361135534,6.614613482937265,38.730766,36.342506,41.03679
3926,39.26,1.7816779182491844,6.74454070039085,1.7816779095755049,6.74454070039085,38.86207,36.465714,41.175907
3927,39.27,1.7559310085413131,5.9261624420072625,1.7559309804014096,5.9261624420072625,38.791332,36.39934,41.10096
3928,39.28,1.8514631508417285,6.65928835103067,1.8514631409519793,6.65928835103067,38.86505,36.46851,41.179066
3929,39.29,1.9588799077779717,6.485531178255186,1.958879924670509,6.485531178255185,38.811756,36.418503,41.1226
3930,39.300000000000004,1.8659226398817226,6.1835307923534915,1.8659226648475753,6.1835307923534915,38.86288,36.466473,41.176765
3931,39.31,1.970121800363833,6.4603672528282114,1.9701217863389389,6.4603672528282114,38.84375,36.448524,41.156498
3932,39.32,1.85265189126798,6.475751607891468,1.8526519436502409,6.475751607891468,38.772373,36.381546,41.08087
3933,39.33,1.8457214474978065,6.577421974838616,1.845721415531919,6.577421974838615,38.72676,36.33875,41.032543
3934,39.34,1.8605782942046303,6.6330250334069305,1.8605783223986805,6.6330250334069305,38.676334,36.29143,40.979115
3935,39.35,1.7799849604767204,6.819261943612031,1.77998497759274,6.819261943612031,38.739605,36.350803,41.046154
3936,39.36,1.675436117477951,6.167070477642512,1.675436150211907,6.167070477642512,38.691483,36.305645,40.995167
3937,39.37,1.9158584430695533,6.206940719850746,1.9158584967559877,6.2069407198507465,38.847706,36.452236,41.160686
3938,39.38,1.8378720397486425,6.201797884955455,1.8378720654427843,6.201797884955455,38.60921,36.22845,40.907997
3939,39.39,1.7459022748325688,6.167570437628009,1.745902283682761,6.167570437628011,38.816017,36.4225,41.127113
3940,39.4,1.709376698982911,5.96077454489465,1.709376731928659,5.96077454489465,38.8602,36.46396,41.173927
3941,39.410000000000004,1.8174126138944557,6.366760765725499,1.8174126310413063,6.366760765725499,38.833847,36.43923,41.146004
3942,39.42,1.8471000402621576,6.045758009425665,1.847100030355007,6.045758009425664,38.73578,36.34721,41.0421
3943,39.43,1.821916621027531,6.422459099227974,1.8219166240958065,6.422459099227974,38.688377,36.30273,40.991875
3944,39.44,1.7983948819693811,6.30592769881288,1.7983948506566088,6.305927698812879,38.793316,36.4012,41.10306
3945,39.45,1.826720417181197,6.281916309695551,1.8267203893130095,6.281916309695551,38.77264,36.3818,41.081158
3946,39.46,1.9833406726826273,6.207572117952513,1.9833406356182395,6.207572117952513,38.675472,36.290623,40.978203
3947,39.47,1.852813338936278,6.466630723361665,1.852813391235045,6.466630723361665,38.767513,36.376987,41.07572
3948,39.480000000000004,1.974860453391008,5.924916797374287,1.9748605109776658,5.924916797374287,38.72533,36.337406,41.03103
3949,39.49,1.914529244246077,5.850754313841828,1.9145292219642447,5.850754313841828,38.659294,36.27544,40.96106
3950,39.5,1.938475694712843,6.178248808087837,1.938475723973158,6.178248808087837,38.755833,36.366028,41.063347
3951,39.51,2.0373501322955927,6.141354225004067,2.0373500934674484,6.141354225004067,38.8654,36.468838,41.179436
3952,39.52,1.7450597357700506,5.998210085726415,1.7450597299242854,5.998210085726415,38.812794,36.419476,41.1237
3953,39.53,1.8836809012674698,5.86174794299276,1.8836809394955158,5.861747942992759,38.78707,36.39534,41.096443
3954,39.54,1.9341295992004794,6.153936213819722,1.9341296629739533,6.153936213819723,38.81355,36.420185,41.1245
3955,39.550000000000004,2.0192938618929968,6.329739208592765,2.0192938392921627,6.329739208592765,38.74505,36.355907,41.051918
3956,39.56,2.007499961508066,5.985724741200263,2.0074999852559148,5.985724741200263,38.71895,36.33142,41.02427
3957,39.57,1.8930784160435963,6.092998830634761,1.8930784648160655,6.092998830634761,38.760006,36.36994,41.06777
3958,39.58,1.9287361505732692,6.63779239502651,1.9287361328509622,6.63779239502651,38.795425,36.40318,41.105297
3959,39.59,2.1749031835463053,6.310455474718434,2.1749031932886678,6.310455474718433,38.737083,36.34844,41.043484
3960,39.6,1.8860044401950424,6.115158355180778,1.8860043970479248,6.115158355180778,38.750214,36.360756,41.057392
3961,39.61,1.893985493831867,5.691107597113163,1.8939855124269285,5.691107597113163,38.838825,36.443905,41.15128
3962,39.62,1.8356993911093817,5.777156666944399,1.8356993287113368,5.777156666944399,38.758194,36.368244,41.06585
3963,39.63,1.9356560056908971,5.417974266987009,1.935655934531185,5.417974266987008,38.81041,36.41724,41.121174
3964,39.64,1.9809501591054701,5.787933436756198,1.980950133251284,5.787933436756198,38.709274,36.322342,41.01402
3965,39.65,1.7955047502927934,5.601246784202594,1.7955046996444621,5.601246784202594,38.78005,36.38875,41.089005
3966,39.660000000000004,1.928118422261129,5.957594505480682,1.9281184697539409,5.957594505480682,38.751587,36.362045,41.05885
3967,39.67,1.7350313644091515,5.949284255929629,1.735031381136052,5.949284255929629,38.949764,36.548,41.26882
3968,39.68,1.9155517339056618,6.011184620944287,1.9155516965583044,6.011184620944286,38.728302,36.340195,41.034176
3969,39.69,1.8853815010674064,5.921583221765298,1.8853815102933689,5.921583221765298,38.876278,36.479046,41.190964
3970,39.7,1.8643950008392687,5.555109802801747,1.8643950203858533,5.555109802801746,38.800247,36.407707,41.11041
3971,39.71,1.913626461932826,6.354385032608015,1.9136264576834965,6.354385032608015,38.74233,36.35336,41.04904
3972,39.72,2.099147896881988,6.186142663733848,2.0991478819930056,6.186142663733848,38.896023,36.497574,41.211884
3973,39.730000000000004,1.8811788241479952,6.066948916491826,20.329235053989944,35.4663768695417,38.70179,36.315315,41.006084
3974,39.74,1.8805394163071616,6.753791310230261,23.188196593397077,35.688437990555606,38.83627,36.441505,41.148575
3975,39.75,1.900509671964944,5.892597167235518,22.39764477341561,36.91543814336698,38.882164,36.48457,41.1972
3976,39.76,1.9848799741873193,5.965578367413135,24.281448408711622,37.21409496602463,38.849815,36.454216,41.162926
3977,39.77,1.858854323962397,5.871179988922536,1.8588543771819943,5.871179988922536,38.847878,36.452396,41.160873
3978,39.78,1.916992801206132,6.157994548392372,26.23780869145137,37.333291646352684,38.860336,36.46409,41.174076
3979,39.79,1.8950583354096822,6.284177490673308,24.951321137600633,37.10982579070682,38.818684,36.425003,41.12994
3980,39.800000000000004,1.7525934061083672,6.150403815143693,25.76460428417183,37.42590257754605,38.68927,36.30357,40.99282
3981,39.81,1.9184156477395828,6.032489414102326,1.9184156829051773,6.032489414102325,38.821617,36.427757,41.13305
3982,39.82,1.978314005542441,6.341084075033887,1.9783139438922028,6.341084075033888,38.69738,36.31118,41.00141
3983,39.83,1.9151604689298438,6.4325255988292485,1.9151604411789531,6.4325255988292485,38.797443,36.405075,41.107437
3984,39.84,1.8150963287619573,5.907411558647669,1.8150962872566965,5.907411558647669,38.657257,36.273533,40.958904
3985,39.85,1.8587200060292697,5.817896921989273,1.8587199897264415,5.817896921989273,38.747543,36.358253,41.054565
3986,39.86,2.053040964321204,6.06696868834777,2.0530409493463777,6.06696868834777,38.613148,36.232143,40.912167
3987,39.87,1.910840213771304,6.079544384125983,24.23881087430969,36.92151166701726,38.736954,36.348312,41.043343
3988,39.88,2.0043845707859678,6.0781105665208575,23.967649993833007,37.035926101010965,38.76942,36.378777,41.077744
3989,39.89,1.8404777087706194,6.029175444778565,23.658501625308894,37.03043026838775,38.91419,36.514618,41.23113
3990,39.9,1.7783129440325782,5.904807554909392,25.448488597623417,37.269480786354215,38.90627,36.507187,41.22274
3991,39.910000000000004,2.0562690194112307,6.467726452492324,24.542958485834244,37.066085938983264,38.72325,36.335457,41.028828
3992,39.92,1.999447534748669,6.021283621910642,25.53985368090186,37.0599873594854,38.625534,36.243763,40.92529
3993,39.93,1.8729544433071157,5.9263274559403,27.313018064509947,37.322987021230475,38.810345,36.41718,41.1211
3994,39.94,1.7949825324578672,5.771249313227931,25.038475099377113,37.26985519542379,38.87261,36.4756,41.187073
3995,39.95,1.9367446391355092,5.7247645155457185,1.9367445953092928,5.7247645155457185,38.76925,36.378616,41.077564
3996,39.96,1.8139896703411416,6.11521422088807,25.546795996270376,37.29485027743734,38.726475,36.33848,41.03224
3997,39.97,1.7932122178022492,5.881558291731708,1.7932121936635137,5.881558291731708,38.885555,36.48775,41.200794
3998,39.980000000000004,1.9007312475618068,6.038733874711309,1.9007312173929105,6.038733874711309,38.727215,36.339176,41.033028
3999,39.99,1.8750332930006037,6.094007120710842,1.8750332658544142,6.094007120710842,38.702003,36.315517,41.006313
4000,40.0,1.7994364854567735,6.429121690621603,1.799436479516937,6.429121690621603,38.784775,36.393185,41.09401
4001,40.01,1.8908636161656103,6.135931278801176,1.8908636105605634,6.135931278801176,38.74928,36.35988,41.056404
4002,40.02,1.9351528413764356,6.136590751106034,1.9351528092909795,6.136590751106034,38.82786,36.433613,41.139664
4003,40.03,1.8862233964482589,5.561796484066919,1.8862234119180588,5.56179648406692,38.79631,36.40401,41.106236
4004,40.04,1.9855104507749397,6.014346624404073,1.9855104184988162,6.014346624404073,38.78748,36.39572,41.096878
4005,40.050000000000004,1.967854060131906,5.948248448138171,1.9678541081746976,5.948248448138171,38.746838,36.35759,41.053818
4006,40.06,2.0467303574885536,5.436523195939618,2.046730344406899,5.436523195939618,38.79456,36.402367,41.104378
4007,40.07,1.9155389928570814,5.429719205834412,1.9155390104909773,5.429719205834412,38.81459,36.42116,41.125603
4008,40.08,2.0372170740475455,5.682927868115684,2.037217108373074,5.682927868115684,38.784782,36.393196,41.09402
4009,40.09,2.093137235104636,5.732452656747636,2.093137209658013,5.732452656747636,38.843285,36.44809,41.156006
4010,40.1,1.8748787663199171,5.726238138615445,28.77794160909099,38.58682137713679,38.801853,36.40921,41.112106
4011,40.11,1.7125270759541205,5.487429209359959,1.7125270576989857,5.487429209359959,38.773823,36.382908,41.08241
4012,40.12,1.804082038906061,5.692131236992122,26.834175932453544,38.37390793167198,38.87495,36.477802,41.189556
4013,40.13,1.9006225373896644,5.717073784075709,1.9006225295922385,5.717073784075709,38.818565,36.424892,41.129814
4014,40.14,2.115945843791903,5.749959188414043,27.262883956019266,38.402794304504994,38.823612,36.42963,41.135162
4015,40.15,1.8699617607949326,5.778643233527736,1.8699617514387463,5.778643233527736,38.885273,36.487488,41.200497
4016,40.160000000000004,1.8550260720557394,5.817837200515253,1.8550260835037906,5.817837200515253,38.907055,36.507923,41.22357
4017,40.17,1.8390588494108495,5.824272433404771,1.8390588343787941,5.824272433404771,38.782043,36.390625,41.091118
4018,40.18,1.8276308854071983,5.92037903562396,1.8276308763743536,5.92037903562396,38.753292,36.363644,41.060654
4019,40.19,1.8448237314068314,5.912206167592252,1.844823695923596,5.912206167592252,38.793617,36.40148,41.10338
4020,40.2,1.9705604039140012,6.326644813612254,1.9705603988100702,6.326644813612254,38.802605,36.409916,41.112904
4021,40.21,1.8488357648015412,5.984001596858997,1.8488357388992744,5.984001596858997,38.81688,36.42331,41.128025
4022,40.22,2.105101820530945,5.842916752161328,2.1051018550138623,5.842916752161328,38.8796,36.482166,41.194485
4023,40.230000000000004,2.160661817872143,6.41753623213524,2.1606618333096814,6.41753623213524,38.71885,36.331326,41.02416
4024,40.24,2.0608769702765932,6.258869152619067,2.060877019415309,6.258869152619068,38.719223,36.331676,41.02456
4025,40.25,2.1201724123795818,6.420987294785564,2.120172438157469,6.420987294785564,38.83319,36.438614,41.14531
4026,40.26,2.0774260747428945,6.478069018061581,2.077426105421617,6.478069018061581,38.798824,36.40637,41.1089
4027,40.27,2.106803056302782,6.694709084224158,2.1068030793450547,6.694709084224157,38.646305,36.263256,40.9473
4028,40.28,2.031164637606523,6.925963161004184,2.0311646074437877,6.925963161004184,38.865433,36.468872,41.179474
4029,40.29,1.8770092007294223,6.842694162779634,1.87700914867497,6.842694162779634,38.799034,36.406567,41.109123
4030,40.300000000000004,2.1143237196526457,7.10551782051728,2.114323750026407,7.10551782051728,38.778404,36.387207,41.08726
4031,40.31,1.8448683880398942,6.8389328373396685,1.844868400998781,6.838932837339668,38.8763,36.47907,41.19099
4032,40.32,2.0738075380787127,6.900807109079048,2.073807534544652,6.900807109079049,38.645752,36.262737,40.946712
4033,40.33,1.720780486842767,6.900039746128097,1.7207804873508257,6.900039746128096,38.788868,36.397026,41.09835
4034,40.34,2.224046628439668,6.719516462074551,2.2240466142427078,6.719516462074551,38.835808,36.44107,41.148083
4035,40.35,1.8898470949038755,6.762979366097682,1.889847068348905,6.762979366097681,38.727695,36.339626,41.033535
4036,40.36,2.140952695608135,6.880410267723035,2.140952671554539,6.880410267723035,38.811428,36.418198,41.122253
4037,40.37,2.004324742170632,6.928214066328436,2.004324726336969,6.928214066328436,38.77548,36.38446,41.08416
4038,40.38,1.9061619751697576,7.0490779148376745,1.9061620210593986,7.0490779148376745,38.740566,36.351704,41.047173
4039,40.39,1.9956662634791769,6.75866531606765,1.9956662777864889,6.75866531606765,38.806526,36.413593,41.117058
4040,40.4,2.1108913877697253,6.75599157834232,2.110891358516929,6.75599157834232,38.81624,36.422707,41.127346
4041,40.410000000000004,1.9184727056562567,5.867044583181108,1.9184726773958554,5.867044583181108,38.795723,36.403458,41.105614
4042,40.42,1.8635494132277088,5.913350640509599,1.8635494022407504,5.913350640509599,38.7646,36.374256,41.072636
4043,40.43,2.0334666012680396,5.748704429589143,2.033466652713692,5.748704429589142,38.91378,36.514236,41.230698
4044,40.44,2.0049585760952224,5.384113201312807,2.0049585921934265,5.3841132013128075,38.639496,36.256866,40.940083
4045,40.45,1.9569373055868817,6.002776016077843,1.9569373362415858,6.002776016077843,38.70069,36.314285,41.00492
4046,40.46,1.9679047052961893,5.888680871109729,1.9679046924382346,5.888680871109728,38.717377,36.329945,41.022602
4047,40.47,1.9569428859215423,5.5921685131222985,1.9569428696728088,5.5921685131222985,38.756886,36.367016,41.06446
4048,40.480000000000004,1.9306833427333816,5.997470769744158,1.93068337463269,5.997470769744157,38.798336,36.40591,41.10838
4049,40.49,2.133797871594609,6.178796040035366,2.1337978127819155,6.178796040035366,38.754234,36.36453,41.061653
4050,40.5,1.7848827774718325,5.663896880343797,1.7848827702611036,5.663896880343797,38.859715,36.463505,41.173412
4051,40.51,2.0002931929370504,5.93568510423795,2.0002931760031335,5.935685104237949,38.854477,36.45859,41.167866
4052,40.52,1.916333577652908,6.283874173233658,1.916333524627731,6.283874173233657,38.83306,36.43849,41.145172
4053,40.53,1.9553925401750483,5.910637568811382,1.9553925019041922,5.910637568811382,38.919422,36.51953,41.236675
4054,40.54,1.8944080540840207,6.430145366113634,1.8944080458695032,6.430145366113633,38.81628,36.42275,41.127396
4055,40.550000000000004,1.8398641542239806,6.0756865807947875,1.8398641738948185,6.075686580794787,38.841545,36.446453,41.154163
4056,40.56,1.8645076852898383,6.102573122675581,1.8645076580302657,6.102573122675581,38.737125,36.348476,41.043526
4057,40.57,2.064533741899898,6.124179112237342,27.03764127503283,36.7362991712039,38.819656,36.425915,41.13097
4058,40.58,2.112671792538768,6.328767477320453,2.112671833326359,6.328767477320453,38.803093,36.410374,41.11342
4059,40.59,1.9669031597762976,6.718347986080372,1.966903148281094,6.718347986080371,38.74816,36.35883,41.055218
4060,40.6,2.0774102338499305,6.379691075510954,2.0774102322554118,6.379691075510954,38.965626,36.562885,41.28563
4061,40.61,1.9185612291709129,6.504839457068607,1.918561231538618,6.504839457068607,38.825203,36.43112,41.136845
4062,40.62,1.8944510463240716,6.1066233364008955,26.700738039488655,37.16951876023401,38.783024,36.39154,41.092155
4063,40.63,2.0329172710414904,6.408309352309289,26.895979166661153,37.128428812868314,38.75802,36.36808,41.065666
4064,40.64,1.9660893440678864,6.620015842578168,28.15540875254827,37.798068368642724,38.853546,36.457718,41.166878
4065,40.65,1.74630858936638,6.149918534013535,27.60912042726791,37.967468263809636,38.73813,36.349415,41.04459
4066,40.660000000000004,1.9159781810431307,6.543722169252867,1.915978164088717,6.543722169252867,38.837536,36.44269,41.149914
4067,40.67,1.8898769215493507,6.238284314788451,1.8898769049733841,6.238284314788451,38.898354,36.49976,41.21435
4068,40.68,1.8113477935599218,6.187058267863001,1.8113478204206737,6.187058267863001,38.759174,36.369164,41.066887
4069,40.69,1.8263153722592687,6.2924427584104565,1.8263153484391172,6.2924427584104565,38.75195,36.362385,41.059235
4070,40.7,1.8971502759713905,6.657675801808258,1.8971503322969994,6.657675801808258,38.80293,36.41022,41.113247
4071,40.71,2.0428694557064673,6.266186729372313,2.042869506999678,6.266186729372312,38.70041,36.314022,41.004623
4072,40.72,1.8127556957386564,6.052949722327945,1.8127557297998145,6.052949722327945,38.858444,36.46231,41.172066
4073,40.730000000000004,1.809120273785887,5.849978451138696,1.8091202772938093,5.849978451138697,38.866123,36.469517,41.180202
4074,40.74,2.2240089174429625,5.5363869946468975,2.224008878885285,5.5363869946468975,38.75483,36.36509,41.062286
4075,40.75,1.9272640446810445,5.522666932875522,25.717861344562507,37.66074912781451,39.002296,36.597294,41.324486
4076,40.76,1.8161900615396076,5.373909125498615,1.8161900258795622,5.373909125498615,38.75009,36.36064,41.057266
4077,40.77,1.8749063632162997,4.8594957947795185,1.8749063420722598,4.8594957947795185,38.74425,36.35516,41.051075
4078,40.78,1.8667607901341434,4.88175017466488,1.866760794195188,4.88175017466488,38.89036,36.49226,41.205883
4079,40.79,1.8232878447839542,5.189486037158636,1.823287800696918,5.189486037158636,38.880165,36.482693,41.19508
4080,40.800000000000004,1.7196840208265056,4.795666577463282,1.7196840152119965,4.795666577463282,38.753494,36.363834,41.060867
4081,40.81,1.8932788918544816,4.98498592376302,1.893278904668309,4.98498592376302,38.839832,36.44485,41.152348
4082,40.82,1.8427098961585209,5.098289004224333,1.8427099159351998,5.098289004224332,38.760406,36.37032,41.06819
4083,40.83,1.902583761359965,5.021770527321775,1.9025837642167203,5.021770527321775,38.84382,36.44859,41.15657
4084,40.84,1.7150571536989805,5.0763452610819595,1.715057179047677,5.0763452610819595,38.786766,36.395054,41.096123
4085,40.85,1.8683387335846549,5.478540346215452,1.8683387055501,5.478540346215452,38.82041,36.426624,41.131767
4086,40.86,1.7327023985797392,5.329297264790304,1.7327024263476472,5.329297264790304,38.891113,36.492966,41.20668
4087,40.87,1.7866057757979796,5.072165018572848,1.7866057553294752,5.072165018572847,38.71572,36.328392,41.020847
4088,40.88,1.7780053815860046,5.790601645974527,1.7780054041159912,5.790601645974527,38.880157,36.482685,41.195072
4089,40.89,1.9544878764833744,5.631209000246681,1.9544878834861223,5.631209000246681,38.878796,36.48141,41.193634
4090,40.9,1.8740749579773688,5.777710250412505,1.8740749952307942,5.777710250412504,38.724464,36.336594,41.03011
4091,40.910000000000004,1.7794495338919998,5.211079591032746,1.7794495238635746,5.211079591032746,38.726494,36.3385,41.03226
4092,40.92,1.780168860801859,5.140297771910508,1.780168819712261,5.140297771910508,38.88997,36.491894,41.20547
4093,40.93,1.944544160760711,5.248935844104505,1.9445440961794058,5.248935844104505,38.73388,36.34543,41.04009
4094,40.94,1.7607989788165488,5.483142236856574,1.7607989494123888,5.483142236856574,38.918747,36.518898,41.235962
4095,40.95,1.8040345449642579,5.6453431362046995,1.8040345274259633,5.6453431362046995,38.794502,36.402313,41.104317
4096,40.96,1.9211670725848198,5.97258906856288,1.921167034041648,5.97258906856288,38.764713,36.37436,41.072754
4097,40.97,2.0147164320483513,6.607364023073112,2.014716454352122,6.607364023073112,38.783882,36.39235,41.093067
4098,40.980000000000004,1.830681025258478,6.1772750577237865,1.830681079028563,6.177275057723787,39.005493,36.600292,41.327873
4099,40.99,1.9734757414874013,6.50369998233956,1.973475752115723,6.50369998233956,38.751488,36.36195,41.058743
4100,41.0,2.0000223101999355,6.4561224604485155,2.0000222968159007,6.4561224604485155,38.7928,36.40072,41.102516
4101,41.01,1.8463803631180558,6.186026547351384,1.8463803640431256,6.186026547351384,38.76873,36.37813,41.07701
4102,41.02,2.0361780406666834,6.3300761034916295,2.0361780050086473,6.3300761034916295,38.723965,36.336124,41.029583
4103,41.03,1.8124149608640028,6.692757012012732,1.8124149227280473,6.6927570120127315,38.841583,36.44649,41.154205
4104,41.04,1.8013148536480204,6.133603678450214,1.8013149031870854,6.133603678450214,38.695404,36.309326,40.99932
4105,41.050000000000004,1.7120542991610737,6.0426656317568055,1.7120543270437338,6.042665631756806,38.90078,36.502037,41.216923
4106,41.06,1.7700292428306614,6.633127069439005,1.7700292259551482,6.633127069439005,38.831722,36.437237,41.143753
4107,41.07,1.8482570993962988,6.443629684320833,1.848257119533235,6.443629684320833,38.823246,36.429287,41.134773
4108,41.08,1.7435227208449673,5.745550237405553,1.743522722177641,5.745550237405553,38.800053,36.40752,41.1102
4109,41.09,1.656807499579497,5.907262224294926,1.656807474597696,5.907262224294926,38.77806,36.386887,41.0869
4110,41.1,1.6859875293208293,6.262746424582993,1.6859875684855694,6.262746424582993,38.80573,36.41285,41.116215
4111,41.11,1.6975636251486592,6.033249606608683,1.6975636288112461,6.033249606608683,38.732357,36.343998,41.03847
4112,41.12,1.852251810233085,5.440725439499014,1.8522518311311646,5.440725439499014,38.778984,36.38775,41.087875
4113,41.13,2.278941969101709,5.614655227212998,2.278941944138778,5.614655227212998,38.78523,36.393612,41.09449
4114,41.14,2.123070557705303,5.558014114987831,2.123070591649761,5.558014114987831,38.756203,36.366375,41.06374
4115,41.15,2.004453578392993,5.672112012135496,2.0044535683867353,5.672112012135498,38.698452,36.312187,41.00255
4116,41.160000000000004,1.9688822745518537,6.09858810883935,1.9688822890997963,6.098588108839349,38.719162,36.331615,41.02449
4117,41.17,2.1368435298629613,6.493145370166964,2.136843557636448,6.493145370166964,38.8661,36.469498,41.18018
4118,41.18,1.7664344807478194,6.619624491432817,1.76643445996497,6.619624491432817,38.762524,36.372307,41.070435
4119,41.19,1.8215568680949095,6.037081932975207,1.8215568624398868,6.037081932975208,38.80347,36.41073,41.11382
4120,41.2,1.8421066648718531,5.621271289160962,1.8421066555426975,5.621271289160963,38.811535,36.418297,41.122368
4121,41.21,2.031865777093162,6.18783123338477,2.0318658284647744,6.18783123338477,38.73184,36.343513,41.03792
4122,41.22,1.8899323906788146,6.311664674302747,1.8899323717154637,6.311664674302747,38.80594,36.413048,41.116436
4123,41.230000000000004,2.0792744114418755,6.452360554706523,2.0792744423062155,6.452360554706523,38.789444,36.397568,41.098957
4124,41.24,1.8643338581724045,6.730515905842603,1.864333838905232,6.730515905842603,38.830963,36.436527,41.142952
4125,41.25,1.9469533274790085,6.335295396168752,1.9469533797036902,6.335295396168752,38.804295,36.411503,41.114697
4126,41.26,1.6824582674465265,5.658409108562878,1.6824582718215775,5.658409108562878,38.847485,36.45203,41.160458
4127,41.27,1.957373344579069,6.211835205202381,1.9573733328057163,6.21183520520238,38.756832,36.366966,41.064404
4128,41.28,1.7772790689458662,6.364126642440488,1.7772790950796569,6.364126642440488,38.82831,36.434036,41.140137
4129,41.29,1.9444857999326384,6.581310365841422,1.9444858052048055,6.581310365841422,38.724632,36.336754,41.03029
4130,41.300000000000004,2.0462536794517177,7.164100343460465,2.0462536579000195,7.164100343460465,38.940533,36.53934,41.259045
4131,41.31,1.7371945244136346,6.7601304168006715,1.7371945406864298,6.760130416800671,38.72798,36.339893,41.033836
4132,41.32,1.8255465660382408,6.944130109388421,1.8255465801975215,6.944130109388421,38.73744,36.348766,41.043858
4133,41.33,1.9194981567748508,6.619166825958585,1.919498142188924,6.619166825958585,38.724037,36.336193,41.02966
4134,41.34,2.0369793750143286,6.586953029215648,2.0369793355412393,6.586953029215649,38.812233,36.41895,41.123104
4135,41.35,1.794950414314332,6.398907729258401,1.7949504089453707,6.398907729258401,38.86114,36.464844,41.174923
4136,41.36,2.0483334270839024,6.0360665625775765,2.048333426338477,6.0360665625775765,38.606674,36.226067,40.905304
4137,41.37,1.9944732163698757,5.8628482961604425,1.9944731611046336,5.8628482961604425,38.712875,36.325718,41.01783
4138,41.38,1.727963469933987,5.366254099350596,1.7279634836095594,5.366254099350596,38.674675,36.289875,40.97736
4139,41.39,1.8507654380169425,5.390782247586812,1.8507654156028837,5.390782247586812,38.791695,36.39968,41.101345
4140,41.4,1.7892486459461054,4.92469980447509,1.7892485993502147,4.9246998044750905,38.739567,36.350765,41.046112
4141,41.410000000000004,1.9141965575129287,5.803605701395235,1.9141965539717984,5.803605701395235,38.849796,36.454197,41.162907
4142,41.42,2.192986110946597,5.5969817128282795,2.1929860929935505,5.5969817128282795,38.83446,36.439808,41.14666
4143,41.43,2.0213561014755097,5.714154731562992,2.0213561469847336,5.714154731562994,38.814217,36.42081,41.125206
4144,41.44,2.063721578611287,5.711819278200492,2.063721580163005,5.711819278200492,38.800293,36.407745,41.110455
4145,41.45,1.9388121618155507,5.408125245136609,1.93881211969685,5.408125245136608,38.855965,36.459984,41.16944
4146,41.46,1.970643425931962,5.5172056693578755,1.9706434303984173,5.5172056693578755,38.812,36.41873,41.122856
4147,41.47,1.7385340407237972,4.962774705761279,1.7385340103138667,4.962774705761278,38.860336,36.464085,41.174072
4148,41.480000000000004,1.8506556683086564,4.9399330640780255,1.8506557102104324,4.9399330640780255,38.882214,36.484615,41.19725
4149,41.49,1.8235184080397466,5.140408882581905,1.8235183751166033,5.140408882581905,38.673607,36.28887,40.976223
4150,41.5,2.01054305733632,5.255017402445764,2.010543034255047,5.2550174024457625,38.740578,36.351715,41.047184
4151,41.51,1.9596346136560014,4.580165182841048,1.9596345916309013,4.580165182841048,38.91812,36.51831,41.2353
4152,41.52,1.8926521366601663,5.079073052128081,1.8926521365980478,5.07907305212808,38.839085,36.444145,41.151554
4153,41.53,1.9334392116580297,5.009049483649267,1.9334391579730137,5.009049483649267,38.93844,36.537373,41.256824
4154,41.54,2.0267812695603826,4.743515573173799,2.0267812311056685,4.743515573173799,38.7372,36.348545,41.043606
4155,41.550000000000004,1.932111155633513,5.10126082871012,1.9321111875199994,5.10126082871012,38.831722,36.43724,41.143757
4156,41.56,2.100381447957631,5.31523173117148,2.1003814849972557,5.31523173117148,38.870815,36.473923,41.185177
4157,41.57,2.0179192323957977,4.891219126328401,2.01791919232151,4.891219126328401,38.959663,36.55729,41.279312
4158,41.58,1.9125802233563878,4.428447783061121,1.912580249993443,4.428447783061121,38.800846,36.408264,41.11104
4159,41.59,1.920978609237017,4.380756709580376,1.9209785835414228,4.380756709580376,38.78713,36.395393,41.096504
4160,41.6,2.0532066702193883,4.088341630864319,2.0532066311697825,4.088341630864319,38.7986,36.40616,41.108658
4161,41.61,2.0316263046976015,3.8993867531216195,2.0316262905770457,3.8993867531216195,38.80919,36.416096,41.11988
4162,41.62,2.1305118272027266,4.963390712582578,2.130511857548693,4.963390712582579,39.01677,36.610874,41.33982
4163,41.63,1.806336760304961,4.757181281991632,1.8063367732819173,4.757181281991632,38.756363,36.366528,41.063908
4164,41.64,1.8080442098662803,4.93458458584693,1.8080442046165281,4.93458458584693,38.823353,36.429382,41.134884
4165,41.65,1.7772766848961492,4.589824665649945,1.777276683274359,4.589824665649945,38.74775,36.358444,41.054783
4166,41.660000000000004,1.9928062664512767,4.492106521240933,1.9928062367843042,4.492106521240933,38.872967,36.47594,41.187454
4167,41.67,1.9616916292084143,4.429658734676076,1.9616916435826244,4.429658734676076,38.75327,36.363625,41.06063
4168,41.68,1.9197060439667606,4.227823462187441,1.9197060278624467,4.227823462187441,38.757954,36.36802,41.065594
4169,41.69,1.8051449033424298,4.5867620025387055,1.805144938205379,4.5867620025387055,38.9093,36.510033,41.225952
4170,41.7,2.0685431141082318,3.9823889428159758,2.0685431494745727,3.9823889428159758,38.788776,36.396942,41.09825
4171,41.71,2.1031728652406123,4.303590444249962,2.1031728970709915,4.303590444249962,38.781906,36.390495,41.090973
4172,41.72,2.143721607544101,3.5344725047976757,2.1437216586791594,3.5344725047976757,38.74746,36.358173,41.054474
4173,41.730000000000004,1.789849991644288,3.48574065258723,1.789849978214067,3.48574065258723,38.706543,36.319775,41.01112
4174,41.74,1.7455708321173136,4.654969931434549,1.7455708057872141,4.654969931434549,38.680115,36.29498,40.983124
4175,41.75,1.6908824631497033,4.57675363926934,1.690882478310913,4.57675363926934,38.88226,36.484657,41.1973
4176,41.76,2.0111180402167164,4.985122837431988,2.011118037471366,4.985122837431989,38.7786,36.38739,41.087467
4177,41.77,2.0973980062369493,5.104367314477757,2.0973979521814172,5.104367314477756,38.83107,36.436626,41.143063
4178,41.78,1.8371733731528046,4.344072033194152,1.8371733781120618,4.344072033194152,38.856316,36.46031,41.16981
4179,41.79,1.9789188063832164,4.734852151429288,1.9789188055932352,4.734852151429288,38.767246,36.37674,41.075443
4180,41.800000000000004,2.1141960265315056,4.998173450845115,2.1141960446432586,4.998173450845115,38.74091,36.352024,41.047535
4181,41.81,2.0554631760202478,4.795737864365247,2.055463173227495,4.795737864365247,38.846207,36.45083,41.159103
4182,41.82,1.9260747433746073,5.062119786702625,1.9260747429581735,5.062119786702625,38.891777,36.49359,41.207386
4183,41.83,1.812342645826203,4.836308694164653,1.8123426515062422,4.836308694164653,38.80116,36.408558,41.11137
4184,41.84,2.2785322343791394,5.03406643810408,2.278532268470512,5.03406643810408,38.753685,36.36401,41.06107
4185,41.85,1.7502582396690587,5.328921939361666,1.7502582355863068,5.328921939361666,38.747242,36.357967,41.054245
4186,41.86,1.967949079307603,4.826574770370702,1.967949130499452,4.826574770370702,38.86733,36.47065,41.18148
4187,41.87,1.8971226976030915,4.906536595777857,1.8971226709648243,4.906536595777857,38.80431,36.411514,41.114708
4188,41.88,2.01525134579561,4.654850929575787,2.015251308899587,4.654850929575787,38.82438,36.43035,41.135975
4189,41.89,1.8124058628178925,4.862549472952522,1.8124058491923472,4.862549472952522,38.895275,36.496872,41.21109
4190,41.9,2.0326248059252174,5.035785048281764,2.0326247725315336,5.035785048281764,38.828976,36.43466,41.140842
4191,41.910000000000004,1.9777182525446784,4.485703290061345,1.9777182525032369,4.485703290061345,38.74448,36.355377,41.05132
4192,41.92,1.9517008751086413,4.560352753322364,1.9517008434001162,4.5603527533223644,38.72404,36.336197,41.029663
4193,41.93,1.9654631118754649,4.035523108030624,1.9654630721561774,4.035523108030624,38.77631,36.385242,41.08504
4194,41.94,2.009673972464008,4.554837794870625,2.0096740238077735,4.554837794870625,38.878117,36.48077,41.19291
4195,41.95,1.9782199654725363,4.380040727279451,1.9782200173486348,4.380040727279451,38.889175,36.49115,41.204628
4196,41.96,1.8518766172140042,4.123104529755422,1.851876600593312,4.123104529755422,38.83872,36.4438,41.151165
4197,41.97,1.6513407270138725,4.658761627641419,1.6513407221651286,4.658761627641419,38.774837,36.38386,41.083485
4198,41.980000000000004,1.8725481815541287,4.2973889457036325,1.872548185363554,4.2973889457036325,38.93997,36.53881,41.258446
4199,41.99,1.8895627557983987,4.023070506475752,1.8895627425078918,4.023070506475752,38.743855,36.35479,41.050655
4200,42.0,2.002905474346546,4.458865689655404,2.002905479309442,4.458865689655404,38.895195,36.496796,41.211006
4201,42.01,1.9080313166398435,4.815152535875933,1.9080313687503212,4.815152535875934,38.9023,36.503464,41.218536
4202,42.02,2.062932169084235,5.1822839396288005,2.062932199093763,5.1822839396288005,38.730747,36.34249,41.03677
4203,42.03,2.0735977453504715,4.852242166120319,2.073597749241143,4.852242166120319,38.870792,36.4739,41.18515
4204,42.04,1.7542938116349027,5.16112305486889,1.7542938072110983,5.16112305486889,38.755306,36.365536,41.06279
4205,42.050000000000004,2.0606163560059834,4.746754580862265,2.06061634701774,4.746754580862265,38.845863,36.45051,41.158737
4206,42.06,1.77622915957457,4.660919763139479,1.776229137658706,4.660919763139479,38.801315,36.408707,41.111538
4207,42.07,1.9537256209165084,4.620851605370429,1.9537255955984776,4.62085160537043,38.740414,36.351562,41.047012
4208,42.08,1.8822999159307647,4.323948408365911,1.8822999084164078,4.323948408365911,38.897808,36.49925,41.213776
4209,42.09,1.8811072545483567,4.371427231593019,1.8811072620795182,4.371427231593019,38.943928,36.542526,41.26264
4210,42.1,1.8800018086151433,4.328563920128856,1.8800018178209381,4.328563920128856,38.78158,36.39019,41.09063
4211,42.11,1.8921883768200205,4.466299869650199,1.892188387428167,4.4662998696502,38.8744,36.477283,41.188972
4212,42.12,1.890836648177478,4.9003401238642255,1.8908365988699087,4.9003401238642255,38.89082,36.49269,41.20637
4213,42.13,1.9086875518011404,4.808958557746578,1.9086874819929183,4.808958557746578,38.842705,36.447544,41.15539
4214,42.14,2.241751223438157,5.187341645253231,2.2417512393908843,5.187341645253231,38.91532,36.515682,41.23233
4215,42.15,1.894944787755834,4.564635176142348,1.8949448248340819,4.564635176142348,38.857822,36.46173,41.17141
4216,42.160000000000004,1.8885424935891573,4.46796957683702,1.8885425231780881,4.46796957683702,38.673565,36.288834,40.97618
4217,42.17,1.9568579702404165,4.289687006540454,1.9568579354225377,4.289687006540454,38.875008,36.47785,41.189617
4218,42.18,1.9777284035670257,4.026729652338284,1.9777283792872542,4.026729652338284,38.785072,36.393463,41.094326
4219,42.19,1.882016413549511,4.629098488418268,1.8820164197203815,4.629098488418268,38.931652,36.531006,41.249634
4220,42.2,1.9771206095689025,5.12942994390522,1.9771205679141657,5.129429943905221,38.75529,36.365517,41.06277
4221,42.21,2.26894871280709,5.088307937841553,2.2689487011283767,5.088307937841553,38.830055,36.435677,41.14199
4222,42.22,1.9681323194711688,5.255966993082324,21.861715233265016,36.06583368601007,38.865788,36.4692,41.179848
4223,42.230000000000004,2.0611759854095104,4.908547417460738,21.48320032430658,36.58166921390396,38.755486,36.365704,41.06298
4224,42.24,1.8410418389271288,4.8807587954732155,21.70444895666868,36.6524652926637,38.84586,36.450504,41.158733
4225,42.25,1.9470239777584188,4.99831331187722,22.61405485830222,36.97827492293326,38.705505,36.318806,41.010025
4226,42.26,1.8190160603721643,4.67681665150517,1.819016014685601,4.676816651505171,38.796246,36.40395,41.106163
4227,42.27,1.9364219681917958,5.481295975753742,1.9364220135677643,5.481295975753742,38.802036,36.40938,41.1123
4228,42.28,1.8022401206700935,4.982809920462149,1.802240060924517,4.982809920462149,38.71564,36.328316,41.020763
4229,42.29,2.0239093200881806,5.631151173930811,2.02390937734348,5.63115117393081,38.849907,36.4543,41.16302
4230,42.300000000000004,1.984738569840744,6.505271803399705,1.9847385881138457,6.505271803399704,38.74247,36.35349,41.049187
4231,42.31,1.9697519037221531,6.26547475168103,1.9697518889396572,6.26547475168103,38.7377,36.349014,41.044136
4232,42.32,1.8507866470583594,5.95642070548605,1.8507866611025312,5.95642070548605,38.69722,36.31103,41.001244
4233,42.33,1.9829659909953907,6.35695171658944,1.982966041183087,6.356951716589441,38.73136,36.343067,41.03742
4234,42.34,1.8333283496354742,6.356005645343945,1.8333283568852314,6.356005645343946,38.83652,36.44174,41.148838
4235,42.35,2.1120254916238346,6.179205835336461,2.112025516257643,6.179205835336461,38.81361,36.420242,41.124565
4236,42.36,2.118988115941812,6.467245209846784,2.1189880889097177,6.467245209846784,38.757717,36.367798,41.065342
4237,42.37,1.7026978721471644,6.207864131715087,1.702697882501605,6.207864131715087,38.76302,36.372772,41.07096
4238,42.38,1.7820732984674625,6.872994969498774,1.7820732846473928,6.872994969498774,38.816124,36.422604,41.127228
4239,42.39,1.8163145224537551,6.866574765269252,1.8163145454684733,6.866574765269252,38.841694,36.446594,41.15432
4240,42.4,1.8601024163419035,6.807194271559133,1.8601024295881465,6.807194271559133,38.812748,36.419434,41.12365
4241,42.410000000000004,1.939059538302197,7.13873284143834,1.9390595984584504,7.13873284143834,38.892956,36.494698,41.208637
4242,42.42,2.037023289493159,7.016391397800529,2.0370233382512413,7.016391397800529,38.83396,36.43934,41.146126
4243,42.43,1.8085431408510215,6.44439691644631,1.8085431668132412,6.444396916446311,38.84918,36.453617,41.16225
4244,42.44,1.7927993789146839,6.319662522977099,1.7927993581322919,6.319662522977099,38.861168,36.464867,41.174953
4245,42.45,1.7736154562530917,6.4798483899547,1.7736154337558354,6.4798483899547,38.830223,36.435833,41.142166
4246,42.46,1.8677491130371595,6.6059892438150465,1.8677490604319122,6.6059892438150465,38.715374,36.328064,41.020477
4247,42.47,1.7949531770895275,6.352813087985581,1.794953180258306,6.352813087985581,38.9476,36.54597,41.266533
4248,42.480000000000004,1.8378875731949864,5.924064088422966,1.8378875669463992,5.9240640884229645,38.831615,36.437138,41.143642
4249,42.49,2.002288420345446,5.830764116479695,2.002288375499991,5.8307641164796955,38.793724,36.401585,41.103497
4250,42.5,2.055688461277851,5.864531160293493,2.0556884779705036,5.864531160293493,38.844776,36.44949,41.157585
4251,42.51,1.8970617778745442,5.873725444884464,1.8970618117666735,5.873725444884464,38.850597,36.45495,41.163754
4252,42.52,1.8370254385874083,5.677758750561018,1.8370253986986314,5.677758750561016,38.755924,36.366116,41.063446
4253,42.53,1.8984018755065704,6.447449679452324,1.8984018633407285,6.447449679452324,38.82231,36.428406,41.13378
4254,42.54,1.7068877729075291,6.007448602784318,1.7068877655585717,6.007448602784318,38.82707,36.43287,41.138824
4255,42.550000000000004,1.7604550516549133,5.97191176723853,1.760454997952599,5.97191176723853,38.82,36.42624,41.131336
4256,42.56,2.061675231624249,5.855439947232924,2.061675258739687,5.855439947232924,38.848446,36.45293,41.161476
4257,42.57,1.9243709429700802,6.370775756302197,1.9243709625489642,6.370775756302197,38.828327,36.43405,41.140156
4258,42.58,1.8341782797313362,5.523958818811501,1.834178287387417,5.523958818811501,38.757286,36.36739,41.064884
4259,42.59,2.064418804174744,5.7786026267134,2.064418779298241,5.7786026267134,38.804985,36.41215,41.115425
4260,42.6,2.1536806778779405,5.939254170811352,2.153680679940699,5.939254170811352,38.767864,36.37732,41.076096
4261,42.61,1.9987076644570345,6.175965704858732,1.9987076417082732,6.175965704858731,38.82256,36.428642,41.13405
4262,42.62,2.043497951944213,6.3673822784733405,2.043497953546119,6.367382278473341,38.78161,36.390217,41.09066
4263,42.63,1.8938903479451235,6.594836085476015,1.8938903385232233,6.594836085476015,38.748943,36.359562,41.056046
4264,42.64,1.8384702737876348,6.5398943662986015,1.8384702592733588,6.5398943662986015,38.933025,36.53229,41.251087
4265,42.65,2.142390826385628,6.799059109140446,2.142390772725724,6.799059109140446,38.965954,36.56319,41.285976
4266,42.660000000000004,1.9992465107400026,6.428530908130473,1.999246505543167,6.428530908130472,38.884506,36.486767,41.19968
4267,42.67,2.064178673330922,6.5933102508599575,2.064178663410725,6.5933102508599575,38.837845,36.442986,41.15024
4268,42.68,2.0839374202646876,6.797843503783646,2.083937449222137,6.797843503783646,38.686317,36.3008,40.989693
4269,42.69,1.9875836366494626,6.589044782858713,1.987583670665449,6.589044782858713,38.789864,36.39796,41.099403
4270,42.7,1.928103318737083,6.926480624564624,1.9281033135815704,6.926480624564624,38.943176,36.54182,41.261845
4271,42.71,2.2115488933611296,6.120326585398143,2.2115488419228493,6.120326585398143,38.90388,36.504948,41.22021
4272,42.72,1.949579121386024,6.767033357149845,1.9495791122975996,6.767033357149845,38.73286,36.344475,41.03901
4273,42.730000000000004,2.0747210775725176,6.920010783255432,2.074721036529815,6.920010783255431,38.91917,36.519295,41.236412
4274,42.74,1.7522274192076241,7.402127268234295,1.7522273800127628,7.402127268234295,38.84247,36.447323,41.15514
4275,42.75,1.8619630662625322,6.858045515301033,1.8619630500301587,6.858045515301033,38.789288,36.397423,41.098793
4276,42.76,1.8735947280532763,7.319372278221435,1.8735947508427824,7.319372278221435,38.855343,36.4594,41.16878
4277,42.77,1.9333706786642808,7.383178138835186,1.9333706848839454,7.383178138835187,38.874775,36.47764,41.189373
4278,42.78,1.896366547551229,7.072087571818395,1.8963665275160257,7.072087571818395,38.83439,36.439743,41.14658
4279,42.79,1.7032056040886947,7.4547403386792,1.7032055851278078,7.4547403386791995,38.8642,36.467712,41.178165
4280,42.800000000000004,1.9273770364173464,7.190207785541093,1.9273770087738402,7.190207785541093,38.69189,36.30603,40.995598
4281,42.81,1.8496453127318802,7.366671916811301,23.672899176106323,38.22833969947281,38.760082,36.370014,41.06785
4282,42.82,1.8046881930329806,7.7582731802501,24.276834157893923,37.8271372747362,38.77856,36.387352,41.087425
4283,42.83,1.7851920233334997,7.3975200845804885,24.367268631349518,37.7140809483274,38.632984,36.250755,40.933186
4284,42.84,2.1423859710770015,7.666006244626964,25.05357983381385,38.45029343821179,38.765915,36.37549,41.074028
4285,42.85,1.95121469658743,7.208607177239527,24.658325415975714,37.781052925454716,38.849445,36.45387,41.162533
4286,42.86,1.921681607953612,6.9242503147095915,24.191928103994165,36.97708502103486,38.836906,36.442104,41.14925
4287,42.87,1.7663749624044094,7.2198700294363745,23.634933492863855,36.16790129764224,38.96295,36.560375,41.2828
4288,42.88,1.8009449458327351,6.803417453799894,1.8009449507878983,6.803417453799894,38.789257,36.397392,41.098763
4289,42.89,1.930446415211144,7.214724203863445,22.68680724119745,36.67085606755414,38.83338,36.438793,41.14551
4290,42.9,2.0782891106186607,6.845859540079934,22.06193081687807,36.775035309935284,38.821007,36.42718,41.1324
4291,42.910000000000004,2.0202481513646333,6.834158890942836,22.180831296773032,36.46719915119475,38.822247,36.42835,41.133717
4292,42.92,1.8324095479017894,6.777187304364214,22.42532865372245,36.36166844506501,38.80979,36.41666,41.120518
4293,42.93,2.0646361833529108,6.7107634464462125,23.080036581957103,36.91488093875868,38.828465,36.43418,41.140305
4294,42.94,2.0085388437405562,6.813084517879087,22.969133876985367,36.97467689638382,38.75016,36.360706,41.05734
4295,42.95,1.8647283860014259,6.505840080909885,1.8647284022781947,6.505840080909885,38.820343,36.42656,41.131695
4296,42.96,2.16265976559356,6.894805835819532,2.162659791951536,6.8948058358195325,38.82152,36.427666,41.132946
4297,42.97,2.042598710229245,7.126280519778457,2.0425987534494054,7.126280519778457,38.70472,36.318066,41.00919
4298,42.980000000000004,1.8827193724380105,6.601269580245741,1.882719372573411,6.601269580245741,38.844917,36.44962,41.157734
4299,42.99,1.966072295814912,6.714773332462216,1.9660722447795622,6.714773332462216,38.814774,36.421337,41.125797
4300,43.0,1.9500926554902596,6.7952962725547215,1.9500926984811107,6.795296272554721,38.80398,36.41121,41.11436
4301,43.01,1.8899977117734308,6.744074974359494,1.889997757628514,6.744074974359494,38.910957,36.51159,41.227707
4302,43.02,1.8428345395009524,6.651130985903993,1.8428345872950904,6.651130985903993,38.879894,36.48244,41.194794
4303,43.03,1.9850715333240698,6.728421050889822,1.9850715394361662,6.728421050889821,38.724445,36.33658,41.03009
4304,43.04,1.8047219795487164,6.853273359150653,1.8047219674481374,6.853273359150652,38.8042,36.411415,41.114594
4305,43.050000000000004,1.7645118939630928,5.932097233093349,1.7645119377844087,5.932097233093349,38.867947,36.47123,41.182137
4306,43.06,1.9019934321209166,6.338555348300391,1.901993443492223,6.338555348300391,38.734547,36.346054,41.04079
4307,43.07,1.9250573674733387,6.199124846193019,1.925057393502459,6.199124846193019,38.867485,36.4708,41.18165
4308,43.08,2.098147050450407,6.6185878348725895,2.098147058393815,6.6185878348725895,38.675922,36.291042,40.978676
4309,43.09,1.874709278949574,6.161562052685188,1.8747092573673403,6.161562052685189,38.813423,36.42007,41.124367
4310,43.1,1.9314961772866073,6.288937684656018,1.9314961806765671,6.288937684656017,38.88939,36.49135,41.204853
4311,43.11,1.859135556218869,5.958317370609272,1.8591355257143416,5.958317370609272,38.622616,36.241028,40.9222
4312,43.12,1.8982508269182723,6.198183685039685,1.8982507985379895,6.198183685039685,38.778774,36.387558,41.087654
4313,43.13,1.9279313674432954,6.239515762971997,1.9279314083449786,6.239515762971997,38.829224,36.43489,41.141106
4314,43.14,2.145952664795874,6.564595317168785,2.1459527025630707,6.564595317168785,38.76752,36.376995,41.07573
4315,43.15,1.7542304888328624,6.650906098612482,1.7542305018363438,6.650906098612483,38.83282,36.43827,41.14492
4316,43.160000000000004,1.8621880026986966,6.504449176096142,1.862188045878777,6.504449176096142,38.7741,36.38317,41.082706
4317,43.17,1.744532387190847,6.679512592022773,1.7445323599217553,6.679512592022773,38.72276,36.334995,41.028305
4318,43.18,1.8032141860094926,6.520504774308829,1.803214221385524,6.520504774308829,38.77922,36.387974,41.088127
4319,43.19,2.070735600773722,6.4803630251646345,2.0707355633658717,6.4803630251646345,38.81849,36.42482,41.12973
4320,43.2,1.5472990927157053,6.6105709639983905,1.5472990927815253,6.61057096399839,38.79956,36.40706,41.109676
4321,43.21,1.6831121642907414,6.9559485479724685,1.6831121583269024,6.955948547972469,38.84327,36.44807,41.155987
4322,43.22,1.7631525217868644,6.252021080027448,1.7631525080310002,6.252021080027448,38.91557,36.515915,41.232594
4323,43.230000000000004,1.68496295949861,6.194693835097473,1.6849629557166443,6.194693835097473,38.857708,36.461624,41.171288
4324,43.24,1.6481002488114642,6.324196829977666,1.648100252926539,6.324196829977665,38.83122,36.436764,41.14322
4325,43.25,1.9092071779256308,6.632815212972586,1.9092071764946217,6.632815212972586,38.87228,36.475296,41.186726
4326,43.26,1.9677551494407892,6.990475057723572,1.9677551091320231,6.990475057723572,38.74518,36.356033,41.05206
4327,43.27,1.8731396043915696,7.172461814255196,1.8731396148593993,7.172461814255196,38.88532,36.48753,41.200542
4328,43.28,1.9359689986602062,7.332995602194255,1.9359690433104724,7.332995602194256,38.85418,36.458313,41.16755
4329,43.29,1.8200549168521187,7.263706090973739,1.820054942334503,7.263706090973739,38.883602,36.48592,41.198723
4330,43.300000000000004,2.063134330004446,7.430000908852746,2.0631342898507863,7.430000908852746,38.753864,36.36418,41.061264
4331,43.31,1.7056674551937885,7.803337285457596,1.7056674307614779,7.803337285457596,38.86999,36.47315,41.184303
4332,43.32,1.8832211990823857,7.673855977769052,1.8832212141750235,7.673855977769052,38.69046,36.304688,40.994083
4333,43.33,1.8683784684563194,7.367807672872757,1.8683784797134542,7.3678076728727575,38.741066,36.352173,41.047703
4334,43.34,1.747204336099667,7.44929360554311,1.747204339949866,7.44929360554311,38.80134,36.40873,41.11156
4335,43.35,1.9649819613817885,7.410027022108913,1.964981956192053,7.410027022108913,38.871918,36.474953,41.186344
4336,43.36,2.11964006690507,6.878450953689122,2.119640032556991,6.878450953689122,38.873146,36.476105,41.187645
4337,43.37,1.9812564525431404,7.49002043220564,1.981256470497765,7.49002043220564,38.764557,36.374218,41.072594
4338,43.38,1.9420770358064632,8.35347452780257,1.9420770461425765,8.35347452780257,38.84411,36.44886,41.15688
4339,43.39,1.820536947114423,7.099452883575417,1.820536929940516,7.099452883575416,38.820343,36.42656,41.1317
4340,43.4,1.8172501387060842,7.256222856770859,1.8172501425606626,7.256222856770859,38.81208,36.418804,41.12294
4341,43.410000000000004,1.8657125642571837,7.043127913987986,1.8657125066652311,7.043127913987986,38.762875,36.372635,41.07081
4342,43.42,1.8159504419584178,7.030793947176893,1.8159504305695862,7.030793947176894,38.70585,36.319126,41.010384
4343,43.43,1.653593588579535,6.680632860056314,1.653593572914991,6.680632860056314,38.694687,36.308655,40.99856
4344,43.44,2.2188906632495113,6.785990735503773,2.2188906587895634,6.785990735503773,38.768208,36.37764,41.076458
4345,43.45,1.7788498022837187,6.58658106273188,1.778849761809045,6.58658106273188,38.709843,36.322876,41.014618
4346,43.46,1.8854080971787717,6.578985615853088,1.885408065882286,6.578985615853088,38.746574,36.35734,41.05354
4347,43.47,1.9783486228302647,7.137425717538999,1.978348653552814,7.137425717538999,38.791504,36.399498,41.101143
4348,43.480000000000004,1.976553717344706,6.626477154115339,1.9765537636574153,6.62647715411534,38.823036,36.42909,41.134552
4349,43.49,1.88104494919474,6.231017997630398,1.8810449604174329,6.231017997630398,38.84604,36.450672,41.158924
4350,43.5,1.951158434889957,6.7028741373922145,1.9511583707462223,6.7028741373922145,38.705635,36.318928,41.010162
4351,43.51,1.806339162515315,6.597863985195463,1.806339144493147,6.597863985195463,38.757164,36.367275,41.064754
4352,43.52,1.8055448100127782,6.174961911579303,1.8055448023666507,6.174961911579302,38.84268,36.44752,41.155365
4353,43.53,1.9618259724944869,5.723895918586829,1.9618260212567713,5.723895918586829,38.697735,36.311512,41.00179
4354,43.54,1.976114948743294,5.949191436027614,1.9761149828938085,5.949191436027614,38.81825,36.424595,41.12948
4355,43.550000000000004,1.8689085275470976,6.1825274596927855,1.8689085235732559,6.182527459692785,38.883095,36.485443,41.19819
4356,43.56,1.979137648220012,6.06597106051903,1.9791376815805428,6.06597106051903,38.819366,36.425644,41.13066
4357,43.57,1.8353281366592362,6.121616152841424,1.835328124804612,6.121616152841424,38.81759,36.423977,41.12878
4358,43.58,1.86959265838864,6.241961936870287,1.8695926420780271,6.241961936870287,38.85617,36.46018,41.16966
4359,43.59,2.027587777497698,6.365741515143843,2.0275877373434317,6.365741515143843,38.75822,36.36827,41.06588
4360,43.6,1.8740067153886293,6.6998828379349025,1.8740067146158153,6.699882837934903,38.939335,36.538216,41.257774
4361,43.61,1.7934892329591534,6.7784281228636525,1.7934891913354372,6.7784281228636525,38.969948,36.56694,41.29021
4362,43.62,1.978021404897964,6.352835116619045,1.9780213904327444,6.352835116619045,38.771057,36.380314,41.079475
4363,43.63,1.9361152271482003,6.265585550058087,23.663848930577224,37.291518312652904,38.801067,36.408474,41.111275
4364,43.64,1.8949147552199868,6.257221440382898,21.16641979220718,36.174243803680774,38.737427,36.348755,41.043842
4365,43.65,1.957267219772061,5.7533805776290246,21.682862127570132,36.149838530325376,38.767372,36.376858,41.075573
4366,43.660000000000004,1.7882877389556646,5.30685321608329,24.460987897110527,37.131482066775185,38.800007,36.40748,41.11015
4367,43.67,1.7926671875816844,5.920774317755367,24.106544971565587,36.82888317474699,38.94747,36.54585,41.266396
4368,43.68,1.8789969834370757,5.795945672947072,25.478065416573596,37.125510823119086,38.72992,36.341713,41.03589
4369,43.69,1.7860278642052883,5.927386881601921,1.7860278580735969,5.927386881601921,38.846798,36.451385,41.15973
4370,43.7,1.9462558882182586,6.085651506571069,1.946255855884857,6.085651506571069,38.779305,36.388054,41.088215
4371,43.71,1.7096040063136375,5.87010350006259,1.7096040107118904,5.87010350006259,38.79295,36.400856,41.102676
4372,43.72,1.9614366756769857,5.978191302906776,1.9614366776505012,5.978191302906776,38.788925,36.39708,41.098408
4373,43.730000000000004,1.7168659724138382,6.178639321716139,1.7168660051690137,6.1786393217161395,38.826668,36.432495,41.1384
4374,43.74,1.9367535857190614,5.3195826811987335,1.9367536144609832,5.3195826811987335,38.77369,36.382782,41.082264
4375,43.75,1.8510627153379557,5.5814336513287675,1.8510627275537725,5.581433651328768,38.906948,36.507824,41.22346
4376,43.76,2.0977228234416634,5.740056373651344,2.0977228239021857,5.740056373651344,38.824665,36.43062,41.13628
4377,43.77,1.9833322670194764,6.091583423367644,24.849661807498656,37.87639223064446,38.838104,36.443226,41.150517
4378,43.78,1.8395578278423514,6.005687887504314,25.120447602218444,37.90521255072191,38.751648,36.362103,41.058914
4379,43.79,1.8495658743863723,5.658042082413011,24.876323471269828,37.77711605214505,38.697636,36.31142,41.001686
4380,43.800000000000004,1.8373361497591216,5.456821667695653,1.8373361514656879,5.456821667695652,38.70841,36.32153,41.0131
4381,43.81,1.7996783803270753,5.693535421198714,1.7996783542815733,5.693535421198714,38.783962,36.392426,41.09315
4382,43.82,1.883361078175433,5.475728359584353,22.235880402649038,37.26690647526486,38.859116,36.46294,41.17278
4383,43.83,1.8371152485979796,5.230173708905439,1.8371152063304128,5.230173708905439,38.925632,36.525356,41.243256
4384,43.84,1.834058228165703,5.419441643949605,1.8340582049514513,5.419441643949605,38.808495,36.415443,41.119144
4385,43.85,1.955104718585103,5.2848657622972395,1.9551047211884307,5.2848657622972395,38.84065,36.445614,41.153214
4386,43.86,1.8520314151176385,5.2344057493359255,1.8520314633096882,5.2344057493359255,38.778606,36.387398,41.08748
4387,43.87,1.9703296518676225,5.231250315174438,1.9703296266307064,5.231250315174437,38.769882,36.37921,41.07823
4388,43.88,1.821360762048537,5.027165546345913,1.821360809461934,5.027165546345913,38.824493,36.430454,41.136093
4389,43.89,1.8310529919808973,4.953414528240062,1.8310529703868728,4.953414528240062,38.749454,36.360046,41.05659
4390,43.9,1.9759389365666298,5.409988280965723,1.9759389232310516,5.409988280965724,38.72015,36.332546,41.02554
4391,43.910000000000004,1.8937701977968382,5.169114232278716,1.893770184415474,5.169114232278716,38.70208,36.31559,41.006393
4392,43.92,1.7442744893240307,4.935734441321207,1.7442744544150233,4.935734441321207,38.706978,36.320187,41.01158
4393,43.93,1.736504738351517,4.799766368703417,1.7365047735365644,4.799766368703417,38.760723,36.370617,41.068527
4394,43.94,1.8107752351957151,4.860875643107459,24.00264022795305,36.42795167138038,38.74806,36.358734,41.05511
4395,43.95,1.831790834566682,4.783648156192314,23.42899489059099,36.43667570777576,38.8738,36.47672,41.188335
4396,43.96,1.9055329312001854,4.794712063225671,24.323135992188842,36.49742021549045,38.741642,36.352715,41.048313
4397,43.97,1.7687050250888174,5.18581080703128,24.865262887379213,36.93235474412034,38.99931,36.594494,41.32132
4398,43.980000000000004,1.8654168762144325,5.089417260935129,23.429071764673083,36.6824679431259,38.904743,36.505756,41.221123
4399,43.99,1.72490278724547,5.287719646453802,1.7249028376288527,5.287719646453802,38.877384,36.480083,41.192135
4400,44.0,1.7969844971750886,5.449900584115738,23.61682983714784,36.28706700000287,38.781002,36.389645,41.090015
4401,44.01,1.683534644290587,5.62250124073506,23.4313502208222,36.27810636617272,38.7873,36.395557,41.096687
4402,44.02,1.9315486462382865,5.43921983480817,22.418222666496384,36.598338812254546,38.861626,36.465298,41.175438
4403,44.03,1.8155206542207614,5.827783304882332,21.72208588116298,37.06279938881436,38.829895,36.435524,41.14182
4404,44.04,1.8206622677636866,5.518859799374323,22.53414589337781,36.66383790875318,38.909054,36.5098,41.225693
4405,44.050000000000004,1.8520110963301775,5.361030802000328,22.880168795292175,36.28653341911357,38.760696,36.370594,41.0685
4406,44.06,1.9552386628591463,5.611147870308647,23.348003472148534,36.65630182639272,38.81769,36.424072,41.128887
4407,44.07,1.756391451148702,5.3875173121061986,23.101676184457638,36.87530787204852,38.838783,36.443863,41.151237
4408,44.08,1.722812845999066,5.141160392187717,23.42687269657419,37.279590950110446,38.808037,36.415012,41.11866
4409,44.09,1.8260037392026331,5.642805539521525,23.52872589096962,37.32640237286656,38.839558,36.44459,41.152054
4410,44.1,1.8441012917713737,5.743889804033309,22.92591573068557,36.571579135209895,38.735756,36.347187,41.042072
4411,44.11,1.9295481135838828,5.877417999012186,23.836084180777448,37.05613268463031,38.83694,36.442135,41.149284
4412,44.12,1.803378927073008,6.145279782435816,24.383759308479544,37.87412408559462,38.889355,36.491318,41.20482
4413,44.13,1.783242836551124,5.7493761795025895,25.098902346399456,37.90351340487772,38.740917,36.35203,41.047543
4414,44.14,1.7830911192433143,6.041323984866925,1.7830910891846259,6.041323984866924,38.883003,36.48536,41.19809
4415,44.15,2.029245109079467,5.888680125032776,25.392714091560258,38.11361995497719,38.85474,36.45884,41.168144
4416,44.160000000000004,1.7488996813477982,5.972322227708547,24.714771991003932,38.550405115437975,38.72787,36.33979,41.03372
4417,44.17,1.7582228122530168,5.915818694147561,1.7582228033106928,5.915818694147561,38.756306,36.36647,41.063847
4418,44.18,1.7239325414108344,5.775840041068864,23.752034711289834,38.43701230619453,38.774555,36.383595,41.083183
4419,44.19,1.8509258719110577,5.872266501606233,1.8509258845624517,5.872266501606233,38.80617,36.41326,41.11668
4420,44.2,1.766879158439786,5.1589980025016935,1.766879191510305,5.1589980025016935,38.74961,36.36019,41.056755
4421,44.21,1.6964366339705002,5.284700174467754,1.6964366596376248,5.284700174467754,38.806835,36.413883,41.117386
4422,44.22,1.9948616025620507,5.156117780657057,1.994861631129492,5.156117780657057,38.841454,36.44637,41.154064
4423,44.230000000000004,1.8439940574725115,5.038354081964733,1.843994073929084,5.038354081964733,38.77566,36.384632,41.084354
4424,44.24,1.9770925680293352,4.893629847034981,1.9770926117035472,4.893629847034981,38.762333,36.372128,41.070232
4425,44.25,1.8838433556670728,5.342887468567538,1.8838433604888676,5.342887468567536,38.633858,36.251575,40.93411
4426,44.26,1.851049311831723,5.828589440022765,1.851049321450381,5.828589440022765,38.802944,36.410233,41.113262
4427,44.27,1.8039598600243933,5.5937072178409855,1.8039599037546221,5.5937072178409855,38.927273,36.526894,41.24499
4428,44.28,1.7336214121680358,5.592646134549986,1.7336213884771314,5.592646134549986,38.836784,36.441986,41.149117
4429,44.29,1.8179473623316633,5.500131278745587,1.817947385723683,5.500131278745587,38.806297,36.41338,41.116814
4430,44.300000000000004,1.886780095243492,6.039737009086357,1.8867800757176034,6.039737009086357,38.859627,36.463425,41.17332
4431,44.31,1.8664254082575227,5.765340055857021,1.8664254020694742,5.7653400558570205,38.695774,36.30967,40.99971
4432,44.32,1.8105421878869024,5.586332029662751,1.8105421867311593,5.58633202966275,38.74294,36.353928,41.049686
4433,44.33,1.851288372823195,5.446330638435426,1.8512883579349089,5.446330638435426,38.71768,36.33023,41.022926
4434,44.34,1.8790561772644558,5.296137242352592,1.8790562063879281,5.296137242352593,38.82534,36.431248,41.136993
4435,44.35,1.946124616153902,5.284299734297404,1.9461246433844577,5.284299734297404,38.83652,36.44174,41.148838
4436,44.36,1.8398997144306983,5.170657577277512,1.8398997040886234,5.170657577277512,38.687576,36.30198,40.991028
4437,44.37,1.6660593373587569,5.118678949915122,1.6660593656594342,5.118678949915121,38.8128,36.419483,41.123707
4438,44.38,1.8963978761857088,5.661384418941534,1.896397926211486,5.661384418941533,38.923054,36.522938,41.240524
4439,44.39,1.964623567111738,5.751713309057889,1.9646235766091997,5.751713309057889,38.755093,36.365334,41.062565
4440,44.4,1.9097030711374272,5.521980263951478,1.9097030217877007,5.521980263951478,38.854073,36.45821,41.16744
4441,44.410000000000004,1.865606708549672,5.529460909834836,26.952472519012655,38.64491281549993,38.705513,36.31881,41.01003
4442,44.42,1.8530487298620997,5.5753476499791725,1.8530487454280091,5.5753476499791725,38.757366,36.367466,41.06497
4443,44.43,1.8442264192567277,5.663594905797982,1.8442264320527635,5.663594905797982,38.769577,36.378925,41.077908
4444,44.44,1.7952726117773636,5.332227499922337,1.795272593892151,5.332227499922336,38.680637,36.295467,40.983673
4445,44.45,1.8456477063074999,5.122001891020636,1.8456476657287209,5.122001891020636,38.74178,36.35284,41.048454
4446,44.46,1.8504024445938803,5.175706769307111,26.544747777821694,38.46185693947336,38.61938,36.23799,40.91877
4447,44.47,1.8790787823773547,5.140894938368994,25.558796286754976,38.28870106330446,38.855408,36.45946,41.16885
4448,44.480000000000004,1.9790131332195189,5.181963755059072,1.9790131571541474,5.181963755059072,38.869583,36.472763,41.18387
4449,44.49,1.9263464822085667,4.570113410205791,1.926346466330104,4.570113410205791,38.858337,36.46221,41.171955
4450,44.5,1.7924464530378557,5.215073025125952,25.016656646933335,38.0847506285946,38.71247,36.32534,41.017406
4451,44.51,1.9998846617997297,5.301244829612038,1.9998846964749872,5.301244829612038,38.749542,36.360126,41.056683
4452,44.52,1.862080332193575,5.1413712274261005,1.862080290925397,5.1413712274261005,39.06863,36.65954,41.394768
4453,44.53,1.895574652385134,5.41263571459505,1.8955746344627717,5.41263571459505,38.812756,36.41944,41.12366
4454,44.54,1.818032790422672,5.473469025067332,1.8180327688336693,5.473469025067333,38.773052,36.382187,41.081593
4455,44.550000000000004,1.9675297020028397,5.335409076509198,1.967529722097034,5.335409076509198,38.83855,36.443645,41.150986
4456,44.56,1.8599569327917387,5.319761068967006,1.8599569464809331,5.319761068967006,38.793865,36.40172,41.103645
4457,44.57,1.9191159260730488,5.264549912627941,1.9191159278986434,5.26454991262794,38.864666,36.46815,41.17866
4458,44.58,1.8898647869289174,5.618971553253164,1.8898647493909007,5.618971553253164,38.78865,36.396824,41.09812
4459,44.59,1.8699507116655734,5.691100696656629,1.8699507202742913,5.691100696656629,38.77527,36.384266,41.08394
4460,44.6,1.8534264453823115,5.384559933085993,1.853426404156155,5.384559933085993,38.773476,36.382584,41.08204
4461,44.61,1.7650984176397255,5.95982846686052,1.7650983765687398,5.95982846686052,38.75984,36.369785,41.06759
4462,44.62,1.869378001006539,5.60951604187944,1.869378034876052,5.60951604187944,38.804794,36.411972,41.115223
4463,44.63,1.869541313110917,5.379031844627121,1.8695412782681746,5.379031844627121,38.888985,36.49097,41.204426
4464,44.64,1.9187539467865005,5.5017437976080465,1.9187539181533535,5.501743797608048,38.77111,36.380363,41.079536
4465,44.65,1.6281334707273085,5.498361474265421,1.6281334775900307,5.498361474265422,38.802685,36.409992,41.11299
4466,44.660000000000004,1.7844614015085707,5.5194139958066355,1.784461438827314,5.5194139958066355,38.899773,36.50109,41.215855
4467,44.67,1.8369188216281764,5.4339934831024825,1.8369188377177414,5.4339934831024825,38.79849,36.40605,41.10854
4468,44.68,1.9587932022421748,5.52852752799696,1.958793195178606,5.52852752799696,38.79831,36.405884,41.10835
4469,44.69,1.7816495418886222,5.384183789217892,1.7816495687047935,5.384183789217892,38.79492,36.402706,41.104763
4470,44.7,1.7955263431136919,5.873674478660964,1.7955263783468418,5.873674478660964,38.79225,36.400204,41.101936
4471,44.71,1.7491123165763354,5.402709028139346,1.7491122985123269,5.402709028139346,38.76899,36.378372,41.077286
4472,44.72,1.7697899009827778,5.387177629003432,1.769789908882119,5.387177629003432,38.668674,36.284245,40.971
4473,44.730000000000004,1.904950819410508,5.497268818502138,1.9049508006236269,5.497268818502138,38.90125,36.50248,41.217422
4474,44.74,1.7646115200486052,5.272604455927166,1.7646115341750737,5.272604455927166,38.810635,36.417454,41.121414
4475,44.75,1.8689766463435864,5.369606295196881,1.8689766932654543,5.369606295196881,38.851997,36.45626,41.165237
4476,44.76,1.8419382651632985,5.2515772598908095,1.8419382568020228,5.2515772598908095,38.77948,36.388218,41.0884
4477,44.77,2.0608980768662635,5.367622843047846,2.060898084705344,5.367622843047846,38.8565,36.460487,41.170006
4478,44.78,1.897520351372727,5.45813166068284,1.8975203241698553,5.45813166068284,38.840755,36.445717,41.153328
4479,44.79,1.9412995774128747,6.141683017907505,1.9412996103382734,6.141683017907505,38.76577,36.37535,41.073875
4480,44.800000000000004,1.9472280915129707,5.508952087821017,1.9472280486449312,5.508952087821017,38.845406,36.45008,41.158253
4481,44.81,1.9546091652809279,5.22335835533982,1.9546091594275057,5.22335835533982,38.69802,36.311783,41.002094
4482,44.82,1.665158045026123,4.918484985871438,1.665158026974987,4.918484985871438,38.777878,36.386715,41.086704
4483,44.83,1.8231472570875886,5.014142684909925,1.8231472713251304,5.014142684909925,38.751617,36.362072,41.05888
4484,44.84,1.8777534138980512,5.136092085902367,1.8777533836603912,5.136092085902367,38.82002,36.426258,41.131355
4485,44.85,1.8014250959874094,4.668416763193665,1.8014250870424842,4.668416763193665,38.82388,36.42988,41.135445
4486,44.86,1.9657638782238338,5.158666580844294,1.9657639023743096,5.158666580844294,38.782215,36.39078,41.091297
4487,44.87,1.9962741061349263,5.108999349628256,1.9962740809966482,5.108999349628256,38.85287,36.457085,41.166164
4488,44.88,1.8479221243467467,4.817207805204019,1.8479221557303314,4.817207805204019,38.79051,36.398567,41.100086
4489,44.89,1.8559020991857038,5.202070276917299,1.8559021245311764,5.2020702769173,38.850605,36.454956,41.16376
4490,44.9,1.8995987359947382,5.331432424579824,1.8995987649526183,5.331432424579824,38.7619,36.371723,41.069775
4491,44.910000000000004,1.847550788632606,5.339505800501195,1.8475508391005286,5.339505800501195,38.696777,36.310616,41.000774
4492,44.92,1.893574984805438,4.971268500179543,1.8935750006801522,4.971268500179544,38.770924,36.380188,41.079334
4493,44.93,1.8964040700873621,5.1467931860319664,1.896404064165789,5.146793186031966,38.935135,36.534275,41.253323
4494,44.94,1.9684904991109464,5.249020902026916,1.9684904775876555,5.249020902026916,38.979046,36.575478,41.29985
4495,44.95,1.8742337043133195,5.160009281876144,1.8742336567299944,5.160009281876144,38.687614,36.302017,40.991066
4496,44.96,1.8702915793007384,5.177661388048484,1.8702915574742447,5.177661388048484,38.820816,36.427002,41.1322
4497,44.97,1.8607887575683917,5.306051939006352,1.8607887725130916,5.306051939006353,38.89836,36.499767,41.21436
4498,44.980000000000004,1.675147548515067,5.131472329604934,1.6751475242141,5.131472329604934,38.82392,36.429916,41.135487
4499,44.99,1.8137503707424723,5.226257878276375,1.8137503591923223,5.226257878276375,38.73391,36.34546,41.04012
4500,45.0,1.773059633484948,5.167571643608921,1.7730596290594576,5.167571643608921,38.865433,36.46887,41.17947
4501,45.01,1.9118105933662717,5.454260853672586,1.9118106599276694,5.454260853672586,38.918198,36.51838,41.23538
4502,45.02,1.8470987911440226,5.5652208471952695,1.8470987772443725,5.56522084719527,38.897686,36.499134,41.213646
4503,45.03,1.8674791987467163,5.544505831198126,1.8674792171943368,5.544505831198126,38.870872,36.473972,41.185234
4504,45.04,1.8130246139865418,5.491985267232714,1.8130246431542698,5.491985267232714,38.810226,36.41707,41.12098
4505,45.050000000000004,1.7980350104776095,5.292387972227913,1.79803503938802,5.292387972227913,38.960297,36.557884,41.279984
4506,45.06,1.9549050856102237,5.470019267828043,1.9549050818319176,5.470019267828043,38.81052,36.417343,41.121292
4507,45.07,1.8901348803978062,5.229599875621386,1.8901348627182304,5.229599875621386,38.91657,36.516853,41.233654
4508,45.08,1.798440304150484,5.629729563819559,1.7984402850059469,5.629729563819559,38.807575,36.41458,41.11817
4509,45.09,1.9691508603226424,5.5990733151403225,1.9691508918908116,5.5990733151403225,38.69205,36.30618,40.995766
4510,45.1,1.8540677057871806,5.84376590853351,1.8540677247169068,5.84376590853351,38.81521,36.421745,41.12626
4511,45.11,1.7928680792563088,5.53212138170237,1.792868071163711,5.53212138170237,38.844574,36.449295,41.15737
4512,45.12,1.852636607349063,5.361792756614917,1.8526366425686465,5.361792756614917,38.647255,36.264145,40.948303
4513,45.13,1.784748865275283,5.765863923650335,1.7847488508956197,5.765863923650334,38.86458,36.468067,41.178566
4514,45.14,1.8676200025524514,5.719249586957182,1.8676200359853337,5.719249586957182,38.86149,36.465168,41.175293
4515,45.15,1.8308095717322799,5.423598724631795,1.8308095350183269,5.423598724631795,38.771034,36.380295,41.079456
4516,45.160000000000004,1.7730571178981855,5.348731538618649,1.7730570821484781,5.348731538618649,38.951637,36.54976,41.27081
4517,45.17,1.9026674502419474,5.443372222126798,1.9026674367549712,5.443372222126798,38.77445,36.383495,41.083073
4518,45.18,1.8328109673205104,5.147457488043907,1.8328109615537125,5.147457488043907,38.66035,36.276432,40.96218
4519,45.19,1.7262599212424623,5.238275644053938,1.7262599487496935,5.238275644053938,38.957798,36.55554,41.277336
4520,45.2,1.9260591343590594,5.51035294938952,1.9260591158349476,5.51035294938952,38.771927,36.38113,41.0804
4521,45.21,1.8426162586341517,5.433788641557073,1.842616249972173,5.433788641557073,38.66241,36.278366,40.964363
4522,45.22,1.872811447099595,5.570886111404338,1.8728114814059431,5.570886111404338,38.85085,36.45519,41.16402
4523,45.230000000000004,1.7145989179751906,5.15587631330435,1.7145988602754096,5.15587631330435,38.79379,36.401646,41.103565
4524,45.24,1.9142650833979793,5.319232970209559,1.9142650364889002,5.319232970209558,38.88284,36.485203,41.197914
4525,45.25,1.8640521145768512,5.183971464739907,1.8640521520835156,5.183971464739907,38.8187,36.42502,41.12996
4526,45.26,1.7813204455384881,5.3282089867624505,1.7813204495977695,5.3282089867624505,38.82427,36.430244,41.135857
4527,45.27,1.8985934112561946,5.546479906249119,1.8985934020032385,5.546479906249119,38.701023,36.314598,41.005272
4528,45.28,1.7402304225191034,5.176597941288597,1.7402304183792705,5.176597941288598,38.620102,36.238667,40.919537
4529,45.29,1.815946447005851,5.652962371569785,1.8159464880243392,5.652962371569785,38.772095,36.381287,41.080578
4530,45.300000000000004,1.9402417463820094,5.654245016359162,1.940241697126546,5.654245016359162,38.79805,36.405643,41.108078
4531,45.31,1.7751069615260922,5.644333712702441,1.7751069473891252,5.644333712702441,38.86481,36.468285,41.178814
4532,45.32,1.7851501468399043,5.471080053889991,1.7851501611587777,5.471080053889992,38.87789,36.48056,41.192673
4533,45.33,1.7472790875784538,5.5135435114843,1.7472790714934643,5.5135435114843,38.883274,36.48561,41.198376
4534,45.34,1.9159242787170492,5.704016202381015,1.9159243058221047,5.704016202381016,38.862907,36.4665,41.176796
4535,45.35,1.852967754594307,5.664697737393362,1.852967717214636,5.664697737393361,38.774437,36.383488,41.08306
4536,45.36,1.86076879581304,5.255278046146179,1.8607687888342905,5.255278046146179,38.86824,36.471508,41.18245
4537,45.37,1.6998412365990037,5.609334008991804,1.699841249522281,5.609334008991804,39.00323,36.59817,41.325474
4538,45.38,1.9171570718428372,6.143560455069036,1.917157119706734,6.143560455069037,38.85198,36.456245,41.165215
4539,45.39,1.8409450461905899,5.239491270988409,1.840945075803212,5.239491270988409,38.841225,36.446156,41.153824
4540,45.4,1.8914370918057402,5.283677141184828,1.8914371167220636,5.283677141184827,38.70594,36.319214,41.010487
4541,45.410000000000004,1.744747644677209,5.573211963226795,1.7447476503325767,5.573211963226795,38.868385,36.47164,41.182602
4542,45.42,1.980621503004734,5.454953026222604,1.9806214696860889,5.454953026222604,38.683018,36.297707,40.9862
4543,45.43,1.8482713745001556,5.158752022422685,1.848271396965187,5.158752022422686,38.761078,36.370953,41.068905
4544,45.44,1.8597081247237566,5.538810816124524,1.8597081713160817,5.538810816124524,38.92031,36.520367,41.237617
4545,45.45,1.9836013220637867,5.047541223180922,1.983601287369181,5.047541223180922,38.69581,36.309704,40.99975
4546,45.46,1.8766894048292346,5.301523122823888,1.876689378663897,5.301523122823888,38.74419,36.355103,41.05101
4547,45.47,1.8386178444097294,5.566108017408802,1.8386178170813556,5.566108017408802,38.93094,36.53034,41.24888
4548,45.480000000000004,1.90966743443235,5.648518292428806,1.9096674476776423,5.648518292428806,38.801834,36.409195,41.112087
4549,45.49,1.8826234182536954,5.494892023099918,1.882623396364997,5.4948920230999185,38.77409,36.38316,41.08269
4550,45.5,1.9538528660558827,5.400065897119041,1.9538528496948626,5.400065897119041,38.805153,36.412308,41.1156
4551,45.51,1.8109331010363494,5.129025043532944,1.8109331270960158,5.129025043532943,38.771618,36.38084,41.08007
4552,45.52,1.9964818562402724,5.419830879190092,1.99648185745675,5.419830879190092,38.788383,36.396572,41.097836
4553,45.53,1.8666399388009616,5.195967354906534,1.8666399487412166,5.195967354906534,38.81355,36.420185,41.1245
4554,45.54,1.7255344545460183,5.082086588112626,1.7255344224412004,5.082086588112626,38.77064,36.379925,41.079037
4555,45.550000000000004,1.844358284082015,5.242330061373124,1.8443583152636156,5.242330061373124,38.693317,36.30737,40.997112
4556,45.56,1.8383862094845032,5.621553429506714,1.8383861901156258,5.621553429506714,38.62731,36.245434,40.927174
4557,45.57,1.807663655001644,5.597771539156285,1.8076636866534377,5.597771539156285,38.794353,36.402176,41.10416
4558,45.58,1.784122551874837,5.367218175291301,1.7841225624808228,5.367218175291301,38.86562,36.469048,41.179672
4559,45.59,1.8837015293472084,5.427429043328714,1.8837015409426954,5.427429043328714,38.6936,36.307632,40.997406
4560,45.6,1.8531960656465183,5.323852875650746,1.8531960684777435,5.323852875650746,38.89088,36.49275,41.206436
4561,45.61,1.8692878445680312,5.216351145577309,1.8692878604857641,5.216351145577309,38.864433,36.46793,41.178413
4562,45.62,1.9482722387289857,5.171340595141769,1.9482722715320935,5.171340595141769,38.8089,36.41582,41.11957
4563,45.63,1.923731555807065,5.151616715634486,1.9237315359127614,5.151616715634486,38.85443,36.45855,41.167816
4564,45.64,1.6907154904847974,5.482847952660459,1.6907155314138518,5.482847952660459,38.887733,36.489796,41.203102
4565,45.65,1.7559179822597777,5.638633541323091,1.7559179983336852,5.638633541323091,38.891052,36.49291,41.206615
4566,45.660000000000004,1.800744033778315,5.577985139113852,1.800744026560596,5.577985139113853,38.75773,36.367805,41.065353
4567,45.67,1.8542126510289425,5.364828271799616,1.8542126567238228,5.364828271799616,38.743954,36.35488,41.05076
4568,45.68,1.7343554661359228,5.387248782354901,1.7343555217158104,5.387248782354901,38.790207,36.39828,41.099766
4569,45.69,1.7309235123476674,5.113899569689776,1.7309234923889887,5.113899569689777,38.83204,36.437534,41.14409
4570,45.7,1.8236824598321262,5.086278628072318,1.82368248110361,5.086278628072318,38.76149,36.371338,41.06934
4571,45.71,1.8346703931403958,5.367409535011143,1.8346703982257495,5.367409535011143,38.819656,36.42592,41.13097
4572,45.72,2.002013335710299,4.917812937961661,2.0020133649583602,4.917812937961661,38.835945,36.4412,41.148228
4573,45.730000000000004,1.7941502333847363,5.010845621317837,1.7941502040545023,5.010845621317836,38.761036,36.37091,41.06886
4574,45.74,1.773804288578818,5.357643616293292,1.7738042907654865,5.357643616293292,38.808872,36.4158,41.119545
4575,45.75,1.8558787472874108,5.3550837660364214,1.8558787627334032,5.3550837660364214,38.809494,36.41638,41.1202
4576,45.76,1.7955810935891447,5.022865371312376,1.7955810706977868,5.022865371312376,38.891033,36.492893,41.206596
4577,45.77,1.8084210295526586,5.153757502012374,1.8084209950887054,5.153757502012374,38.72618,36.338207,41.031933
4578,45.78,1.7670617296106708,5.064869382323556,1.7670616822275738,5.064869382323555,38.799034,36.406567,41.109123
4579,45.79,1.7738127052310142,5.1557031253169185,1.7738126962118541,5.1557031253169185,38.85695,36.46091,41.170483
4580,45.800000000000004,1.762223151757115,5.817529535498481,1.7622231786799871,5.8175295354984815,38.918438,36.518604,41.23563
4581,45.81,1.7792122248125983,5.7501034929201555,1.7792122057568989,5.7501034929201555,38.72618,36.338207,41.03193
4582,45.82,1.7284214885462237,5.209967351976414,1.7284215062751858,5.209967351976414,38.771416,36.38065,41.079857
4583,45.83,1.8635554162191126,5.5298805396784045,1.8635554747244918,5.5298805396784045,38.864643,36.46813,41.178635
4584,45.84,1.8563755947099296,5.355670186785602,1.856375599203925,5.355670186785602,38.808613,36.415554,41.11927
4585,45.85,1.8133096839262979,5.355222989061761,1.8133097213157503,5.355222989061761,38.818695,36.425014,41.12995
4586,45.86,1.8353959185259325,5.76953590040461,20.080186585554355,32.54961569743698,38.811558,36.418316,41.122387
4587,45.87,1.9232964551269276,5.978246090091428,19.199171181880978,32.473886629510645,38.88178,36.48421,41.196793
4588,45.88,1.9340438774209767,5.603205754505529,20.354235981887257,32.335249758768434,38.68873,36.303062,40.992245
4589,45.89,1.8615182225920603,5.221315344210097,1.8615182499676612,5.221315344210097,38.84133,36.446255,41.153934
4590,45.9,1.7573275077271706,5.20167372565049,22.935985061585207,33.335190502375546,38.78805,36.396263,41.097485
4591,45.910000000000004,1.6976459752333943,5.295082008152888,22.7755280751851,33.68229003855955,38.83046,36.436054,41.142414
4592,45.92,1.9510767292600133,5.2897116722435396,22.398375565306505,33.57641759826768,38.820797,36.426987,41.13218
4593,45.93,1.8522297036558475,5.2217957905905985,22.981043341840444,33.51757932437512,38.787586,36.39582,41.09699
4594,45.94,1.8487471849530768,5.14521352049757,1.8487471928552466,5.14521352049757,38.76228,36.372078,41.070175
4595,45.95,1.8074940820506238,5.271697776358547,1.807494081397244,5.271697776358547,38.81786,36.42423,41.129066
4596,45.96,1.9901467071526655,5.899902686252667,1.9901466941602362,5.899902686252667,38.83758,36.442738,41.149963
4597,45.97,1.9576298541480954,5.560767056993629,1.957629892351268,5.560767056993629,38.75293,36.363304,41.06027
4598,45.980000000000004,1.9090446445980265,5.294311446437775,1.9090446901489662,5.294311446437775,38.833546,36.43895,41.145687
4599,45.99,2.0541898847723967,4.994701904923809,2.0541898993984904,4.994701904923809,38.78587,36.394215,41.095173
4600,46.0,1.805595959800338,5.052249862167391,1.8055960049989779,5.05224986216739,38.769028,36.37841,41.077328
4601,46.01,1.7400075568692075,5.43015109406526,1.74000757410894,5.43015109406526,38.66046,36.276535,40.962296
4602,46.02,1.898208156614026,5.255096232361349,1.8982081437304765,5.25509623236135,38.84645,36.45106,41.159363
4603,46.03,1.7983282392036515,5.371736794957324,1.7983282164419432,5.371736794957324,38.923622,36.52347,41.241127
4604,46.04,1.812659713493963,5.379080469225853,1.8126597652331822,5.379080469225853,38.842102,36.44698,41.154755
4605,46.050000000000004,1.8716047355861043,5.24058935771929,1.8716047374102958,5.24058935771929,38.762573,36.372353,41.070488
4606,46.06,1.7999188598950386,5.068065648262803,1.7999188472004768,5.068065648262803,38.72683,36.338814,41.032616
4607,46.07,1.856891217127083,4.999617211627191,1.8568912371930502,4.999617211627191,38.823467,36.429493,41.13501
4608,46.08,2.0309433563621626,5.342183475478982,2.030943393598973,5.342183475478982,38.78553,36.393894,41.09481
4609,46.09,1.9362002741992625,5.280653206564102,1.936200270722038,5.280653206564102,38.929134,36.528645,41.246967
4610,46.1,1.9050619930093942,5.0225346858668525,1.905061975828092,5.0225346858668525,38.88961,36.491558,41.20509
4611,46.11,1.675686659253949,5.029188612343397,1.6756866557752492,5.029188612343396,38.694847,36.308804,40.99873
4612,46.12,1.8386211226352713,5.493834264314987,1.8386211753386692,5.493834264314987,38.899147,36.500504,41.21519
4613,46.13,1.9273137867937005,5.215688967470842,1.927313740665703,5.215688967470842,38.88918,36.49115,41.20463
4614,46.14,1.7926139012991167,5.292741942103251,1.7926138631053914,5.292741942103251,38.85065,36.455,41.16381
4615,46.15,1.8875740992280028,5.1578756155022845,1.887574102604824,5.1578756155022845,38.775074,36.384083,41.083736
4616,46.160000000000004,1.934359643966944,5.316243212166149,1.934359641571319,5.316243212166149,38.811493,36.41826,41.122322
4617,46.17,2.0189524928331735,5.068338913663239,2.018952467143199,5.068338913663239,38.717457,36.33002,41.022686
4618,46.18,1.722912833963995,5.0920213657623075,1.7229128094560477,5.0920213657623075,38.831444,36.436977,41.14346
4619,46.19,1.9098965640275638,5.040346988886449,1.9098965712207823,5.040346988886449,38.6527,36.269253,40.95407
4620,46.2,1.8468317503493505,4.963046596003964,1.8468317202564972,4.963046596003964,38.96681,36.56399,41.28688
4621,46.21,1.8598769820824343,5.428799535591253,1.85987696858247,5.428799535591254,38.627598,36.2457,40.927475
4622,46.22,1.8346508928760639,5.3238908459888465,1.8346509029393936,5.3238908459888465,38.85653,36.460514,41.17004
4623,46.230000000000004,1.8011623483929777,5.268799900711715,1.801162331399099,5.268799900711715,38.79345,36.401325,41.103203
4624,46.24,1.7767666707385161,5.117828875316969,1.7767666490501381,5.117828875316969,38.874424,36.477306,41.189
4625,46.25,1.8678227739007693,5.473507011697259,1.8678227450909448,5.473507011697259,38.734543,36.34605,41.04079
4626,46.26,1.8262572319118329,5.436363560991046,1.826257231586826,5.436363560991046,38.67887,36.29381,40.9818
4627,46.27,2.060647631573248,5.434066848804642,2.06064759562262,5.434066848804642,38.70655,36.319786,41.01113
4628,46.28,1.9005891158016706,5.441072521231326,1.9005891007419597,5.441072521231326,38.79872,36.406273,41.108788
4629,46.29,1.81381316171141,5.1705626320050575,1.813813181979281,5.1705626320050575,38.844063,36.44882,41.15683
4630,46.300000000000004,1.793638906839019,5.2857765737676425,1.7936389152614909,5.2857765737676425,38.759865,36.369812,41.06762
4631,46.31,1.8105810294990132,5.392647698070202,1.810581034462563,5.392647698070202,38.88726,36.489353,41.202602
4632,46.32,1.7609886045457415,5.172870718446591,1.7609886314798333,5.172870718446591,38.83083,36.436398,41.142807
4633,46.33,1.8074746114670561,5.431789807578295,1.8074746320960682,5.431789807578295,38.77262,36.381783,41.081135
4634,46.34,1.8539118117011226,5.132065153671586,1.8539118064105278,5.132065153671586,38.790512,36.398567,41.10009
4635,46.35,1.683991305418267,5.088528395739299,1.683991341712106,5.088528395739299,38.74626,36.357048,41.053207
4636,46.36,1.8249676684757525,4.740762570417829,1.8249676702605682,4.740762570417829,38.730824,36.342564,41.03685
4637,46.37,1.7511581984496656,5.482628405138639,1.7511581875224254,5.482628405138639,38.862667,36.466274,41.17654
4638,46.38,1.8066500711900806,5.335357146305812,1.8066500463378001,5.335357146305812,38.891624,36.493446,41.207222
4639,46.39,1.7857733347584173,5.117878177665064,1.785773296809603,5.117878177665064,38.75979,36.36974,41.06754
4640,46.4,1.937618637469173,5.097221608712717,1.9376186494350465,5.097221608712717,38.668465,36.28405,40.97078
4641,46.410000000000004,2.028091575710036,4.58837120949734,2.02809157280398,4.58837120949734,38.801086,36.408493,41.111298
4642,46.42,1.913895228739091,5.188713379935143,1.913895257569393,5.188713379935143,38.87193,36.474964,41.186356
4643,46.43,1.9059837732676375,5.3444981820631465,1.9059838194686625,5.3444981820631465,38.68742,36.301834,40.99086
4644,46.44,1.7934547437453918,5.005532222643731,1.7934547084993142,5.005532222643731,38.752758,36.363144,41.06009
4645,46.45,1.825406047349803,5.3785628722778585,1.825406009747804,5.3785628722778585,38.80007,36.40754,41.110218
4646,46.46,1.8830388203147406,5.552480695328813,1.8830387822207553,5.552480695328813,38.761833,36.37166,41.069706
4647,46.47,2.0401419999502957,5.266788298839422,2.040142014101088,5.266788298839422,38.825916,36.43179,41.137604
4648,46.480000000000004,1.9376361639434834,5.19460784090377,1.9376362038996922,5.19460784090377,38.775536,36.384518,41.084225
4649,46.49,1.9134945354156554,4.807513756029817,1.9134945130792953,4.807513756029817,38.778145,36.386963,41.086987
4650,46.5,1.8219843935132076,5.044673075883249,1.8219844293348937,5.044673075883249,38.773968,36.383045,41.08256
4651,46.51,1.9035424825337626,5.795845275380992,1.9035424541112596,5.7958452753809935,38.798832,36.406376,41.108906
4652,46.52,2.129385118865086,5.691234130978042,2.1293851168075353,5.691234130978042,38.843685,36.448463,41.156433
4653,46.53,1.7692610978820684,5.67602690111059,1.769261096805356,5.67602690111059,38.696644,36.310486,41.000633
4654,46.54,1.8184675832471158,5.579143606958,1.8184675961629249,5.579143606958001,38.824,36.429996,41.135574
4655,46.550000000000004,2.037146716679233,5.527561671050698,2.037146669877515,5.527561671050698,38.834152,36.439518,41.14633
4656,46.56,1.7988638623917013,5.317259822576542,21.56879821790824,34.93491586575495,38.78314,36.39165,41.092278
4657,46.57,2.061462155945015,5.010342201788431,20.720343577428327,34.70132480479868,38.798836,36.40638,41.10891
4658,46.58,1.8325623688072739,5.168543478434217,1.8325623813670935,5.168543478434217,38.78932,36.397453,41.09883
4659,46.59,1.861852770540655,4.999553998315178,1.8618527907761238,4.999553998315178,38.708435,36.321556,41.01313
4660,46.6,1.920057403935075,5.5077521580594935,17.481578367718438,33.486969228925815,38.7972,36.404842,41.107178
4661,46.61,1.781017890166756,5.043691085896979,1.7810179174788836,5.043691085896979,38.80788,36.414867,41.118492
4662,46.62,1.858682123928978,5.214868541406831,1.8586820941659175,5.214868541406831,38.80368,36.410923,41.11404
4663,46.63,1.8360760326484638,5.216134636189061,1.8360760396073563,5.216134636189061,38.93147,36.530834,41.24944
4664,46.64,1.7706091746805017,5.005769847306824,17.61976638988316,33.77691299119379,38.838245,36.44336,41.150665
4665,46.65,1.8931599193422006,5.277528114476149,19.320573543443725,33.92101549812489,38.83308,36.43851,41.14519
4666,46.660000000000004,1.8972850006916078,4.72794056155593,1.897285003988417,4.72794056155593,38.857662,36.46158,41.171238
4667,46.67,1.8192962701773956,5.366184556059922,25.506353922009694,34.425228089975256,38.858536,36.4624,41.172165
4668,46.68,1.8141492018439207,4.85820492035271,26.059156050384164,34.736542033799545,38.906406,36.507317,41.222885
4669,46.69,1.8555672688248896,4.797161579240103,1.8555672719103546,4.797161579240103,38.63372,36.251446,40.933964
4670,46.7,1.9068546604778043,4.793002210306186,1.9068546270626388,4.793002210306186,38.79411,36.401943,41.1039
4671,46.71,1.9461340925881037,5.083238910451018,23.499273973738028,34.421127726145336,38.75659,36.36674,41.06415
4672,46.72,1.8939556783219802,5.771206796089496,23.81445135783076,34.396861724086406,38.86168,36.465347,41.175495
4673,46.730000000000004,1.774845652662527,5.497545822442422,23.859970274172344,34.27030206822675,38.74302,36.354004,41.04977
4674,46.74,1.782816672250282,5.8633158120502875,23.35613744538402,33.808353727569475,38.898727,36.50011,41.21475
4675,46.75,1.7402791713756824,5.128625951532596,23.572602809617514,34.34608384092741,38.865643,36.469067,41.179695
4676,46.76,1.8388621494233626,5.127776508324918,23.053243206525273,33.99263660106462,38.73208,36.34374,41.038177
4677,46.77,1.838382128417603,4.781970672292779,34.652987827867186,49.05190369492821,38.74852,36.359165,41.0556
4678,46.78,1.8128983068573212,5.123128373651548,21.69008175387492,33.972770785185816,38.87056,36.47368,41.184902
4679,46.79,1.830779869460055,5.1630192891655105,21.46151469069785,34.013595740359506,38.853004,36.457207,41.1663
4680,46.800000000000004,1.7426723389788044,4.479625780464076,22.326943011122165,34.52530821450331,38.80817,36.41514,41.1188
4681,46.81,1.7304495861444409,4.895412696871895,22.166415818762584,34.032523724617604,38.7193,36.33175,41.02464
4682,46.82,1.8057671858201014,4.5233927702015295,21.637234076137375,34.58050197847812,38.783104,36.391617,41.092243
4683,46.83,1.749288930686735,4.530991666988888,21.911958289479404,34.43881873459842,38.795067,36.402843,41.104916
4684,46.84,1.857940178148509,4.744322918263563,21.03969229658123,34.32132287783034,38.688103,36.30247,40.99158
4685,46.85,1.9114880294301808,4.262055930359206,21.33785806335164,34.733803764816955,38.768574,36.377983,41.076847
4686,46.86,1.7808992501725147,4.559346188912969,20.224589728977286,34.499321273862606,38.73581,36.34724,41.042133
4687,46.87,1.7529962779867512,5.156547732033859,19.844466728404562,34.30454346316906,38.759964,36.369904,41.067722
4688,46.88,1.7690860016674326,4.589876236753866,19.510673059555703,34.79724049269704,38.800304,36.40776,41.11047
4689,46.89,1.832371433573056,4.275486392062657,20.88464585349623,35.04629229669271,38.81794,36.424305,41.12915
4690,46.9,1.7823679466293356,4.168432524870736,21.645229990724314,35.2400817221958,38.817898,36.424263,41.129105
4691,46.910000000000004,1.7192171604756958,4.31868991887843,21.822445059827423,34.93948022765666,38.71928,36.33173,41.024616
4692,46.92,1.8312857897337804,4.59477587012264,21.51191437343406,35.17282540012223,38.754745,36.36501,41.062195
4693,46.93,1.7063958878870018,4.73652316445052,21.95511727792781,34.84785514263054,38.77174,36.380955,41.0802
4694,46.94,1.7497299977515428,4.850713285474231,20.991375188046675,34.60539743521319,38.7077,36.32086,41.01235
4695,46.95,1.887899738216935,4.637227768801213,22.792772407269492,34.90837426489112,38.73883,36.350075,41.045334
4696,46.96,1.8388890198567271,4.4707649388148285,20.708959463664893,35.03094465520367,38.927227,36.52685,41.244946
4697,46.97,1.9057404367543154,4.624534860378587,21.514313172436236,34.66641310741019,38.847736,36.452267,41.160725
4698,46.980000000000004,1.9065505875031428,4.227434116960048,22.608715358882314,34.903449673880594,38.735744,36.34718,41.04206
4699,46.99,1.9611767676824738,4.403096592023452,36.5182860743186,49.458974055352066,38.826374,36.43222,41.13809
4700,47.0,1.7381514104951519,3.9532251091100927,37.11177670384622,50.03957127493776,38.77745,36.386314,41.086254
4701,47.01,1.9030425679924716,3.8676678886684996,37.46573359990617,50.189660385304805,38.816017,36.422504,41.127117
4702,47.02,1.7952954410348123,4.143610364122654,22.849744958101983,34.811340936544546,38.701565,36.31511,41.005848
4703,47.03,2.076122528149349,4.25507312925565,22.903211514848547,34.96299291986825,38.80145,36.408833,41.11168
4704,47.04,1.9113919314387362,4.40141490563611,21.430340352281164,34.94767041838951,38.810223,36.417065,41.120975
4705,47.050000000000004,2.1515965009499727,4.26273205706209,34.917427881160776,49.725199032715096,38.76149,36.371338,41.06934
4706,47.06,1.8337984580402786,4.256225045246947,22.82292649311307,35.42927482264699,38.797886,36.405487,41.107903
4707,47.07,1.907231071243176,4.200787190337685,35.778595066675834,50.040306710973574,38.754196,36.36449,41.06161
4708,47.08,1.7220407219882203,4.617702950704916,24.490987537848877,35.423536106409685,38.76724,36.37673,41.07543
4709,47.09,1.9570656909294104,4.984166790070891,24.293068756919492,35.2906452760623,38.819626,36.425888,41.13094
4710,47.1,1.8370154487981591,4.913454644079233,1.8370154258370273,4.913454644079233,38.877617,36.4803,41.192383
4711,47.11,1.9393175664916757,5.183568669965155,1.9393175744799602,5.183568669965155,38.696564,36.310413,41.00055
4712,47.12,2.0240832141322955,5.674695576675004,2.0240832192185993,5.6746955766750045,38.65823,36.274445,40.959934
4713,47.13,2.07795508125255,5.671527891719316,2.077955050672311,5.671527891719316,38.897915,36.499348,41.213886
4714,47.14,1.8885365831094394,5.530487984131492,1.88853654609657,5.530487984131492,38.73075,36.342495,41.036774
4715,47.15,1.7969684291499777,5.462574476273746,1.7969683875972966,5.462574476273747,38.693123,36.307186,40.996906
4716,47.160000000000004,1.7593847301501706,5.040073440132771,1.7593846730586333,5.040073440132771,38.76298,36.372738,41.070923
4717,47.17,1.6811556726552537,5.032952606662834,1.6811556421176483,5.032952606662834,38.791683,36.39967,41.101334
4718,47.18,1.8435566631187683,5.023617206678623,1.8435566502945129,5.023617206678623,38.853134,36.457333,41.166443
4719,47.19,1.725479432470496,5.480734145447881,19.15171472969384,33.91866542837279,38.73441,36.345924,41.040646
4720,47.2,1.876494065035022,5.1705607265536795,1.8764940480374703,5.1705607265536795,38.955486,36.55337,41.274887
4721,47.21,1.8825541586761747,5.1109349553393,1.8825542016516503,5.1109349553393,38.843346,36.448143,41.156067
4722,47.22,1.8331129429000266,4.905078449099862,1.8331129126348495,4.905078449099862,38.756374,36.36654,41.063923
4723,47.230000000000004,1.8156823926145926,5.138921310743601,1.815682412919297,5.1389213107436005,38.85442,36.458534,41.167805
4724,47.24,1.9232913922480244,4.931515701971058,1.9232914015751086,4.931515701971058,38.95395,36.55193,41.273262
4725,47.25,1.9260218049374402,4.8265846717088365,1.9260218595520644,4.8265846717088365,38.915962,36.51628,41.23301
4726,47.26,1.960698820299593,4.774338009831064,1.9606988909652863,4.774338009831064,38.710392,36.323387,41.015198
4727,47.27,1.8997775288251675,4.713247127210953,1.89977753638656,4.713247127210953,38.786972,36.395245,41.096336
4728,47.28,1.9157167936208448,5.08002864606935,17.471555370506568,35.11979342131808,38.90943,36.510155,41.22609
4729,47.29,2.0070644578364796,4.880251366507171,17.782071015616587,35.292670719240775,38.809486,36.41637,41.120193
4730,47.300000000000004,1.8230423232266644,5.103565621497484,17.53520712209426,34.60226112858958,38.679203,36.294125,40.982155
4731,47.31,1.8273520402980767,5.001578341719726,1.8273520980983065,5.001578341719726,38.74369,36.354633,41.05048
4732,47.32,1.9580936704706606,5.059346083903794,17.14615138246778,35.1107827944523,38.96545,36.56272,41.285446
4733,47.33,1.9845513702056177,5.0170628990360235,1.984551365020266,5.0170628990360235,38.747498,36.358208,41.054516
4734,47.34,2.019119419018841,4.800737803689354,2.019119438793642,4.800737803689354,38.937717,36.536697,41.25606
4735,47.35,1.8485174797498878,4.8341475201952315,1.8485174421976611,4.834147520195231,38.828846,36.43454,41.140705
4736,47.36,1.7690865788625996,5.348418759827969,1.7690866220497126,5.348418759827969,38.818707,36.425026,41.129963
4737,47.37,1.9467454144105356,5.181727176862209,1.9467453992156956,5.181727176862209,38.86964,36.472816,41.18393
4738,47.38,1.8232863066690894,5.18692675497578,25.482417012290952,33.35902748948621,38.87111,36.474197,41.185486
4739,47.39,1.9299015925673086,5.326020222526797,25.474946374865347,32.91938966109573,38.748577,36.359222,41.05566
4740,47.4,1.7719405583549186,5.319614319310084,1.7719405388754756,5.319614319310084,38.832077,36.43757,41.14413
4741,47.410000000000004,1.9051564163315522,5.684241013739637,1.9051564221491006,5.684241013739637,38.781307,36.38993,41.09034
4742,47.42,1.8032699154265848,5.4158515194658134,1.8032699129549432,5.415851519465813,38.786198,36.39452,41.09552
4743,47.43,1.9886818666028945,5.6357004270183255,25.43518023587967,32.41185000882165,38.78657,36.39487,41.095913
4744,47.44,1.715245136791669,5.596830144991689,1.715245143806345,5.5968301449916895,38.751427,36.361893,41.058678
4745,47.45,1.8431899410025825,5.385456854372387,25.081063846880365,33.28251418745869,38.80717,36.4142,41.11774
4746,47.46,1.8048784154177842,4.945756088360212,25.68000351805648,33.44794978915394,38.859203,36.463024,41.17287
4747,47.47,1.8335169453369553,5.4445512916705585,25.092314966798273,32.98589365729031,38.920418,36.520466,41.237732
4748,47.480000000000004,1.8114658481033166,5.2430331557815215,25.718065339071448,32.78013626555569,38.677025,36.29208,40.979847
4749,47.49,1.7897350350621755,5.062835236611347,24.048827395521254,32.67346633303204,38.84675,36.451336,41.159676
4750,47.5,1.947518229968277,5.419343742462707,23.8711117531741,33.053148042516575,38.845734,36.450386,41.1586
4751,47.51,1.889575183139316,4.788886812675302,24.355246694386313,32.890061275148554,38.813873,36.42049,41.124844
4752,47.52,1.968491743092799,5.143725498839122,24.802059197165956,33.24211076249354,38.82048,36.42669,41.131844
4753,47.53,1.9496181550132707,4.92823762255175,24.53030918647929,33.12917802627587,38.819283,36.425564,41.130573
4754,47.54,1.7689645580240156,4.820629959185637,25.058205279664932,33.47018830657749,38.814636,36.421204,41.12565
4755,47.550000000000004,1.7418923367692536,5.0064604748122195,23.14044376221044,32.89109756140423,38.68571,36.30023,40.989048
4756,47.56,1.8476860224224687,5.102178968804854,24.23036174053483,33.2556067798807,38.83098,36.436543,41.142967
4757,47.57,1.6153067816374937,5.403240129298384,23.89499899965555,32.91332826813561,38.842342,36.4472,41.155006
4758,47.58,1.8249148193079106,5.774261420448253,22.60724338144166,32.81903660276867,38.75144,36.361908,41.058693
4759,47.59,1.7618779275710417,5.271441048012772,22.570727605267933,33.54259283263202,38.771843,36.381054,41.08031
4760,47.6,1.8492471941257107,5.069354601530778,22.613944883235227,33.46080922745184,38.818935,36.42524,41.130203
4761,47.61,1.9671945552456367,5.80790299659069,22.443203126430973,32.96278601413061,38.856937,36.460896,41.170467
4762,47.62,1.8388233127211535,5.554959082407513,22.880112669684905,32.983830473433635,38.860466,36.46421,41.17421
4763,47.63,1.799341014970805,5.527937220556982,22.824125696928782,33.2294425990053,38.82231,36.428406,41.13378
4764,47.64,1.8580337050320346,5.25823166031697,23.82496459832297,33.33558382826142,38.707066,36.320267,41.011677
4765,47.65,1.7397228429488383,5.349133032455274,24.066607999030087,32.87412401971773,38.73816,36.349445,41.04462
4766,47.660000000000004,1.870616460090238,5.36046468998503,24.76333905934938,32.78163587292043,38.745686,36.356506,41.052593
4767,47.67,1.884274171775,5.45908219371026,24.940098661382194,32.66269044013035,38.80395,36.41118,41.114326
4768,47.68,1.7464088374103992,5.147785873575545,24.21118241140077,32.309391413067495,38.824863,36.430805,41.13649
4769,47.69,1.7723331138383764,5.340914806503524,24.59383235051538,32.526049002321194,38.714993,36.32771,41.020077
4770,47.7,1.7608967588971924,5.409851391117511,24.125213711513915,32.45046502458444,38.902596,36.50374,41.218845
4771,47.71,1.8354740803586251,5.209025504343191,24.38806946813208,32.24901555370196,38.84068,36.44564,41.153244
4772,47.72,1.8903844702857948,4.843407739306206,24.85831678442958,32.442365466204315,38.77519,36.384193,41.083855
4773,47.730000000000004,1.7674900147567467,4.782680602788759,24.914438958351234,32.09997424017913,38.77576,36.384727,41.08446
4774,47.74,1.8255996751427397,4.791690584743995,25.451911734899866,32.278337489477785,38.884007,36.486298,41.199154
4775,47.75,1.8318466290829865,4.849648385010577,25.950251004046738,32.615092985752675,38.873917,36.47683,41.18846
4776,47.76,1.7961247765026271,4.721105140819903,26.71701043983871,32.910734081485984,38.707806,36.320965,41.012463
4777,47.77,1.9751776933114438,4.494526890181129,26.29522815035247,33.3504826873711,38.936028,36.535114,41.254272
4778,47.78,1.8099367828498607,4.648958513433382,26.17643728506064,33.407683611006455,38.672024,36.287388,40.97455
4779,47.79,1.8667245076331502,4.93299374596368,23.79733134798793,32.53378666431059,38.855064,36.45914,41.168488
4780,47.800000000000004,1.7950978124650863,4.866307601455902,26.084745055727105,32.74054451143626,38.884518,36.48678,41.199696
4781,47.81,1.725710574611227,5.2971680853025855,1.7257105603744125,5.2971680853025855,38.829212,36.434883,41.141094
4782,47.82,1.8326756403243445,5.158401577967033,1.8326756256691035,5.158401577967032,38.88375,36.486057,41.19888
4783,47.83,1.7429230996335001,4.895439423991949,1.7429231395034677,4.895439423991949,38.843773,36.448544,41.15652
4784,47.84,1.9339527169666781,5.357498375384398,25.225857758338368,32.84923079701042,38.794453,36.402264,41.104263
4785,47.85,1.9235444414578395,5.252732095026982,25.19851488351055,33.353341899537924,38.828686,36.43439,41.140537
4786,47.86,1.8916595222974169,4.961175794014403,26.015506293239238,32.96297452865996,38.748505,36.359154,41.055584
4787,47.870000000000005,1.8278007753636938,4.984265510691965,25.789499991167354,33.44687727877009,38.76011,36.37004,41.06788
4788,47.88,1.905977116438406,5.198369765988482,25.473314149315577,33.91967074147324,38.884182,36.486465,41.199337
4789,47.89,1.7922289204252257,4.897502929050308,26.22662918606761,33.7012864141491,38.81407,36.420677,41.125053
4790,47.9,1.808192410424626,5.0497815731412725,25.610326574105688,33.311244045582164,38.772587,36.38175,41.0811
4791,47.910000000000004,1.8386134743325775,5.260069743472843,25.27936774638394,32.66219838817534,38.70738,36.32056,41.012005
4792,47.92,1.8649100193011745,5.495701462933443,23.98778991502191,32.38419852664634,38.757504,36.367596,41.065117
4793,47.93,1.660468583831041,5.420202863695652,24.33379132853957,32.798195827667264,38.816544,36.422997,41.127674
4794,47.94,1.8560627184340384,5.227270498127771,24.693132373512054,32.91891382984861,38.80047,36.407913,41.11064
4795,47.95,1.8797004100235526,5.150381903738095,25.057733298442145,32.73527290513933,38.750202,36.36075,41.057384
4796,47.96,1.889041285764423,5.195497770838973,24.438221996807254,32.888632490602355,38.838825,36.443905,41.151283
4797,47.97,1.8755946116680178,5.363025417423859,23.193734975099407,32.57805398250549,38.662846,36.278774,40.96482
4798,47.980000000000004,2.190469532378846,5.079288778648996,24.80596804201702,32.25320695785858,38.709602,36.32265,41.014366
4799,47.99,1.930326837129707,4.638068543303749,25.580317261185552,32.875066014590026,38.86676,36.470116,41.180878
4800,48.0,1.7759633054689665,4.657420111150666,25.846646802580278,32.88194814494283,38.694088,36.30809,40.997925
4801,48.01,1.9625823831998703,4.69476120355237,25.739124900545146,32.52401220694484,38.832153,36.43764,41.14421
4802,48.02,1.9002449010134563,4.852801737314271,23.819771697220677,32.17345817264968,38.825233,36.43115,41.13688
4803,48.03,1.9838233740740796,5.024418793733103,24.215599064891084,31.7616987607299,38.692696,36.306786,40.99645
4804,48.04,1.9113556158465763,4.644181630919448,24.228149176004987,32.24431919061159,38.767887,36.37734,41.07612
4805,48.050000000000004,1.8313992614271808,4.818598110579776,21.318581890438214,31.74505758638478,38.9128,36.513317,41.22966
4806,48.06,1.6744181973307668,4.789264370359943,21.178507031296945,31.610425717637973,38.671196,36.28661,40.97367
4807,48.07,1.5097271327894772,4.7109508675020555,22.513325249526073,31.79149554052592,38.815643,36.42215,41.12672
4808,48.08,1.7307342030454143,4.497746301827228,24.290251106685407,32.16249401856631,38.75476,36.36502,41.06221
4809,48.09,1.835537602267517,4.603074254405406,22.94934488738978,32.06485744124859,38.825573,36.431465,41.137238
4810,48.1,1.8678676245477717,4.5549838953254085,23.411379692303974,32.08900142722334,38.81556,36.42207,41.12663
4811,48.11,1.6751254174449586,4.684918299136023,22.345991803580215,31.794529984246804,38.745865,36.356674,41.052784
4812,48.120000000000005,1.8334721942026553,5.033631013827244,21.27379019637442,31.36678448406385,38.726013,36.338047,41.03175
4813,48.13,1.7672083710269164,4.864391096458269,22.170266708507338,31.740472708369158,38.85456,36.45867,41.167953
4814,48.14,1.7795491710180176,4.675753095516724,23.009695929182634,31.79414450199043,38.722343,36.334602,41.027863
4815,48.15,1.6823008871908305,4.653117443357387,21.00216936882128,31.881950760066918,38.81828,36.424625,41.129513
4816,48.160000000000004,1.8747078026985553,4.504165940718305,20.52144485017119,31.90206391121892,38.74695,36.357693,41.053932
4817,48.17,1.7574917559146508,4.701999869082865,21.303233678811385,31.83904060491527,38.818253,36.4246,41.129482
4818,48.18,1.8070278052381021,4.775557796117898,22.206466579258738,31.784079551572745,38.763023,36.372776,41.070965
4819,48.19,1.8288302498384452,4.970156495759356,22.215826034407975,31.664531135278754,38.88173,36.48416,41.19674
4820,48.2,1.8713603826639624,4.911479471869429,22.993170450665602,31.908753496509785,38.83662,36.441833,41.148945
4821,48.21,1.767431180170309,4.568251770404451,24.251030356485675,32.29165067975818,38.791405,36.399406,41.101036
4822,48.22,1.7927581867331484,4.543502713063163,23.017630329694686,32.08988367099573,38.76216,36.371967,41.070053
4823,48.230000000000004,1.7938985015221083,4.725345926341079,25.451564985103015,32.14796330907171,38.82801,36.433758,41.139824
4824,48.24,1.8433946051225687,4.620632899879354,25.14832235774823,32.22690975722537,38.76146,36.37131,41.06931
4825,48.25,1.8500943045945062,4.501862010891736,27.349402672720025,32.650756697159004,38.87331,36.47626,41.18782
4826,48.26,1.7749159653332058,4.723548262594469,25.46519188681017,32.095600137052635,38.74539,36.35623,41.052284
4827,48.27,1.8644412739373493,4.336314007152356,24.393800514839857,32.48495546285977,38.869736,36.472908,41.184032
4828,48.28,1.9342052142805284,4.639150523795382,22.013993208851755,31.873746565237987,38.722076,36.334354,41.02758
4829,48.29,1.9525341999118164,4.684558670832012,20.871858155415307,31.806403367474374,38.77715,36.38603,41.085934
4830,48.300000000000004,1.8935529169212215,4.993800516552592,20.806661936968215,31.460672121992435,38.71829,36.3308,41.023567
4831,48.31,1.7499094902878338,4.923135444264561,22.621599690738346,31.69081048903444,38.90514,36.50613,41.221546
4832,48.32,1.8274598989353195,4.418383588744837,19.79655561121475,31.996991774724396,38.758427,36.368465,41.066097
4833,48.33,1.8004186658996446,4.737031882093811,1.8004186631801398,4.737031882093812,38.751614,36.36207,41.058876
4834,48.34,1.8548152553194006,4.973803902918184,19.390255499596606,31.536909961745117,38.845352,36.450027,41.158195
4835,48.35,1.9787127593924034,4.533144121169491,22.12759364482374,31.990402320452567,38.862587,36.466198,41.176456
4836,48.36,1.8915842468964053,4.897231282847353,20.941584548398794,31.81953757735,38.828762,36.43446,41.140617
4837,48.370000000000005,1.8927085627479467,4.629435322297378,20.275297354113054,31.903547023292912,38.750446,36.360977,41.05764
4838,48.38,1.7894334057322177,4.684794393535462,21.28515510176734,31.84366622988904,38.823902,36.4299,41.13547
4839,48.39,1.9861368242383781,4.35879088283363,21.117487439591677,32.058816706341034,38.739277,36.350494,41.045803
4840,48.4,1.9344747727206728,4.821921374676069,21.42974428637537,31.653183126701325,38.740982,36.352093,41.047615
4841,48.410000000000004,1.848404414265707,5.1067251944241585,21.197594474320834,31.469685779075654,38.751415,36.361885,41.058666
4842,48.42,1.977681952365779,5.1315710801985555,20.8721950657269,31.366939544834285,38.756046,36.366226,41.063572
4843,48.43,1.9178234966254157,5.092182031806226,19.682987370420385,31.650725150236003,38.871857,36.474895,41.186275
4844,48.44,1.6910318684879346,5.243145760123156,20.740689906251664,31.68196204108036,38.8014,36.408787,41.111626
4845,48.45,1.7809328741749113,4.979044529088996,22.572104138188642,31.82495765455591,38.719933,36.33234,41.025307
4846,48.46,1.8617030364046117,4.777311870578758,23.30559962364849,32.00375601418604,38.702938,36.316395,41.0073
4847,48.47,1.7541203420853555,4.955226790447488,21.844390982826933,31.792809072435343,38.77935,36.388096,41.088264
4848,48.480000000000004,1.9341046175673897,5.030538455770524,21.156202216514735,31.721009098689798,38.680813,36.295635,40.98386
4849,48.49,1.8285221917165877,5.013461598981088,20.028654502638105,31.583208104968392,38.806286,36.413372,41.116806
4850,48.5,1.7592903517974372,4.653901114178251,21.06678257438255,31.829482825148094,38.659374,36.275517,40.961143
4851,48.51,1.8479791636983107,4.719474190908187,21.390642327710403,31.873398066584347,38.701416,36.31497,41.005688
4852,48.52,1.771156573340071,4.828867129073629,22.566943638300053,32.10072284832965,38.92281,36.52271,41.240265
4853,48.53,1.6681305847593888,4.706953289281914,20.853133077386133,32.02086152804249,38.83594,36.441196,41.148224
4854,48.54,1.7432214327367022,5.131443032070491,20.152260312872336,31.637214811683084,38.849823,36.45422,41.162933
4855,48.550000000000004,1.7838742277180462,5.130912419943821,20.626304428065907,31.81782019125474,38.812057,36.418785,41.12292
4856,48.56,1.8753020282298123,5.107353348434142,21.195604076860427,31.91300260975851,38.71975,36.332172,41.025116
4857,48.57,1.8635493033842276,5.079225918288278,21.474092907105906,31.706672848935334,38.827503,36.43328,41.139286
4858,48.58,1.927655133571332,5.270463748090557,20.603822812576915,31.264551361770245,38.7209,36.333252,41.026337
4859,48.59,1.804498622454818,5.102323594096178,20.62002976979558,31.421469490599854,38.839607,36.444637,41.15211
4860,48.6,1.6612463408411322,5.328721087114727,18.872782897237155,30.981110793503404,38.68645,36.300926,40.989834
4861,48.61,1.8561166596293688,5.349501623169854,20.8975926287483,31.19696834065651,38.835083,36.44039,41.147316
4862,48.620000000000005,1.7754902981605334,4.995412647986098,21.560555904035823,31.64308784278982,38.783535,36.39202,41.092697
4863,48.63,2.0183282318802798,5.36370552280845,20.60564361636796,31.44200374654954,38.84275,36.447586,41.155437
4864,48.64,1.6196372833011035,5.023242495198305,22.597001847018124,31.774695565917032,38.820446,36.42666,41.13181
4865,48.65,1.9232882591430969,5.653755002939107,25.034984209188455,31.398014513828027,38.686348,36.30083,40.989727
4866,48.660000000000004,1.8097300090517454,5.541721800468606,24.274149428733793,31.304224473421446,38.793274,36.40116,41.103016
4867,48.67,1.8398834109601714,5.399365458494296,25.181955871616392,31.48990689178351,38.70237,36.31586,41.006702
4868,48.68,1.7681919309688001,5.06987789505375,24.89850594473252,32.01772274595143,38.821682,36.427814,41.133114
4869,48.69,2.00776429922539,5.26149992325926,25.581635104676153,31.499520852744,38.771748,36.380962,41.08021
4870,48.7,1.9374993438048709,5.200510223105405,24.475065844203975,31.709690052967005,38.86591,36.46932,41.179977
4871,48.71,1.9006755874899741,5.275573492061935,23.71305732937328,31.467427741314545,38.622066,36.24051,40.921616
4872,48.72,1.9282356518073216,5.1029439194907935,24.552394548793977,31.75998389698732,38.82341,36.429436,41.134945
4873,48.730000000000004,1.9306549518563911,5.446544555302572,24.879476491576025,31.84407455867132,38.90186,36.50305,41.218067
4874,48.74,1.7281595904162705,5.658275951372945,24.976760413497917,31.48373456032458,38.83948,36.44452,41.151978
4875,48.75,2.011054346517277,5.74911041028903,24.930709867501157,31.409870080496326,38.83053,36.436115,41.142487
4876,48.76,1.8118694746597757,5.708778430252288,24.33359863891771,31.701003394793855,38.844654,36.44937,41.157455
4877,48.77,1.703178935842836,5.146887104317884,25.016567700252345,32.31006370780308,38.821953,36.42807,41.133404
4878,48.78,1.8801622515980554,5.226124549466324,24.72392830823535,32.336267570470135,38.935856,36.53495,41.25409
4879,48.79,1.9026310956551926,5.172267461475662,24.560518663910315,32.230826364072094,38.75302,36.363388,41.060368
4880,48.800000000000004,1.8849286231512348,5.511211351179758,24.92451650540806,31.875000190021083,38.84621,36.450832,41.159107
4881,48.81,1.9557788818630804,5.405484173060061,23.529776911861546,31.62142732486651,38.794518,36.40233,41.104332
4882,48.82,1.852328749520456,5.236793102186965,24.6827845981505,31.98340519386548,38.836838,36.442036,41.149174
4883,48.83,1.8382365707323771,5.391912658411131,23.307295129110535,31.61089419819753,38.75783,36.367905,41.065468
4884,48.84,1.7831061276996532,5.315885577901842,23.46346397794311,31.722769698964818,38.91149,36.51209,41.228275
4885,48.85,1.9276852459897045,5.64137434346727,23.288782528297226,31.269913621969057,38.756104,36.366283,41.063633
4886,48.86,1.8180110652122046,5.232215058219804,23.830856619434712,31.72403517507718,38.895992,36.497543,41.21185
4887,48.870000000000005,1.8623246389105699,5.680635200657332,24.730013183055405,31.415902316468898,38.710182,36.323193,41.014977
4888,48.88,1.8967352310965457,5.592696619429563,24.65245709293767,31.659679079034245,38.973747,36.570503,41.294235
4889,48.89,1.8958203578457322,5.522840942261531,24.710934205632032,31.642613216808392,38.915413,36.51577,41.23243
4890,48.9,1.9562054511567573,5.914084637221678,24.98713245395277,31.255031532023384,38.73752,36.348843,41.04394
4891,48.910000000000004,1.6976325057652168,5.783533534614374,24.382234840748094,31.561912612843923,38.82607,36.431934,41.137768
4892,48.92,1.7915503929855758,5.438095905512099,24.45605957986405,31.91032028198071,38.909588,36.510303,41.226257
4893,48.93,1.8053548714639283,5.763485379467558,23.953256448724336,31.286254230876356,38.722717,36.334957,41.02826
4894,48.94,1.8397176349308335,5.503986483173528,23.321166813442847,31.562522730271127,38.84856,36.453037,41.161594
4895,48.95,1.7639986821866225,5.88420949444722,22.687059091540995,31.616424952052444,38.759216,36.369205,41.066933
4896,48.96,1.819166223610991,5.7783489841367315,24.133583551659846,31.672795187665084,38.653164,36.26969,40.954563
4897,48.97,1.8445376253496242,5.724749062846423,24.95590781084159,31.932808960397708,38.714195,36.326958,41.01923
4898,48.980000000000004,1.8100743495277074,6.030445527833211,24.0637196597317,31.861278381469436,38.866787,36.470142,41.18091
4899,48.99,1.9107806402476253,5.975044029902878,24.798614707757093,31.725098175828776,38.774834,36.383858,41.083477
4900,49.0,1.8891230273148885,6.172570750279733,24.484772696028262,31.73617636091766,38.678432,36.2934,40.98134
4901,49.01,1.7600740033322129,5.980259904633062,24.81543216413201,32.46794903448357,38.794178,36.402008,41.103973
4902,49.02,1.87921813564555,5.471663848070935,23.896513333336966,32.3412693548157,38.756737,36.366875,41.064304
4903,49.03,1.8014910693792083,5.652163491644131,24.102323426667656,31.86184810345283,38.759567,36.36953,41.067303
4904,49.04,1.9361448250585869,5.101781663807473,25.598114544809157,32.46785695392573,38.763626,36.37334,41.071606
4905,49.050000000000004,1.8970189281643017,5.1664574058349615,25.431179794810653,32.54002598232175,38.894867,36.496487,41.21066
4906,49.06,1.7769454205984263,4.928976269237618,25.666626528304636,32.49386729536088,38.83904,36.444103,41.151505
4907,49.07,1.9309365862044625,4.848875194615257,25.85299447209862,32.67835246358896,38.800137,36.4076,41.11029
4908,49.08,1.7764944709002137,4.824202080381411,26.189761900713076,33.05435830581961,38.74284,36.353836,41.04958
4909,49.09,1.8694838133001423,5.121098054772893,25.760792436040692,32.91702096094125,38.7762,36.38514,41.084927
4910,49.1,1.9609349170403299,5.380619138781595,24.25564612948473,32.484589825745104,38.739048,36.35028,41.045563
4911,49.11,1.7619395343950046,5.323618601405185,24.24277162389354,32.92973896086599,38.92072,36.520744,41.23805
4912,49.120000000000005,1.8347529968683025,5.358961573415862,25.1205900423365,32.93191077134193,38.873142,36.476105,41.18764
4913,49.13,1.9679326265917811,5.20153287761787,1.9679325910119987,5.20153287761787,38.74747,36.35818,41.05449
4914,49.14,1.9444647741404526,5.518171822414781,1.9444647547943443,5.518171822414781,38.763775,36.37348,41.071762
4915,49.15,1.8385600727062095,5.109124257391189,1.8385600685109915,5.109124257391189,38.88986,36.49179,41.205353
4916,49.160000000000004,1.805683304584509,5.391254302249179,1.8056833050427672,5.391254302249179,38.93567,36.53478,41.25389
4917,49.17,1.9517101554812208,5.685781931500908,1.9517101479875942,5.685781931500908,38.824287,36.43026,41.135876
4918,49.18,2.0225655991761413,5.059104237932356,26.259625211438337,32.67122591508081,38.81872,36.42504,41.129982
4919,49.19,1.8203876552852918,5.098893395966319,1.8203876660266964,5.098893395966319,38.870926,36.474022,41.18529
4920,49.2,1.8740933307348813,4.891404103696056,1.874093310688398,4.891404103696056,38.81848,36.424812,41.129723
4921,49.21,1.8324016359378532,5.170167823430846,1.8324016406370367,5.170167823430846,38.824635,36.430588,41.136246
4922,49.22,1.8700581645177814,5.510082187121577,1.8700581985227374,5.5100821871215775,38.785618,36.39398,41.094906
4923,49.230000000000004,1.7980280112087321,5.357271570286349,1.7980280162266,5.357271570286349,38.892586,36.49435,41.208244
4924,49.24,1.8405027877555171,5.3786972963501265,24.778245049142473,34.10649306219087,38.83283,36.43828,41.144928
4925,49.25,1.8409664793602634,5.276916108000322,1.8409664548420508,5.276916108000322,38.700794,36.314384,41.00503
4926,49.26,1.7955202864787303,5.292867257734245,1.7955202603079916,5.292867257734245,38.60021,36.219997,40.898457
4927,49.27,1.8092730498956269,5.2399324312810736,1.8092730159194859,5.2399324312810736,38.81457,36.421146,41.125584
4928,49.28,1.9165104677534837,4.688608890474636,1.9165104842647303,4.688608890474636,38.79822,36.405804,41.10826
4929,49.29,1.8298924298581698,4.8622759314733575,1.829892453742002,4.8622759314733575,38.914722,36.51512,41.231697
4930,49.300000000000004,1.926013834863108,5.085919388769923,1.926013786404084,5.0859193887699226,38.847176,36.45174,41.16013
4931,49.31,1.8432213596208347,4.970301095167901,1.8432213893919323,4.970301095167901,38.82759,36.43336,41.139378
4932,49.32,1.8134981790051985,4.868397510143079,1.8134982006660068,4.868397510143079,38.882233,36.484634,41.197273
4933,49.33,1.8324370673484278,4.978691475484732,1.8324370940637102,4.978691475484732,38.746834,36.357582,41.05381
4934,49.34,1.7266111256572356,4.6708426829691545,1.7266110981303067,4.6708426829691545,38.911755,36.512333,41.22855
4935,49.35,1.733254617362908,4.669539855713493,1.7332546046113002,4.669539855713493,38.82054,36.426746,41.131905
4936,49.36,1.8599948716939922,4.658876674006499,1.859994866653824,4.658876674006499,38.753723,36.364048,41.06111
4937,49.370000000000005,1.692830170160203,4.9073374034778645,1.6928301736890075,4.9073374034778645,38.93843,36.53737,41.256817
4938,49.38,1.9522940723563307,4.938095952896469,1.9522940425833468,4.938095952896469,38.77138,36.38062,41.079823
4939,49.39,1.7429361995186676,4.959485450888081,1.742936256056237,4.959485450888081,38.824986,36.430916,41.136616
4940,49.4,1.8925533285302196,5.048622497327744,1.8925533166917152,5.048622497327744,38.795326,36.403088,41.10519
4941,49.410000000000004,1.7583686495528865,4.8137803337816925,1.7583686760024346,4.8137803337816925,38.871166,36.47425,41.185547
4942,49.42,1.7897061806808539,5.0928888199990014,1.7897061537235583,5.0928888199990014,38.76529,36.3749,41.073364
4943,49.43,1.7096687257063425,5.117797439597878,1.7096687074426804,5.117797439597878,38.83538,36.44067,41.14763
4944,49.44,1.7888651243867628,5.172713421314089,1.7888650981816638,5.172713421314089,38.783928,36.39239,41.093117
4945,49.45,1.7505267463194962,4.4710176839152975,1.7505267478622601,4.4710176839152975,38.788258,36.396454,41.097702
4946,49.46,2.01360058331921,4.87505078878984,2.013600622132562,4.87505078878984,38.74495,36.355816,41.051815
4947,49.47,1.88624233992216,4.5425300742729045,1.8862422853543057,4.542530074272905,38.86462,36.46811,41.17861
4948,49.480000000000004,1.9786649322521361,4.232924803749794,1.9786649099802884,4.232924803749794,38.73958,36.350773,41.046124
4949,49.49,1.7556293134178471,4.106732372339479,1.7556293172768238,4.106732372339479,38.789577,36.397694,41.099102
4950,49.5,1.873111524929138,4.465757478444019,1.8731115207319498,4.465757478444019,38.776318,36.38525,41.085052
4951,49.51,1.6944769352135416,4.599320662467762,1.6944769106467645,4.599320662467762,38.815968,36.422455,41.127064
4952,49.52,1.8548598432939498,4.680494258419087,1.85485982958904,4.680494258419087,38.843384,36.44818,41.15611
4953,49.53,1.8565967476516823,4.685615317603064,1.8565967360087308,4.685615317603064,38.907513,36.508358,41.22406
4954,49.54,1.7582205521234822,4.769728108349053,1.758220571451118,4.769728108349053,38.7855,36.393867,41.09478
4955,49.550000000000004,1.8081788409438366,4.749803535595499,1.8081788036316915,4.749803535595499,38.722893,36.33512,41.028446
4956,49.56,1.6894843128810246,4.647139356596564,1.6894842911732406,4.647139356596564,38.84521,36.449894,41.158047
4957,49.57,1.9908641610248161,4.906628041512469,1.9908641821586912,4.906628041512469,38.741047,36.352154,41.04768
4958,49.58,1.943906417396764,4.897866481741732,1.9439063840095585,4.897866481741732,38.88835,36.490376,41.20376
4959,49.59,1.9134261104603367,4.839913287351087,1.9134261181363545,4.839913287351087,38.75582,36.366016,41.063335
4960,49.6,1.7257628301810237,5.037222653962078,1.7257628628279726,5.037222653962078,38.851658,36.455944,41.164875
4961,49.61,1.7778475887535645,5.54385136363515,1.7778475695122609,5.54385136363515,38.719997,36.3324,41.025375
4962,49.620000000000005,1.7903808050059926,5.018823393013808,1.7903807537162488,5.018823393013808,38.897366,36.498833,41.213306
4963,49.63,1.8955862779878527,5.369496090877693,1.8955862265624952,5.369496090877693,38.815887,36.42238,41.126976
4964,49.64,1.6969912196612944,4.942453516510538,1.6969911913524716,4.942453516510538,38.872116,36.47514,41.186554
4965,49.65,1.8021910000018018,4.886784217275868,1.802191013711144,4.886784217275868,38.81275,36.419437,41.123657
4966,49.660000000000004,1.8286599202941833,5.036253826550253,1.8286598775706722,5.036253826550253,38.80525,36.412395,41.115704
4967,49.67,1.7590466651585372,4.857908164473864,1.759046648502653,4.857908164473864,38.79489,36.40268,41.104733
4968,49.68,1.749743368578594,4.767713769060365,1.7497433553352195,4.767713769060365,38.84763,36.452164,41.16061
4969,49.69,1.9954251959966474,5.003393576777097,1.995425202119992,5.003393576777097,38.88777,36.48983,41.20314
4970,49.7,1.892197970349323,4.7249176876280226,1.8921979532963635,4.724917687628022,38.774498,36.383545,41.083126
4971,49.71,1.763243967496594,4.960372074561206,1.7632439998115204,4.960372074561206,38.817963,36.424324,41.129173
4972,49.72,1.8058172202565341,4.893930874118275,1.8058172630222007,4.893930874118275,38.848034,36.452545,41.161037
4973,49.730000000000004,1.7423179091183794,5.0304054732987495,1.7423178765421767,5.0304054732987495,38.94,36.538837,41.258476
4974,49.74,1.8472057365159522,4.872714858630597,1.8472057538841464,4.872714858630597,38.814598,36.42117,41.12561
4975,49.75,2.0190326605654687,4.8707334940605245,2.0190326779467185,4.8707334940605245,38.782166,36.39074,41.091248
4976,49.76,1.8797415858152455,4.906226893029201,1.8797415259533505,4.906226893029201,38.807,36.41404,41.11756
4977,49.77,1.794044214099339,4.9018587257786415,1.7940442051182093,4.9018587257786415,38.91826,36.51844,41.235443
4978,49.78,1.8059606078599482,4.9499613607810495,1.8059606181623387,4.9499613607810495,38.83314,36.43857,41.145256
4979,49.79,1.7152455939412974,4.696442934354354,1.715245618663013,4.696442934354354,38.715145,36.327847,41.020233
4980,49.800000000000004,1.8845940712462212,4.710652971832732,1.8845940923393232,4.710652971832732,38.808422,36.415375,41.11907
4981,49.81,1.7063221806356355,4.804015314223139,1.706322175561549,4.80401531422314,38.735104,36.346577,41.041386
4982,49.82,1.8402120161400992,4.696102452278825,1.8402119630684295,4.696102452278826,38.694714,36.308678,40.99859
4983,49.83,1.9029371292416402,5.248281312632049,1.9029370712331568,5.248281312632049,38.905872,36.506817,41.22232
4984,49.84,1.820871284346271,5.188074086210267,1.8208712975205925,5.188074086210267,38.902744,36.50388,41.219
4985,49.85,1.8786719238080731,5.154821138798566,1.878671884894308,5.154821138798566,38.774136,36.3832,41.082737
4986,49.86,1.803663127094782,4.795348818775216,1.8036631315462428,4.795348818775215,38.805786,36.4129,41.116272
4987,49.870000000000005,1.8209724205064155,5.035128296312856,1.8209724341923983,5.035128296312856,38.82942,36.435078,41.14131
4988,49.88,1.872429470609439,5.207690898861891,1.8724295126323427,5.207690898861891,38.899376,36.50072,41.215435
4989,49.89,1.9260773622888256,5.23195997373101,1.9260773523880172,5.23195997373101,38.743767,36.354706,41.05056
4990,49.9,1.965994365563053,5.088459214632802,1.9659943698200122,5.088459214632802,38.915215,36.515583,41.23222
4991,49.910000000000004,1.8284803254699127,5.101434211546473,1.8284803202822537,5.101434211546472,38.938797,36.537712,41.257206
4992,49.92,1.732282967369813,5.072264821848613,1.7322829737103687,5.072264821848613,38.71869,36.331177,41.02399
4993,49.93,1.736952076031262,5.19372160159885,1.7369521293567958,5.19372160159885,38.75176,36.362206,41.05903
4994,49.94,1.8334102547590143,5.150107416017658,1.833410300127618,5.150107416017658,38.773396,36.382507,41.081955
4995,49.95,1.8095821731809312,5.185192875567184,1.8095821323283614,5.185192875567183,38.828804,36.4345,41.140663
4996,49.96,1.946309252866698,5.065194886208125,1.9463092887880302,5.065194886208125,38.823364,36.429394,41.1349
4997,49.97,1.8155825413949993,4.799391167298843,1.8155825603667006,4.799391167298843,38.700542,36.314148,41.004765
4998,49.980000000000004,1.8799603787495391,4.604047506811395,1.8799603603660282,4.604047506811395,38.859653,36.463448,41.17335
4999,49.99,2.0206230210417546,4.8957790960879315,2.0206229843701853,4.8957790960879315,38.824486,36.43045,41.13609
