model,COMBO_011_R01,COMBO_011_R02,COMBO_011_R03,COMBO_011_R04,COMBO_011_R05,COMBO_011_R06,COMBO_011_R07,COMBO_011_R08,COMBO_011_R09,COMBO_011_R10,COMBO_011_R11,COMBO_011_R12,COMBO_011_R13,COMBO_011_R14,COMBO_011_R15,COMBO_011_R16,COMBO_011_R17,COMBO_011_R18,COMBO_011_R19,COMBO_011_R20,COMBO_011_R21,COMBO_011_R22,COMBO_011_R23,COMBO_011_R24,COMBO_011_R25,COMBO_011_R26,COMBO_011_R27,COMBO_011_R28,COMBO_011_R29,COMBO_011_R30,COMBO_025_R01,COMBO_025_R02,COMBO_025_R03,COMBO_025_R04,COMBO_025_R05,COMBO_025_R06,COMBO_025_R07,COMBO_025_R08,COMBO_025_R09,COMBO_025_R10,COMBO_025_R11,COMBO_025_R12,COMBO_025_R13,COMBO_025_R14,COMBO_025_R15,COMBO_025_R16,COMBO_025_R17,COMBO_025_R18,COMBO_025_R19,COMBO_025_R20,COMBO_025_R21,COMBO_025_R22,COMBO_025_R23,COMBO_025_R24,COMBO_025_R25,COMBO_025_R26,COMBO_025_R27,COMBO_025_R28,COMBO_025_R29,COMBO_025_R30,COMBO_030_R01,COMBO_030_R02,COMBO_030_R03,COMBO_030_R04,COMBO_030_R05,COMBO_030_R06,COMBO_030_R07,COMBO_030_R08,COMBO_030_R09,COMBO_030_R10,COMBO_030_R11,COMBO_030_R12,COMBO_030_R13,COMBO_030_R14,COMBO_030_R15,COMBO_030_R16,COMBO_030_R17,COMBO_030_R18,COMBO_030_R19,COMBO_030_R20,COMBO_030_R21,COMBO_030_R22,COMBO_030_R23,COMBO_030_R24,COMBO_030_R25,COMBO_030_R26,COMBO_030_R27,COMBO_030_R28,COMBO_030_R29,COMBO_030_R30,COMBO_031_R01,COMBO_031_R02,COMBO_031_R03,COMBO_031_R04,COMBO_031_R05,COMBO_031_R06,COMBO_031_R07,COMBO_031_R08,COMBO_031_R09,COMBO_031_R10,COMBO_031_R11,COMBO_031_R12,COMBO_031_R13,COMBO_031_R14,COMBO_031_R15,COMBO_031_R16,COMBO_031_R17,COMBO_031_R18,COMBO_031_R19,COMBO_031_R20,COMBO_031_R21,COMBO_031_R22,COMBO_031_R23,COMBO_031_R24,COMBO_031_R25,COMBO_031_R26,COMBO_031_R27,COMBO_031_R28,COMBO_031_R29,COMBO_031_R30,COMBO_044_R01,COMBO_044_R02,COMBO_044_R03,COMBO_044_R04,COMBO_044_R05,COMBO_044_R06,COMBO_044_R07,COMBO_044_R08,COMBO_044_R09,COMBO_044_R10,COMBO_044_R11,COMBO_044_R12,COMBO_044_R13,COMBO_044_R14,COMBO_044_R15,COMBO_044_R16,COMBO_044_R17,COMBO_044_R18,COMBO_044_R19,COMBO_044_R20,COMBO_044_R21,COMBO_044_R22,COMBO_044_R23,COMBO_044_R24,COMBO_044_R25,COMBO_044_R26,COMBO_044_R27,COMBO_044_R28,COMBO_044_R29,COMBO_044_R30
COMBO_011_R01,0.000000,4.422752,5.338140,6.704810,8.187031,4.961387,2.950416,5.112413,8.091361,1.611295,7.715899,8.011726,8.650643,7.036058,7.834217,8.210902,0.943073,2.596360,1.489967,8.106634,8.601890,0.790219,0.697926,2.520705,2.916765,8.248624,1.266075,1.072748,1.279896,2.594564,3.456382,3.391226,8.566004,4.003393,8.210737,8.846258,7.835642,3.007532,3.279529,5.020771,4.414672,3.283046,3.468747,2.936707,3.488470,4.765297,4.749373,2.965860,4.113319,3.120997,3.060748,4.970563,3.516840,3.916228,3.560769,3.634872,3.946248,3.537169,8.016814,5.471735,10.460758,10.378465,7.962470,10.402131,10.401401,8.460717,9.520404,10.227012,7.997490,8.213641,10.422945,10.259112,9.980364,10.145143,9.902101,10.615977,9.689028,9.817045,7.328419,8.448033,9.743733,10.370895,10.219875,8.512497,10.570041,9.885770,9.428043,10.533036,9.501581,10.390297,7.795019,6.806735,6.536121,8.056616,8.670547,8.233262,8.754322,8.475706,8.209189,9.428741,8.579534,8.018528,7.969101,8.432590,8.882728,11.294274,7.784632,7.996138,8.500311,8.355890,8.349089,8.904230,7.945856,8.326898,8.228821,8.151033,6.905543,8.584685,8.931268,9.885554,7.000775,6.378417,7.913952,6.627873,6.814867,7.815995,5.868087,8.262389,6.677149,6.538912,5.494521,6.770835,7.749260,6.671846,8.763835,6.728443,8.710812,5.788359,6.273498,6.059433,6.791787,7.838508,8.715794,6.902925,6.770429,5.328920,7.817576,6.905268,8.592191,6.869990
COMBO_011_R02,4.422752,0.000000,2.686733,4.627283,8.603541,2.496117,6.022364,2.656157,8.504457,4.478067,8.366125,8.464685,8.441057,4.922426,8.409586,8.604786,4.655450,5.788238,4.006948,8.524501,7.972208,4.209528,3.926401,5.848536,4.653497,8.401543,5.013871,4.166382,4.944547,5.789824,5.626717,5.281590,8.570167,6.152863,8.759548,8.535111,6.915744,5.302886,5.373554,6.375982,6.363776,5.681059,5.870522,5.237469,6.201302,6.444615,6.459504,4.860811,5.900570,5.003761,5.345474,7.047624,5.308984,6.277561,5.695145,5.748399,7.101736,6.474330,8.488596,6.804388,8.885894,8.743196,8.243843,8.763919,8.710229,8.779380,7.470416,8.744627,8.414628,8.500024,8.858898,8.717179,8.541311,8.691619,8.259718,9.094970,8.219838,8.276257,6.775237,8.650637,8.150970,8.579759,8.644736,8.629303,9.030031,8.262918,7.524022,8.976786,7.863135,8.742200,8.505321,8.429284,8.370523,8.770029,8.677891,8.207341,8.816763,8.459634,8.342517,7.090782,7.615536,8.968459,8.336111,8.383224,8.842388,11.271659,8.546096,8.085264,8.518433,8.209835,8.573434,9.120904,8.368965,8.823747,8.253653,8.227895,8.396873,8.502297,7.682663,7.508987,7.841236,7.829575,8.157976,4.539375,8.055559,6.326435,7.540048,7.524155,4.562880,7.841680,7.408163,4.674848,5.913228,4.607079,6.972632,4.784656,6.897833,7.724533,5.458761,7.592751,4.723564,6.389795,6.856483,4.820248,7.890161,7.367177,8.121603,4.944755,6.916955,4.616999
COMBO_011_R03,5.338140,2.686733,0.000000,4.414498,8.573468,2.089451,6.917649,1.177843,8.484649,5.562817,8.318387,8.450699,8.625287,4.712757,8.369800,8.635331,5.738825,6.651508,4.899201,8.540539,8.294612,4.997475,4.960823,6.958798,5.547316,8.198549,5.977363,5.007660,5.905263,6.656361,6.695703,6.033919,7.949328,7.108109,7.642958,7.939606,6.366350,6.089686,6.472340,6.950327,7.445556,6.673625,6.712296,5.978403,7.092005,7.486716,7.550492,5.584923,6.688051,5.798811,6.187908,7.922688,6.488602,7.015306,6.859772,6.642538,7.403688,7.021854,7.272415,7.255193,8.848995,8.670272,8.735902,8.716708,8.645257,9.301092,7.322197,8.590142,8.020733,8.079928,8.775452,8.665962,8.723740,8.923141,8.403054,9.034857,8.322422,8.374877,7.268801,8.234208,8.245534,8.680186,8.585181,8.245809,8.991010,8.078582,7.366882,8.967073,7.929631,8.731937,9.640052,8.962718,9.123289,9.878837,9.697733,8.975888,9.484928,9.377120,9.352362,7.289816,8.309158,10.076043,8.533967,9.235346,9.427357,11.437745,9.680709,8.859488,9.205645,9.152857,9.361007,10.090052,9.223133,9.688398,8.978824,9.249922,8.973349,9.209284,8.496106,7.331643,7.711636,7.888444,7.955077,5.026615,8.056840,6.243903,7.652744,7.354240,4.509033,8.141811,7.368514,4.955781,5.823472,4.586636,6.731169,4.757721,6.718873,7.639087,5.977553,7.620431,5.111195,6.312341,6.750679,5.066036,8.128366,7.351986,7.911038,5.079091,6.752718,4.692833
COMBO_011_R04,6.704810,4.627283,4.414498,0.000000,8.313389,3.903506,8.016897,4.052293,8.293483,6.651201,8.376140,8.413336,9.679076,0.677701,8.249978,8.569224,6.878543,7.567592,6.568405,8.343063,9.366623,6.675999,6.385714,7.709385,6.820563,8.652155,7.166134,6.482764,7.014949,7.525511,7.382590,6.193813,10.103166,7.334776,8.301931,8.394765,8.255517,7.132875,7.268809,7.816976,7.801384,7.429269,7.646667,7.123204,7.607678,7.725242,7.692944,7.054956,7.167458,7.022431,7.357546,8.049576,7.241224,7.391253,7.335497,7.706733,8.321896,7.696062,8.210005,8.432961,9.245852,9.197510,7.747769,8.876448,9.195536,8.504990,8.308339,9.054498,7.665345,7.744420,9.149890,9.099712,9.137043,9.265133,8.983589,9.255635,8.743071,8.524410,6.176228,7.861161,8.466772,9.436255,9.110250,7.885952,9.307244,8.723580,8.405301,9.259195,8.302669,9.202179,8.305262,9.382348,9.213085,8.572954,8.293833,7.216688,7.772282,7.378151,7.600484,8.762166,8.755117,8.847227,8.663906,7.462087,7.578798,9.436482,8.343946,7.138292,7.498387,7.205954,7.921907,8.542398,7.826314,8.546467,7.239580,7.461248,9.362800,7.520341,6.335362,8.616430,8.935132,8.205051,9.152683,5.975389,8.190042,7.916006,8.017418,9.473038,4.232300,9.330801,7.628361,5.731300,7.026683,4.579061,5.375726,6.117690,5.312831,8.084533,6.409805,7.957114,6.026639,7.962189,5.329975,5.754184,9.316735,7.678899,9.119734,6.296897,5.377482,6.108222
COMBO_011_R05,8.187031,8.603541,8.573468,8.313389,0.000000,8.429935,6.920812,8.548505,0.440155,8.156268,1.435073,1.219757,4.864871,8.417598,0.828032,0.702948,7.978271,6.942734,8.581093,1.011347,5.381594,8.562351,8.280865,7.157006,7.330030,4.145028,7.655672,8.253829,8.165650,6.883876,9.632705,8.090747,8.454469,8.788213,9.418753,9.332326,7.859950,9.534592,9.589053,10.148656,9.965914,9.605151,9.903607,9.566302,9.446081,9.577337,9.412465,9.635995,9.178522,9.602203,9.651926,9.650457,9.658192,8.822726,9.442447,9.996537,9.746025,9.327549,9.817085,10.713920,6.633102,7.060286,6.273379,6.230681,6.963070,6.465733,7.971353,6.443011,4.756455,4.647236,6.453874,6.427341,7.668940,7.935541,7.840701,6.425190,7.003990,7.746280,7.452553,4.349888,7.741940,7.694615,6.552781,4.232283,6.583060,6.751767,7.398056,6.370164,7.558813,6.931896,7.941212,5.940734,6.638668,8.053135,7.649833,7.448361,7.922907,7.994606,8.078372,8.425773,9.290221,8.135566,2.653351,7.999888,8.105435,9.231242,7.949196,7.678658,7.745067,7.925510,7.873888,8.451406,7.698844,8.105173,7.640267,7.836515,6.110050,7.613548,7.715859,8.124306,5.181265,4.378309,4.860462,8.637355,4.133649,7.474403,4.681500,9.587575,7.924298,4.839498,5.913396,8.562337,8.802514,7.996045,7.272527,8.790686,7.340581,6.072361,8.741304,4.713606,8.565643,7.409627,7.490580,8.480733,4.752979,6.110579,5.027683,8.572285,7.129315,8.602300
COMBO_011_R06,4.961387,2.496117,2.089451,3.903506,8.429935,0.000000,6.846847,1.899090,8.374456,5.069556,8.239321,8.365998,8.672838,4.254732,8.272041,8.515625,5.301650,6.521498,4.511869,8.365728,8.269798,4.722913,4.548854,6.634856,5.524007,8.723538,5.711970,4.668563,5.434087,6.438060,6.188410,5.108553,8.137504,6.331044,8.463368,7.769866,6.279768,5.654214,5.978573,6.078784,6.847134,6.220454,6.342724,5.592551,6.647772,6.543014,6.614755,5.276507,5.736517,5.388930,5.944504,7.059914,5.944103,6.208265,6.288265,5.968228,7.263831,6.776921,8.116411,6.598386,9.078852,8.973157,8.623832,8.835797,8.909561,9.212286,7.499012,8.848768,8.316617,8.410812,9.023210,8.880835,8.479892,8.648213,8.207072,9.267992,8.162393,8.117172,7.315185,8.555233,7.985778,8.922970,8.853335,8.584015,9.227181,8.410572,7.522165,9.157176,7.659867,8.941249,8.897549,9.079439,9.056675,9.135364,9.023724,8.293103,8.839733,8.739594,8.635720,7.563706,7.593136,9.348221,8.412036,8.575447,8.804402,11.052947,8.950519,8.154358,8.543356,8.461055,8.657766,9.400131,8.477004,8.956817,8.288206,8.542741,9.110576,8.550862,7.927943,7.679870,8.155644,7.927589,8.457799,4.332192,8.088335,6.093342,7.642628,7.342187,3.727193,8.406428,7.292822,4.266044,5.510694,3.802378,6.353890,4.446215,6.304792,7.625669,4.919854,7.653617,4.425634,6.170143,6.321438,4.389995,8.417176,7.239927,8.402338,4.572763,6.321291,4.292818
COMBO_011_R07,2.950416,6.022364,6.917649,8.016897,6.920812,6.846847,0.000000,6.839008,6.817284,3.146335,6.400009,6.702141,7.733452,8.286951,6.544787,6.854387,2.601717,0.761223,3.712080,6.840240,7.892526,3.502304,3.306981,1.414224,2.714403,6.737476,1.883857,3.200305,2.853254,1.347558,5.010888,4.984794,8.820943,4.880607,8.399899,9.890619,8.510891,4.893430,4.918448,6.650700,5.727016,4.853659,5.102788,4.874137,4.758992,5.909317,5.764175,4.997472,5.555435,5.090213,4.743506,6.013440,5.148298,4.959419,4.932122,5.667099,5.027219,4.639794,8.491406,7.057996,9.718145,9.732420,6.773330,9.753899,9.762976,7.084410,9.507478,9.508092,7.063693,7.253881,9.675141,9.539939,9.786769,9.967419,9.805880,9.801422,9.444221,9.765323,6.738248,7.477283,9.716572,9.849767,9.519618,7.478177,9.776221,9.402273,9.307142,9.754717,9.486823,9.752365,7.399821,4.931788,4.772671,7.656087,8.319573,8.094834,8.608307,8.246257,8.004143,9.241803,9.213639,7.548890,6.838584,8.297460,8.805727,10.844407,7.371297,7.956066,8.378078,8.194094,8.215683,8.645796,7.787293,8.132280,8.137064,7.897570,4.980770,8.445967,8.957241,9.727418,5.447190,4.780062,6.517270,7.985011,5.292466,8.296591,4.292000,9.082813,8.078583,4.499483,4.674575,8.156612,8.876885,8.085991,9.250996,8.170776,9.201257,5.041181,7.570377,4.680479,8.117365,8.292646,9.196075,8.237633,4.826719,4.648491,6.411326,8.221015,9.065388,8.191327
COMBO_011_R08,5.112413,2.656157,1.177843,4.052293,8.548505,1.899090,6.839008,0.000000,8.466007,5.483440,8.312678,8.465324,9.003012,4.365229,8.344902,8.653582,5.552365,6.538544,4.873132,8.519713,8.659425,4.803110,4.755744,6.805177,5.484207,8.253913,5.792446,4.907985,5.791662,6.494688,6.737841,5.736333,8.446203,7.055603,7.432043,8.044247,6.743427,6.148494,6.521571,7.032129,7.504037,6.691996,6.737741,6.040989,7.067337,7.508815,7.568698,5.704396,6.661496,5.903902,6.229101,7.919055,6.563089,6.975183,6.890733,6.666916,7.322775,6.947411,7.118421,7.410934,9.247782,9.100154,8.547011,9.098213,9.107664,9.176128,7.732403,8.986781,7.845699,7.923217,9.190770,9.067348,9.127553,9.320822,8.828292,9.399279,8.731600,8.766288,7.055768,8.117816,8.644066,9.165458,9.004906,8.135866,9.374277,8.512848,7.826715,9.352425,8.316659,9.158677,9.676350,9.123926,9.216077,9.934487,9.819320,8.977964,9.545341,9.345939,9.373198,7.721560,8.753431,10.098002,8.684115,9.288060,9.470554,11.477805,9.686488,8.859057,9.251362,9.165386,9.441750,10.182829,9.276970,9.791314,9.004337,9.259533,9.119927,9.278363,8.494880,7.771908,7.747476,7.702991,8.098201,5.307159,7.856634,6.573983,7.440483,7.878424,4.614977,8.230479,7.023934,5.181745,6.103714,4.716531,6.709044,5.091037,6.691139,7.327113,5.909761,7.376762,5.385916,6.640919,6.729147,5.279471,8.235114,6.986527,8.024812,5.407331,6.728814,5.045619
COMBO_011_R09,8.091361,8.504457,8.484649,8.293483,0.440155,8.374456,6.817284,8.466007,0.000000,8.079432,1.272120,1.005555,4.856006,8.406035,0.554376,0.684661,7.892020,6.842430,8.494744,1.016576,5.417632,8.459337,8.185637,7.069258,7.245044,4.066191,7.558137,8.162161,8.086945,6.787336,9.581297,8.020869,8.415574,8.749109,9.345144,9.365640,7.908020,9.477551,9.532291,10.140923,9.938110,9.548730,9.840645,9.503934,9.399337,9.568085,9.401971,9.569305,9.152261,9.540743,9.572245,9.632881,9.605618,8.779162,9.400915,9.940309,9.674217,9.267163,9.748582,10.708885,6.685903,7.112541,6.247585,6.305118,7.015992,6.451728,8.028537,6.497305,4.597484,4.485713,6.521269,6.478939,7.769777,8.033315,7.917574,6.488563,7.141233,7.890357,7.373523,4.196283,7.883021,7.722114,6.605042,4.074907,6.641833,6.835879,7.468984,6.434043,7.674548,6.979037,7.977413,5.861711,6.597884,8.104702,7.716104,7.493465,7.975798,8.047801,8.120809,8.412538,9.322260,8.193056,2.574626,8.081539,8.161738,9.368117,8.002624,7.724213,7.799456,7.963728,7.925525,8.512158,7.742998,8.170669,7.689077,7.873089,6.044573,7.667216,7.768282,8.118496,5.137009,4.360783,4.830037,8.600048,4.130965,7.531753,4.645707,9.561787,7.919260,4.766065,5.863055,8.526210,8.769023,7.986557,7.432451,8.756479,7.499902,6.028963,8.793642,4.673002,8.529256,7.467117,7.649169,8.445645,4.684084,6.046213,4.997934,8.544301,7.291922,8.571446
COMBO_011_R10,1.611295,4.478067,5.562817,6.651201,8.156268,5.069556,3.146335,5.483440,8.079432,0.000000,7.799339,8.011467,8.331659,7.003778,7.887435,8.140640,1.217160,2.737324,1.197723,8.064725,8.362111,2.093494,1.420888,2.627694,2.891826,8.589939,1.883460,1.119927,0.954071,2.959703,3.252849,3.874374,8.907251,3.916607,9.245842,9.254883,7.997123,2.761642,3.089013,4.850806,4.013571,3.280187,3.716266,2.828133,3.575726,4.340554,4.285372,2.876263,3.812179,2.837574,3.433613,4.764007,3.169057,3.667316,3.131365,3.562433,4.770290,4.129624,9.055609,5.351093,10.142081,10.078678,7.688996,10.052407,10.058602,8.080547,9.014960,9.971517,8.568652,8.761259,10.119643,9.961107,9.298142,9.431931,9.242785,10.314960,9.121032,9.186761,7.174804,8.951536,9.115669,9.948921,9.936512,8.976637,10.255224,9.504464,8.999623,10.195070,8.889862,10.039654,6.832061,6.624189,6.185026,7.090379,7.712989,7.293131,7.850988,7.604684,7.292851,8.982986,7.779033,7.068611,7.774944,7.519217,8.016770,10.744085,6.809032,7.037967,7.577677,7.472907,7.362653,7.961117,6.951518,7.282950,7.302295,7.234435,6.661134,7.662865,8.117570,9.455033,7.572663,6.864273,8.411656,6.537013,7.283013,7.800282,6.366988,8.418062,6.515848,6.893403,6.225893,6.737717,7.910792,6.533256,8.527862,6.735199,8.434791,6.635226,6.328026,6.628150,6.705740,7.818086,8.383442,6.871411,7.129673,6.186052,8.324577,6.836747,8.336142,6.843306
COMBO_011_R11,7.715899,8.366125,8.318387,8.376140,1.435073,8.239321,6.400009,8.312678,1.272120,7.799339,0.000000,1.164545,5.079343,8.505412,1.040753,1.448239,7.563482,6.456078,8.172524,1.105535,5.635538,8.063759,7.856307,6.731193,6.868525,3.980011,7.182291,7.817883,7.738036,6.373150,9.269665,7.650421,8.029964,8.324668,8.890970,9.303828,7.888798,9.189267,9.217198,9.850196,9.691049,9.201765,9.454519,9.197767,9.038443,9.255750,9.092392,9.261524,8.882448,9.264678,9.166302,9.254909,9.326023,8.400121,9.128793,9.649486,9.190361,8.810967,9.278794,10.397131,7.090068,7.408637,6.357392,6.689763,7.319436,6.502348,8.411605,6.864033,4.150797,4.097113,6.855571,6.870253,8.232515,8.499876,8.342721,6.933551,7.570188,8.314623,7.289410,3.840452,8.295074,8.001377,6.903745,3.742691,7.064981,7.246823,7.776745,6.792249,8.114466,7.362913,8.195543,5.636646,6.414556,8.351765,8.104674,7.844847,8.336954,8.385733,8.419330,8.610638,9.489988,8.374370,2.809466,8.436369,8.523609,9.755706,8.215730,8.042575,8.170913,8.307025,8.268178,8.847630,8.042148,8.501987,8.041284,8.193100,5.857046,8.053249,8.276948,8.358918,4.648372,3.810146,4.536677,8.586158,3.626634,7.646731,4.069071,9.393442,7.979369,4.317655,5.283077,8.517980,8.735938,8.023763,7.842053,8.708329,7.913612,5.445307,8.738912,4.167441,8.525145,7.589180,8.067056,8.448122,4.265127,5.506042,4.624067,8.510460,7.697609,8.528185
COMBO_011_R12,8.011726,8.464685,8.450699,8.413336,1.219757,8.365998,6.702141,8.465324,1.005555,8.011467,1.164545,0.000000,4.716886,8.538242,1.055672,1.209179,7.810701,6.747004,8.417720,1.038803,5.414535,8.376411,8.108291,6.981732,7.166914,4.066373,7.470115,8.088594,8.013362,6.697252,9.528394,7.962424,8.279628,8.675427,9.366167,9.434501,7.912413,9.418315,9.475495,10.107728,9.899856,9.492218,9.778475,9.440345,9.349442,9.521472,9.351449,9.497723,9.077907,9.476865,9.500198,9.575912,9.551470,8.701105,9.355696,9.872104,9.608188,9.212791,9.760539,10.665052,6.722653,7.068926,6.312159,6.268564,7.037230,6.485036,8.065567,6.536109,4.651516,4.560321,6.560106,6.514582,7.794587,8.062988,7.936009,6.546532,7.174000,7.941733,7.351089,4.268581,7.928053,7.654485,6.548220,4.139343,6.686975,6.877311,7.491197,6.385076,7.715207,7.006713,8.008967,5.756580,6.512441,8.147487,7.772818,7.616402,8.033434,8.184137,8.167853,8.364808,9.299882,8.274469,2.613111,8.169470,8.224212,9.476943,8.092187,7.840189,7.861239,8.021523,7.972831,8.573594,7.783638,8.219154,7.749725,7.928201,5.942834,7.724859,7.917943,8.081194,5.024696,4.308680,4.816782,8.614738,4.099801,7.557392,4.589973,9.478556,7.982846,4.609210,5.832346,8.553484,8.786094,8.038896,7.614044,8.735533,7.676465,5.972496,8.802152,4.602652,8.547920,7.495852,7.816659,8.477176,4.534441,6.005125,4.883994,8.548432,7.472006,8.570854
COMBO_011_R13,8.650643,8.441057,8.625287,9.679076,4.864871,8.672838,7.733452,9.003012,4.856006,8.331659,5.079343,4.716886,0.000000,9.825329,5.061721,4.576441,8.372363,7.836228,8.576236,4.785683,2.078803,8.875472,8.567905,7.878860,8.127714,6.205289,8.268193,8.564600,8.509733,7.930440,9.413683,9.202356,7.068000,9.525657,11.519074,8.794641,6.058795,9.191675,9.345792,10.036995,9.568256,9.518900,9.851043,9.249516,9.599637,9.722808,9.611503,9.163333,9.375350,9.104521,9.638259,10.036326,9.255128,9.383326,9.218322,9.427420,10.313574,9.931559,11.596577,10.337253,5.627533,5.839506,8.893834,5.233573,5.634435,8.772569,6.217486,5.618389,8.251307,8.125457,5.449226,5.403014,5.426317,5.767376,5.683509,5.707419,4.914659,5.987883,9.746116,7.741581,5.953693,5.929157,5.354589,7.657336,5.701369,4.883147,5.529008,5.366732,5.623790,5.666549,8.160983,6.588664,7.397033,8.071935,7.208969,7.967862,8.214216,8.637086,8.415840,7.024968,7.075443,8.266083,3.084549,8.125807,8.519149,10.135391,8.173810,8.151849,8.057002,8.382532,7.835678,8.279844,7.837538,7.679171,8.076015,8.284990,6.813450,7.817917,7.931053,6.968618,6.832033,7.313866,6.079067,7.516294,7.326318,5.383963,7.543043,7.360727,7.658806,5.866269,8.753283,7.696653,7.725121,7.618864,7.472535,7.760780,7.540058,8.777137,8.608216,7.738099,7.480963,5.271140,7.656463,7.670365,5.741321,8.868028,6.326452,7.405931,7.310689,7.482580
COMBO_011_R14,7.036058,4.922426,4.712757,0.677701,8.417598,4.254732,8.286951,4.365229,8.406035,7.003778,8.505412,8.538242,9.825329,0.000000,8.369157,8.685827,7.214962,7.863328,6.925552,8.458783,9.491247,7.005680,6.733975,7.999373,7.134208,8.734136,7.488211,6.834781,7.345360,7.816225,7.675573,6.409896,10.234099,7.565357,8.350697,8.389242,8.337658,7.432584,7.569247,8.077649,8.074200,7.717996,7.929484,7.425484,7.882446,7.953966,7.921428,7.361214,7.407043,7.335452,7.650697,8.268786,7.542845,7.646742,7.624224,8.016386,8.527079,7.952439,8.269597,8.612784,9.249546,9.210654,7.808411,8.876016,9.208691,8.569381,8.395424,9.072573,7.648694,7.723383,9.152747,9.111822,9.236055,9.363110,9.095319,9.237762,8.787468,8.543595,6.325407,7.833286,8.496298,9.495919,9.118785,7.857587,9.301573,8.789494,8.495847,9.264300,8.366307,9.217372,8.450170,9.601726,9.446602,8.707215,8.406049,7.353719,7.889543,7.443591,7.692197,8.864038,8.939522,8.984328,8.799546,7.587820,7.677721,9.390576,8.478264,7.290134,7.625167,7.271864,8.073356,8.640925,8.000779,8.711328,7.380720,7.551097,9.582456,7.643922,6.375930,8.754581,9.028905,8.312504,9.210036,6.140440,8.272401,8.006949,8.172740,9.621197,4.397020,9.473684,7.808076,5.903411,7.120437,4.749558,5.330684,6.268159,5.276292,8.206564,6.503075,8.055423,6.200034,8.053578,5.303439,5.926467,9.451164,7.862713,9.179942,6.442946,5.343324,6.244277
COMBO_011_R15,7.834217,8.409586,8.369800,8.249978,0.828032,8.272041,6.544787,8.344902,0.554376,7.887435,1.040753,1.055672,5.061721,8.369157,0.000000,0.987233,7.661768,6.574451,8.283177,1.263080,5.589486,8.192221,7.960401,6.822379,7.033961,3.940763,7.297192,7.932976,7.849474,6.504658,9.339468,7.757145,8.177666,8.443731,8.999853,9.242876,7.865313,9.249450,9.292206,9.884649,9.723036,9.285247,9.550306,9.265188,9.117329,9.321286,9.158097,9.339699,8.911060,9.325328,9.279004,9.341459,9.387124,8.490966,9.182497,9.712303,9.304270,8.924740,9.401352,10.456982,6.880569,7.279975,6.255872,6.543791,7.206764,6.491116,8.245903,6.653564,4.277572,4.194770,6.725632,6.661015,8.022630,8.281870,8.147853,6.702222,7.397302,8.121127,7.299448,3.935261,8.112662,7.897609,6.783801,3.847262,6.846009,7.092189,7.676439,6.662668,7.909047,7.164234,8.030326,5.667705,6.429248,8.169990,7.876334,7.627409,8.098583,8.159597,8.214172,8.596493,9.369663,8.237129,2.756587,8.213689,8.283842,9.458112,8.062668,7.831078,7.933266,8.076883,8.046657,8.619802,7.837908,8.289322,7.812222,7.975898,5.889996,7.812415,7.994909,8.331632,4.833256,4.021405,4.611212,8.555767,3.816978,7.602156,4.289164,9.444918,7.917641,4.481749,5.489798,8.480237,8.716367,7.977421,7.604594,8.701912,7.676067,5.655173,8.708503,4.345568,8.489585,7.540113,7.832307,8.405940,4.407692,5.655446,4.763270,8.514060,7.460599,8.544694
COMBO_011_R16,8.210902,8.604786,8.635331,8.569224,0.702948,8.515625,6.854387,8.653582,0.684661,8.140640,1.448239,1.209179,4.576441,8.685827,0.987233,0.000000,7.968329,6.910526,8.578670,1.160478,5.178009,8.591244,8.293977,7.116289,7.277070,4.237720,7.636387,8.273265,8.179435,6.883764,9.646848,8.277540,8.313684,8.773878,9.709283,9.635569,7.907601,9.543204,9.599581,10.107636,9.967457,9.633695,9.942627,9.579109,9.497860,9.533372,9.363761,9.630217,9.135323,9.595288,9.673659,9.634965,9.655505,8.785984,9.447603,10.003568,9.857718,9.430174,10.079943,10.656201,6.315067,6.756381,6.194311,5.961545,6.635078,6.292372,7.747725,6.146767,5.016807,4.903097,6.146783,6.115806,7.414137,7.669030,7.564098,6.130625,6.810955,7.580069,7.429857,4.630269,7.572891,7.331015,6.244330,4.485755,6.272384,6.569530,7.179074,6.052594,7.379581,6.610020,7.852399,5.666756,6.415773,7.966473,7.573927,7.408638,7.881960,7.980007,8.035397,8.115433,9.091468,8.036424,2.517140,8.007323,8.088185,9.249320,7.866912,7.646541,7.715651,7.901292,7.810123,8.379062,7.633345,8.017002,7.617632,7.792691,5.828605,7.577814,7.744364,7.833005,5.190136,4.557283,4.829903,8.697861,4.372064,7.503222,4.840424,9.567509,8.091071,4.693115,6.192870,8.663247,8.923976,8.155398,7.521621,8.894499,7.574770,6.365617,8.914430,4.920636,8.632800,7.435163,7.695780,8.591577,4.603310,6.382069,5.024638,8.643994,7.379983,8.672100
COMBO_011_R17,0.943073,4.655450,5.738825,6.878543,7.978271,5.301650,2.601717,5.552365,7.892020,1.217160,7.563482,7.810701,8.372363,7.214962,7.661768,7.968329,0.000000,2.217793,1.708895,7.895139,8.398609,1.637126,1.021726,1.905842,2.789237,8.195644,0.907671,1.387787,1.180025,2.313465,3.463593,3.824838,8.799584,3.961020,8.773927,9.232359,8.055719,3.036240,3.316992,5.063977,4.256918,3.381046,3.708016,3.035677,3.537628,4.631738,4.563380,3.111424,3.969738,3.163405,3.376679,4.912428,3.484959,3.793673,3.414401,3.696791,4.374230,3.851076,8.632726,5.577560,10.181650,10.111622,7.538281,10.125117,10.127021,7.989645,9.283279,9.977190,8.160185,8.365238,10.149790,9.994834,9.603726,9.752594,9.556864,10.335367,9.375170,9.485600,7.046751,8.580259,9.418133,10.064258,9.963194,8.615523,10.284006,9.625976,9.206208,10.240332,9.189972,10.109714,7.134603,6.317079,5.930116,7.399144,8.071741,7.638884,8.161391,7.910876,7.605284,9.221149,8.263719,7.364406,7.696685,7.856683,8.316058,10.811544,7.130214,7.403027,7.902157,7.784403,7.719008,8.293253,7.297318,7.661213,7.629653,7.545245,6.376492,7.993018,8.478547,9.675658,7.079704,6.389575,7.961400,6.818886,6.829676,7.900951,5.874195,8.520268,6.809340,6.432566,5.715291,6.993828,8.050296,6.823723,8.659574,7.002120,8.580687,6.050321,6.456139,6.095344,6.980263,7.916366,8.546705,7.118043,6.680160,5.576888,7.887798,7.102506,8.473533,7.093455
COMBO_011_R18,2.596360,5.788238,6.651508,7.567592,6.942734,6.521498,0.761223,6.538544,6.842430,2.737324,6.456078,6.747004,7.836228,7.863328,6.574451,6.910526,2.217793,0.000000,3.387603,6.864914,7.982077,3.195655,2.942774,1.180255,2.573056,6.823054,1.524974,2.833327,2.474534,1.091420,4.624135,4.722404,8.882265,4.626260,8.224724,9.699045,8.455754,4.495065,4.540707,6.348437,5.327434,4.477868,4.757931,4.486468,4.364816,5.632576,5.488582,4.656844,5.256609,4.708222,4.417914,5.725787,4.771211,4.649681,4.528536,5.305930,4.779370,4.293324,8.301284,6.849303,9.742715,9.743371,6.701945,9.752375,9.780230,7.050952,9.410524,9.518363,7.051263,7.246623,9.694433,9.561954,9.704397,9.878850,9.725782,9.824980,9.408089,9.675332,6.518488,7.462931,9.628501,9.861793,9.552434,7.480198,9.802294,9.341204,9.237680,9.782532,9.381514,9.764113,7.119831,4.957250,4.714718,7.381197,8.033719,7.735774,8.250964,7.894352,7.671565,9.279239,9.044281,7.280692,6.858234,7.929662,8.427959,10.530714,7.086984,7.573854,8.017994,7.851528,7.877348,8.334349,7.445375,7.827052,7.767241,7.574064,5.014100,8.100327,8.598592,9.701856,5.726857,4.933383,6.788159,7.799984,5.423419,8.291992,4.415833,9.071668,7.764260,4.860289,4.652278,7.946289,8.763406,7.794216,8.940647,8.022375,8.887014,5.139019,7.431399,4.865847,7.930031,8.289165,8.881746,8.028997,5.164549,4.630068,6.678433,8.082075,8.753155,8.063623
COMBO_011_R19,1.489967,4.006948,4.899201,6.568405,8.581093,4.511869,3.712080,4.873132,8.494744,1.197723,8.172524,8.417720,8.576236,6.925552,8.283177,8.578670,1.708895,3.387603,0.000000,8.495303,8.503380,1.503002,1.192008,3.390911,3.225746,8.804909,2.332229,0.741494,1.359397,3.505987,3.230553,3.682766,8.454838,4.063588,8.907816,8.778266,7.558025,2.585967,2.998250,4.620596,4.176874,3.185056,3.434374,2.545238,3.624896,4.468309,4.491739,2.391633,3.888933,2.539711,3.064475,4.877859,3.116462,3.857957,3.325790,3.293963,4.493211,3.980730,8.618090,5.042215,10.368719,10.272272,8.420630,10.287124,10.252352,8.856353,9.135814,10.163292,8.728155,8.922014,10.343444,10.168733,9.570131,9.721448,9.456995,10.571469,9.337809,9.419354,7.675472,9.120172,9.331548,10.137298,10.130375,9.169487,10.501939,9.695267,9.097394,10.452172,9.092594,10.245815,7.746430,7.282971,6.992332,7.988932,8.515140,8.094165,8.633033,8.439938,8.139070,9.063614,7.871135,7.990566,8.184960,8.304931,8.776589,11.410403,7.735860,7.839867,8.364651,8.280867,8.164884,8.777711,7.790914,8.108711,8.096959,8.088587,7.361569,8.428669,8.754380,9.533503,7.628381,7.150566,8.427768,6.046290,7.567572,7.473264,6.662086,7.814159,6.198711,7.151521,6.337638,6.235892,7.333496,6.171497,8.629407,6.116232,8.559385,6.668975,5.929170,6.878790,6.219886,7.503558,8.539667,6.386985,7.358369,6.263182,8.333247,6.303109,8.458776,6.276014
COMBO_011_R20,8.106634,8.524501,8.540539,8.343063,1.011347,8.365728,6.840240,8.519713,1.016576,8.064725,1.105535,1.038803,4.785683,8.458783,1.263080,1.160478,7.895139,6.864914,8.495303,0.000000,5.392979,8.490702,8.194097,7.081913,7.270219,4.264215,7.583019,8.164726,8.076173,6.806937,9.618430,7.988544,8.533106,8.772637,9.524062,9.407079,7.920590,9.513780,9.567491,10.212624,9.973346,9.591102,9.896044,9.544714,9.446062,9.584279,9.413702,9.611704,9.187232,9.578348,9.638073,9.662101,9.635586,8.801328,9.427438,9.965273,9.759709,9.336568,9.929570,10.790408,6.859544,7.225588,6.342566,6.346246,7.104376,6.463205,8.077670,6.691492,4.764768,4.672701,6.608444,6.657627,7.782968,8.057124,7.959911,6.665167,7.143536,7.902938,7.411828,4.363707,7.887696,7.814259,6.702723,4.230952,6.815376,6.873596,7.489648,6.494132,7.668653,7.145867,7.980749,6.036493,6.711046,8.106969,7.694384,7.490835,7.992596,8.067989,8.115421,8.414318,9.360961,8.184676,2.519142,8.066799,8.177087,9.449644,7.992982,7.732697,7.800785,7.963736,7.923516,8.527490,7.739255,8.156810,7.686960,7.873703,6.195372,7.667382,7.751517,8.128778,5.258079,4.356933,5.026600,8.586154,4.107985,7.478073,4.640668,9.579839,7.885418,4.886637,5.850325,8.512370,8.758071,7.946388,7.376867,8.767116,7.438271,6.052846,8.703730,4.713202,8.515239,7.418422,7.585299,8.428380,4.824263,6.084913,5.132198,8.521499,7.228853,8.547256
COMBO_011_R21,8.601890,7.972208,8.294612,9.366623,5.381594,8.269798,7.892526,8.659425,5.417632,8.362111,5.635538,5.414535,2.078803,9.491247,5.589486,5.178009,8.398609,7.982077,8.503380,5.392979,0.000000,8.762454,8.506480,8.052901,7.987271,6.164381,8.327727,8.523240,8.522863,8.045729,9.082064,9.053197,6.671575,9.324089,11.125767,8.179667,5.195011,9.052490,9.007071,9.690601,9.246125,9.183595,9.483751,9.097620,9.291607,9.449302,9.368599,8.977689,9.307771,8.945404,9.277186,9.792059,8.912724,9.403373,8.922679,9.218989,10.139096,9.609015,11.133916,10.010877,5.376639,5.618727,9.279578,5.137908,5.410550,9.244963,6.006256,5.309387,8.425696,8.294049,5.251376,5.107931,5.375497,5.723061,5.578886,5.512621,4.570857,5.677798,9.866129,7.889128,5.621281,5.752218,5.177996,7.838056,5.479950,4.470892,4.957154,5.310036,5.437850,5.377494,8.415270,6.970968,7.731885,8.308612,7.411416,8.301988,8.577728,8.803643,8.632730,6.839615,6.832379,8.468855,3.895622,8.223025,8.859303,10.308842,8.375183,8.449298,8.425654,8.610733,8.226230,8.475092,8.217090,8.088717,8.419859,8.533172,7.185629,8.170330,7.978967,6.863930,6.679289,7.405756,5.868607,6.887840,7.430630,4.535750,7.637225,6.750325,7.187182,5.884170,8.731541,7.080778,7.059685,7.130860,6.855560,7.272803,6.952626,8.745022,8.042684,7.883488,6.864750,4.426250,7.103787,7.059363,5.723283,8.838504,6.099619,6.853851,6.698073,6.889879
COMBO_011_R22,0.790219,4.209528,4.997475,6.675999,8.562351,4.722913,3.502304,4.803110,8.459337,2.093494,8.063759,8.376411,8.875472,7.005680,8.192221,8.591244,1.637126,3.195655,1.503002,8.490702,8.762454,0.000000,0.958425,3.189867,3.283612,8.468594,1.918611,1.298700,1.789677,3.152116,3.410349,3.452721,8.312096,4.139905,7.992426,8.567038,7.642785,2.886772,3.204853,4.906046,4.447689,3.198678,3.255088,2.751309,3.493284,4.861524,4.888575,2.679138,4.210258,2.933931,2.777712,5.041332,3.459321,4.070564,3.639151,3.445950,3.730113,3.428829,7.715282,5.276639,10.616151,10.501736,8.469777,10.574634,10.534865,8.975897,9.629513,10.364356,8.169593,8.384330,10.581698,10.405967,10.179256,10.348742,10.064609,10.790967,9.866369,9.985694,7.669119,8.619465,9.906485,10.488714,10.355516,8.702184,10.737835,10.029746,9.527084,10.715321,9.665508,10.526696,8.295103,7.213281,7.020013,8.545761,9.107761,8.677416,9.176802,8.920266,8.665547,9.535905,8.635608,8.515395,8.296580,8.851266,9.289470,11.641109,8.287089,8.433247,8.933491,8.794366,8.786717,9.332071,8.411376,8.778543,8.671141,8.619225,7.338867,9.007684,9.282869,9.988186,7.157441,6.719827,8.031121,6.393107,7.150565,7.722005,6.228802,7.941533,6.543335,6.810159,5.758879,6.533291,7.468361,6.519929,8.873566,6.424275,8.835692,5.999090,6.197246,6.402451,6.565297,7.749529,8.858102,6.679790,7.016078,5.579357,7.928312,6.655710,8.716350,6.600451
COMBO_011_R23,0.697926,3.926401,4.960823,6.385714,8.280865,4.548854,3.306981,4.755744,8.185637,1.420888,7.856307,8.108291,8.567905,6.733975,7.960401,8.293977,1.021726,2.942774,1.192008,8.194097,8.506480,0.958425,0.000000,2.798906,2.993624,8.377519,1.624432,1.001276,1.481764,2.956026,3.443776,3.549615,8.623167,4.129515,8.483472,8.819725,7.727496,2.878917,3.241164,4.962833,4.361152,3.345216,3.583081,2.818861,3.650204,4.752645,4.734897,2.756969,4.023900,2.895360,3.162360,5.069166,3.401504,3.980913,3.515273,3.496918,4.347250,3.877960,8.269643,5.435140,10.258017,10.160885,7.940695,10.186592,10.173602,8.440817,9.194963,10.045612,8.219270,8.419231,10.224924,10.064217,9.686900,9.843601,9.588564,10.427740,9.428840,9.520954,7.172332,8.640435,9.440639,10.099694,10.019774,8.686831,10.373996,9.647454,9.141123,10.332637,9.196090,10.165382,7.647048,6.938384,6.641087,7.913352,8.456646,7.973077,8.512363,8.265797,7.995814,9.103157,8.235848,7.915440,7.984008,8.191675,8.632737,11.149491,7.648035,7.738213,8.243784,8.118370,8.100511,8.706662,7.718243,8.100036,7.969151,7.934762,7.006337,8.322255,8.591911,9.543869,7.270679,6.713002,8.094227,6.269765,7.123062,7.597923,6.218315,8.132529,6.282423,6.812839,5.891996,6.423665,7.498707,6.285341,8.472378,6.378392,8.404121,6.193274,6.063602,6.377160,6.439069,7.624634,8.385835,6.560626,7.025485,5.748076,8.012188,6.540537,8.307686,6.491636
COMBO_011_R24,2.520705,5.848536,6.958798,7.709385,7.157006,6.634856,1.414224,6.805177,7.069258,2.627694,6.731193,6.981732,7.878860,7.999373,6.822379,7.116289,1.905842,1.180255,3.390911,7.081913,8.052901,3.189867,2.798906,0.000000,3.046070,7.327663,1.411895,2.942598,2.415241,1.318257,4.424683,4.586546,9.064733,4.428147,8.909403,9.740692,8.567902,4.294471,4.354401,6.124922,5.027233,4.322760,4.664828,4.311655,4.215934,5.329788,5.164257,4.508961,4.898704,4.511175,4.404170,5.465771,4.536639,4.408845,4.270309,4.925898,4.853046,4.384133,8.963524,6.663381,9.895144,9.884117,6.855238,9.857188,9.910785,7.231800,9.547000,9.704058,7.531236,7.734512,9.837450,9.716219,9.667983,9.825967,9.710801,9.986683,9.405495,9.630919,6.756921,7.929680,9.587413,9.946943,9.691917,7.944220,9.959068,9.518420,9.387894,9.908099,9.367618,9.894805,6.760664,5.138381,4.750424,7.014967,7.731617,7.484913,7.985801,7.681075,7.376138,9.465871,8.757276,6.946526,6.943681,7.679623,8.191839,10.429963,6.759173,7.313999,7.749419,7.588957,7.553935,8.021071,7.103600,7.453382,7.496456,7.285813,5.212707,7.827803,8.448335,9.918279,6.303844,5.454629,7.220199,7.708279,5.913778,8.324378,4.957881,9.073310,7.709623,5.325134,5.186511,7.881954,8.768217,7.731413,8.971122,7.964184,8.900618,5.542190,7.231574,5.289741,7.845874,8.320482,8.874886,7.967342,5.625787,5.079247,7.173322,7.991992,8.764545,8.012302
COMBO_011_R25,2.916765,4.653497,5.547316,6.820563,7.330030,5.524007,2.714403,5.484207,7.245044,2.891826,6.868525,7.166914,8.127714,7.134208,7.033961,7.277070,2.789237,2.573056,3.225746,7.270219,7.987271,3.283612,2.993624,3.046070,0.000000,7.232466,2.497677,2.849442,3.059156,2.784770,4.785029,4.883783,8.941891,4.866310,8.051431,10.135294,8.379747,4.815308,4.641580,6.179819,5.604403,4.708444,5.040693,4.827644,4.848851,5.724029,5.640055,4.774518,5.471306,4.869373,4.491314,6.026016,4.823384,5.179101,4.701717,5.672773,5.761478,4.884797,7.945885,6.525235,9.304497,9.257571,6.226640,9.354595,9.273831,6.644286,8.588265,9.127535,7.288448,7.443686,9.286098,9.154681,9.245155,9.402258,9.130845,9.435411,8.810151,9.036085,5.889216,7.690847,8.958229,9.247332,9.119605,7.643292,9.389685,8.785499,8.332676,9.361514,8.882480,9.289356,7.188750,5.695373,5.462693,7.524228,8.116786,7.704361,8.263523,7.780281,7.622883,8.015081,8.795171,7.458309,7.413264,7.835403,8.390483,10.746877,7.190159,7.527275,8.012313,7.776062,7.963103,8.406826,7.544327,8.047135,7.724549,7.522888,5.563204,8.092883,8.343469,8.465988,6.115505,5.600570,7.134636,7.622941,6.059290,8.173661,5.128217,9.308594,7.418431,5.609590,5.310160,7.783479,8.771980,7.479235,8.644311,7.719191,8.572608,5.662020,7.504656,5.304627,7.774972,8.190571,8.511233,7.888715,5.856727,5.348394,6.999359,7.825218,8.506592,7.677993
COMBO_011_R26,8.248624,8.401543,8.198549,8.652155,4.145028,8.723538,6.737476,8.253913,4.066191,8.589939,3.980011,4.066373,6.205289,8.734136,3.940763,4.237720,8.195644,6.823054,8.804909,4.264215,6.164381,8.468594,8.377519,7.327663,7.232466,0.000000,7.668787,8.391621,8.508641,6.786135,9.782128,8.773318,8.520499,9.372275,7.238495,9.282768,8.012705,9.736757,9.706350,10.804243,10.289891,9.644758,9.760837,9.669636,9.457521,10.405018,10.255993,9.674230,10.052672,9.787855,9.387888,10.400140,9.862454,9.617450,9.741598,10.351931,9.286917,8.962150,7.837483,11.307044,7.042538,7.256991,7.233470,7.038225,7.357906,7.518091,8.627007,6.683960,4.208060,4.033836,6.854178,6.843933,9.176004,9.485064,9.271473,6.838669,8.385466,9.136055,7.251331,3.760366,9.111612,8.132979,6.894610,3.679958,6.968927,7.021648,7.958318,7.007288,8.873529,7.381509,9.820704,5.875393,6.849527,9.951833,9.515612,9.445245,9.837185,9.680844,9.814624,8.836744,10.817794,10.024465,4.929663,9.617186,9.914907,10.359070,9.812733,9.604732,9.669018,9.642946,9.876041,10.265490,9.727733,10.149076,9.551670,9.622640,6.000894,9.573072,9.159824,8.596155,3.170556,3.879357,2.802019,9.060902,3.691297,7.717456,4.298534,9.490974,8.600801,3.646129,5.474866,8.965028,8.875192,8.666311,7.715406,9.145392,7.831988,5.649159,9.274936,4.554454,9.023958,7.676519,8.017368,8.898239,3.445057,5.669868,2.841428,9.069710,7.658095,8.936054
COMBO_011_R27,1.266075,5.013871,5.977363,7.166134,7.655672,5.711970,1.883857,5.792446,7.558137,1.883460,7.182291,7.470115,8.268193,7.488211,7.297192,7.636387,0.907671,1.524974,2.332229,7.583019,8.327727,1.918611,1.624432,1.411895,2.497677,7.668787,0.000000,1.846293,1.639814,1.646025,3.900739,4.099471,8.725102,4.190934,8.320082,9.416375,8.190193,3.600504,3.774189,5.509132,4.710653,3.753313,4.011117,3.573339,3.797154,5.060417,4.975624,3.672430,4.477346,3.764798,3.622050,5.235981,4.000766,4.121191,3.879020,4.306264,4.317340,3.854286,8.244372,5.990333,10.084903,10.024320,7.239800,10.071688,10.058508,7.677703,9.385047,9.858989,7.650970,7.858014,10.044010,9.898503,9.762699,9.924932,9.724925,10.216101,9.498466,9.676132,6.846687,8.095370,9.614301,10.047795,9.864783,8.129598,10.173855,9.592280,9.272528,10.142971,9.371324,10.049813,7.329673,5.850959,5.551531,7.600128,8.291564,7.892856,8.401854,8.098310,7.829131,9.250855,8.714738,7.534643,7.493884,8.097544,8.555244,10.863025,7.321047,7.679818,8.156761,8.008784,7.999962,8.519866,7.572229,7.953798,7.891230,7.757606,5.914032,8.251069,8.732869,9.705566,6.459069,5.782725,7.429881,7.255755,6.256251,8.080274,5.253956,8.725953,7.266812,5.795636,5.187944,7.417104,8.350505,7.284633,8.879325,7.431969,8.816014,5.548068,6.885820,5.534643,7.407987,8.090183,8.798826,7.530344,6.062049,5.045492,7.348492,7.541035,8.700960,7.511393
COMBO_011_R28,1.072748,4.166382,5.007660,6.482764,8.253829,4.668563,3.200305,4.907985,8.162161,1.119927,7.817883,8.088594,8.564600,6.834781,7.932976,8.273265,1.387787,2.833327,0.741494,8.164726,8.523240,1.298700,1.001276,2.942598,2.849442,8.391621,1.846293,0.000000,1.023984,2.922964,3.441676,3.444095,8.606567,4.055633,8.465547,8.841039,7.727867,2.911842,3.233363,4.965806,4.421020,3.331513,3.565477,2.859875,3.645070,4.692380,4.685093,2.822338,4.137362,2.963224,3.167848,5.008045,3.420732,3.920149,3.525097,3.684806,4.306339,3.803271,8.248552,5.427496,10.381723,10.306593,8.045461,10.299629,10.298631,8.511230,9.284967,10.164352,8.220992,8.425003,10.343893,10.182615,9.759157,9.921807,9.669359,10.550431,9.492427,9.609503,7.317630,8.646282,9.528107,10.247959,10.148257,8.697727,10.498133,9.736498,9.229446,10.450254,9.272954,10.295288,7.730772,7.012013,6.732362,7.991719,8.539550,8.087084,8.642762,8.384921,8.119294,9.177355,8.302012,7.981307,7.984289,8.302777,8.775577,11.328513,7.717919,7.847949,8.369968,8.249902,8.211434,8.812953,7.819815,8.186872,8.093524,8.052429,7.085874,8.446068,8.739255,9.631573,7.215568,6.614734,8.102680,6.344374,7.036231,7.645331,6.104893,8.099517,6.396488,6.760330,5.742106,6.492982,7.529169,6.385338,8.630079,6.420128,8.567319,6.122533,6.089968,6.340435,6.506339,7.673974,8.561096,6.625535,6.984018,5.675732,7.989199,6.611402,8.460470,6.571999
COMBO_011_R29,1.279896,4.944547,5.905263,7.014949,8.165650,5.434087,2.853254,5.791662,8.086945,0.954071,7.738036,8.013362,8.509733,7.345360,7.849474,8.179435,1.180025,2.474534,1.359397,8.076173,8.522863,1.789677,1.481764,2.415241,3.059156,8.508641,1.639814,1.023984,0.000000,2.604778,3.162193,3.436920,8.744735,3.685885,8.895819,9.004376,7.991345,2.774125,3.013030,4.858350,4.038996,3.061090,3.386006,2.784486,3.251064,4.314165,4.273916,2.925414,3.893272,2.963033,3.147985,4.566832,3.212926,3.533877,3.153149,3.498605,4.084784,3.558207,8.717217,5.347327,10.549561,10.498960,8.049075,10.456998,10.494803,8.461771,9.606143,10.342197,8.371000,8.589809,10.515519,10.347706,9.845900,9.998452,9.812517,10.707768,9.596852,9.717050,7.580375,8.788133,9.651181,10.449154,10.325187,8.848746,10.658468,9.956528,9.516577,10.601507,9.426846,10.470251,7.307974,6.703668,6.330283,7.547684,8.218756,7.871107,8.405623,8.148746,7.837582,9.596742,8.253785,7.486641,7.839636,8.068861,8.580946,11.139602,7.274086,7.619493,8.150591,8.033357,7.923460,8.467815,7.495941,7.816814,7.881722,7.783544,6.811447,8.228980,8.740939,10.078171,7.301509,6.544461,8.226951,6.731282,6.986052,7.938043,6.028578,8.321887,6.813868,6.649336,5.742727,6.905661,7.932485,6.799284,8.889793,6.881279,8.824369,6.118693,6.304962,6.321898,6.892156,7.954470,8.818590,7.032398,6.904041,5.677500,8.114409,7.019219,8.688162,7.048823
COMBO_011_R30,2.594564,5.789824,6.656361,7.525511,6.883876,6.438060,1.347558,6.494688,6.787336,2.959703,6.373150,6.697252,7.930440,7.816225,6.504658,6.883764,2.313465,1.091420,3.505987,6.806937,8.045729,3.152116,2.956026,1.318257,2.784770,6.786135,1.646025,2.922964,2.604778,0.000000,4.797268,4.422377,8.839286,4.600017,8.052682,9.515743,8.372536,4.675635,4.710098,6.330064,5.534063,4.623276,4.858340,4.649515,4.496238,5.691790,5.553406,4.822367,5.353325,4.892365,4.533195,5.749183,4.958760,4.666309,4.739982,5.315548,4.742258,4.303416,8.143416,6.875780,9.908257,9.892083,6.825078,9.873696,9.954803,7.220050,9.620130,9.670240,6.866156,7.080339,9.845405,9.716951,9.901330,10.086502,9.927387,9.982594,9.567114,9.848559,6.561099,7.304484,9.798840,10.049868,9.685222,7.336640,9.967671,9.518723,9.398192,9.918799,9.545151,9.937682,7.357534,5.262955,5.078261,7.618931,8.253657,7.946943,8.460180,8.128182,7.894455,9.478789,9.218258,7.552807,6.878327,8.140643,8.631022,10.724174,7.353629,7.790201,8.220262,8.059598,8.095443,8.574670,7.657140,8.060054,7.962237,7.791340,5.352770,8.299632,8.787147,9.884256,5.620577,4.755594,6.727899,7.745690,5.239222,8.242998,4.209150,9.022587,7.706870,4.837979,4.349306,7.864695,8.635869,7.725573,8.945325,7.950332,8.902122,4.851165,7.267003,4.700492,7.867347,8.245571,8.915642,7.939735,5.143208,4.331945,6.570136,8.015902,8.759653,7.996993
COMBO_025_R01,3.456382,5.626717,6.695703,7.382590,9.632705,6.188410,5.010888,6.737841,9.581297,3.252849,9.269665,9.528394,9.413683,7.675573,9.339468,9.646848,3.463593,4.624135,3.230553,9.618430,9.082064,3.410349,3.443776,4.424683,4.785029,9.782128,3.900739,3.441676,3.162193,4.797268,0.000000,4.711002,8.561047,3.204688,9.512514,8.733278,8.202710,1.574974,0.320113,3.555726,1.242707,0.519994,1.218017,1.654343,1.158545,3.084012,3.131786,1.987886,3.468328,1.797405,1.502764,3.166467,0.602631,3.448230,0.671433,2.026862,3.646430,2.599661,9.093184,4.023504,10.864076,10.703630,9.498389,10.845886,10.754847,9.862715,10.095173,10.631005,9.779056,9.990079,10.859293,10.649849,10.082681,10.175457,10.028401,11.088467,9.841581,9.759198,8.744985,10.087877,9.717426,10.596877,10.644035,10.208651,11.002087,10.291053,9.835549,11.023934,9.711766,10.685702,7.161741,7.271874,6.780537,7.296039,8.010744,7.994943,8.286468,8.040914,7.687997,10.472618,7.470325,7.196150,8.969011,7.771911,8.454852,10.715879,7.116013,7.639564,8.160539,7.971288,7.843346,8.010189,7.481922,7.705389,7.944490,7.768865,7.479591,8.201006,8.870027,10.918262,8.746916,8.362298,9.452118,6.693738,8.787759,8.526871,7.925498,8.093088,6.917847,8.052705,7.637987,6.947411,8.150671,6.929266,9.080881,7.013114,9.028489,7.926219,6.817270,8.297750,6.906346,8.533204,9.021357,7.121629,8.232537,7.525804,9.383827,7.149188,8.862587,7.258268
COMBO_025_R02,3.391226,5.281590,6.033919,6.193813,8.090747,5.108553,4.984794,5.736333,8.020869,3.874374,7.650421,7.962424,9.202356,6.409896,7.757145,8.277540,3.824838,4.722404,3.682766,7.988544,9.053197,3.452721,3.549615,4.586546,4.883783,8.773318,4.099471,3.444095,3.436920,4.422377,4.711002,0.000000,8.880619,4.214348,8.399084,7.785608,7.864131,4.649332,4.581284,5.716228,5.582722,4.518062,4.622219,4.584528,4.616825,5.117028,5.108932,4.713004,4.778178,4.796383,4.487362,5.136998,4.792397,4.522715,4.846241,4.824382,4.699727,4.419344,8.254909,6.255319,11.231468,11.257026,8.752949,10.912126,11.217906,9.441093,10.646483,11.016023,7.620340,7.887313,11.140477,10.989489,10.811025,10.994075,10.779231,11.317796,10.277459,10.427727,8.157578,8.076989,10.360581,11.381620,10.965203,8.208461,11.330374,10.838034,10.396295,11.192623,10.216656,11.199881,8.385687,8.362678,8.147167,8.644761,9.074739,8.729631,9.271188,9.004119,8.714369,10.585360,9.011312,8.726032,8.083617,8.949263,9.401060,11.828376,8.462883,8.551999,9.013447,8.764455,8.921336,9.460645,8.516911,9.010930,8.722096,8.615095,8.575253,9.027929,9.213573,10.978524,7.660523,6.555623,8.397853,6.143373,6.808417,7.915570,6.160411,8.146860,6.028431,7.479623,5.279792,6.127368,6.981559,5.960187,8.682371,6.105885,8.674241,5.303954,5.141809,6.061024,6.257646,7.953692,8.777153,6.200532,7.664599,5.092512,8.296575,6.333113,8.480693,6.381350
COMBO_025_R03,8.566004,8.570167,7.949328,10.103166,8.454469,8.137504,8.820943,8.446203,8.415574,8.907251,8.029964,8.279628,7.068000,10.234099,8.177666,8.313684,8.799584,8.882265,8.454838,8.533106,6.671575,8.312096,8.623167,9.064733,8.941891,8.520499,8.725102,8.606567,8.744735,8.839286,8.561047,8.880619,0.000000,8.270104,9.735071,7.018512,4.731292,8.375739,8.492049,7.713438,8.857967,8.495569,8.333658,8.282594,8.616045,8.387556,8.482535,8.065462,8.206191,8.240457,8.168964,8.359257,8.530989,8.214786,8.778511,8.305267,8.405948,8.447183,9.276692,7.752317,8.254175,8.088585,11.770063,8.260639,8.142032,11.842698,8.774353,7.777803,9.187534,9.219655,8.196772,7.911813,8.630393,8.857067,8.447322,8.563328,8.133703,8.596844,11.560425,9.042808,8.534165,8.274913,7.855301,9.209856,8.459760,8.406444,8.080308,8.428188,8.375482,8.116138,11.117142,8.662399,9.477164,11.082516,10.906227,11.166229,11.286722,11.666410,11.417301,9.554157,7.628272,11.076878,7.839931,11.303003,11.470967,12.263098,11.117687,11.090651,11.255585,11.454142,11.021919,11.321301,10.918973,10.944679,11.210681,11.420276,9.136779,11.102628,11.537404,9.575907,7.309870,8.507911,6.911649,6.988056,8.714097,6.214898,8.567958,4.818645,7.854271,7.358871,9.013014,7.148537,6.775687,7.701260,9.370766,7.040170,9.513051,8.964355,8.126426,8.970544,6.973537,6.164674,9.731211,7.237845,7.170068,8.957881,6.958855,6.965826,9.265202,7.050182
COMBO_025_R04,4.003393,6.152863,7.108109,7.334776,8.788213,6.331044,4.880607,7.055603,8.749109,3.916607,8.324668,8.675427,9.525657,7.565357,8.443731,8.773878,3.961020,4.626260,4.063588,8.772637,9.324089,4.139905,4.129515,4.428147,4.866310,9.372275,4.190934,4.055633,3.685885,4.600017,3.204688,4.214348,8.270104,0.000000,9.433854,9.200363,8.589178,3.583808,3.212011,3.203231,3.615803,3.137184,3.311491,3.587046,3.079257,1.769522,1.640704,3.805645,2.434826,3.774262,3.360956,1.583839,3.364958,1.558471,3.235238,3.900578,4.223382,3.494415,9.138991,3.991520,10.446661,10.351191,8.562572,10.352363,10.409703,8.907280,10.358339,10.193324,8.762852,9.036773,10.432891,10.223923,10.209425,10.273714,10.110998,10.628763,9.906425,9.809539,7.751256,9.223386,9.770909,10.360522,10.212906,9.331619,10.569305,10.611678,10.091396,10.526583,9.830924,10.334924,7.189357,6.975052,6.450715,7.414314,8.249034,7.897256,8.289693,8.077825,7.743795,10.529317,7.694777,7.277429,8.665923,8.093393,8.468825,10.292954,7.197282,7.618295,8.184901,7.959700,7.953428,8.240259,7.514697,7.954595,7.929495,7.745118,7.197728,8.215156,9.037515,10.909686,8.036844,7.340335,8.828084,7.077075,7.739222,8.931859,6.881590,8.548069,7.146725,7.456405,6.665873,7.259697,8.396638,7.154411,9.244133,7.385319,9.175489,7.006379,6.519194,7.245404,7.228744,8.944755,9.152205,7.386767,7.630266,6.609149,8.697839,7.432452,9.024898,7.558501
COMBO_025_R05,8.210737,8.759548,7.642958,8.301931,9.418753,8.463368,8.399899,7.432043,9.345144,9.245842,8.890970,9.366167,11.519074,8.350697,8.999853,9.709283,8.773927,8.224724,8.907816,9.524062,11.125767,7.992426,8.483472,8.909403,8.051431,7.238495,8.320082,8.465547,8.895819,8.052682,9.512514,8.399084,9.735071,9.433854,0.000000,9.319413,9.655594,9.466542,9.443011,10.344122,10.302020,9.162689,8.879286,9.284784,8.952345,10.625529,10.644838,9.297265,10.264830,9.577296,8.471106,10.293845,9.796332,9.803692,9.808189,10.112199,7.639214,7.693826,1.225083,10.580435,11.768940,11.675904,10.171256,11.860760,11.880606,10.826348,12.015520,11.265253,6.133261,6.252390,11.641719,11.559124,13.248757,13.515691,13.148902,11.709059,12.456180,12.739776,9.110376,6.494588,12.699869,12.440238,11.545593,6.738414,11.783397,11.380774,11.545864,11.937628,12.547851,11.921112,12.734914,9.630913,10.142319,12.956233,13.083973,12.500454,12.819027,12.414227,12.613412,12.151392,13.497313,12.910773,10.279100,12.497812,12.702226,13.114393,12.698235,12.396026,12.677037,12.488253,12.963917,13.303102,12.743118,13.341448,12.483167,12.540865,9.795613,12.736625,12.373035,12.052237,6.591380,6.813410,7.380218,10.310110,6.895097,10.411051,6.777798,10.890257,9.674382,7.955649,5.989497,10.082310,10.078953,9.766658,10.053044,10.040056,10.203977,6.074092,10.179812,6.847871,10.347453,10.432442,10.444166,10.109717,7.923934,5.953497,7.127786,10.398394,10.069918,10.159729
COMBO_025_R06,8.846258,8.535111,7.939606,8.394765,9.332326,7.769866,9.890619,8.044247,9.365640,9.254883,9.303828,9.434501,8.794641,8.389242,9.242876,9.635569,9.232359,9.699045,8.778266,9.407079,8.179667,8.567038,8.819725,9.740692,10.135294,9.282768,9.416375,8.841039,9.004376,9.515743,8.733278,7.785608,7.018512,9.200363,9.319413,0.000000,4.892804,8.447462,8.681138,9.137826,9.025721,8.628623,8.475544,8.331342,8.648142,9.383932,9.457780,8.300168,9.101312,8.400632,8.558789,9.292990,8.720162,9.210002,8.957965,8.246154,8.154961,8.386387,9.061124,9.391513,10.726431,10.696857,12.957578,10.339121,10.723104,13.436195,10.687780,10.366671,9.521107,9.585944,10.576225,10.399159,10.677966,10.968045,10.754137,10.794726,9.896335,10.165181,12.250379,9.312101,10.130677,11.179775,10.406178,9.583477,10.832831,10.017145,10.149111,10.820486,9.963606,10.657492,11.752799,10.979060,11.410678,11.673270,11.089804,11.296562,11.531431,11.755823,11.673236,12.038265,9.309511,11.813264,8.647462,11.186205,11.599776,12.501362,11.676164,11.239684,11.386798,11.540718,11.314956,11.730900,11.296915,11.342281,11.325483,11.656507,11.424095,11.227368,10.850261,11.981115,9.108364,9.370593,8.736299,5.644302,9.334726,5.817975,9.465600,5.023567,5.765366,9.402412,9.006444,5.376482,4.525798,5.592924,7.430507,5.278086,7.674368,8.803896,6.067066,9.520461,5.562420,5.804103,8.098958,5.335884,9.282683,8.946130,8.755096,5.412296,7.296713,5.621885
COMBO_025_R07,7.835642,6.915744,6.366350,8.255517,7.859950,6.279768,8.510891,6.743427,7.908020,7.997123,7.888798,7.912413,6.058795,8.337658,7.865313,7.907601,8.055719,8.455754,7.558025,7.920590,5.195011,7.642785,7.727496,8.567902,8.379747,8.012705,8.190193,7.727867,7.991345,8.372536,8.202710,7.864131,4.731292,8.589178,9.655594,4.892804,0.000000,7.826385,8.093116,7.932103,8.511297,8.216360,8.228958,7.778180,8.441931,8.508774,8.603975,7.549934,8.107502,7.656999,8.101013,8.819356,8.042468,8.479165,8.311032,7.784070,8.589665,8.497436,9.323162,8.069599,7.759616,7.698497,11.205822,7.532444,7.647891,11.453776,6.985508,7.423765,9.145041,9.123318,7.662364,7.445009,7.211893,7.536237,7.207055,7.977847,6.528718,6.979354,10.983212,8.879730,6.886834,7.922772,7.428011,9.001539,7.927416,6.815279,6.431109,7.892361,6.511074,7.630599,10.386000,9.350893,9.911616,10.299318,9.693558,10.098948,10.323620,10.578769,10.378460,8.231683,7.021266,10.465333,7.155344,9.989094,10.439304,11.628866,10.326137,10.052151,10.144520,10.306084,10.003025,10.407952,9.987105,9.901495,10.091661,10.357197,9.653588,9.997533,9.649258,8.370000,7.426450,8.254396,6.956874,4.798007,8.331022,2.477094,8.373405,3.702627,5.521091,7.522460,8.649661,4.896963,4.334415,5.361343,6.402573,4.908999,6.572762,8.617053,5.614667,8.586830,4.781493,2.466530,6.862466,4.960861,7.362000,8.629520,7.009844,4.748093,6.309696,4.743927
COMBO_025_R08,3.007532,5.302886,6.089686,7.132875,9.534592,5.654214,4.893430,6.148494,9.477551,2.761642,9.189267,9.418315,9.191675,7.432584,9.249450,9.543204,3.036240,4.495065,2.585967,9.513780,9.052490,2.886772,2.878917,4.294471,4.815308,9.736757,3.600504,2.911842,2.774125,4.675635,1.574974,4.649332,8.375739,3.583808,9.466542,8.447462,7.826385,0.000000,1.519329,3.562802,2.121078,1.675775,1.983589,0.354798,2.107471,3.459150,3.519283,0.855771,3.060525,0.542633,2.066921,3.656822,1.551077,3.211280,1.740526,1.427870,3.590047,3.121705,9.045486,3.832626,10.703798,10.532531,9.404372,10.682634,10.574399,9.762665,9.704524,10.475311,9.715286,9.920691,10.704076,10.499583,9.820928,9.925684,9.757162,10.927565,9.647770,9.522937,8.645469,10.046115,9.476637,10.414885,10.476173,10.154492,10.842975,10.103051,9.601395,10.872226,9.380848,10.517348,7.364722,7.358395,6.920710,7.501514,8.140237,7.901400,8.208772,8.122866,7.778878,10.155013,7.327982,7.439455,8.844189,7.867046,8.342885,10.634303,7.314608,7.554567,8.048589,8.006253,7.750666,8.159263,7.435985,7.608484,7.848797,7.843591,7.548688,8.117603,8.783494,10.568398,8.700290,8.346538,9.380260,6.371151,8.759549,8.119494,7.919553,7.773804,6.512881,8.065560,7.637026,6.619840,7.792541,6.527867,8.823397,6.553837,8.762629,7.892004,6.512192,8.198563,6.579749,8.129016,8.743923,6.803557,8.238268,7.522167,9.315942,6.700592,8.623644,6.799839
COMBO_025_R09,3.279529,5.373554,6.472340,7.268809,9.589053,5.978573,4.918448,6.521571,9.532291,3.089013,9.217198,9.475495,9.345792,7.569247,9.292206,9.599581,3.316992,4.540707,2.998250,9.567491,9.007071,3.204853,3.241164,4.354401,4.641580,9.706350,3.774189,3.233363,3.013030,4.710098,0.320113,4.581284,8.492049,3.212011,9.443011,8.681138,8.093116,1.519329,0.000000,3.564242,1.498549,0.570186,1.203806,1.566262,1.329751,3.134007,3.186882,1.827480,3.467184,1.683589,1.372299,3.276820,0.506200,3.465209,0.843721,2.002269,3.673451,2.640914,9.024179,4.048444,10.809327,10.648782,9.467039,10.786844,10.692560,9.842245,10.000316,10.577625,9.712817,9.921794,10.801539,10.593835,10.034927,10.132438,9.967072,11.038188,9.791286,9.726244,8.663047,10.026177,9.677815,10.530200,10.583488,10.142310,10.950249,10.228584,9.753085,10.965834,9.651806,10.630789,7.261391,7.309734,6.844580,7.406880,8.086207,8.053762,8.372040,8.121730,7.769913,10.324092,7.444964,7.324842,8.931793,7.857003,8.539833,10.842669,7.223716,7.708259,8.232705,8.036360,7.924777,8.120217,7.563712,7.798367,8.009703,7.838205,7.508577,8.268585,8.871362,10.780407,8.652839,8.293603,9.352323,6.510278,8.719337,8.378140,7.851861,7.955086,6.779142,7.983669,7.552438,6.765955,7.970129,6.781367,9.028155,6.822562,8.974983,7.844596,6.654738,8.218497,6.724599,8.387935,8.968010,6.941899,8.162312,7.439332,9.285055,6.969739,8.814645,7.065442
COMBO_025_R10,5.020771,6.375982,6.950327,7.816976,10.148656,6.078784,6.650700,7.032129,10.140923,4.850806,9.850196,10.107728,10.036995,8.077649,9.884649,10.107636,5.063977,6.348437,4.620596,10.212624,9.690601,4.906046,4.962833,6.124922,6.179819,10.804243,5.509132,4.965806,4.858350,6.330064,3.555726,5.716228,7.713438,3.203231,10.344122,9.137826,7.932103,3.562802,3.564242,0.000000,3.577599,3.675632,3.725235,3.615749,3.941867,2.198301,2.507986,3.609044,2.412761,3.540287,3.900564,2.573642,3.513092,2.953377,3.672892,3.437980,5.238634,4.669685,9.780119,1.802113,10.685173,10.493298,10.075005,10.675991,10.555337,10.376732,9.807227,10.385726,10.546547,10.762959,10.730440,10.460028,9.666566,9.698752,9.506925,10.981198,9.589696,9.305189,9.397945,10.899279,9.251295,10.319614,10.471215,11.024168,10.862585,10.535351,9.660717,10.880253,9.241938,10.457681,7.952833,8.375507,7.954596,8.060788,8.815484,8.554786,8.751919,8.790456,8.378737,10.340284,6.702676,7.992738,9.858641,8.586805,8.886728,10.728068,7.959602,8.178414,8.670496,8.620746,8.364252,8.643674,8.028355,8.244276,8.469973,8.474722,8.589856,8.723622,9.624323,10.727895,9.405922,9.129718,10.030436,6.862012,9.538377,8.630096,8.713544,8.021612,7.146865,8.980149,8.543063,7.125546,8.329464,7.149387,9.295903,7.271585,9.223990,8.889020,6.655054,9.139919,7.034104,8.651948,9.186652,7.325932,9.087661,8.413345,9.946596,7.327203,9.109613,7.458166
COMBO_025_R11,4.414672,6.363776,7.445556,7.801384,9.965914,6.847134,5.727016,7.504037,9.938110,4.013571,9.691049,9.899856,9.568256,8.074200,9.723036,9.967457,4.256918,5.327434,4.176874,9.973346,9.246125,4.447689,4.361152,5.027233,5.604403,10.289891,4.710653,4.421020,4.038996,5.534063,1.242707,5.582722,8.857967,3.615803,10.302020,9.025721,8.511297,2.121078,1.498549,3.577599,0.000000,1.641155,2.174450,2.308513,1.811766,3.043102,3.070633,2.681131,3.552487,2.323648,2.608833,3.133783,1.317800,3.696382,1.011572,2.308505,4.363905,3.403857,9.878646,4.032663,10.867197,10.692866,9.770617,10.857367,10.756810,10.063737,10.124657,10.651879,10.417368,10.616696,10.880282,10.664240,9.894543,9.953460,9.880358,11.099491,9.740836,9.556258,9.149708,10.672910,9.533918,10.553205,10.673318,10.792088,11.004301,10.307286,9.877039,11.042319,9.581912,10.660648,6.686206,7.351647,6.748968,6.754108,7.515745,7.612911,7.797771,7.621446,7.232928,10.735122,7.062880,6.628743,9.192793,7.282235,7.977049,10.151066,6.614143,7.221938,7.718361,7.569874,7.337817,7.398530,7.006207,7.130902,7.538335,7.368031,7.565652,7.761101,8.620763,11.153549,9.401705,9.004940,10.029163,7.079312,9.413650,8.862761,8.601951,8.432437,7.228984,8.597010,8.447247,7.363315,8.631462,7.270492,9.103941,7.505020,9.037520,8.748866,7.272495,9.005257,7.291864,8.858314,9.005650,7.540056,8.762023,8.344526,9.981939,7.565507,8.870263,7.726120
COMBO_025_R12,3.283046,5.681059,6.673625,7.429269,9.605151,6.220454,4.853659,6.691996,9.548730,3.280187,9.201765,9.492218,9.518900,7.717996,9.285247,9.633695,3.381046,4.477868,3.185056,9.591102,9.183595,3.198678,3.345216,4.322760,4.708444,9.644758,3.753313,3.331513,3.061090,4.623276,0.519994,4.518062,8.495569,3.137184,9.162689,8.628623,8.216360,1.675775,0.570186,3.675632,1.641155,0.000000,0.779564,1.669411,0.836093,3.242796,3.294977,2.020136,3.590858,1.947256,1.112400,3.203818,1.041332,3.456287,1.101838,2.143122,3.187661,2.119377,8.746749,4.130257,11.018720,10.862709,9.544981,11.005735,10.922506,9.937323,10.327802,10.764397,9.576774,9.798671,11.006027,10.797328,10.367709,10.474118,10.311673,11.232342,10.081600,10.032837,8.756136,9.910918,9.989785,10.803534,10.789899,10.044194,11.152736,10.467005,10.041894,11.179656,9.977202,10.857845,7.483662,7.283583,6.835841,7.628552,8.352844,8.299980,8.602369,8.343187,8.010640,10.668841,7.839513,7.518157,9.002524,8.099181,8.762926,10.933346,7.439003,7.955248,8.474122,8.281890,8.180703,8.362202,7.810593,8.061786,8.253188,8.081066,7.508425,8.516758,9.167463,11.106741,8.534577,8.151995,9.283390,6.790019,8.584862,8.589452,7.704884,8.087795,7.020241,7.896218,7.338850,7.016512,8.145650,7.021606,9.211088,7.054334,9.170589,7.607057,6.813783,8.071531,6.995946,8.597555,9.181679,7.184506,8.081498,7.212159,9.202960,7.220165,8.996565,7.319149
COMBO_025_R13,3.468747,5.870522,6.712296,7.646667,9.903607,6.342724,5.102788,6.737741,9.840645,3.716266,9.454519,9.778475,9.851043,7.929484,9.550306,9.942627,3.708016,4.757931,3.434374,9.896044,9.483751,3.255088,3.583081,4.664828,5.040693,9.760837,4.011117,3.565477,3.386006,4.858340,1.218017,4.622219,8.333658,3.311491,8.879286,8.475544,8.228958,1.983589,1.203806,3.725235,2.174450,0.779564,0.000000,1.856296,1.089120,3.528835,3.619027,2.134786,3.850930,2.218905,0.800926,3.360176,1.636322,3.659354,1.848291,2.307274,2.723629,1.774643,8.423584,4.156310,11.336830,11.166880,9.994854,11.342269,11.240637,10.409566,10.707267,11.045093,9.646211,9.877785,11.319220,11.102786,10.807148,10.924437,10.733786,11.555322,10.498052,10.466748,9.088577,10.002671,10.419884,11.145017,11.093439,10.159491,11.474782,10.819953,10.402130,11.517582,10.387152,11.179497,8.166179,7.613177,7.247368,8.307611,9.014011,8.932426,9.223018,8.985514,8.667453,11.043221,8.237359,8.196040,9.341979,8.745842,9.369556,11.379411,8.126733,8.593035,9.101989,8.918424,8.826150,9.013881,8.464943,8.722561,8.884178,8.736894,7.871030,9.141488,9.760111,11.468296,8.537219,8.254000,9.299969,6.872353,8.693377,8.715187,7.801575,7.956509,7.197076,8.010955,7.329325,7.075309,8.100639,7.177228,9.507423,7.089190,9.483730,7.579517,6.867817,8.186100,7.072229,8.727270,9.519340,7.244901,8.185434,7.176259,9.208482,7.297551,9.303304,7.389493
COMBO_025_R14,2.936707,5.237469,5.978403,7.123204,9.566302,5.592551,4.874137,6.040989,9.503934,2.828133,9.197767,9.440345,9.249516,7.425484,9.265188,9.579109,3.035677,4.486468,2.545238,9.544714,9.097620,2.751309,2.818861,4.311655,4.827644,9.669636,3.573339,2.859875,2.784486,4.649515,1.654343,4.584528,8.282594,3.587046,9.284784,8.331342,7.778180,0.354798,1.566262,3.615749,2.308513,1.669411,1.856296,0.000000,2.101206,3.563279,3.627440,0.670781,3.144969,0.587083,1.900366,3.720246,1.657923,3.251691,1.923179,1.454004,3.387417,2.976149,8.859885,3.904490,10.758151,10.582497,9.504047,10.740772,10.627838,9.880940,9.806664,10.515766,9.642254,9.851307,10.752017,10.548239,9.967545,10.079797,9.893083,10.981589,9.773592,9.667268,8.655651,9.983893,9.617174,10.483272,10.521856,10.098545,10.897942,10.179227,9.691184,10.931379,9.511981,10.576224,7.628608,7.415490,7.014544,7.771187,8.382384,8.126713,8.442562,8.361189,8.027578,10.232645,7.478462,7.715650,8.893734,8.104075,8.571487,10.797334,7.585913,7.790473,8.280621,8.238347,7.998524,8.420582,7.685844,7.875053,8.078104,8.084735,7.616694,8.343914,8.964066,10.634067,8.604341,8.293113,9.282733,6.301362,8.706688,8.087544,7.861096,7.647170,6.480704,8.012671,7.533763,6.535963,7.668968,6.484592,8.866533,6.450965,8.812352,7.779005,6.434845,8.137459,6.506204,8.099696,8.803326,6.717342,8.181462,7.408789,9.217187,6.618350,8.672035,6.709634
COMBO_025_R15,3.488470,6.201302,7.092005,7.607678,9.446081,6.647772,4.758992,7.067337,9.399337,3.575726,9.038443,9.349442,9.599637,7.882446,9.117329,9.497860,3.537628,4.364816,3.624896,9.446062,9.291607,3.493284,3.650204,4.215934,4.848851,9.457521,3.797154,3.645070,3.251064,4.496238,1.158545,4.616825,8.616045,3.079257,8.952345,8.648142,8.441931,2.107471,1.329751,3.941867,1.811766,0.836093,1.089120,2.101206,0.000000,3.380579,3.390661,2.561976,3.748798,2.481088,1.529681,3.123277,1.728037,3.443521,1.461316,2.561051,2.825375,1.642532,8.583681,4.438549,11.106776,10.966056,9.439126,11.096304,11.047759,9.838685,10.620789,10.829981,9.365899,9.600238,11.087419,10.882446,10.592945,10.704142,10.573252,11.291850,10.272344,10.228799,8.714338,9.707915,10.198070,10.988934,10.887822,9.856489,11.225492,10.602169,10.281847,11.265983,10.215587,10.972196,7.418914,7.016522,6.539917,7.554864,8.341483,8.264498,8.536092,8.284689,7.974489,11.050686,8.185003,7.407216,8.910021,8.048021,8.693094,10.671396,7.361508,7.921222,8.426677,8.259938,8.148032,8.310173,7.764721,8.035596,8.211442,8.051346,7.269246,8.478042,9.245467,11.434320,8.377774,7.905794,9.172323,7.219554,8.336858,8.876797,7.456689,8.399571,7.310732,7.727820,7.067975,7.406505,8.478686,7.327906,9.260913,7.465738,9.228363,7.333005,7.072276,7.839522,7.406832,8.878734,9.251131,7.554911,7.921356,6.938306,9.081094,7.615124,9.037516,7.733127
COMBO_025_R16,4.765297,6.444615,7.486716,7.725242,9.577337,6.543014,5.909317,7.508815,9.568085,4.340554,9.255750,9.521472,9.722808,7.953966,9.321286,9.533372,4.631738,5.632576,4.468309,9.584279,9.449302,4.861524,4.752645,5.329788,5.724029,10.405018,5.060417,4.692380,4.314165,5.691790,3.084012,5.117028,8.387556,1.769522,10.625529,9.383932,8.508774,3.459150,3.134007,2.198301,3.043102,3.242796,3.528835,3.563279,3.380579,0.000000,0.387984,3.741482,1.976928,3.569162,3.764957,1.146627,3.068490,1.968491,2.997913,3.546478,5.077113,4.336222,10.226591,3.066024,10.549244,10.424075,9.343777,10.461944,10.459565,9.600085,10.095289,10.329551,10.061866,10.301417,10.568589,10.335213,9.756586,9.776812,9.661993,10.789188,9.602117,9.368020,8.695513,10.431361,9.332310,10.281797,10.338915,10.533044,10.697198,10.593120,9.912527,10.663272,9.406525,10.362901,6.931909,7.680764,7.074229,7.073556,7.911773,7.736489,8.042639,7.912535,7.495449,10.482087,6.724402,6.945104,9.238357,7.814035,8.240828,10.197283,6.909298,7.397671,7.960046,7.768428,7.619449,7.813195,7.223375,7.494302,7.737458,7.558483,7.885872,7.987045,8.903577,10.926592,9.136564,8.569686,9.794345,6.952920,8.960713,8.887041,8.153390,8.429139,7.174076,8.462262,8.057873,7.227089,8.498751,7.182315,9.259910,7.415894,9.168734,8.410974,6.551076,8.557728,7.129929,8.898734,9.112618,7.390622,8.611660,7.998428,9.703223,7.406830,9.029875,7.581788
COMBO_025_R17,4.749373,6.459504,7.550492,7.692944,9.412465,6.614755,5.764175,7.568698,9.401971,4.285372,9.092392,9.351449,9.611503,7.921428,9.158097,9.363761,4.563380,5.488582,4.491739,9.413702,9.368599,4.888575,4.734897,5.164257,5.640055,10.255993,4.975624,4.685093,4.273916,5.553406,3.131786,5.108932,8.482535,1.640704,10.644838,9.457780,8.603975,3.519283,3.186882,2.507986,3.070633,3.294977,3.619027,3.627440,3.390661,0.387984,0.000000,3.826933,2.009664,3.640920,3.840510,1.187438,3.119515,1.881819,2.998374,3.648351,5.122805,4.360719,10.281378,3.366294,10.429700,10.312700,9.128423,10.335310,10.348244,9.377481,10.068231,10.220230,9.930563,10.170832,10.445051,10.219601,9.699030,9.717250,9.615265,10.659189,9.542896,9.315722,8.476026,10.299536,9.283132,10.178581,10.222653,10.393631,10.571246,10.515946,9.879021,10.531882,9.366701,10.251667,6.704901,7.454138,6.815102,6.856239,7.701810,7.519841,7.836263,7.703007,7.283173,10.439925,6.714634,6.728156,9.069946,7.615671,8.042873,9.999370,6.688901,7.190922,7.754554,7.557180,7.415179,7.614424,7.010404,7.299689,7.529031,7.338832,7.654304,7.778608,8.718046,10.871404,9.042916,8.438538,9.696223,6.998533,8.824733,8.920962,8.022031,8.521475,7.175601,8.325264,7.964834,7.268794,8.549917,7.191001,9.200013,7.468639,9.103754,8.324308,6.596061,8.423826,7.171423,8.930319,9.039840,7.423107,8.478979,7.914703,9.608135,7.441652,8.965753,7.619394
COMBO_025_R18,2.965860,4.860811,5.584923,7.054956,9.635995,5.276507,4.997472,5.704396,9.569305,2.876263,9.261524,9.497723,9.163333,7.361214,9.339699,9.630217,3.111424,4.656844,2.391633,9.611704,8.977689,2.679138,2.756969,4.508961,4.774518,9.674230,3.672430,2.822338,2.925414,4.822367,1.987886,4.713004,8.065462,3.805645,9.297265,8.300168,7.549934,0.855771,1.827480,3.609044,2.681131,2.020136,2.134786,0.670781,2.561976,3.741482,3.826933,0.000000,3.251259,0.568499,2.023281,4.004412,1.860534,3.495127,2.280749,1.647799,3.722424,3.331095,8.836556,3.823330,10.586496,10.393405,9.573570,10.583523,10.430174,9.949839,9.546304,10.347939,9.719229,9.916765,10.585141,10.377980,9.793750,9.908698,9.681110,10.832078,9.590739,9.493284,8.657251,10.052960,9.431105,10.251810,10.339972,10.154844,10.737288,10.000080,9.441864,10.770617,9.324065,10.389936,7.858469,7.554071,7.209539,8.009050,8.556829,8.284976,8.618867,8.557216,8.224265,9.895513,7.306377,7.976360,8.948446,8.291232,8.744591,10.998688,7.826823,7.961329,8.446573,8.413546,8.173155,8.628519,7.876930,8.064893,8.242790,8.272368,7.733899,8.497875,9.035278,10.308379,8.568077,8.387816,9.201702,6.016169,8.801973,7.814739,7.964919,7.370749,6.281116,8.037094,7.662099,6.271777,7.401021,6.270246,8.799523,6.117642,8.743363,7.877872,6.275994,8.209325,6.227515,7.832244,8.725893,6.464499,8.192847,7.536594,9.143481,6.300578,8.619571,6.358962
COMBO_025_R19,4.113319,5.900570,6.688051,7.167458,9.178522,5.736517,5.555435,6.661496,9.152261,3.812179,8.882448,9.077907,9.375350,7.407043,8.911060,9.135323,3.969738,5.256609,3.888933,9.187232,9.307771,4.210258,4.023900,4.898704,5.471306,10.052672,4.477346,4.137362,3.893272,5.353325,3.468328,4.778178,8.206191,2.434826,10.264830,9.101312,8.107502,3.060525,3.467184,2.412761,3.552487,3.590858,3.850930,3.144969,3.748798,1.976928,2.009664,3.251259,0.000000,3.113046,3.942532,2.434421,3.411491,1.623105,3.395210,3.242698,4.934814,4.557366,9.889568,3.061655,10.171663,10.059711,8.792083,10.089546,10.087173,9.140122,9.531619,9.951111,9.634302,9.864997,10.209917,9.971788,9.362564,9.399410,9.253399,10.396150,9.257462,8.980078,8.203864,10.035835,8.938245,9.930216,9.974804,10.119481,10.314319,10.213148,9.489197,10.301680,8.925535,9.993402,6.929572,7.483986,6.924395,7.108648,7.886110,7.412624,7.699057,7.769483,7.330591,9.948674,6.659745,7.077974,8.892418,7.692753,7.841793,9.841023,6.971187,7.090089,7.575686,7.528611,7.303403,7.794725,6.940773,7.243058,7.355554,7.369816,7.660580,7.642926,8.584317,10.325859,8.852597,8.273597,9.466543,6.625074,8.642898,8.435088,7.868353,8.243361,6.622787,8.271542,7.761147,6.868329,8.136515,6.654767,8.757304,6.948002,8.652658,8.003853,6.150255,8.056865,6.791820,8.451428,8.576187,7.033756,8.412303,7.607428,9.415579,6.939456,8.551406,7.083371
COMBO_025_R20,3.120997,5.003761,5.798811,7.022431,9.602203,5.388930,5.090213,5.903902,9.540743,2.837574,9.264678,9.476865,9.104521,7.335452,9.325328,9.595288,3.163405,4.708222,2.539711,9.578348,8.945404,2.933931,2.895360,4.511175,4.869373,9.787855,3.764798,2.963224,2.963033,4.892365,1.797405,4.796383,8.240457,3.774262,9.577296,8.400632,7.656999,0.542633,1.683589,3.540287,2.323648,1.947256,2.218905,0.587083,2.481088,3.569162,3.640920,0.568499,3.113046,0.000000,2.208727,3.863032,1.617935,3.394064,1.975267,1.440794,3.945546,3.470034,9.132540,3.812997,10.540318,10.352932,9.490799,10.520334,10.385887,9.845516,9.463519,10.318895,9.832130,10.025980,10.542770,10.336980,9.624268,9.726014,9.530310,10.783201,9.470438,9.339293,8.643259,10.146289,9.284068,10.189744,10.306580,10.245129,10.689223,9.929658,9.378969,10.715093,9.180718,10.335583,7.465267,7.479009,7.074090,7.604146,8.164670,7.919822,8.236986,8.186733,7.840284,9.893457,7.064197,7.571006,8.869550,7.902085,8.369557,10.704389,7.428592,7.581242,8.070916,8.046814,7.775053,8.215395,7.480161,7.647429,7.872155,7.900648,7.657294,8.126824,8.718850,10.297248,8.784088,8.520066,9.402853,6.076877,8.925714,7.907458,8.099615,7.534141,6.272298,8.170710,7.842093,6.341712,7.549055,6.280190,8.708767,6.251918,8.644015,8.092867,6.387258,8.365551,6.288730,7.919811,8.616043,6.533103,8.328234,7.727994,9.352175,6.399375,8.518375,6.486459
COMBO_025_R21,3.060748,5.345474,6.187908,7.357546,9.651926,5.944504,4.743506,6.229101,9.572245,3.433613,9.166302,9.500198,9.638259,7.650697,9.279004,9.673659,3.376679,4.417914,3.064475,9.638073,9.277186,2.777712,3.162360,4.404170,4.491314,9.387888,3.622050,3.167848,3.147985,4.533195,1.502764,4.487362,8.168964,3.360956,8.471106,8.558789,8.101013,2.066921,1.372299,3.900564,2.608833,1.112400,0.800926,1.900366,1.529681,3.764957,3.840510,2.023281,3.942532,2.208727,0.000000,3.682718,1.803363,3.747557,2.086235,2.582591,2.831541,1.881732,8.015016,4.273051,11.021273,10.844661,9.602238,11.052037,10.914723,10.029124,10.376837,10.734491,9.243964,9.467765,11.002309,10.794209,10.626808,10.750552,10.517440,11.240914,10.297844,10.298870,8.631888,9.618016,10.243859,10.815644,10.772312,9.757750,11.159783,10.521776,10.081501,11.203536,10.197154,10.871726,8.183296,7.362937,7.056896,8.360674,9.032666,8.894119,9.219142,8.941020,8.649155,10.562363,8.270701,8.263828,9.139661,8.749803,9.353664,11.402778,8.160339,8.573481,9.084643,8.873180,8.847684,9.066899,8.487417,8.792566,8.856581,8.697193,7.589561,9.125824,9.638069,10.996813,8.142215,7.935007,8.915665,6.733936,8.382558,8.532772,7.478401,7.899031,7.056539,7.661250,7.037979,6.938451,7.960017,7.042277,9.392274,6.913178,9.368062,7.282286,6.862221,7.830061,6.938464,8.548097,9.396143,7.110049,7.833790,6.884540,8.827451,7.141580,9.206416,7.179449
COMBO_025_R22,4.970563,7.047624,7.922688,8.049576,9.650457,7.059914,6.013440,7.919055,9.632881,4.764007,9.254909,9.575912,10.036326,8.268786,9.341459,9.634965,4.912428,5.725787,4.877859,9.662101,9.792059,5.041332,5.069166,5.465771,6.026016,10.400140,5.235981,5.008045,4.566832,5.749183,3.166467,5.136998,8.359257,1.583839,10.293845,9.292990,8.819356,3.656822,3.276820,2.573642,3.133783,3.203818,3.360176,3.720246,3.123277,1.146627,1.187438,4.004412,2.434421,3.863032,3.682718,0.000000,3.335979,1.963776,3.178114,3.694463,4.537965,3.863242,9.895236,3.357731,10.964512,10.843246,9.605757,10.883538,10.908535,9.881074,10.773024,10.703637,9.881871,10.144521,10.974196,10.736474,10.400894,10.435471,10.324952,11.180258,10.186296,9.987921,8.957175,10.274314,9.964458,10.797894,10.746486,10.411796,11.102866,11.065011,10.497342,11.082904,10.068133,10.802065,7.281579,7.629038,7.062971,7.419709,8.322105,8.118498,8.375869,8.271488,7.885953,11.215961,7.385094,7.239058,9.340683,8.194269,8.567271,10.308781,7.260293,7.780857,8.330443,8.169117,8.005681,8.170160,7.599174,7.908222,8.117960,7.959639,7.905333,8.359424,9.409755,11.590271,9.109465,8.492564,9.822162,7.439989,8.887140,9.371321,8.070369,8.666806,7.579427,8.462184,7.867206,7.661247,8.831620,7.587160,9.667645,7.828886,9.603604,8.186147,7.027530,8.485229,7.599915,9.375567,9.585276,7.810520,8.615730,7.790641,9.711732,7.847424,9.432639,8.045713
COMBO_025_R23,3.516840,5.308984,6.488602,7.241224,9.658192,5.944103,5.148298,6.563089,9.605618,3.169057,9.326023,9.551470,9.255128,7.542845,9.387124,9.655505,3.484959,4.771211,3.116462,9.635586,8.912724,3.459321,3.401504,4.536639,4.823384,9.862454,4.000766,3.420732,3.212926,4.958760,0.602631,4.792397,8.530989,3.364958,9.796332,8.720162,8.042468,1.551077,0.506200,3.513092,1.317800,1.041332,1.636322,1.657923,1.728037,3.068490,3.119515,1.860534,3.411491,1.617935,1.803363,3.335979,0.000000,3.544013,0.779457,1.940741,4.105616,3.117898,9.373633,4.007418,10.674527,10.507500,9.514256,10.642610,10.541635,9.866124,9.791846,10.463431,9.939854,10.137988,10.672238,10.464084,9.778356,9.863755,9.709412,10.915601,9.577590,9.482163,8.718558,10.226504,9.433531,10.341071,10.452861,10.332475,10.820642,10.079073,9.575223,10.829948,9.407979,10.476976,7.054990,7.385604,6.894639,7.186334,7.826099,7.839962,8.150602,7.921781,7.549073,10.155012,7.072870,7.124449,8.932137,7.625103,8.326183,10.701860,7.018147,7.489891,8.011633,7.817979,7.680514,7.866383,7.335291,7.535696,7.795192,7.624966,7.572776,8.039581,8.627864,10.620763,8.879270,8.538775,9.518616,6.344971,8.953140,8.271410,8.111727,7.878994,6.641946,8.168349,7.877180,6.629201,7.894981,6.647864,8.900630,6.711023,8.837347,8.177858,6.597701,8.477968,6.566297,8.280198,8.815418,6.811662,8.337500,7.772174,9.467104,6.831399,8.684305,6.938539
COMBO_025_R24,3.916228,6.277561,7.015306,7.391253,8.822726,6.208265,4.959419,6.975183,8.779162,3.667316,8.400121,8.701105,9.383326,7.646742,8.490966,8.785984,3.793673,4.649681,3.857957,8.801328,9.403373,4.070564,3.980913,4.408845,5.179101,9.617450,4.121191,3.920149,3.533877,4.666309,3.448230,4.522715,8.214786,1.558471,9.803692,9.210002,8.479165,3.211280,3.465209,2.953377,3.696382,3.456287,3.659354,3.251691,3.443521,1.968491,1.881819,3.495127,1.623105,3.394064,3.747557,1.963776,3.544013,0.000000,3.421187,3.533817,4.355105,3.988998,9.505415,3.702904,10.413649,10.310657,8.600436,10.319291,10.361307,8.880123,10.080575,10.162836,9.032689,9.295957,10.415632,10.201134,9.905399,9.960900,9.817398,10.605290,9.776026,9.610217,7.908412,9.490434,9.575893,10.273145,10.191029,9.592765,10.540458,10.543812,9.983571,10.502169,9.522553,10.280415,7.058760,6.988727,6.457310,7.263015,8.105448,7.586852,7.952599,7.929075,7.568197,10.417496,7.366194,7.133373,8.613696,7.949894,8.118630,10.023208,7.055719,7.288346,7.840817,7.774877,7.577330,8.043643,7.168157,7.529182,7.610005,7.579053,7.215772,7.908025,8.889291,10.759178,8.344769,7.621818,9.113181,7.053714,8.016826,8.842042,7.163597,8.487496,7.059252,7.716641,7.022031,7.248199,8.413215,7.080749,9.200673,7.368027,9.117922,7.415003,6.605251,7.536403,7.197429,8.850131,9.078475,7.387538,7.885451,6.961845,8.995033,7.381356,8.986033,7.538760
COMBO_025_R25,3.560769,5.695145,6.859772,7.335497,9.442447,6.288265,4.932122,6.890733,9.400915,3.131365,9.128793,9.355696,9.218322,7.624224,9.182497,9.447603,3.414401,4.528536,3.325790,9.427438,8.922679,3.639151,3.515273,4.270309,4.701717,9.741598,3.879020,3.525097,3.153149,4.739982,0.671433,4.846241,8.778511,3.235238,9.808189,8.957965,8.311032,1.740526,0.843721,3.672892,1.011572,1.101838,1.848291,1.923179,1.461316,2.997913,2.998374,2.280749,3.395210,1.975267,2.086235,3.178114,0.779457,3.421187,0.000000,2.251617,4.078582,3.007398,9.428382,4.152845,10.642645,10.495650,9.157075,10.614247,10.539945,9.491727,9.853746,10.438428,9.793557,9.996530,10.643938,10.441307,9.759904,9.839899,9.730757,10.859360,9.549873,9.441551,8.532682,10.082580,9.406875,10.367211,10.441052,10.184906,10.774304,10.058315,9.614514,10.788156,9.420562,10.464088,6.564721,7.020168,6.443502,6.695360,7.450417,7.459954,7.749695,7.486791,7.118267,10.264618,7.212212,6.589005,8.757495,7.219009,7.930647,10.288751,6.507777,7.096242,7.622851,7.427170,7.286142,7.433623,6.916512,7.126509,7.407715,7.205369,7.197932,7.669925,8.404723,10.715910,8.803937,8.335422,9.498147,6.799403,8.752944,8.544700,7.908572,8.335967,6.924939,8.024291,7.724090,7.068411,8.336463,6.959526,8.894585,7.170782,8.826077,8.033080,6.907199,8.277099,7.012563,8.546442,8.795339,7.238042,8.211093,7.633411,9.437980,7.260466,8.666685,7.378624
COMBO_025_R26,3.634872,5.748399,6.642538,7.706733,9.996537,5.968228,5.667099,6.666916,9.940309,3.562433,9.649486,9.872104,9.427420,8.016386,9.712303,10.003568,3.696791,5.305930,3.293963,9.965273,9.218989,3.445950,3.496918,4.925898,5.672773,10.351931,4.306264,3.684806,3.498605,5.315548,2.026862,4.824382,8.305267,3.900578,10.112199,8.246154,7.784070,1.427870,2.002269,3.437980,2.308505,2.143122,2.307274,1.454004,2.561051,3.546478,3.648351,1.647799,3.242698,1.440794,2.582591,3.694463,1.940741,3.533817,2.251617,0.000000,3.957167,3.591850,9.651309,3.808939,11.162880,10.988535,10.263876,11.106512,11.032612,10.626739,10.186714,10.932148,10.353450,10.561139,11.172809,10.938517,10.123595,10.225201,10.062438,11.412864,9.976558,9.862917,9.507394,10.651917,9.810407,10.825699,10.919727,10.781521,11.318790,10.574737,10.006772,11.327427,9.713314,10.948372,7.803928,7.983703,7.582791,7.902148,8.496102,8.388107,8.656161,8.694789,8.278082,10.694877,7.191099,7.862521,9.168179,8.332130,8.822905,11.159878,7.785628,8.043982,8.511647,8.528240,8.146636,8.549111,7.835860,7.945471,8.323806,8.361654,8.236148,8.550505,9.292342,11.094385,9.299724,8.982704,9.904603,6.248485,9.385033,8.150876,8.558978,7.490567,6.592860,8.616411,8.223915,6.510352,7.660008,6.556372,9.185711,6.494221,9.137057,8.415603,6.453611,8.844877,6.448715,8.159352,9.139984,6.698258,8.776891,8.059094,9.845058,6.581781,8.972514,6.747422
COMBO_025_R27,3.946248,7.101736,7.403688,8.321896,9.746025,7.263831,5.027219,7.322775,9.674217,4.770290,9.190361,9.608188,10.313574,8.527079,9.304270,9.857718,4.374230,4.779370,4.493211,9.759709,10.139096,3.730113,4.347250,4.853046,5.761478,9.286917,4.317340,4.306339,4.084784,4.742258,3.646430,4.699727,8.405948,4.223382,7.639214,8.154961,8.589665,3.590047,3.673451,5.238634,4.363905,3.187661,2.723629,3.387417,2.825375,5.077113,5.122805,3.722424,4.934814,3.945546,2.831541,4.537965,4.105616,4.355105,4.078582,3.957167,0.000000,1.721657,7.297870,5.410327,12.025251,11.897993,10.232610,12.043726,12.012986,10.705057,11.796712,11.667308,8.776517,9.054576,11.981793,11.778792,11.999831,12.166916,11.979766,12.158264,11.563627,11.611709,9.458666,9.238087,11.583826,12.130232,11.764526,9.456705,12.125700,11.673685,11.478203,12.203334,11.498011,11.956815,9.394565,7.768307,7.599127,9.538403,10.278056,10.033201,10.302677,10.098248,9.858823,12.176530,9.924501,9.389610,9.440556,9.982743,10.406382,11.886444,9.340354,9.742998,10.186130,10.056354,9.993614,10.277556,9.641754,9.925154,9.989658,9.896618,8.113842,10.254669,10.925903,12.543885,7.837953,7.479569,8.748227,7.909724,7.903478,9.298441,7.063722,8.424495,8.091949,7.534658,6.341750,7.997727,8.599431,8.064586,10.172099,7.883793,10.197204,6.416665,7.440855,7.343309,8.067751,9.305895,10.305896,8.126807,7.719321,6.128209,8.609371,8.149070,9.981751,8.233729
COMBO_025_R28,3.537169,6.474330,7.021854,7.696062,9.327549,6.776921,4.639794,6.947411,9.267163,4.129624,8.810967,9.212791,9.931559,7.952439,8.924740,9.430174,3.851076,4.293324,3.980730,9.336568,9.609015,3.428829,3.877960,4.384133,4.884797,8.962150,3.854286,3.803271,3.558207,4.303416,2.599661,4.419344,8.447183,3.494415,7.693826,8.386387,8.497436,3.121705,2.640914,4.669685,3.403857,2.119377,1.774643,2.976149,1.642532,4.336222,4.360719,3.331095,4.557366,3.470034,1.881732,3.863242,3.117898,3.988998,3.007398,3.591850,1.721657,0.000000,7.346761,5.120192,11.461223,11.334538,9.573792,11.467217,11.444246,10.050165,11.194178,11.116244,8.645471,8.906357,11.421142,11.218938,11.345465,11.495656,11.312865,11.610696,10.905401,10.952069,8.725604,9.057886,10.916888,11.508286,11.224036,9.247409,11.566667,11.015937,10.783948,11.626557,10.903718,11.380895,8.475266,7.189044,6.904400,8.640019,9.394420,9.185087,9.483145,9.203434,8.972645,11.536404,9.274944,8.486240,9.032054,9.037157,9.603199,11.281399,8.426235,8.879660,9.366242,9.198857,9.179641,9.394403,8.792082,9.148299,9.141371,9.016194,7.480475,9.421872,10.084841,11.865454,7.697201,7.255488,8.623832,7.581746,7.691859,9.083466,6.788219,8.500932,7.631559,7.313233,6.138187,7.675733,8.513282,7.632290,9.572709,7.678072,9.578333,6.372291,7.239867,7.171004,7.740739,9.091244,9.656777,7.800750,7.505553,5.984588,8.479407,7.904797,9.372479,7.978692
COMBO_025_R29,8.016814,8.488596,7.272415,8.210005,9.817085,8.116411,8.491406,7.118421,9.748582,9.055609,9.278794,9.760539,11.596577,8.269597,9.401352,10.079943,8.632726,8.301284,8.618090,9.929570,11.133916,7.715282,8.269643,8.963524,7.945885,7.837483,8.244372,8.248552,8.717217,8.143416,9.093184,8.254909,9.276692,9.138991,1.225083,9.061124,9.323162,9.045486,9.024179,9.780119,9.878646,8.746749,8.423584,8.859885,8.583681,10.226591,10.281378,8.836556,9.889568,9.132540,8.015016,9.895236,9.373633,9.505415,9.428382,9.651309,7.297870,7.346761,0.000000,9.918344,11.788490,11.650682,10.499683,11.907907,11.857507,11.133142,11.853065,11.279895,6.782683,6.908062,11.684331,11.573098,13.099402,13.356033,12.963514,11.779145,12.308740,12.540510,9.424692,7.132523,12.495852,12.341995,11.551874,7.376633,11.829006,11.350473,11.365861,11.994785,12.388175,11.891591,12.694821,9.779383,10.262657,12.906709,13.074313,12.511506,12.797767,12.426501,12.595172,12.013851,13.114829,12.850150,10.533552,12.471143,12.681741,13.181130,12.656919,12.370342,12.668666,12.498488,12.919685,13.242719,12.703775,13.273438,12.478806,12.550110,9.956954,12.729311,12.444317,11.942286,6.982360,7.326561,7.754279,10.017640,7.466215,10.235234,7.254394,10.512433,9.444089,8.268848,6.457017,9.816803,9.855796,9.529073,10.067059,9.708371,10.216992,6.489333,10.003033,7.323158,10.071161,10.259593,10.448799,9.870065,8.237886,6.395069,7.506614,10.095470,10.084003,9.852813
COMBO_025_R30,5.471735,6.804388,7.255193,8.432961,10.713920,6.598386,7.057996,7.410934,10.708885,5.351093,10.397131,10.665052,10.337253,8.612784,10.456982,10.656201,5.577560,6.849303,5.042215,10.790408,10.010877,5.276639,5.435140,6.663381,6.525235,11.307044,5.990333,5.427496,5.347327,6.875780,4.023504,6.255319,7.752317,3.991520,10.580435,9.391513,8.069599,3.832626,4.048444,1.802113,4.032663,4.130257,4.156310,3.904490,4.438549,3.066024,3.366294,3.823330,3.061655,3.812997,4.273051,3.357731,4.007418,3.702904,4.152845,3.808939,5.410327,5.120192,9.918344,0.000000,10.918612,10.697236,10.433250,10.990008,10.765723,10.680600,9.941876,10.665056,10.964682,11.174252,10.998838,10.719031,9.908267,9.938807,9.738391,11.222628,9.733630,9.399782,10.020531,11.320845,9.359300,10.503552,10.694606,11.435817,11.098704,10.770158,9.810208,11.154220,9.456663,10.673347,8.361020,8.761191,8.388883,8.449148,9.263504,9.080174,9.206523,9.202376,8.795842,10.384712,7.030794,8.339395,10.333382,9.063299,9.322366,11.092798,8.337230,8.694496,9.144881,9.066029,8.819317,9.028900,8.533295,8.646929,8.984340,8.917191,8.954567,9.215400,10.157105,10.904348,9.734907,9.626050,10.363074,7.397362,10.049998,8.883649,9.280989,8.251178,7.743811,9.312387,9.181599,7.730552,8.798936,7.748389,9.854099,7.617561,9.793276,9.322727,7.288654,9.538951,7.612674,8.902687,9.749190,7.960067,9.423621,9.054845,10.271414,7.710562,9.683484,7.798322
COMBO_030_R01,10.460758,8.885894,8.848995,9.245852,6.633102,9.078852,9.718145,9.247782,6.685903,10.142081,7.090068,6.722653,5.627533,9.249546,6.880569,6.315067,10.181650,9.742715,10.368719,6.859544,5.376639,10.616151,10.258017,9.895144,9.304497,7.042538,10.084903,10.381723,10.549561,9.908257,10.864076,11.231468,8.254175,10.446661,11.768940,10.726431,7.759616,10.703798,10.809327,10.685173,10.867197,11.018720,11.336830,10.758151,11.106776,10.549244,10.429700,10.586496,10.171663,10.540318,11.021273,10.964512,10.674527,10.413649,10.642645,11.162880,12.025251,11.461223,11.788490,10.918612,0.000000,1.069607,8.099903,1.468436,1.080745,7.875130,4.320275,0.791316,8.881525,8.691431,1.026193,0.407669,4.354052,4.466678,4.222332,0.612801,3.837515,4.232042,8.463095,8.421584,4.243740,1.902172,0.990813,8.241772,0.312919,3.136760,3.679526,1.154354,4.433928,0.562751,8.659451,7.420594,8.042643,8.635078,7.655497,7.855847,7.945674,8.211383,8.304088,5.419387,7.408333,8.848886,6.412612,8.023072,8.013784,7.994220,8.676089,8.082446,7.912889,8.053454,8.067813,8.297998,8.240014,8.344424,7.972746,8.187899,7.363890,7.702962,7.190101,4.860323,7.985013,8.844771,7.095783,8.775801,8.795620,7.283942,9.119532,9.490339,8.371878,7.670049,10.475585,8.937189,9.300692,8.524532,6.703910,9.158448,6.697200,10.626665,10.009483,9.223026,8.768842,7.220816,6.614446,8.936326,7.414519,10.615527,7.309288,8.768067,6.718970,8.659040
COMBO_030_R02,10.378465,8.743196,8.670272,9.197510,7.060286,8.973157,9.732420,9.100154,7.112541,10.078678,7.408637,7.068926,5.839506,9.210654,7.279975,6.756381,10.111622,9.743371,10.272272,7.225588,5.618727,10.501736,10.160885,9.884117,9.257571,7.256991,10.024320,10.306593,10.498960,9.892083,10.703630,11.257026,8.088585,10.351191,11.675904,10.696857,7.698497,10.532531,10.648782,10.493298,10.692866,10.862709,11.166880,10.582497,10.966056,10.424075,10.312700,10.393405,10.059711,10.352932,10.844661,10.843246,10.507500,10.310657,10.495650,10.988535,11.897993,11.334538,11.650682,10.697236,1.069607,0.000000,8.287836,1.634758,1.085579,8.031996,4.164100,1.220399,9.078738,8.907250,1.280223,1.155796,4.362853,4.469819,4.190563,1.413289,3.889077,4.186986,8.449326,8.648902,4.192259,1.440361,0.722296,8.478867,1.195498,3.083083,3.585634,1.294188,4.396971,0.994593,8.736154,7.476940,8.068326,8.709566,7.754550,7.973823,8.010975,8.293794,8.359704,5.351499,7.301949,8.927129,6.780457,8.053082,8.058175,7.991110,8.759185,8.165354,7.985898,8.121796,8.135264,8.346140,8.317337,8.406593,8.048338,8.269556,7.411560,7.788602,7.293417,4.794985,8.067151,8.999823,7.249213,8.729380,8.977123,7.289476,9.251173,9.356756,8.349682,7.784634,10.580251,8.905080,9.292142,8.507547,6.707820,9.073667,6.697053,10.754174,10.000378,9.404384,8.735237,7.230742,6.600488,8.918937,7.532237,10.727219,7.407609,8.736945,6.733696,8.612670
COMBO_030_R03,7.962470,8.243843,8.735902,7.747769,6.273379,8.623832,6.773330,8.547011,6.247585,7.688996,6.357392,6.312159,8.893834,7.808411,6.255872,6.194311,7.538281,6.701945,8.420630,6.342566,9.279578,8.469777,7.940695,6.855238,6.226640,7.233470,7.239800,8.045461,8.049075,6.825078,9.498389,8.752949,11.770063,8.562572,10.171256,12.957578,11.205822,9.404372,9.467039,10.075005,9.770617,9.544981,9.994854,9.504047,9.439126,9.343777,9.128423,9.573570,8.792083,9.490799,9.602238,9.605757,9.514256,8.600436,9.157075,10.263876,10.232610,9.573792,10.499683,10.433250,8.099903,8.287836,0.000000,8.088876,8.289060,1.427034,8.491826,8.125806,6.665842,6.677434,8.088767,8.138194,8.930810,8.995064,8.935890,7.927489,8.614337,8.665982,3.784083,6.933452,8.678202,8.580347,8.166440,6.650041,8.019661,8.432295,8.493824,7.972829,8.723226,8.308723,6.520235,6.182815,5.915851,6.941752,7.352088,6.232208,6.721078,6.077171,6.320642,7.978973,10.540739,7.009048,7.385561,6.878348,6.668414,8.126698,6.614675,6.352268,6.521307,6.163117,6.969773,7.433440,6.708161,7.513025,6.300177,6.050215,5.728370,6.672545,6.807664,8.006040,7.607315,6.478656,8.117583,10.676118,6.526075,10.646603,6.412311,12.941230,9.588946,7.293316,7.457934,10.737101,11.734276,9.837898,8.734542,10.915904,8.597145,7.795923,10.539572,6.144198,10.755685,10.635442,8.408398,10.759902,7.399469,7.596088,8.133036,10.811993,8.671722,10.667996
COMBO_030_R04,10.402131,8.763919,8.716708,8.876448,6.230681,8.835797,9.753899,9.098213,6.305118,10.052407,6.689763,6.268564,5.233573,8.876016,6.543791,5.961545,10.125117,9.752375,10.287124,6.346246,5.137908,10.574634,10.186592,9.857188,9.354595,7.038225,10.071688,10.299629,10.456998,9.873696,10.845886,10.912126,8.260639,10.352363,11.860760,10.339121,7.532444,10.682634,10.786844,10.675991,10.857367,11.005735,11.342269,10.740772,11.096304,10.461944,10.335310,10.583523,10.089546,10.520334,11.052037,10.883538,10.642610,10.319291,10.614247,11.106512,12.043726,11.467217,11.907907,10.990008,1.468436,1.634758,8.088876,0.000000,1.551199,7.893948,4.374987,1.729993,8.674702,8.496526,1.225224,1.411676,4.123054,4.274253,4.067456,1.463546,3.514460,3.987883,8.402410,8.183847,3.989277,2.328353,1.172293,8.004237,1.491395,3.106434,3.761229,0.748600,4.145378,1.622499,8.471667,7.709370,8.273703,8.444611,7.339299,7.552970,7.665563,8.009962,8.065299,5.584521,7.191943,8.722230,5.989521,7.747494,7.740626,7.921960,8.518648,7.813833,7.603841,7.769082,7.778417,8.088435,7.959102,8.087816,7.656648,7.928325,7.681100,7.360986,6.772445,4.956805,8.067424,8.700215,7.162420,8.395367,8.597625,6.950741,8.979996,9.247835,7.878835,7.782646,10.271861,8.514966,8.879032,8.026707,6.170268,8.741424,6.165477,10.436677,9.536322,9.067844,8.362824,6.890408,6.103691,8.488809,7.536384,10.434967,7.355117,8.358333,6.170661,8.276381
COMBO_030_R05,10.401401,8.710229,8.645257,9.195536,6.963070,8.909561,9.762976,9.107664,7.015992,10.058602,7.319436,7.037230,5.634435,9.208691,7.206764,6.635078,10.127021,9.780230,10.252352,7.104376,5.410550,10.534865,10.173602,9.910785,9.273831,7.357906,10.058508,10.298631,10.494803,9.954803,10.754847,11.217906,8.142032,10.409703,11.880606,10.723104,7.647891,10.574399,10.692560,10.555337,10.756810,10.922506,11.240637,10.627838,11.047759,10.459565,10.348244,10.430174,10.087173,10.385887,10.914723,10.908535,10.541635,10.361307,10.539945,11.032612,12.012986,11.444246,11.857507,10.765723,1.080745,1.085579,8.289060,1.551199,0.000000,8.032951,4.031190,1.409215,9.101580,8.921978,0.784096,1.171409,4.169929,4.284439,4.000072,1.415905,3.688926,4.043070,8.541598,8.659176,4.033557,1.548819,1.111830,8.479632,1.220705,2.965432,3.387353,1.313678,4.216622,0.994202,8.699235,7.587819,8.179528,8.675679,7.677991,7.886089,7.989846,8.261781,8.331763,5.093797,7.175990,8.888524,6.590899,8.035309,8.053072,8.185908,8.710616,8.101113,7.948203,8.088521,8.084587,8.327007,8.265744,8.346601,8.006127,8.229152,7.527168,7.740010,7.194565,4.530161,8.216147,9.081471,7.301314,8.591369,9.050531,7.154337,9.330971,9.279226,8.228446,7.901256,10.651528,8.774151,9.159902,8.376016,6.705332,8.983195,6.688930,10.810645,9.918445,9.450770,8.592125,7.097856,6.589779,8.782468,7.657168,10.793584,7.563013,8.580466,6.725275,8.457855
COMBO_030_R06,8.460717,8.779380,9.301092,8.504990,6.465733,9.212286,7.084410,9.176128,6.451728,8.080547,6.502348,6.485036,8.772569,8.569381,6.491116,6.292372,7.989645,7.050952,8.856353,6.463205,9.244963,8.975897,8.440817,7.231800,6.644286,7.518091,7.677703,8.511230,8.461771,7.220050,9.862715,9.441093,11.842698,8.907280,10.826348,13.436195,11.453776,9.762665,9.842245,10.376732,10.063737,9.937323,10.409566,9.880940,9.838685,9.600085,9.377481,9.949839,9.140122,9.845516,10.029124,9.881074,9.866124,8.880123,9.491727,10.626739,10.705057,10.050165,11.133142,10.680600,7.875130,8.031996,1.427034,7.893948,8.032951,0.000000,8.338349,7.944630,7.185554,7.179623,7.853113,7.943623,8.691347,8.732531,8.709801,7.711810,8.481656,8.538413,4.366246,7.388419,8.561419,8.273213,7.933661,7.091687,7.789379,8.299741,8.382496,7.704369,8.593828,8.079894,6.481967,6.038330,5.793831,6.865860,7.271064,6.241567,6.721099,6.067025,6.344254,7.819790,10.514146,6.829745,7.418374,6.932518,6.697633,8.024375,6.493671,6.384026,6.559757,6.232720,6.950230,7.331237,6.722003,7.420254,6.386643,6.093042,5.537927,6.708912,6.937385,7.876932,7.850857,6.846142,8.358850,11.091088,6.915908,10.892917,6.811994,13.191612,10.109513,7.381031,8.061396,11.197929,12.182491,10.353335,9.149821,11.405849,9.009501,8.481911,11.107275,6.743298,11.175804,10.871756,8.807907,11.230133,7.481643,8.281072,8.341920,11.247655,9.082665,11.117887
COMBO_030_R07,9.520404,7.470416,7.322197,8.308339,7.971353,7.499012,9.507478,7.732403,8.028537,9.014960,8.411605,8.065567,6.217486,8.395424,8.245903,7.747725,9.283279,9.410524,9.135814,8.077670,6.006256,9.629513,9.194963,9.547000,8.588265,8.627007,9.385047,9.284967,9.606143,9.620130,10.095173,10.646483,8.774353,10.358339,12.015520,10.687780,6.985508,9.704524,10.000316,9.807227,10.124657,10.327802,10.707267,9.806664,10.620789,10.095289,10.068231,9.546304,9.531619,9.463519,10.376837,10.773024,9.791846,10.080575,9.853746,10.186714,11.796712,11.194178,11.853065,9.941876,4.320275,4.164100,8.491826,4.374987,4.031190,8.338349,0.000000,4.441331,10.143210,9.990754,4.416369,4.356023,2.886589,3.045131,2.597618,4.601715,3.127303,3.190212,8.879793,9.828997,3.084744,3.702260,4.293291,9.667836,4.462646,3.081493,1.957652,4.414236,2.439907,4.095111,8.471610,8.662204,8.988141,8.447566,7.517286,7.647013,7.811087,7.979960,7.994950,3.189053,6.611543,8.722422,7.626779,7.689491,7.811013,9.102793,8.434453,7.722386,7.634948,7.776051,7.739258,8.122012,7.922690,7.872636,7.653806,7.920889,8.494809,7.543023,6.677992,3.018761,9.039055,9.620344,8.583808,7.935010,9.675559,6.332617,9.745605,9.184471,7.573422,8.812070,10.821569,8.169541,8.814674,7.744645,6.141040,8.368381,6.061605,11.130942,9.221835,9.925383,7.984946,6.304922,5.901239,8.248299,8.663816,10.939104,8.719748,8.104383,6.196613,7.909729
COMBO_030_R08,10.227012,8.744627,8.590142,9.054498,6.443011,8.848768,9.508092,8.986781,6.497305,9.971517,6.864033,6.536109,5.618389,9.072573,6.653564,6.146767,9.977190,9.518363,10.163292,6.691492,5.309387,10.364356,10.045612,9.704058,9.127535,6.683960,9.858989,10.164352,10.342197,9.670240,10.631005,11.016023,7.777803,10.193324,11.265253,10.366671,7.423765,10.475311,10.577625,10.385726,10.651879,10.764397,11.045093,10.515766,10.829981,10.329551,10.220230,10.347939,9.951111,10.318895,10.734491,10.703637,10.463431,10.162836,10.438428,10.932148,11.667308,11.116244,11.279895,10.665056,0.791316,1.220399,8.125806,1.729993,1.409215,7.944630,4.441331,0.000000,8.573069,8.388316,1.233070,0.600389,4.533111,4.671603,4.395548,1.061340,4.021513,4.422682,8.372085,8.117909,4.426275,2.239796,1.172744,7.965402,0.905471,3.169035,3.736746,1.540142,4.541179,1.022954,8.761003,7.220550,7.892846,8.738240,7.828731,7.962820,8.047017,8.331178,8.423955,5.658780,7.415877,8.932497,6.319743,8.122337,8.105295,7.969937,8.773275,8.162167,8.017718,8.182456,8.176292,8.424163,8.323135,8.456977,8.064614,8.318220,7.202414,7.819511,7.385238,5.053294,7.581167,8.507601,6.696779,8.589910,8.464898,7.088761,8.773976,9.189385,8.183740,7.368837,10.098254,8.725132,9.052128,8.333351,6.521964,8.976835,6.534124,10.283554,9.786066,8.942569,8.572927,7.026467,6.484361,8.723454,7.096227,10.231330,6.898993,8.607145,6.539627,8.501593
COMBO_030_R09,7.997490,8.414628,8.020733,7.665345,4.756455,8.316617,7.063693,7.845699,4.597484,8.568652,4.150797,4.651516,8.251307,7.648694,4.277572,5.016807,8.160185,7.051263,8.728155,4.764768,8.425696,8.169593,8.219270,7.531236,7.288448,4.208060,7.650970,8.220992,8.371000,6.866156,9.779056,7.620340,9.187534,8.762852,6.133261,9.521107,9.145041,9.715286,9.712817,10.546547,10.417368,9.576774,9.646211,9.642254,9.365899,10.061866,9.930563,9.719229,9.634302,9.832130,9.243964,9.881871,9.939854,9.032689,9.793557,10.353450,8.776517,8.645471,6.782683,10.964682,8.881525,9.078738,6.665842,8.674702,9.101580,7.185554,10.143210,8.573069,0.000000,0.427038,8.655837,8.696776,10.746810,10.997702,10.741461,8.656467,9.985217,10.484009,6.726971,1.029636,10.474299,9.901079,8.696418,1.160599,8.827563,9.190108,9.680746,8.750112,10.297035,9.182618,10.019074,7.226158,7.918504,10.272618,10.204570,9.604259,10.082986,9.720945,9.936079,10.065071,11.727016,10.291404,6.144875,10.084918,10.081129,10.783584,10.042418,9.728613,9.929344,9.707272,10.245933,10.677271,10.025848,10.698329,9.754446,9.715990,7.403163,9.902887,9.592699,9.915366,4.684094,3.840145,4.934651,9.428232,3.544004,9.222719,4.136980,10.561574,8.652056,5.442476,4.545532,9.251180,9.359736,8.755598,8.696296,9.405326,8.805433,4.637418,9.436092,3.889981,9.411295,9.204312,9.007830,9.198458,5.382353,4.712465,4.909469,9.445708,8.641104,9.322434
COMBO_030_R10,8.213641,8.500024,8.079928,7.744420,4.647236,8.410812,7.253881,7.923217,4.485713,8.761259,4.097113,4.560321,8.125457,7.723383,4.194770,4.903097,8.365238,7.246623,8.922014,4.672701,8.294049,8.384330,8.419231,7.734512,7.443686,4.033836,7.858014,8.425003,8.589809,7.080339,9.990079,7.887313,9.219655,9.036773,6.252390,9.585944,9.123318,9.920691,9.921794,10.762959,10.616696,9.798671,9.877785,9.851307,9.600238,10.301417,10.170832,9.916765,9.864997,10.025980,9.467765,10.144521,10.137988,9.295957,9.996530,10.561139,9.054576,8.906357,6.908062,11.174252,8.691431,8.907250,6.677434,8.496526,8.921978,7.179623,9.990754,8.388316,0.427038,0.000000,8.465650,8.512006,10.619978,10.875588,10.616679,8.453833,9.853244,10.375701,6.803512,0.749312,10.366577,9.746253,8.522322,0.824351,8.631380,8.988751,9.519473,8.563786,10.179293,9.004643,10.085482,7.269409,8.004251,10.331234,10.207415,9.631396,10.104103,9.746539,9.977213,9.915411,11.751554,10.360313,6.048592,10.102225,10.098937,10.771261,10.107645,9.769823,9.950593,9.735642,10.277765,10.702734,10.075229,10.735785,9.784556,9.753966,7.435280,9.917622,9.549120,9.740465,4.702603,3.984239,4.851221,9.486514,3.666538,9.170579,4.318831,10.605001,8.704769,5.473510,4.814074,9.310203,9.394260,8.812434,8.629224,9.475210,8.743662,4.900708,9.576811,4.073903,9.465709,9.149669,8.949409,9.254349,5.392183,4.981611,4.853355,9.500751,8.583354,9.368229
COMBO_030_R11,10.422945,8.858898,8.775452,9.149890,6.453874,9.023210,9.675141,9.190770,6.521269,10.119643,6.855571,6.560106,5.449226,9.152747,6.725632,6.146783,10.149790,9.694433,10.343444,6.608444,5.251376,10.581698,10.224924,9.837450,9.286098,6.854178,10.044010,10.343893,10.515519,9.845405,10.859293,11.140477,8.196772,10.432891,11.641719,10.576225,7.662364,10.704076,10.801539,10.730440,10.880282,11.006027,11.319220,10.752017,11.087419,10.568589,10.445051,10.585141,10.209917,10.542770,11.002309,10.974196,10.672238,10.415632,10.643938,11.172809,11.981793,11.421142,11.684331,10.998838,1.026193,1.280223,8.088767,1.225224,0.784096,7.853113,4.416369,1.233070,8.655837,8.465650,0.000000,1.039534,4.473168,4.619616,4.392908,1.061638,3.896224,4.342598,8.392192,8.173652,4.345135,2.162932,1.028980,7.991901,1.018903,3.001316,3.727824,0.998445,4.490804,1.276531,8.715212,7.436107,8.068688,8.691378,7.671343,7.872032,7.995487,8.245944,8.346692,5.499479,7.524456,8.901756,6.207359,8.030084,8.058971,8.048303,8.721377,8.111825,7.948536,8.085477,8.116265,8.362448,8.284190,8.398910,8.001899,8.226453,7.392978,7.734806,7.159485,4.905880,7.871869,8.686948,6.903994,8.686402,8.616160,7.163963,8.970504,9.358995,8.252430,7.592853,10.318958,8.828677,9.155454,8.401280,6.527614,9.067882,6.528495,10.482927,9.877626,9.095335,8.671233,7.104253,6.461512,8.817128,7.335436,10.474711,7.174984,8.671794,6.542021,8.561031
COMBO_030_R12,10.259112,8.717179,8.665962,9.099712,6.427341,8.880835,9.539939,9.067348,6.478939,9.961107,6.870253,6.514582,5.403014,9.111822,6.661015,6.115806,9.994834,9.561954,10.168733,6.657627,5.107931,10.405967,10.064217,9.716219,9.154681,6.843933,9.898503,10.182615,10.347706,9.716951,10.649849,10.989489,7.911813,10.223923,11.559124,10.399159,7.445009,10.499583,10.593835,10.460028,10.664240,10.797328,11.102786,10.548239,10.882446,10.335213,10.219601,10.377980,9.971788,10.336980,10.794209,10.736474,10.464084,10.201134,10.441307,10.938517,11.778792,11.218938,11.573098,10.719031,0.407669,1.155796,8.138194,1.411676,1.171409,7.943623,4.356023,0.600389,8.696776,8.512006,1.039534,0.000000,4.330832,4.463450,4.200075,0.817392,3.776532,4.223433,8.448941,8.232256,4.227841,2.008183,0.940358,8.067870,0.618147,3.107399,3.650429,1.222759,4.388437,0.669988,8.617328,7.297280,7.943998,8.590074,7.617015,7.833707,7.935698,8.215906,8.292468,5.499816,7.228649,8.800936,6.187799,8.000138,8.016132,8.042653,8.634528,8.052093,7.900067,8.049283,8.037233,8.277784,8.194201,8.302972,7.952002,8.177327,7.274763,7.682777,7.198725,4.949578,7.757388,8.632658,6.849692,8.500135,8.585095,7.006504,8.904166,9.155324,8.129115,7.451126,10.237090,8.654459,8.993413,8.270802,6.552116,8.887179,6.557166,10.390410,9.740056,9.030341,8.486513,6.941609,6.497703,8.650615,7.189096,10.372604,7.065117,8.496327,6.557770,8.398078
COMBO_030_R13,9.980364,8.541311,8.723740,9.137043,7.668940,8.479892,9.786769,9.127553,7.769777,9.298142,8.232515,7.794587,5.426317,9.236055,8.022630,7.414137,9.603726,9.704397,9.570131,7.782968,5.375497,10.179256,9.686900,9.667983,9.245155,9.176004,9.762699,9.759157,9.845900,9.901330,10.082681,10.811025,8.630393,10.209425,13.248757,10.677966,7.211893,9.820928,10.034927,9.666566,9.894543,10.367709,10.807148,9.967545,10.592945,9.756586,9.699030,9.793750,9.362564,9.624268,10.626808,10.400894,9.778356,9.905399,9.759904,10.123595,11.999831,11.345465,13.099402,9.908267,4.354052,4.362853,8.930810,4.123054,4.169929,8.691347,2.886589,4.533111,10.746810,10.619978,4.473168,4.330832,0.000000,0.459745,0.836733,4.661737,1.806511,1.916327,9.732498,10.373927,1.880555,3.771200,4.370747,10.244871,4.509009,3.530471,3.000595,4.305909,1.325398,4.068860,7.352365,8.404016,8.651014,7.200672,6.200932,6.732069,6.730820,7.229583,7.060363,4.964165,5.161155,7.530365,6.966692,6.726962,6.876870,8.293189,7.358377,6.837422,6.623271,6.936727,6.522696,6.809382,6.751582,6.478640,6.716845,7.021820,8.338591,6.437440,6.301808,4.807059,9.614137,9.963129,9.070991,8.015645,10.013508,6.545459,10.079777,9.104931,7.769736,9.049029,11.245243,8.297443,9.010161,7.904785,6.473650,8.608932,6.385860,11.535819,9.263695,10.330588,8.040973,6.484498,6.241195,8.355758,8.910133,11.349384,9.242760,8.205248,6.412192,8.198421
COMBO_030_R14,10.145143,8.691619,8.923141,9.265133,7.935541,8.648213,9.967419,9.320822,8.033315,9.431931,8.499876,8.062988,5.767376,9.363110,8.281870,7.669030,9.752594,9.878850,9.721448,8.057124,5.723061,10.348742,9.843601,9.825967,9.402258,9.485064,9.924932,9.921807,9.998452,10.086502,10.175457,10.994075,8.857067,10.273714,13.515691,10.968045,7.536237,9.925684,10.132438,9.698752,9.953460,10.474118,10.924437,10.079797,10.704142,9.776812,9.717250,9.908698,9.399410,9.726014,10.750552,10.435471,9.863755,9.960900,9.839899,10.225201,12.166916,11.495656,13.356033,9.938807,4.466678,4.469819,8.995064,4.274253,4.284439,8.732531,3.045131,4.671603,10.997702,10.875588,4.619616,4.463450,0.459745,0.000000,0.826478,4.785138,2.096958,1.990212,9.796663,10.640847,1.972948,3.803684,4.516945,10.509144,4.623176,3.829166,3.247397,4.440034,1.567993,4.159100,7.288197,8.531445,8.732890,7.133031,6.154592,6.670988,6.650160,7.154328,6.984315,5.076297,5.089030,7.460680,7.249581,6.680213,6.796887,8.200498,7.295218,6.771880,6.559448,6.865183,6.451096,6.705999,6.691301,6.408714,6.660600,6.952550,8.454995,6.375550,6.279376,4.933024,9.910540,10.232870,9.385887,8.209316,10.290295,6.893446,10.336199,9.362461,7.961264,9.315732,11.504529,8.502121,9.270876,8.104186,6.692627,8.828365,6.590732,11.809898,9.469033,10.591890,8.239942,6.834093,6.423013,8.564958,9.181502,11.607120,9.556569,8.419491,6.631000,8.420286
COMBO_030_R15,9.902101,8.259718,8.403054,8.983589,7.840701,8.207072,9.805880,8.828292,7.917574,9.242785,8.342721,7.936009,5.683509,9.095319,8.147853,7.564098,9.556864,9.725782,9.456995,7.959911,5.578886,10.064609,9.588564,9.710801,9.130845,9.271473,9.724925,9.669359,9.812517,9.927387,10.028401,10.779231,8.447322,10.110998,13.148902,10.754137,7.207055,9.757162,9.967072,9.506925,9.880358,10.311673,10.733786,9.893083,10.573252,9.661993,9.615265,9.681110,9.253399,9.530310,10.517440,10.324952,9.709412,9.817398,9.730757,10.062438,11.979766,11.312865,12.963514,9.738391,4.222332,4.190563,8.935890,4.067456,4.000072,8.709801,2.597618,4.395548,10.741461,10.616679,4.392908,4.200075,0.836733,0.826478,0.000000,4.594267,2.043009,2.075395,9.584415,10.399233,1.990858,3.446649,4.237097,10.265615,4.413371,3.623591,2.795428,4.232236,1.556606,3.886208,7.581061,8.498028,8.759730,7.473577,6.546610,6.913592,6.961347,7.433314,7.287239,4.567638,5.046820,7.782830,7.199614,7.000520,7.095414,8.550129,7.597389,7.007498,6.857057,7.150727,6.775948,7.101224,6.983006,6.790220,6.926410,7.240295,8.424610,6.675224,6.485323,4.359172,9.635719,10.052395,9.099177,7.867399,10.117028,6.575721,10.144837,9.022739,7.650550,9.123603,11.275307,8.152731,8.905239,7.783486,6.620592,8.433576,6.529273,11.569691,9.250469,10.380706,7.892556,6.520758,6.372179,8.218101,8.979468,11.374612,9.265570,8.044015,6.579615,8.012467
COMBO_030_R16,10.615977,9.094970,9.034857,9.255635,6.425190,9.267992,9.801422,9.399279,6.488563,10.314960,6.933551,6.546532,5.707419,9.237762,6.702222,6.130625,10.335367,9.824980,10.571469,6.665167,5.512621,10.790967,10.427740,9.986683,9.435411,6.838669,10.216101,10.550431,10.707768,9.982594,11.088467,11.317796,8.563328,10.628763,11.709059,10.794726,7.977847,10.927565,11.038188,10.981198,11.099491,11.232342,11.555322,10.981589,11.291850,10.789188,10.659189,10.832078,10.396150,10.783201,11.240914,11.180258,10.915601,10.605290,10.859360,11.412864,12.158264,11.610696,11.779145,11.222628,0.612801,1.413289,7.927489,1.463546,1.415905,7.711810,4.601715,1.061340,8.656467,8.453833,1.061638,0.817392,4.661737,4.785138,4.594267,0.000000,4.084302,4.479477,8.366924,8.170411,4.506667,2.407629,1.243005,7.979158,0.339771,3.256144,3.990920,1.158026,4.697742,1.127099,8.712080,7.454317,8.082642,8.690690,7.682547,7.854302,7.947761,8.182948,8.316502,5.688483,7.810279,8.908773,6.311666,8.027821,7.998879,7.834435,8.724453,8.105091,7.912013,8.039457,8.111066,8.342256,8.290616,8.418356,7.976018,8.186742,7.389399,7.705602,7.124499,5.108491,7.934375,8.730076,7.017779,9.011474,8.645065,7.482543,9.036806,9.776837,8.513517,7.649704,10.411272,9.146259,9.481967,8.678050,6.641626,9.371154,6.641432,10.549256,10.150387,9.101807,8.999522,7.419165,6.567989,9.133527,7.390014,10.561237,7.240110,8.987584,6.661904,8.877266
COMBO_030_R17,9.689028,8.219838,8.322422,8.743071,7.003990,8.162393,9.444221,8.731600,7.141233,9.121032,7.570188,7.174000,4.914659,8.787468,7.397302,6.810955,9.375170,9.408089,9.337809,7.143536,4.570857,9.866369,9.428840,9.405495,8.810151,8.385466,9.498466,9.492427,9.596852,9.567114,9.841581,10.277459,8.133703,9.906425,12.456180,9.896335,6.528718,9.647770,9.791286,9.589696,9.740836,10.081600,10.498052,9.773592,10.272344,9.602117,9.542896,9.590739,9.257462,9.470438,10.297844,10.186296,9.577590,9.776026,9.549873,9.976558,11.563627,10.905401,12.308740,9.733630,3.837515,3.889077,8.614337,3.514460,3.688926,8.481656,3.127303,4.021513,9.985217,9.853244,3.896224,3.776532,1.806511,2.096958,2.043009,4.084302,0.000000,1.365856,9.449854,9.573780,1.305817,3.614425,3.770478,9.442219,3.976283,2.885237,2.465840,3.759247,1.816361,3.626624,7.454967,8.123312,8.442992,7.327744,6.314606,6.894404,6.932976,7.328306,7.203596,4.904841,5.501677,7.637236,6.376443,6.781166,7.069853,8.307537,7.456411,7.018676,6.811147,7.076202,6.768529,7.042587,6.961009,6.785624,6.879664,7.151398,8.068991,6.598528,6.370700,4.730992,8.813869,9.249320,8.191334,7.657510,9.265477,5.853171,9.435754,8.630109,7.287032,8.374251,10.567894,7.903525,8.468106,7.410940,5.808718,8.029469,5.765851,10.675859,8.710131,9.514210,7.681322,5.792258,5.665884,7.944009,8.222306,10.681197,8.364631,7.654078,5.745725,7.607898
COMBO_030_R18,9.817045,8.276257,8.374877,8.524410,7.746280,8.117172,9.765323,8.766288,7.890357,9.186761,8.314623,7.941733,5.987883,8.543595,8.121127,7.580069,9.485600,9.675332,9.419354,7.902938,5.677798,9.985694,9.520954,9.630919,9.036085,9.136055,9.676132,9.609503,9.717050,9.848559,9.759198,10.427727,8.596844,9.809539,12.739776,10.165181,6.979354,9.522937,9.726244,9.305189,9.556258,10.032837,10.466748,9.667268,10.228799,9.368020,9.315722,9.493284,8.980078,9.339293,10.298870,9.987921,9.482163,9.610217,9.441551,9.862917,11.611709,10.952069,12.540510,9.399782,4.232042,4.186986,8.665982,3.987883,4.043070,8.538413,3.190212,4.422682,10.484009,10.375701,4.342598,4.223433,1.916327,1.990212,2.075395,4.479477,1.365856,0.000000,9.400198,10.139792,0.250164,3.857902,4.228472,10.017514,4.364072,3.556220,2.892481,4.254205,1.649525,3.950993,7.171307,8.474495,8.624717,7.030109,6.072372,6.505276,6.448500,6.882803,6.768652,5.213525,5.211363,7.358402,7.202040,6.345432,6.521578,7.610601,7.166763,6.586914,6.352520,6.624056,6.346004,6.601023,6.597869,6.401041,6.445027,6.757693,8.391021,6.173747,5.991683,5.050095,9.505671,9.831474,8.979631,7.805076,9.861899,6.443226,9.977255,9.049808,7.280936,9.080557,11.032315,8.064002,8.802327,7.454565,5.671452,8.212398,5.581189,11.170075,8.795055,10.036565,7.852497,6.396960,5.402281,8.124867,8.943300,11.133645,9.131694,7.837240,5.621960,7.798197
COMBO_030_R19,7.328419,6.775237,7.268801,6.176228,7.452553,7.315185,6.738248,7.055768,7.373523,7.174804,7.289410,7.351089,9.746116,6.325407,7.299448,7.429857,7.046751,6.518488,7.675472,7.411828,9.866129,7.669119,7.172332,6.756921,5.889216,7.251331,6.846687,7.317630,7.580375,6.561099,8.744985,8.157578,11.560425,7.751256,9.110376,12.250379,10.983212,8.645469,8.663047,9.397945,9.149708,8.756136,9.088577,8.655651,8.714338,8.695513,8.476026,8.657251,8.203864,8.643259,8.631888,8.957175,8.718558,7.908412,8.532682,9.507394,9.458666,8.725604,9.424692,10.020531,8.463095,8.449326,3.784083,8.402410,8.541598,4.366246,8.879793,8.372085,6.726971,6.803512,8.392192,8.448941,9.732498,9.796663,9.584415,8.366924,9.449854,9.400198,0.000000,7.124778,9.365279,8.739743,8.406976,6.908064,8.424218,8.897961,8.901621,8.386483,9.339066,8.595820,7.700531,6.842778,6.516499,8.145885,8.288371,6.970175,7.580172,7.014820,7.285170,8.382959,10.479662,8.265139,8.325467,7.567995,7.457692,8.662975,7.803096,7.042139,7.362511,7.001931,7.861968,8.451841,7.619543,8.540424,7.077120,7.040997,6.474626,7.461734,6.950518,8.217573,7.713983,6.891801,8.258216,9.573267,6.950906,10.399095,6.651096,12.164218,8.424098,7.695574,7.176650,9.540512,10.637867,8.682840,8.156212,9.798284,8.004667,7.780059,9.600751,6.635886,9.635675,10.416164,7.802673,9.544574,7.762938,7.363848,8.164692,9.760009,8.137362,9.560662
COMBO_030_R20,8.448033,8.650637,8.234208,7.861161,4.349888,8.555233,7.477283,8.117816,4.196283,8.951536,3.840452,4.268581,7.741581,7.833286,3.935261,4.630269,8.580259,7.462931,9.120172,4.363707,7.889128,8.619465,8.640435,7.929680,7.690847,3.760366,8.095370,8.646282,8.788133,7.304484,10.087877,8.076989,9.042808,9.223386,6.494588,9.312101,8.879730,10.046115,10.026177,10.899279,10.672910,9.910918,10.002671,9.983893,9.707915,10.431361,10.299536,10.052960,10.035835,10.146289,9.618016,10.274314,10.226504,9.490434,10.082580,10.651917,9.238087,9.057886,7.132523,11.320845,8.421584,8.648902,6.933452,8.183847,8.659176,7.388419,9.828997,8.117909,1.029636,0.749312,8.173652,8.232256,10.373927,10.640847,10.399233,8.170411,9.573780,10.139792,7.124778,0.000000,10.135507,9.522473,8.243837,0.471998,8.356967,8.658267,9.285101,8.270147,9.958541,8.742670,10.024739,7.242504,8.034501,10.238883,10.011813,9.546393,9.991166,9.678513,9.907493,9.878714,11.585767,10.280506,5.653740,9.969802,9.997271,10.620437,10.042792,9.702679,9.847341,9.660539,10.165604,10.562321,9.987084,10.614080,9.699826,9.689648,7.439772,9.789040,9.397905,9.663158,4.741471,4.141088,4.723051,9.392452,3.787974,8.937659,4.535111,10.403648,8.604391,5.446819,5.098549,9.211748,9.241651,8.708711,8.384218,9.399244,8.517114,5.161128,9.573662,4.349643,9.361148,8.909170,8.746860,9.146258,5.337894,5.277300,4.748927,9.397866,8.332541,9.282766
COMBO_030_R21,9.743733,8.150970,8.245534,8.466772,7.741940,7.985778,9.716572,8.644066,7.883021,9.115669,8.295074,7.928053,5.953693,8.496298,8.112662,7.572891,9.418133,9.628501,9.331548,7.887696,5.621281,9.906485,9.440639,9.587413,8.958229,9.111612,9.614301,9.528107,9.651181,9.798840,9.717426,10.360581,8.534165,9.770909,12.699869,10.130677,6.886834,9.476637,9.677815,9.251295,9.533918,9.989785,10.419884,9.617174,10.198070,9.332310,9.283132,9.431105,8.938245,9.284068,10.243859,9.964458,9.433531,9.575893,9.406875,9.810407,11.583826,10.916888,12.495852,9.359300,4.243740,4.192259,8.678202,3.989277,4.033557,8.561419,3.084744,4.426275,10.474299,10.366577,4.345135,4.227841,1.880555,1.972948,1.990858,4.506667,1.305817,0.250164,9.365279,10.135507,0.000000,3.828485,4.226719,10.011709,4.384645,3.525221,2.766514,4.260328,1.568525,3.957153,7.242809,8.493810,8.647808,7.113427,6.161943,6.572506,6.541602,6.974946,6.851562,5.069898,5.165701,7.444009,7.200080,6.427211,6.617450,7.769348,7.244383,6.652352,6.433923,6.707254,6.425430,6.709515,6.663874,6.482361,6.513937,6.835967,8.407251,6.255028,6.045825,4.898826,9.459714,9.799168,8.935063,7.690986,9.832765,6.319641,9.936860,8.950364,7.184583,9.048994,10.979575,7.949659,8.689699,7.351883,5.641800,8.095529,5.549563,11.120267,8.690658,9.997389,7.736025,6.276538,5.368909,8.010311,8.912159,11.079746,9.085837,7.717404,5.595572,7.670105
COMBO_030_R22,10.370895,8.579759,8.680186,9.436255,7.694615,8.922970,9.849767,9.165458,7.722114,9.948921,8.001377,7.654485,5.929157,9.495919,7.897609,7.331015,10.064258,9.861793,10.137298,7.814259,5.752218,10.488714,10.099694,9.946943,9.247332,8.132979,10.047795,10.247959,10.449154,10.049868,10.596877,11.381620,8.274913,10.360522,12.440238,11.179775,7.922772,10.414885,10.530200,10.319614,10.553205,10.803534,11.145017,10.483272,10.988934,10.281797,10.178581,10.251810,9.930216,10.189744,10.815644,10.797894,10.341071,10.273145,10.367211,10.825699,12.130232,11.508286,12.341995,10.503552,1.902172,1.440361,8.580347,2.328353,1.548819,8.273213,3.702260,2.239796,9.901079,9.746253,2.162932,2.008183,3.771200,3.803684,3.446649,2.407629,3.614425,3.857902,8.739743,9.522473,3.828485,0.000000,1.756188,9.342519,2.120986,3.315863,3.293461,2.052949,4.021447,1.503181,8.547207,7.716174,8.213671,8.525533,7.571763,7.861427,7.912757,8.247616,8.232147,4.693617,6.616479,8.760966,7.182609,7.977533,8.003508,8.440456,8.593439,8.034504,7.882417,8.035412,7.945799,8.170709,8.129820,8.159684,7.942257,8.151118,7.617662,7.675853,7.252269,4.211631,8.764778,9.655221,8.021840,8.631760,9.689902,7.384009,9.836533,9.361120,8.410627,8.322230,11.146865,8.877391,9.401831,8.550455,7.211186,9.034647,7.160003,11.343898,10.111799,10.008837,8.653378,7.327814,7.007460,8.913961,8.107798,11.276455,8.193278,8.670185,7.221833,8.551256
COMBO_030_R23,10.219875,8.644736,8.585181,9.110250,6.552781,8.853335,9.519618,9.004906,6.605042,9.936512,6.903745,6.548220,5.354589,9.118785,6.783801,6.244330,9.963194,9.552434,10.130375,6.702723,5.177996,10.355516,10.019774,9.691917,9.119605,6.894610,9.864783,10.148257,10.325187,9.685222,10.644035,10.965203,7.855301,10.212906,11.545593,10.406178,7.428011,10.476173,10.583488,10.471215,10.673318,10.789899,11.093439,10.521856,10.887822,10.338915,10.222653,10.339972,9.974804,10.306580,10.772312,10.746486,10.452861,10.191029,10.441052,10.919727,11.764526,11.224036,11.551874,10.694606,0.990813,0.722296,8.166440,1.172293,1.111830,7.933661,4.293291,1.172744,8.696418,8.522322,1.028980,0.940358,4.370747,4.516945,4.237097,1.243005,3.770478,4.228472,8.406976,8.243837,4.226719,1.756188,0.000000,8.070623,1.105863,3.090917,3.658109,0.857198,4.391010,1.100003,8.695197,7.369150,8.005415,8.674162,7.698265,7.952933,8.036217,8.319473,8.364050,5.366290,7.273261,8.899659,6.281277,8.082949,8.110291,8.177202,8.726365,8.165346,7.992960,8.121476,8.128626,8.374077,8.288381,8.389574,8.044081,8.251945,7.334380,7.779098,7.280571,4.849550,7.717487,8.617003,6.839080,8.498958,8.570827,6.968685,8.894486,9.083447,8.149588,7.428260,10.237528,8.662348,8.982349,8.286927,6.611130,8.818976,6.614259,10.379911,9.707670,9.018670,8.492766,6.907064,6.549493,8.663167,7.170029,10.388729,7.011778,8.475485,6.620543,8.362052
COMBO_030_R24,8.512497,8.629303,8.245809,7.885952,4.232283,8.584015,7.478177,8.135866,4.074907,8.976637,3.742691,4.139343,7.657336,7.857587,3.847262,4.485755,8.615523,7.480198,9.169487,4.230952,7.838056,8.702184,8.686831,7.944220,7.643292,3.679958,8.129598,8.697727,8.848746,7.336640,10.208651,8.208461,9.209856,9.331619,6.738414,9.583477,9.001539,10.154492,10.142310,11.024168,10.792088,10.044194,10.159491,10.098545,9.856489,10.533044,10.393631,10.154844,10.119481,10.245129,9.757750,10.411796,10.332475,9.592765,10.184906,10.781521,9.456705,9.247409,7.376633,11.435817,8.241772,8.478867,6.650041,8.004237,8.479632,7.091687,9.667836,7.965402,1.160599,0.824351,7.991901,8.067870,10.244871,10.509144,10.265615,7.979158,9.442219,10.017514,6.908064,0.471998,10.011709,9.342519,8.070623,0.000000,8.169686,8.507184,9.138324,8.070748,9.843516,8.574947,9.949228,7.178279,7.965405,10.174079,9.929749,9.445171,9.904564,9.581728,9.819120,9.638256,11.585264,10.223571,5.587626,9.893276,9.909849,10.562473,9.972263,9.617361,9.753500,9.563084,10.085540,10.497437,9.910939,10.545803,9.605016,9.590088,7.335449,9.695369,9.270288,9.416141,4.754417,4.161364,4.713555,9.480219,3.800454,8.970611,4.565314,10.557982,8.671096,5.427132,5.231593,9.310939,9.368907,8.781711,8.372499,9.482454,8.493820,5.287719,9.672231,4.322916,9.450931,8.942616,8.702869,9.244991,5.320804,5.425405,4.749021,9.468758,8.327041,9.339452
COMBO_030_R25,10.570041,9.030031,8.991010,9.307244,6.583060,9.227181,9.776221,9.374277,6.641833,10.255224,7.064981,6.686975,5.701369,9.301573,6.846009,6.272384,10.284006,9.802294,10.501939,6.815376,5.479950,10.737835,10.373996,9.959068,9.389685,6.968927,10.173855,10.498133,10.658468,9.967671,11.002087,11.330374,8.459760,10.569305,11.783397,10.832831,7.927416,10.842975,10.950249,10.862585,11.004301,11.152736,11.474782,10.897942,11.225492,10.697198,10.571246,10.737288,10.314319,10.689223,11.159783,11.102866,10.820642,10.540458,10.774304,11.318790,12.125700,11.566667,11.829006,11.098704,0.312919,1.195498,8.019661,1.491395,1.220705,7.789379,4.462646,0.905471,8.827563,8.631380,1.018903,0.618147,4.509009,4.623176,4.413371,0.339771,3.976283,4.364072,8.424218,8.356967,4.384645,2.120986,1.105863,8.169686,0.000000,3.190388,3.842238,1.138517,4.578741,0.834765,8.690557,7.427547,8.048959,8.666277,7.676089,7.868344,7.954625,8.204129,8.316355,5.551584,7.635592,8.880873,6.411568,8.030691,8.014286,7.902109,8.704182,8.106444,7.921927,8.055965,8.097527,8.321490,8.274719,8.385582,7.985529,8.195130,7.359806,7.715374,7.176156,4.985075,7.986246,8.823385,7.088238,8.954212,8.759796,7.436078,9.112511,9.687357,8.508562,7.677061,10.487466,9.105879,9.459617,8.667948,6.717977,9.329608,6.711505,10.635613,10.134910,9.202473,8.946427,7.372957,6.627864,9.100129,7.420335,10.633072,7.305097,8.941926,6.735964,8.831340
COMBO_030_R26,9.885770,8.262918,8.078582,8.723580,6.751767,8.410572,9.402273,8.512848,6.835879,9.504464,7.246823,6.877311,4.883147,8.789494,7.092189,6.569530,9.625976,9.341204,9.695267,6.873596,4.470892,10.029746,9.647454,9.518420,8.785499,7.021648,9.592280,9.736498,9.956528,9.518723,10.291053,10.838034,8.406444,10.611678,11.380774,10.017145,6.815279,10.103051,10.228584,10.535351,10.307286,10.467005,10.819953,10.179227,10.602169,10.593120,10.515946,10.000080,10.213148,9.929658,10.521776,11.065011,10.079073,10.543812,10.058315,10.574737,11.673685,11.015937,11.350473,10.770158,3.136760,3.083083,8.432295,3.106434,2.965432,8.299741,3.081493,3.169035,9.190108,8.988751,3.001316,3.107399,3.530471,3.829166,3.623591,3.256144,2.885237,3.556220,8.897961,8.658267,3.525221,3.315863,3.090917,8.507184,3.190388,0.000000,2.081476,3.162782,3.463294,3.094298,8.393409,7.703993,8.276154,8.310803,7.199639,7.604331,7.677277,7.921443,7.997359,4.918863,7.285439,8.573790,6.161104,7.414274,7.720948,8.446236,8.361169,7.767578,7.555998,7.790336,7.687034,7.945858,7.887765,7.855924,7.616828,7.925039,7.618781,7.375558,6.681464,4.353481,8.100688,8.864039,7.355136,8.259909,8.840408,6.241076,9.092707,9.022069,7.741272,7.808720,10.272241,8.405269,8.793843,7.903182,5.650060,8.599715,5.669149,10.473816,9.570691,9.260989,8.264866,6.178157,5.629076,8.414665,7.605831,10.421810,7.555741,8.284299,5.673691,8.145729
COMBO_030_R27,9.428043,7.524022,7.366882,8.405301,7.398056,7.522165,9.307142,7.826715,7.468984,8.999623,7.776745,7.491197,5.529008,8.495847,7.676439,7.179074,9.206208,9.237680,9.097394,7.489648,4.957154,9.527084,9.141123,9.387894,8.332676,7.958318,9.272528,9.229446,9.516577,9.398192,9.835549,10.396295,8.080308,10.091396,11.545864,10.149111,6.431109,9.601395,9.753085,9.660717,9.877039,10.041894,10.402130,9.691184,10.281847,9.912527,9.879021,9.441864,9.489197,9.378969,10.081501,10.497342,9.575223,9.983571,9.614514,10.006772,11.478203,10.783948,11.365861,9.810208,3.679526,3.585634,8.493824,3.761229,3.387353,8.382496,1.957652,3.736746,9.680746,9.519473,3.727824,3.650429,3.000595,3.247397,2.795428,3.990920,2.465840,2.892481,8.901621,9.285101,2.766514,3.293461,3.658109,9.138324,3.842238,2.081476,0.000000,3.829537,2.741243,3.460460,8.335852,8.130192,8.569101,8.298020,7.364687,7.637702,7.757403,7.996603,7.981524,3.696669,6.505352,8.547904,6.904300,7.546230,7.797199,8.964197,8.323325,7.729984,7.615143,7.819171,7.697361,8.024141,7.848380,7.842021,7.632070,7.929715,8.013247,7.471194,6.868309,3.279049,8.472674,9.187783,7.934208,7.763648,9.236639,5.951819,9.337704,8.753043,7.348296,8.225290,10.408726,7.973396,8.527924,7.496397,5.872573,8.148924,5.844660,10.603685,9.085462,9.470483,7.797339,5.915970,5.738735,8.028951,8.059931,10.526666,8.074430,7.801723,5.903404,7.620226
COMBO_030_R28,10.533036,8.976786,8.967073,9.259195,6.370164,9.157176,9.754717,9.352425,6.434043,10.195070,6.792249,6.385076,5.366732,9.264300,6.662668,6.052594,10.240332,9.782532,10.452172,6.494132,5.310036,10.715321,10.332637,9.908099,9.361514,7.007288,10.142971,10.450254,10.601507,9.918799,11.023934,11.192623,8.428188,10.526583,11.937628,10.820486,7.892361,10.872226,10.965834,10.880253,11.042319,11.179656,11.517582,10.931379,11.265983,10.663272,10.531882,10.770617,10.301680,10.715093,11.203536,11.082904,10.829948,10.502169,10.788156,11.327427,12.203334,11.626557,11.994785,11.154220,1.154354,1.294188,7.972829,0.748600,1.313678,7.704369,4.414236,1.540142,8.750112,8.563786,0.998445,1.222759,4.305909,4.440034,4.232236,1.158026,3.759247,4.254205,8.386483,8.270147,4.260328,2.052949,0.857198,8.070748,1.138517,3.162782,3.829537,0.000000,4.413407,1.412153,8.591679,7.533204,8.134518,8.574454,7.535287,7.776224,7.877058,8.166779,8.228921,5.422968,7.517762,8.820744,6.173078,7.961290,7.955680,8.066878,8.633087,8.032166,7.826934,7.960801,7.993690,8.253879,8.161888,8.283439,7.882043,8.093872,7.468866,7.603148,7.068287,4.839671,7.995382,8.720803,7.114479,8.849639,8.639650,7.324426,9.009915,9.601343,8.400738,7.672635,10.393454,8.995157,9.353828,8.547976,6.689944,9.199198,6.678726,10.559591,9.982479,9.116219,8.832145,7.262773,6.599121,8.981176,7.426158,10.560899,7.303223,8.831296,6.695280,8.729786
COMBO_030_R29,9.501581,7.863135,7.929631,8.302669,7.558813,7.659867,9.486823,8.316659,7.674548,8.889862,8.114466,7.715207,5.623790,8.366307,7.909047,7.379581,9.189972,9.381514,9.092594,7.668653,5.437850,9.665508,9.196090,9.367618,8.882480,8.873529,9.371324,9.272954,9.426846,9.545151,9.711766,10.216656,8.375482,9.830924,12.547851,9.963606,6.511074,9.380848,9.651806,9.241938,9.581912,9.977202,10.387152,9.511981,10.215587,9.406525,9.366701,9.324065,8.925535,9.180718,10.197154,10.068133,9.407979,9.522553,9.420562,9.713314,11.498011,10.903718,12.388175,9.456663,4.433928,4.396971,8.723226,4.145378,4.216622,8.593828,2.439907,4.541179,10.297035,10.179293,4.490804,4.388437,1.325398,1.567993,1.556606,4.697742,1.816361,1.649525,9.339066,9.958541,1.568525,4.021447,4.391010,9.843516,4.578741,3.463294,2.741243,4.413407,0.000000,4.177473,7.479218,8.526160,8.743272,7.356227,6.367638,6.764726,6.805343,7.198140,7.054122,4.698954,5.235674,7.711726,7.017778,6.708142,6.876987,8.210379,7.476850,6.842995,6.651538,6.872562,6.635567,6.975935,6.857297,6.653338,6.714245,7.013183,8.459702,6.500833,6.065080,4.625449,9.220045,9.553490,8.703124,7.327522,9.586074,5.824963,9.681504,8.609559,7.008615,8.838366,10.745460,7.588292,8.278368,7.160287,5.574237,7.909749,5.486057,11.023734,8.432578,9.887968,7.364063,5.784156,5.350020,7.654701,8.693299,10.841540,8.855958,7.531421,5.537994,7.477421
COMBO_030_R30,10.390297,8.742200,8.731937,9.202179,6.931896,8.941249,9.752365,9.158677,6.979037,10.039654,7.362913,7.006713,5.666549,9.217372,7.164234,6.610020,10.109714,9.764113,10.245815,7.145867,5.377494,10.526696,10.165382,9.894805,9.289356,7.381509,10.049813,10.295288,10.470251,9.937682,10.685702,11.199881,8.116138,10.334924,11.921112,10.657492,7.630599,10.517348,10.630789,10.457681,10.660648,10.857845,11.179497,10.576224,10.972196,10.362901,10.251667,10.389936,9.993402,10.335583,10.871726,10.802065,10.476976,10.280415,10.464088,10.948372,11.956815,11.380895,11.891591,10.673347,0.562751,0.994593,8.308723,1.622499,0.994202,8.079894,4.095111,1.022954,9.182618,9.004643,1.276531,0.669988,4.068860,4.159100,3.886208,1.127099,3.626624,3.950993,8.595820,8.742670,3.957153,1.503181,1.100003,8.574947,0.834765,3.094298,3.460460,1.412153,4.177473,0.000000,8.557433,7.499153,8.083980,8.522852,7.536437,7.764590,7.836397,8.138692,8.205719,5.287637,6.999602,8.740775,6.580638,7.912542,7.910704,7.993267,8.575068,7.972419,7.810854,7.968736,7.933805,8.158751,8.118690,8.190750,7.876574,8.106009,7.450192,7.595949,7.114968,4.745335,8.232207,9.102307,7.373536,8.570438,9.078669,7.170924,9.347513,9.292564,8.214276,7.875011,10.664483,8.755918,9.166551,8.364790,6.690810,8.974470,6.675861,10.822270,9.915724,9.468453,8.570408,7.107726,6.579114,8.765979,7.628112,10.795621,7.579830,8.572575,6.702277,8.470516
COMBO_031_R01,7.795019,8.505321,9.640052,8.305262,7.941212,8.897549,7.399821,9.676350,7.977413,6.832061,8.195543,8.008967,8.160983,8.450170,8.030326,7.852399,7.134603,7.119831,7.746430,7.980749,8.415270,8.295103,7.647048,6.760664,7.188750,9.820704,7.329673,7.730772,7.307974,7.357534,7.161741,8.385687,11.117142,7.189357,12.734914,11.752799,10.386000,7.364722,7.261391,7.952833,6.686206,7.483662,8.166179,7.628608,7.418914,6.931909,6.704901,7.858469,6.929572,7.465267,8.183296,7.281579,7.054990,7.058760,6.564721,7.803928,9.394565,8.475266,12.694821,8.361020,8.659451,8.736154,6.520235,8.471667,8.699235,6.481967,8.471610,8.761003,10.019074,10.085482,8.715212,8.617328,7.352365,7.288197,7.581061,8.712080,7.454967,7.171307,7.700531,10.024739,7.242809,8.547207,8.695197,9.949228,8.690557,8.393409,8.335852,8.591679,7.479218,8.557433,0.000000,6.316992,5.494413,0.613491,2.378367,2.648160,2.583659,2.313857,1.569988,9.121538,6.844665,1.223271,7.338243,2.402742,2.998480,6.385835,0.888834,2.423491,2.578768,2.251816,2.136191,1.800207,1.747075,2.130511,2.490076,1.674154,6.213941,2.647223,4.703414,9.329568,10.096648,9.134219,10.378064,9.279064,9.318539,9.991101,8.963452,11.478777,8.537892,8.965315,9.735187,9.531411,10.918334,8.756989,8.356758,9.890466,8.192308,10.085854,9.684832,9.144288,9.410654,9.947132,7.991855,9.607825,9.086989,9.793295,10.444715,9.640524,8.121269,9.780871
COMBO_031_R02,6.806735,8.429284,8.962718,9.382348,5.940734,9.079439,4.931788,9.123926,5.861711,6.624189,5.636646,5.756580,6.588664,9.601726,5.667705,5.666756,6.317079,4.957250,7.282971,6.036493,6.970968,7.213281,6.938384,5.138381,5.695373,5.875393,5.850959,7.012013,6.703668,5.262955,7.271874,8.362678,8.662399,6.975052,9.630913,10.979060,9.350893,7.358395,7.309734,8.375507,7.351647,7.283583,7.613177,7.415490,7.016522,7.680764,7.454138,7.554071,7.483986,7.479009,7.362937,7.629038,7.385604,6.988727,7.020168,7.983703,7.768307,7.189044,9.779383,8.761191,7.420594,7.476940,6.182815,7.709370,7.587819,6.038330,8.662204,7.220550,7.226158,7.269409,7.436107,7.297280,8.404016,8.531445,8.498028,7.454317,8.123312,8.474495,6.842778,7.242504,8.493810,7.716174,7.369150,7.178279,7.427547,7.703993,8.130192,7.533204,8.526160,7.499153,6.316992,0.000000,1.508942,6.466487,6.806802,6.863017,7.027583,7.043647,6.919812,8.865887,8.666673,6.292951,5.559008,7.035342,7.266813,8.305084,6.335376,6.853094,7.017783,7.124661,6.886335,7.106071,6.607302,6.913320,6.933446,6.859052,0.795410,7.004643,8.062167,8.871098,5.937102,5.892903,6.340877,9.572992,6.226147,9.262336,5.790967,10.163698,9.261886,4.615313,7.076583,9.756815,10.454783,9.371362,9.166621,9.904332,9.134806,7.338260,10.069746,6.245679,9.649541,9.198860,9.087371,9.806914,4.730072,7.139074,6.402114,9.728399,8.994615,9.757173
COMBO_031_R03,6.536121,8.370523,9.123289,9.213085,6.638668,9.056675,4.772671,9.216077,6.597884,6.185026,6.414556,6.512441,7.397033,9.446602,6.429248,6.415773,5.930116,4.714718,6.992332,6.711046,7.731885,7.020013,6.641087,4.750424,5.462693,6.849527,5.551531,6.732362,6.330283,5.078261,6.780537,8.147167,9.477164,6.450715,10.142319,11.410678,9.911616,6.920710,6.844580,7.954596,6.748968,6.835841,7.247368,7.014544,6.539917,7.074229,6.815102,7.209539,6.924395,7.074090,7.056896,7.062971,6.894639,6.457310,6.443502,7.582791,7.599127,6.904400,10.262657,8.388883,8.042643,8.068326,5.915851,8.273703,8.179528,5.793831,8.988141,7.892846,7.918504,8.004251,8.068688,7.943998,8.651014,8.732890,8.759730,8.082642,8.442992,8.624717,6.516499,8.034501,8.647808,8.213671,8.005415,7.965405,8.048959,8.276154,8.569101,8.134518,8.743272,8.083980,5.494413,1.508942,0.000000,5.683504,6.279075,6.244158,6.411226,6.345496,6.179230,9.195332,8.570213,5.469297,6.335331,6.358690,6.653632,7.864139,5.507841,6.176686,6.397436,6.459668,6.240644,6.439208,5.902517,6.244753,6.284222,6.142117,1.376419,6.433943,7.666926,9.266643,6.795531,6.405508,7.335860,9.723369,6.756292,9.739603,6.204122,10.671491,9.319938,5.484092,7.333492,9.923631,10.820807,9.453145,9.225498,10.091116,9.148372,7.650654,9.987192,6.621304,9.821452,9.687112,9.042074,9.984188,5.649979,7.389196,7.363874,9.921353,9.035835,9.966301
COMBO_031_R04,8.056616,8.770029,9.878837,8.572954,8.053135,9.135364,7.656087,9.934487,8.104702,7.090379,8.351765,8.147487,8.071935,8.707215,8.169990,7.966473,7.399144,7.381197,7.988932,8.106969,8.308612,8.545761,7.913352,7.014967,7.524228,9.951833,7.600128,7.991719,7.547684,7.618931,7.296039,8.644761,11.082516,7.414314,12.956233,11.673270,10.299318,7.501514,7.406880,8.060788,6.754108,7.628552,8.307611,7.771187,7.554864,7.073556,6.856239,8.009050,7.108648,7.604146,8.360674,7.419709,7.186334,7.263015,6.695360,7.902148,9.538403,8.640019,12.906709,8.449148,8.635078,8.709566,6.941752,8.444611,8.675679,6.865860,8.447566,8.738240,10.272618,10.331234,8.691378,8.590074,7.200672,7.133031,7.473577,8.690690,7.327744,7.030109,8.145885,10.238883,7.113427,8.525533,8.674162,10.174079,8.666277,8.310803,8.298020,8.574454,7.356227,8.522852,0.613491,6.466487,5.683504,0.000000,2.124359,2.791874,2.592076,2.447609,1.714351,9.257779,6.699997,1.042971,7.359596,2.326131,3.032744,6.263167,0.910517,2.571681,2.629177,2.401954,2.077929,1.461085,1.800027,1.860033,2.619680,1.887700,6.394957,2.665038,4.761180,9.468907,10.250730,9.343564,10.486718,9.333162,9.521983,9.935611,9.196059,11.410134,8.637254,9.085890,9.992797,9.596402,10.948003,8.851592,8.328079,9.969292,8.170673,10.337653,9.756111,9.408792,9.463623,9.886561,7.980438,9.673097,9.196974,10.053461,10.560956,9.703374,8.084456,9.863273
COMBO_031_R05,8.670547,8.677891,9.697733,8.293833,7.649833,9.023724,8.319573,9.819320,7.716104,7.712989,8.104674,7.772818,7.208969,8.406049,7.876334,7.573927,8.071741,8.033719,8.515140,7.694384,7.411416,9.107761,8.456646,7.731617,8.116786,9.515612,8.291564,8.539550,8.218756,8.253657,8.010744,9.074739,10.906227,8.249034,13.083973,11.089804,9.693558,8.140237,8.086207,8.815484,7.515745,8.352844,9.014011,8.382384,8.341483,7.911773,7.701810,8.556829,7.886110,8.164670,9.032666,8.322105,7.826099,8.105448,7.450417,8.496102,10.278056,9.394420,13.074313,9.263504,7.655497,7.754550,7.352088,7.339299,7.677991,7.271064,7.517286,7.828731,10.204570,10.207415,7.671343,7.617015,6.200932,6.154592,6.546610,7.682547,6.314606,6.072372,8.288371,10.011813,6.161943,7.571763,7.698265,9.929749,7.676089,7.199639,7.364687,7.535287,6.367638,7.536437,2.378367,6.806802,6.279075,2.124359,0.000000,2.625093,2.455346,2.662509,2.228194,8.598770,6.153867,2.722712,6.735239,1.964888,2.879138,5.985318,2.480472,2.671935,2.434765,2.403592,2.071328,1.715829,2.223250,2.099962,2.540237,2.257005,6.758492,2.210791,3.453660,8.666880,10.252920,9.520201,10.232290,8.785006,9.610790,9.149137,9.477582,10.847824,8.000965,9.147350,10.344266,9.019962,10.279064,8.225222,7.266088,9.453326,7.119510,10.679499,9.508463,9.686439,8.882026,9.092091,6.938588,9.068175,9.196291,10.440293,10.348286,9.130322,7.027893,9.284516
COMBO_031_R06,8.233262,8.207341,8.975888,7.216688,7.448361,8.293103,8.094834,8.977964,7.493465,7.293131,7.844847,7.616402,7.967862,7.353719,7.627409,7.408638,7.638884,7.735774,8.094165,7.490835,8.301988,8.677416,7.973077,7.484913,7.704361,9.445245,7.892856,8.087084,7.871107,7.946943,7.994943,8.729631,11.166229,7.897256,12.500454,11.296562,10.098948,7.901400,8.053762,8.554786,7.612911,8.299980,8.932426,8.126713,8.264498,7.736489,7.519841,8.284976,7.412624,7.919822,8.894119,8.118498,7.839962,7.586852,7.459954,8.388107,10.033201,9.185087,12.511506,9.080174,7.855847,7.973823,6.232208,7.552970,7.886089,6.241567,7.647013,7.962820,9.604259,9.631396,7.872032,7.833707,6.732069,6.670988,6.913592,7.854302,6.894404,6.505276,6.970175,9.546393,6.572506,7.861427,7.952933,9.445171,7.868344,7.604331,7.637702,7.776224,6.764726,7.764590,2.648160,6.863017,6.244158,2.791874,2.625093,0.000000,1.294422,1.767544,1.950209,8.638391,6.779471,3.099445,6.959548,2.027817,1.539048,5.385409,2.647725,0.569077,1.061920,1.774844,1.433102,2.502531,1.492766,2.340625,0.938448,1.800028,6.737097,1.091186,3.060202,8.465807,10.205367,9.234305,10.310476,8.806863,9.307970,9.560384,9.099675,11.380903,7.533266,9.355613,9.794096,8.938274,10.357026,7.825219,6.992872,9.344048,6.803327,10.215620,9.442201,9.206810,8.876478,9.516387,6.563382,8.971792,9.417399,9.916933,10.399984,9.032125,6.798809,9.155431
COMBO_031_R07,8.754322,8.816763,9.484928,7.772282,7.922907,8.839733,8.608307,9.545341,7.975798,7.850988,8.336954,8.033434,8.214216,7.889543,8.098583,7.881960,8.161391,8.250964,8.633033,7.992596,8.577728,9.176802,8.512363,7.985801,8.263523,9.837185,8.401854,8.642762,8.405623,8.460180,8.286468,9.271188,11.286722,8.289693,12.819027,11.531431,10.323620,8.208772,8.372040,8.751919,7.797771,8.602369,9.223018,8.442562,8.536092,8.042639,7.836263,8.618867,7.699057,8.236986,9.219142,8.375869,8.150602,7.952599,7.749695,8.656161,10.302677,9.483145,12.797767,9.206523,7.945674,8.010975,6.721078,7.665563,7.989846,6.721099,7.811087,8.047017,10.082986,10.104103,7.995487,7.935698,6.730820,6.650160,6.961347,7.947761,6.932976,6.448500,7.580172,9.991166,6.541602,7.912757,8.036217,9.904564,7.954625,7.677277,7.757403,7.877058,6.805343,7.836397,2.583659,7.027583,6.411226,2.592076,2.455346,1.294422,0.000000,1.906048,1.735640,8.975240,6.824080,3.085574,7.371116,1.713629,0.619456,4.743346,2.778985,1.261312,0.511687,1.672868,0.996381,1.916144,1.368019,2.023150,0.834663,1.791190,6.923940,0.660476,3.489917,8.784143,10.611067,9.742106,10.693858,9.294403,9.820975,9.934672,9.634817,11.641827,8.052642,9.732222,10.366280,9.444818,10.826247,8.350348,7.280408,9.817033,7.100790,10.731962,9.940913,9.727206,9.372424,9.887656,6.860780,9.488425,9.779679,10.447850,10.778063,9.525450,7.091559,9.659152
COMBO_031_R08,8.475706,8.459634,9.377120,7.378151,7.994606,8.739594,8.246257,9.345939,8.047801,7.604684,8.385733,8.184137,8.637086,7.443591,8.159597,7.980007,7.910876,7.894352,8.439938,8.067989,8.803643,8.920266,8.265797,7.681075,7.780281,9.680844,8.098310,8.384921,8.148746,8.128182,8.040914,9.004119,11.666410,8.077825,12.414227,11.755823,10.578769,8.122866,8.121730,8.790456,7.621446,8.343187,8.985514,8.361189,8.284689,7.912535,7.703007,8.557216,7.769483,8.186733,8.941020,8.271488,7.921781,7.929075,7.486791,8.694789,10.098248,9.203434,12.426501,9.202376,8.211383,8.293794,6.077171,8.009962,8.261781,6.067025,7.979960,8.331178,9.720945,9.746539,8.245944,8.215906,7.229583,7.154328,7.433314,8.182948,7.328306,6.882803,7.014820,9.678513,6.974946,8.247616,8.319473,9.581728,8.204129,7.921443,7.996603,8.166779,7.198140,8.138692,2.313857,7.043647,6.345496,2.447609,2.662509,1.767544,1.906048,0.000000,1.180002,8.865506,7.467977,2.715592,7.641388,1.707499,1.916550,5.210820,2.216158,1.682897,1.871288,1.097889,2.231561,2.035036,2.277538,2.902329,1.827301,1.151199,6.868544,2.037599,3.163920,8.895879,10.358095,9.389878,10.543540,9.374930,9.477423,10.114630,9.283890,11.976038,8.228223,9.519360,10.015060,9.545521,10.960061,8.539088,7.381317,9.994653,7.200484,10.450515,9.941588,9.424508,9.491849,10.074620,6.967465,9.604458,9.586991,10.133650,10.614260,9.743365,7.200565,9.822362
COMBO_031_R09,8.209189,8.342517,9.352362,7.600484,8.078372,8.635720,8.004143,9.373198,8.120809,7.292851,8.419330,8.167853,8.415840,7.692197,8.214172,8.035397,7.605284,7.671565,8.139070,8.115421,8.632730,8.665547,7.995814,7.376138,7.622883,9.814624,7.829131,8.119294,7.837582,7.894455,7.687997,8.714369,11.417301,7.743795,12.613412,11.673236,10.378460,7.778878,7.769913,8.378737,7.232928,8.010640,8.667453,8.027578,7.974489,7.495449,7.283173,8.224265,7.330591,7.840284,8.649155,7.885953,7.549073,7.568197,7.118267,8.278082,9.858823,8.972645,12.595172,8.795842,8.304088,8.359704,6.320642,8.065299,8.331763,6.344254,7.994950,8.423955,9.936079,9.977213,8.346692,8.292468,7.060363,6.984315,7.287239,8.316502,7.203596,6.768652,7.285170,9.907493,6.851562,8.232147,8.364050,9.819120,8.316355,7.997359,7.981524,8.228921,7.054122,8.205719,1.569988,6.919812,6.179230,1.714351,2.228194,1.950209,1.735640,1.180002,0.000000,8.809029,6.995208,2.339763,7.590130,1.572555,1.923139,5.539466,1.843041,1.770649,1.685893,0.770400,1.749168,1.495240,1.698047,2.307881,1.619484,0.443557,6.774137,1.832468,3.543682,8.923987,10.343431,9.405889,10.543378,9.156400,9.524314,9.929221,9.280001,11.654907,8.168673,9.412637,10.016876,9.366762,10.788826,8.448194,7.583474,9.797911,7.397783,10.408491,9.653057,9.413184,9.283224,9.893180,7.163994,9.435810,9.493476,10.085996,10.611018,9.544325,7.381866,9.643987
COMBO_031_R10,9.428741,7.090782,7.289816,8.762166,8.425773,7.563706,9.241803,7.721560,8.412538,8.982986,8.610638,8.364808,7.024968,8.864038,8.596493,8.115433,9.221149,9.279239,9.063614,8.414318,6.839615,9.535905,9.103157,9.465871,8.015081,8.836744,9.250855,9.177355,9.596742,9.478789,10.472618,10.585360,9.554157,10.529317,12.151392,12.038265,8.231683,10.155013,10.324092,10.340284,10.735122,10.668841,11.043221,10.232645,11.050686,10.482087,10.439925,9.895513,9.948674,9.893457,10.562363,11.215961,10.155012,10.417496,10.264618,10.694877,12.176530,11.536404,12.013851,10.384712,5.419387,5.351499,7.978973,5.584521,5.093797,7.819790,3.189053,5.658780,10.065071,9.915411,5.499479,5.499816,4.964165,5.076297,4.567638,5.688483,4.904841,5.213525,8.382959,9.878714,5.069898,4.693617,5.366290,9.638256,5.551584,4.918863,3.696669,5.422968,4.698954,5.287637,9.121538,8.865887,9.195332,9.257779,8.598770,8.638391,8.975240,8.865506,8.809029,0.000000,7.839182,9.520027,8.245419,8.824034,9.011596,10.814395,9.176741,8.733152,8.753954,8.628481,8.860008,9.239175,8.906651,9.045005,8.679455,8.672298,8.576662,8.685266,7.782292,1.816493,8.894100,9.526942,8.579773,8.517796,9.628854,7.267637,9.619747,10.036074,8.430064,8.721586,10.747430,8.804561,9.455449,8.547182,7.924137,8.897866,7.822767,10.978322,9.769900,9.660706,8.606146,7.272524,7.633270,8.898038,8.620656,10.858446,8.700126,8.659900,7.979159,8.339066
COMBO_031_R11,8.579534,7.615536,8.309158,8.755117,9.290221,7.593136,9.213639,8.753431,9.322260,7.779033,9.489988,9.299882,7.075443,8.939522,9.369663,9.091468,8.263719,9.044281,7.871135,9.360961,6.832379,8.635608,8.235848,8.757276,8.795171,10.817794,8.714738,8.302012,8.253785,9.218258,7.470325,9.011312,7.628272,7.694777,13.497313,9.309511,7.021266,7.327982,7.444964,6.702676,7.062880,7.839513,8.237359,7.478462,8.185003,6.724402,6.714634,7.306377,6.659745,7.064197,8.270701,7.385094,7.072870,7.366194,7.212212,7.191099,9.924501,9.274944,13.114829,7.030794,7.408333,7.301949,10.540739,7.191943,7.175990,10.514146,6.611543,7.415877,11.727016,11.751554,7.524456,7.228649,5.161155,5.089030,5.046820,7.810279,5.501677,5.211363,10.479662,11.585767,5.165701,6.616479,7.273261,11.585264,7.635592,7.285439,6.505352,7.517762,5.235674,6.999602,6.844665,8.666673,8.570213,6.699997,6.153867,6.779471,6.824080,7.467977,6.995208,7.839182,0.000000,6.954909,8.103856,6.819804,7.121069,9.241667,6.906562,6.664913,6.791757,7.074395,6.306694,6.579819,6.365807,6.072277,6.801402,7.056894,8.838064,6.560432,7.136862,7.979878,10.612163,10.755597,10.313295,5.989005,10.949644,6.771006,10.655114,7.157052,6.375192,9.817857,11.288985,6.424187,7.552975,6.383409,7.661641,6.705973,7.569178,11.523079,7.574384,10.964017,6.065960,6.726605,7.465007,6.556552,9.766727,11.291839,10.447491,6.296348,7.470327,6.544915
COMBO_031_R12,8.018528,8.968459,10.076043,8.847227,8.135566,9.348221,7.548890,10.098002,8.193056,7.068611,8.374370,8.274469,8.266083,8.984328,8.237129,8.036424,7.364406,7.280692,7.990566,8.184676,8.468855,8.515395,7.915440,6.946526,7.458309,10.024465,7.534643,7.981307,7.486641,7.552807,7.196150,8.726032,11.076878,7.277429,12.910773,11.813264,10.465333,7.439455,7.324842,7.992738,6.628743,7.518157,8.196040,7.715650,7.407216,6.945104,6.728156,7.976360,7.077974,7.571006,8.263828,7.239058,7.124449,7.133373,6.589005,7.862521,9.389610,8.486240,12.850150,8.339395,8.848886,8.927129,7.009048,8.722230,8.888524,6.829745,8.722422,8.932497,10.291404,10.360313,8.901756,8.800936,7.530365,7.460680,7.782830,8.908773,7.637236,7.358402,8.265139,10.280506,7.444009,8.760966,8.899659,10.223571,8.880873,8.573790,8.547904,8.820744,7.711726,8.740775,1.223271,6.292951,5.469297,1.042971,2.722712,3.099445,3.085574,2.715592,2.339763,9.520027,6.954909,0.000000,7.460763,2.868926,3.495003,6.413061,0.697871,2.863398,3.161306,3.004360,2.637193,2.044333,2.338841,2.351795,3.152355,2.505460,6.225885,3.226117,5.230620,9.743735,10.218249,9.284661,10.521561,9.596921,9.488637,10.169723,9.124720,11.580426,8.922690,9.025458,9.928562,9.865175,11.206486,9.132162,8.655960,10.236591,8.508684,10.297207,10.011086,9.392960,9.731320,10.115018,8.330293,9.948771,9.150612,10.020553,10.582393,9.958185,8.409397,10.123549
COMBO_031_R13,7.969101,8.336111,8.533967,8.663906,2.653351,8.412036,6.838584,8.684115,2.574626,7.774944,2.809466,2.613111,3.084549,8.799546,2.756587,2.517140,7.696685,6.858234,8.184960,2.519142,3.895622,8.296580,7.984008,6.943681,7.413264,4.929663,7.493884,7.984289,7.839636,6.878327,8.969011,8.083617,7.839931,8.665923,10.279100,8.647462,7.155344,8.844189,8.931793,9.858641,9.192793,9.002524,9.341979,8.893734,8.910021,9.238357,9.069946,8.948446,8.892418,8.869550,9.139661,9.340683,8.932137,8.613696,8.757495,9.168179,9.440556,9.032054,10.533552,10.333382,6.412612,6.780457,7.385561,5.989521,6.590899,7.418374,7.626779,6.319743,6.144875,6.048592,6.207359,6.187799,6.966692,7.249581,7.199614,6.311666,6.376443,7.202040,8.325467,5.653740,7.200080,7.182609,6.281277,5.587626,6.411568,6.161104,6.904300,6.173078,7.017778,6.580638,7.338243,5.559008,6.335331,7.359596,6.735239,6.959548,7.371116,7.641388,7.590130,8.245419,8.103856,7.460763,0.000000,7.406527,7.648401,9.239452,7.339305,7.196875,7.216943,7.506694,7.151032,7.700797,7.044934,7.226029,7.175177,7.397863,5.851866,7.008028,7.275089,8.020580,6.042688,5.722229,5.537884,7.805153,5.634747,6.673953,5.937769,8.475149,7.364168,5.135619,7.042690,7.828486,8.059692,7.389903,7.261429,8.043371,7.336014,7.106240,8.564278,6.041053,7.750361,6.581183,7.487316,7.759311,5.069948,7.196914,5.766320,7.696740,7.070533,7.805753
COMBO_031_R14,8.432590,8.383224,9.235346,7.462087,7.999888,8.575447,8.297460,9.288060,8.081539,7.519217,8.436369,8.169470,8.125807,7.587820,8.213689,8.007323,7.856683,7.929662,8.304931,8.066799,8.223025,8.851266,8.191675,7.679623,7.835403,9.617186,8.097544,8.302777,8.068861,8.140643,7.771911,8.949263,11.303003,8.093393,12.497812,11.186205,9.989094,7.867046,7.857003,8.586805,7.282235,8.099181,8.745842,8.104075,8.048021,7.814035,7.615671,8.291232,7.692753,7.902085,8.749803,8.194269,7.625103,7.949894,7.219009,8.332130,9.982743,9.037157,12.471143,9.063299,8.023072,8.053082,6.878348,7.747494,8.035309,6.932518,7.689491,8.122337,10.084918,10.102225,8.030084,8.000138,6.726962,6.680213,7.000520,8.027821,6.781166,6.345432,7.567995,9.969802,6.427211,7.977533,8.082949,9.893276,8.030691,7.414274,7.546230,7.961290,6.708142,7.912542,2.402742,7.035342,6.358690,2.326131,1.964888,2.027817,1.713629,1.707499,1.572555,8.824034,6.819804,2.868926,7.406527,0.000000,1.849053,5.186243,2.476435,1.888836,1.628451,1.682573,1.757346,1.706421,1.939671,2.274334,1.669947,1.725488,6.904558,1.647661,3.113465,8.763642,10.365421,9.539598,10.467900,8.932323,9.629246,9.527244,9.427871,11.330766,7.806226,9.461146,10.121195,9.100493,10.491494,8.098340,6.823003,9.513130,6.646018,10.507983,9.514409,9.586060,9.035211,9.487014,6.414057,9.148045,9.514512,10.218691,10.545412,9.249725,6.619276,9.358259
COMBO_031_R15,8.882728,8.842388,9.427357,7.578798,8.105435,8.804402,8.805727,9.470554,8.161738,8.016770,8.523609,8.224212,8.519149,7.677721,8.283842,8.088185,8.316058,8.427959,8.776589,8.177087,8.859303,9.289470,8.632737,8.191839,8.390483,9.914907,8.555244,8.775577,8.580946,8.631022,8.454852,9.401060,11.470967,8.468825,12.702226,11.599776,10.439304,8.342885,8.539833,8.886728,7.977049,8.762926,9.369556,8.571487,8.693094,8.240828,8.042873,8.744591,7.841793,8.369557,9.353664,8.567271,8.326183,8.118630,7.930647,8.822905,10.406382,9.603199,12.681741,9.322366,8.013784,8.058175,6.668414,7.740626,8.053072,6.697633,7.811013,8.105295,10.081129,10.098937,8.058971,8.016132,6.876870,6.796887,7.095414,7.998879,7.069853,6.521578,7.457692,9.997271,6.617450,8.003508,8.110291,9.909849,8.014286,7.720948,7.797199,7.955680,6.876987,7.910704,2.998480,7.266813,6.653632,3.032744,2.879138,1.539048,0.619456,1.916550,1.923139,9.011596,7.121069,3.495003,7.648401,1.849053,0.000000,4.458621,3.165560,1.488033,0.796014,1.721357,1.519612,2.279938,1.873055,2.506019,1.044765,1.991665,7.141891,1.059961,3.393647,8.786053,10.727894,9.854711,10.822943,9.420074,9.920445,10.076647,9.753747,11.843729,8.075312,9.934617,10.452414,9.551414,10.940659,8.397311,7.144408,9.929352,6.959481,10.827356,10.050964,9.824417,9.500158,10.034205,6.707556,9.596419,9.974710,10.534565,10.897811,9.652411,6.975734,9.763777
COMBO_031_R16,11.294274,11.271659,11.437745,9.436482,9.231242,11.052947,10.844407,11.477805,9.368117,10.744085,9.755706,9.476943,10.135391,9.390576,9.458112,9.249320,10.811544,10.530714,11.410403,9.449644,10.308842,11.641109,11.149491,10.429963,10.746877,10.359070,10.863025,11.328513,11.139602,10.724174,10.715879,11.828376,12.263098,10.292954,13.114393,12.501362,11.628866,10.634303,10.842669,10.728068,10.151066,10.933346,11.379411,10.797334,10.671396,10.197283,9.999370,10.998688,9.841023,10.704389,11.402778,10.308781,10.701860,10.023208,10.288751,11.159878,11.886444,11.281399,13.181130,11.092798,7.994220,7.991110,8.126698,7.921960,8.185908,8.024375,9.102793,7.969937,10.783584,10.771261,8.048303,8.042653,8.293189,8.200498,8.550129,7.834435,8.307537,7.610601,8.662975,10.620437,7.769348,8.440456,8.177202,10.562473,7.902109,8.446236,8.964197,8.066878,8.210379,7.993267,6.385835,8.305084,7.864139,6.263167,5.985318,5.385409,4.743346,5.210820,5.539466,10.814395,9.241667,6.413061,9.239452,5.186243,4.458621,0.000000,6.357605,5.441300,5.005111,5.333253,5.461314,5.419990,5.772608,5.991331,5.219420,5.643130,8.218836,5.061810,5.975848,10.366357,11.394850,10.844066,11.306699,11.481674,10.814469,11.605711,10.897826,13.220011,10.093430,10.837177,11.754174,11.547278,12.606208,10.439611,7.799570,11.949893,7.670333,12.088636,11.800950,11.003478,11.531216,11.555738,7.453889,11.564045,10.775503,11.858276,11.373464,11.654619,7.705709,11.749844
COMBO_031_R17,7.784632,8.546096,9.680709,8.343946,7.949196,8.950519,7.371297,9.686488,8.002624,6.809032,8.215730,8.092187,8.173810,8.478264,8.062668,7.866912,7.130214,7.086984,7.735860,7.992982,8.375183,8.287089,7.648035,6.759173,7.190159,9.812733,7.321047,7.717919,7.274086,7.353629,7.116013,8.462883,11.117687,7.197282,12.698235,11.676164,10.326137,7.314608,7.223716,7.959602,6.614143,7.439003,8.126733,7.585913,7.361508,6.909298,6.688901,7.826823,6.971187,7.428592,8.160339,7.260293,7.018147,7.055719,6.507777,7.785628,9.340354,8.426235,12.656919,8.337230,8.676089,8.759185,6.614675,8.518648,8.710616,6.493671,8.434453,8.773275,10.042418,10.107645,8.721377,8.634528,7.358377,7.295218,7.597389,8.724453,7.456411,7.166763,7.803096,10.042792,7.244383,8.593439,8.726365,9.972263,8.704182,8.361169,8.323325,8.633087,7.476850,8.575068,0.888834,6.335376,5.507841,0.910517,2.480472,2.647725,2.778985,2.216158,1.843041,9.176741,6.906562,0.697871,7.339305,2.476435,3.165560,6.357605,0.000000,2.414102,2.770502,2.480659,2.334254,1.907567,2.012163,2.205846,2.710012,1.953191,6.228679,2.853606,4.690397,9.403672,10.063199,9.092558,10.361620,9.296342,9.280278,9.933449,8.928602,11.477229,8.555354,8.931496,9.707741,9.551489,10.926325,8.777832,8.275863,9.929060,8.115313,10.094767,9.698047,9.162932,9.431100,9.884898,7.921783,9.631070,9.055509,9.805321,10.423218,9.663638,8.036798,9.807185
COMBO_031_R18,7.996138,8.085264,8.859488,7.138292,7.678658,8.154358,7.956066,8.859057,7.724213,7.037967,8.042575,7.840189,8.151849,7.290134,7.831078,7.646541,7.403027,7.573854,7.839867,7.732697,8.449298,8.433247,7.738213,7.313999,7.527275,9.604732,7.679818,7.847949,7.619493,7.790201,7.639564,8.551999,11.090651,7.618295,12.396026,11.239684,10.052151,7.554567,7.708259,8.178414,7.221938,7.955248,8.593035,7.790473,7.921222,7.397671,7.190922,7.961329,7.090089,7.581242,8.573481,7.780857,7.489891,7.288346,7.096242,8.043982,9.742998,8.879660,12.370342,8.694496,8.082446,8.165354,6.352268,7.813833,8.101113,6.384026,7.722386,8.162167,9.728613,9.769823,8.111825,8.052093,6.837422,6.771880,7.007498,8.105091,7.018676,6.586914,7.042139,9.702679,6.652352,8.034504,8.165346,9.617361,8.106444,7.767578,7.729984,8.032166,6.842995,7.972419,2.423491,6.853094,6.176686,2.571681,2.671935,0.569077,1.261312,1.682897,1.770649,8.733152,6.664913,2.863398,7.196875,1.888836,1.488033,5.441300,2.414102,0.000000,1.055387,1.728151,1.295241,2.339025,1.272747,2.160103,0.882201,1.706741,6.733306,1.212359,3.301285,8.604827,10.243783,9.273881,10.409662,8.752220,9.376826,9.586697,9.111394,11.316392,7.509006,9.395659,9.756617,8.896435,10.354366,7.801643,7.077671,9.292290,6.887159,10.190893,9.355053,9.246035,8.834704,9.545391,6.647442,8.944508,9.467363,9.866224,10.484715,9.008797,6.880117,9.135138
COMBO_031_R19,8.500311,8.518433,9.205645,7.498387,7.745067,8.543356,8.378078,9.251362,7.799456,7.577677,8.170913,7.861239,8.057002,7.625167,7.933266,7.715651,7.902157,8.017994,8.364651,7.800785,8.425654,8.933491,8.243784,7.749419,8.012313,9.669018,8.156761,8.369968,8.150591,8.220262,8.160539,9.013447,11.255585,8.184901,12.677037,11.386798,10.144520,8.048589,8.232705,8.670496,7.718361,8.474122,9.101989,8.280621,8.426677,7.960046,7.754554,8.446573,7.575686,8.070916,9.084643,8.330443,8.011633,7.840817,7.622851,8.511647,10.186130,9.366242,12.668666,9.144881,7.912889,7.985898,6.521307,7.603841,7.948203,6.559757,7.634948,8.017718,9.929344,9.950593,7.948536,7.900067,6.623271,6.559448,6.857057,7.912013,6.811147,6.352520,7.362511,9.847341,6.433923,7.882417,7.992960,9.753500,7.921927,7.555998,7.615143,7.826934,6.651538,7.810854,2.578768,7.017783,6.397436,2.629177,2.434765,1.061920,0.511687,1.871288,1.685893,8.753954,6.791757,3.161306,7.216943,1.628451,0.796014,5.005111,2.770502,1.055387,0.000000,1.557537,0.930924,2.102175,1.253453,1.982076,0.428414,1.671178,6.895263,0.480609,3.238872,8.579793,10.436603,9.533865,10.531196,9.056429,9.608821,9.682443,9.418209,11.490843,7.794717,9.576767,10.130580,9.200097,10.589450,8.091642,7.039271,9.568539,6.850398,10.504199,9.648105,9.495722,9.133417,9.639557,6.603407,9.240520,9.630666,10.215946,10.613779,9.281689,6.849806,9.404704
COMBO_031_R20,8.355890,8.209835,9.152857,7.205954,7.925510,8.461055,8.194094,9.165386,7.963728,7.472907,8.307025,8.021523,8.382532,7.271864,8.076883,7.901292,7.784403,7.851528,8.280867,7.963736,8.610733,8.794366,8.118370,7.588957,7.776062,9.642946,8.008784,8.249902,8.033357,8.059598,7.971288,8.764455,11.454142,7.959700,12.488253,11.540718,10.306084,8.006253,8.036360,8.620746,7.569874,8.281890,8.918424,8.238347,8.259938,7.768428,7.557180,8.413546,7.528611,8.046814,8.873180,8.169117,7.817979,7.774877,7.427170,8.528240,10.056354,9.198857,12.498488,9.066029,8.053454,8.121796,6.163117,7.769082,8.088521,6.232720,7.776051,8.182456,9.707272,9.735642,8.085477,8.049283,6.936727,6.865183,7.150727,8.039457,7.076202,6.624056,7.001931,9.660539,6.707254,8.035412,8.121476,9.563084,8.055965,7.790336,7.819171,7.960801,6.872562,7.968736,2.251816,7.124661,6.459668,2.401954,2.403592,1.774844,1.672868,1.097889,0.770400,8.628481,7.074395,3.004360,7.506694,1.682573,1.721357,5.333253,2.480659,1.728151,1.557537,0.000000,1.930971,1.947407,2.002899,2.693479,1.479572,0.633148,6.975621,1.670931,2.959739,8.681154,10.308977,9.370825,10.450758,8.994571,9.449573,9.802354,9.269600,11.625800,7.896753,9.471903,9.994667,9.173865,10.588013,8.196751,7.190202,9.632173,6.999160,10.400666,9.541370,9.372623,9.109384,9.768850,6.759989,9.231222,9.532700,10.073269,10.524818,9.378196,7.004567,9.462190
COMBO_031_R21,8.349089,8.573434,9.361007,7.921907,7.873888,8.657766,8.215683,9.441750,7.925525,7.362653,8.268178,7.972831,7.835678,8.073356,8.046657,7.810123,7.719008,7.877348,8.164884,7.923516,8.226230,8.786717,8.100511,7.553935,7.963103,9.876041,7.999962,8.211434,7.923460,8.095443,7.843346,8.921336,11.021919,7.953428,12.963917,11.314956,10.003025,7.750666,7.924777,8.364252,7.337817,8.180703,8.826150,7.998524,8.148032,7.619449,7.415179,8.173155,7.303403,7.775053,8.847684,8.005681,7.680514,7.577330,7.286142,8.146636,9.993614,9.179641,12.919685,8.819317,8.067813,8.135264,6.969773,7.778417,8.084587,6.950230,7.739258,8.176292,10.245933,10.277765,8.116265,8.037233,6.522696,6.451096,6.775948,8.111066,6.768529,6.346004,7.861968,10.165604,6.425430,7.945799,8.128626,10.085540,8.097527,7.687034,7.697361,7.993690,6.635567,7.933805,2.136191,6.886335,6.240644,2.077929,2.071328,1.433102,0.996381,2.231561,1.749168,8.860008,6.306694,2.637193,7.151032,1.757346,1.519612,5.461314,2.334254,1.295241,0.930924,1.930971,0.000000,1.711957,0.659830,1.116937,1.087967,1.818203,6.805779,0.940963,3.737272,8.773458,10.498381,9.640486,10.596884,8.931375,9.752802,9.557135,9.506915,11.204783,7.868818,9.510035,10.238830,9.121509,10.508198,8.128735,7.397025,9.472878,7.216760,10.596199,9.558735,9.632760,9.016977,9.508648,6.986794,9.173156,9.576875,10.313030,10.686061,9.169768,7.182146,9.330412
COMBO_031_R22,8.904230,9.120904,10.090052,8.542398,8.451406,9.400131,8.645796,10.182829,8.512158,7.961117,8.847630,8.573594,8.279844,8.640925,8.619802,8.379062,8.293253,8.334349,8.777711,8.527490,8.475092,9.332071,8.706662,8.021071,8.406826,10.265490,8.519866,8.812953,8.467815,8.574670,8.010189,9.460645,11.321301,8.240259,13.303102,11.730900,10.407952,8.159263,8.120217,8.643674,7.398530,8.362202,9.013881,8.420582,8.310173,7.813195,7.614424,8.628519,7.794725,8.215395,9.066899,8.170160,7.866383,8.043643,7.433623,8.549111,10.277556,9.394403,13.242719,9.028900,8.297998,8.346140,7.433440,8.088435,8.327007,7.331237,8.122012,8.424163,10.677271,10.702734,8.362448,8.277784,6.809382,6.705999,7.101224,8.342256,7.042587,6.601023,8.451841,10.562321,6.709515,8.170709,8.374077,10.497437,8.321490,7.945858,8.024141,8.253879,6.975935,8.158751,1.800207,7.106071,6.439208,1.461085,1.715829,2.502531,1.916144,2.035036,1.495240,9.239175,6.579819,2.044333,7.700797,1.706421,2.279938,5.419990,1.907567,2.339025,2.102175,1.947407,1.711957,0.000000,1.885162,1.813035,2.266507,1.774638,7.037938,2.078161,4.091969,9.322861,10.832287,10.055321,10.926944,9.455816,10.182567,10.053815,9.958952,11.602977,8.621650,9.773042,10.767686,9.700090,11.059628,8.876975,7.933281,10.138378,7.772195,11.141157,10.131749,10.180716,9.574964,10.001006,7.565749,9.770737,9.832871,10.840596,11.018093,9.846219,7.712612,10.002781
COMBO_031_R23,7.945856,8.368965,9.223133,7.826314,7.698844,8.477004,7.787293,9.276970,7.742998,6.951518,8.042148,7.783638,7.837538,8.000779,7.837908,7.633345,7.297318,7.445375,7.790914,7.739255,8.217090,8.411376,7.718243,7.103600,7.544327,9.727733,7.572229,7.819815,7.495941,7.657140,7.481922,8.516911,10.918973,7.514697,12.743118,11.296915,9.987105,7.435985,7.563712,8.028355,7.006207,7.810593,8.464943,7.685844,7.764721,7.223375,7.010404,7.876930,6.940773,7.480161,8.487417,7.599174,7.335291,7.168157,6.916512,7.835860,9.641754,8.792082,12.703775,8.533295,8.240014,8.317337,6.708161,7.959102,8.265744,6.722003,7.922690,8.323135,10.025848,10.075229,8.284190,8.194201,6.751582,6.691301,6.983006,8.290616,6.961009,6.597869,7.619543,9.987084,6.663874,8.129820,8.288381,9.910939,8.274719,7.887765,7.848380,8.161888,6.857297,8.118690,1.747075,6.607302,5.902517,1.800027,2.223250,1.492766,1.368019,2.277538,1.698047,8.906651,6.365807,2.338841,7.044934,1.939671,1.873055,5.772608,2.012163,1.272747,1.253453,2.002899,0.659830,1.885162,0.000000,1.239741,1.196624,1.733190,6.527973,1.312729,4.001704,8.859714,10.247229,9.311746,10.418985,8.859244,9.446167,9.557549,9.143757,11.148450,7.834579,9.239077,9.847391,9.047979,10.456208,8.080691,7.544317,9.402473,7.364837,10.220144,9.374249,9.285746,8.947056,9.512274,7.143615,9.101482,9.326750,9.914148,10.497553,9.114325,7.319187,9.276590
COMBO_031_R24,8.326898,8.823747,9.688398,8.546467,8.105173,8.956817,8.132280,9.791314,8.170669,7.282950,8.501987,8.219154,7.679171,8.711328,8.289322,8.017002,7.661213,7.827052,8.108711,8.156810,8.088717,8.778543,8.100036,7.453382,8.047135,10.149076,7.953798,8.186872,7.816814,8.060054,7.705389,9.010930,10.944679,7.954595,13.341448,11.342281,9.901495,7.608484,7.798367,8.244276,7.130902,8.061786,8.722561,7.875053,8.035596,7.494302,7.299689,8.064893,7.243058,7.647429,8.792566,7.908222,7.535696,7.529182,7.126509,7.945471,9.925154,9.148299,13.273438,8.646929,8.344424,8.406593,7.513025,8.087816,8.346601,7.420254,7.872636,8.456977,10.698329,10.735785,8.398910,8.302972,6.478640,6.408714,6.790220,8.418356,6.785624,6.401041,8.540424,10.614080,6.482361,8.159684,8.389574,10.545803,8.385582,7.855924,7.842021,8.283439,6.653338,8.190750,2.130511,6.913320,6.244753,1.860033,2.099962,2.340625,2.023150,2.902329,2.307881,9.045005,6.072277,2.351795,7.226029,2.274334,2.506019,5.991331,2.205846,2.160103,1.982076,2.693479,1.116937,1.813035,1.239741,0.000000,2.124210,2.440916,6.860009,1.987293,4.415993,9.078561,10.607483,9.797735,10.719793,9.011101,9.944877,9.466190,9.658721,11.038945,8.180731,9.485767,10.433257,9.252081,10.590449,8.401234,7.793439,9.581521,7.621400,10.777294,9.571354,9.843032,9.108776,9.412298,7.408052,9.316202,9.567795,10.502708,10.812879,9.265970,7.557554,9.456914
COMBO_031_R25,8.228821,8.253653,8.978824,7.239580,7.640267,8.288206,8.137064,9.004337,7.689077,7.302295,8.041284,7.749725,8.076015,7.380720,7.812222,7.617632,7.629653,7.767241,8.096959,7.686960,8.419859,8.671141,7.969151,7.496456,7.724549,9.551670,7.891230,8.093524,7.881722,7.962237,7.944490,8.722096,11.210681,7.929495,12.483167,11.325483,10.091661,7.848797,8.009703,8.469973,7.538335,8.253188,8.884178,8.078104,8.211442,7.737458,7.529031,8.242790,7.355554,7.872155,8.856581,8.117960,7.795192,7.610005,7.407715,8.323806,9.989658,9.141371,12.478806,8.984340,7.972746,8.048338,6.300177,7.656648,8.006127,6.386643,7.653806,8.064614,9.754446,9.784556,8.001899,7.952002,6.716845,6.660600,6.926410,7.976018,6.879664,6.445027,7.077120,9.699826,6.513937,7.942257,8.044081,9.605016,7.985529,7.616828,7.632070,7.882043,6.714245,7.876574,2.490076,6.933446,6.284222,2.619680,2.540237,0.938448,0.834663,1.827301,1.619484,8.679455,6.801402,3.152355,7.175177,1.669947,1.044765,5.219420,2.710012,0.882201,0.428414,1.479572,1.087967,2.266507,1.196624,2.124210,0.000000,1.551992,6.801263,0.694459,3.203711,8.518667,10.280309,9.331155,10.411769,8.900788,9.412306,9.610675,9.193559,11.420147,7.624431,9.442725,9.869654,9.036215,10.455122,7.920449,6.977269,9.412569,6.782878,10.259816,9.438634,9.270309,8.978163,9.572365,6.533425,9.076107,9.505623,9.952778,10.487689,9.137504,6.786084,9.252801
COMBO_031_R26,8.151033,8.227895,9.249922,7.461248,7.836515,8.542741,7.897570,9.259533,7.873089,7.234435,8.193100,7.928201,8.284990,7.551097,7.975898,7.792691,7.545245,7.574064,8.088587,7.873703,8.533172,8.619225,7.934762,7.285813,7.522888,9.622640,7.757606,8.052429,7.783544,7.791340,7.768865,8.615095,11.420276,7.745118,12.540865,11.656507,10.357197,7.843591,7.838205,8.474722,7.368031,8.081066,8.736894,8.084735,8.051346,7.558483,7.338832,8.272368,7.369816,7.900648,8.697193,7.959639,7.624966,7.579053,7.205369,8.361654,9.896618,9.016194,12.550110,8.917191,8.187899,8.269556,6.050215,7.928325,8.229152,6.093042,7.920889,8.318220,9.715990,9.753966,8.226453,8.177327,7.021820,6.952550,7.240295,8.186742,7.151398,6.757693,7.040997,9.689648,6.835967,8.151118,8.251945,9.590088,8.195130,7.925039,7.929715,8.093872,7.013183,8.106009,1.674154,6.859052,6.142117,1.887700,2.257005,1.800028,1.791190,1.151199,0.443557,8.672298,7.056894,2.505460,7.397863,1.725488,1.991665,5.643130,1.953191,1.706741,1.671178,0.633148,1.818203,1.774638,1.733190,2.440916,1.551992,0.000000,6.703478,1.789946,3.355303,8.779661,10.192813,9.220464,10.380559,9.079055,9.325491,9.848945,9.098780,11.634414,8.072477,9.273610,9.848867,9.277729,10.690811,8.350742,7.502901,9.708336,7.314993,10.246421,9.561671,9.213902,9.198620,9.813412,7.081382,9.338654,9.354829,9.925878,10.453576,9.456564,7.303271,9.550043
COMBO_031_R27,6.905543,8.396873,8.973349,9.362800,6.110050,9.110576,4.980770,9.119927,6.044573,6.661134,5.857046,5.942834,6.813450,9.582456,5.889996,5.828605,6.376492,5.014100,7.361569,6.195372,7.185629,7.338867,7.006337,5.212707,5.563204,6.000894,5.914032,7.085874,6.811447,5.352770,7.479591,8.575253,9.136779,7.197728,9.795613,11.424095,9.653588,7.548688,7.508577,8.589856,7.565652,7.508425,7.871030,7.616694,7.269246,7.885872,7.654304,7.733899,7.660580,7.657294,7.589561,7.905333,7.572776,7.215772,7.197932,8.236148,8.113842,7.480475,9.956954,8.954567,7.363890,7.411560,5.728370,7.681100,7.527168,5.537927,8.494809,7.202414,7.403163,7.435280,7.392978,7.274763,8.338591,8.454995,8.424610,7.389399,8.068991,8.391021,6.474626,7.439772,8.407251,7.617662,7.334380,7.335449,7.359806,7.618781,8.013247,7.468866,8.459702,7.450192,6.213941,0.795410,1.376419,6.394957,6.758492,6.737097,6.923940,6.868544,6.774137,8.576662,8.838064,6.225885,5.851866,6.904558,7.141891,8.218836,6.228679,6.733306,6.895263,6.975621,6.805779,7.037938,6.527973,6.860009,6.801263,6.703478,0.000000,6.905742,7.901182,8.593582,6.093651,6.016619,6.547044,9.808199,6.347497,9.452515,5.906714,10.576474,9.429896,4.831666,7.237996,9.998237,10.752267,9.557448,9.170761,10.131915,9.117778,7.520136,10.255825,6.313231,9.892529,9.394665,9.033255,10.050972,4.957808,7.322747,6.589912,9.958592,9.012278,9.954575
COMBO_031_R28,8.584685,8.502297,9.209284,7.520341,7.613548,8.550862,8.445967,9.278363,7.667216,7.662865,8.053249,7.724859,7.817917,7.643922,7.812415,7.577814,7.993018,8.100327,8.428669,7.667382,8.170330,9.007684,8.322255,7.827803,8.092883,9.573072,8.251069,8.446068,8.228980,8.299632,8.201006,9.027929,11.102628,8.215156,12.736625,11.227368,9.997533,8.117603,8.268585,8.723622,7.761101,8.516758,9.141488,8.343914,8.478042,7.987045,7.778608,8.497875,7.642926,8.126824,9.125824,8.359424,8.039581,7.908025,7.669925,8.550505,10.254669,9.421872,12.729311,9.215400,7.702962,7.788602,6.672545,7.360986,7.740010,6.708912,7.543023,7.819511,9.902887,9.917622,7.734806,7.682777,6.437440,6.375550,6.675224,7.705602,6.598528,6.173747,7.461734,9.789040,6.255028,7.675853,7.779098,9.695369,7.715374,7.375558,7.471194,7.603148,6.500833,7.595949,2.647223,7.004643,6.433943,2.665038,2.210791,1.091186,0.660476,2.037599,1.832468,8.685266,6.560432,3.226117,7.008028,1.647661,1.059961,5.061810,2.853606,1.212359,0.480609,1.670931,0.940963,2.078161,1.312729,1.987293,0.694459,1.789946,6.905742,0.000000,3.114555,8.488755,10.392204,9.532354,10.427818,8.883707,9.596034,9.505684,9.431975,11.292214,7.643187,9.518072,10.158566,9.027033,10.398180,7.931289,6.914754,9.399156,6.732354,10.514082,9.545288,9.507984,8.952390,9.459619,6.494591,9.059712,9.561781,10.246963,10.521375,9.095329,6.717944,9.229944
COMBO_031_R29,8.931268,7.682663,8.496106,6.335362,7.715859,7.927943,8.957241,8.494880,7.768282,8.117570,8.276948,7.917943,7.931053,6.375930,7.994909,7.744364,8.478547,8.598592,8.754380,7.751517,7.978967,9.282869,8.591911,8.448335,8.343469,9.159824,8.732869,8.739255,8.740939,8.787147,8.870027,9.213573,11.537404,9.037515,12.373035,10.850261,9.649258,8.783494,8.871362,9.624323,8.620763,9.167463,9.760111,8.964066,9.245467,8.903577,8.718046,9.035278,8.584317,8.718850,9.638069,9.409755,8.627864,8.889291,8.404723,9.292342,10.925903,10.084841,12.444317,10.157105,7.190101,7.293417,6.807664,6.772445,7.194565,6.937385,6.677992,7.385238,9.592699,9.549120,7.159485,7.198725,6.301808,6.279376,6.485323,7.124499,6.370700,5.991683,6.950518,9.397905,6.045825,7.252269,7.280571,9.270288,7.176156,6.681464,6.868309,7.068287,6.065080,7.114968,4.703414,8.062167,7.666926,4.761180,3.453660,3.060202,3.489917,3.163920,3.543682,7.782292,7.136862,5.230620,7.275089,3.113465,3.393647,5.975848,4.690397,3.301285,3.238872,2.959739,3.737272,4.091969,4.001704,4.415993,3.203711,3.355303,7.901182,3.114555,0.000000,7.620774,10.323285,9.587840,10.192878,8.184919,9.553591,8.807813,9.575397,11.080232,6.865039,9.699897,10.261706,8.275741,9.599463,7.198877,5.521629,8.818212,5.320341,10.699973,9.060140,9.658815,8.251359,8.777494,5.064459,8.286932,9.690643,10.403118,10.305936,8.524193,5.392760,8.545629
COMBO_031_R30,9.885554,7.508987,7.331643,8.616430,8.124306,7.679870,9.727418,7.771908,8.118496,9.455033,8.358918,8.081194,6.968618,8.754581,8.331632,7.833005,9.675658,9.701856,9.533503,8.128778,6.863930,9.988186,9.543869,9.918279,8.465988,8.596155,9.705566,9.631573,10.078171,9.884256,10.918262,10.978524,9.575907,10.909686,12.052237,11.981115,8.370000,10.568398,10.780407,10.727895,11.153549,11.106741,11.468296,10.634067,11.434320,10.926592,10.871404,10.308379,10.325859,10.297248,10.996813,11.590271,10.620763,10.759178,10.715910,11.094385,12.543885,11.865454,11.942286,10.904348,4.860323,4.794985,8.006040,4.956805,4.530161,7.876932,3.018761,5.053294,9.915366,9.740465,4.905880,4.949578,4.807059,4.933024,4.359172,5.108491,4.730992,5.050095,8.217573,9.663158,4.898826,4.211631,4.849550,9.416141,4.985075,4.353481,3.279049,4.839671,4.625449,4.745335,9.329568,8.871098,9.266643,9.468907,8.666880,8.465807,8.784143,8.895879,8.923987,1.816493,7.979878,9.743735,8.020580,8.763642,8.786053,10.366357,9.403672,8.604827,8.579793,8.681154,8.773458,9.322861,8.859714,9.078561,8.518667,8.779661,8.593582,8.488755,7.620774,0.000000,9.050942,9.662691,8.627793,8.719188,9.710342,7.471370,9.754890,10.238844,8.269081,8.989476,10.841203,8.901930,9.556141,8.417510,7.481394,8.992766,7.389620,11.092569,10.095561,9.775652,8.747847,7.466728,7.196308,8.955702,8.854834,10.971942,8.761721,8.728336,7.570510,8.425900
COMBO_044_R01,7.000775,7.841236,7.711636,8.935132,5.181265,8.155644,5.447190,7.747476,5.137009,7.572663,4.648372,5.024696,6.832033,9.028905,4.833256,5.190136,7.079704,5.726857,7.628381,5.258079,6.679289,7.157441,7.270679,6.303844,6.115505,3.170556,6.459069,7.215568,7.301509,5.620577,8.746916,7.660523,7.309870,8.036844,6.591380,9.108364,7.426450,8.700290,8.652839,9.405922,9.401705,8.534577,8.537219,8.604341,8.377774,9.136564,9.042916,8.568077,8.852597,8.784088,8.142215,9.109465,8.879270,8.344769,8.803937,9.299724,7.837953,7.697201,6.982360,9.734907,7.985013,8.067151,7.607315,8.067424,8.216147,7.850857,9.039055,7.581167,4.684094,4.702603,7.871869,7.757388,9.614137,9.910540,9.635719,7.934375,8.813869,9.505671,7.713983,4.741471,9.459714,8.764778,7.717487,4.754417,7.986246,8.100688,8.472674,7.995382,9.220045,8.232207,10.096648,5.937102,6.795531,10.250730,10.252920,10.205367,10.611067,10.358095,10.343431,8.894100,10.612163,10.218249,6.042688,10.365421,10.727894,11.394850,10.063199,10.243783,10.436603,10.308977,10.498381,10.832287,10.247229,10.607483,10.280309,10.192813,6.093651,10.392204,10.323285,9.050942,0.000000,2.557575,1.911486,8.726208,2.761713,7.416398,2.916652,8.737670,8.759131,2.176051,4.202988,8.732308,8.587791,8.749362,8.691123,8.749993,8.784450,4.279766,8.440229,3.431579,8.745000,7.397221,8.950098,8.733200,2.052782,4.362627,1.381580,8.782064,8.605930,8.630932
COMBO_044_R02,6.378417,7.829575,7.888444,8.205051,4.378309,7.927589,4.780062,7.702991,4.360783,6.864273,3.810146,4.308680,7.313866,8.312504,4.021405,4.557283,6.389575,4.933383,7.150566,4.356933,7.405756,6.719827,6.713002,5.454629,5.600570,3.879357,5.782725,6.614734,6.544461,4.755594,8.362298,6.555623,8.507911,7.340335,6.813410,9.370593,8.254396,8.346538,8.293603,9.129718,9.004940,8.151995,8.254000,8.293113,7.905794,8.569686,8.438538,8.387816,8.273597,8.520066,7.935007,8.492564,8.538775,7.621818,8.335422,8.982704,7.479569,7.255488,7.326561,9.626050,8.844771,8.999823,6.478656,8.700215,9.081471,6.846142,9.620344,8.507601,3.840145,3.984239,8.686948,8.632658,9.963129,10.232870,10.052395,8.730076,9.249320,9.831474,6.891801,4.141088,9.799168,9.655221,8.617003,4.161364,8.823385,8.864039,9.187783,8.720803,9.553490,9.102307,9.134219,5.892903,6.405508,9.343564,9.520201,9.234305,9.742106,9.389878,9.405889,9.526942,10.755597,9.284661,5.722229,9.539598,9.854711,10.844066,9.092558,9.273881,9.533865,9.370825,9.640486,10.055321,9.311746,9.797735,9.331155,9.220464,6.016619,9.532354,9.587840,9.662691,2.557575,0.000000,3.768465,8.884179,0.646154,8.130836,0.808433,9.647896,8.549228,3.121835,2.497866,8.828977,8.980384,8.578063,8.529490,8.963760,8.587498,2.936347,8.149717,1.775913,8.896724,8.116581,8.739656,8.812667,3.233812,2.814083,3.480894,8.993854,8.400050,8.910175
COMBO_044_R03,7.913952,8.157976,7.955077,9.152683,4.860462,8.457799,6.517270,8.098201,4.830037,8.411656,4.536677,4.816782,6.079067,9.210036,4.611212,4.829903,7.961400,6.788159,8.427768,5.026600,5.868607,8.031121,8.094227,7.220199,7.134636,2.802019,7.429881,8.102680,8.226951,6.727899,9.452118,8.397853,6.911649,8.828084,7.380218,8.736299,6.956874,9.380260,9.352323,10.030436,10.029163,9.283390,9.299969,9.282733,9.172323,9.794345,9.696223,9.201702,9.466543,9.402853,8.915665,9.822162,9.518616,9.113181,9.498147,9.904603,8.748227,8.623832,7.754279,10.363074,7.095783,7.249213,8.117583,7.162420,7.301314,8.358850,8.583808,6.696779,4.934651,4.851221,6.903994,6.849692,9.070991,9.385887,9.099177,7.017779,8.191334,8.979631,8.258216,4.723051,8.935063,8.021840,6.839080,4.713555,7.088238,7.355136,7.934208,7.114479,8.703124,7.373536,10.378064,6.340877,7.335860,10.486718,10.232290,10.310476,10.693858,10.543540,10.543378,8.579773,10.313295,10.521561,5.537884,10.467900,10.822943,11.306699,10.361620,10.409662,10.531196,10.450758,10.596884,10.926944,10.418985,10.719793,10.411769,10.380559,6.547044,10.427818,10.192878,8.627793,1.911486,3.768465,0.000000,8.445749,3.749647,6.806804,4.217857,8.205931,8.548017,2.882977,5.447494,8.442913,8.099631,8.522164,8.291629,8.467723,8.412033,5.339884,8.449150,4.433709,8.431119,6.774121,8.604747,8.413749,2.571608,5.523902,1.041811,8.426050,8.221986,8.281556
COMBO_044_R04,6.627873,4.539375,5.026615,5.975389,8.637355,4.332192,7.985011,5.307159,8.600048,6.537013,8.586158,8.614738,7.516294,6.140440,8.555767,8.697861,6.818886,7.799984,6.046290,8.586154,6.887840,6.393107,6.269765,7.708279,7.622941,9.060902,7.255755,6.344374,6.731282,7.745690,6.693738,6.143373,6.988056,7.077075,10.310110,5.644302,4.798007,6.371151,6.510278,6.862012,7.079312,6.790019,6.872353,6.301362,7.219554,6.952920,6.998533,6.016169,6.625074,6.076877,6.733936,7.439989,6.344971,7.053714,6.799403,6.248485,7.909724,7.581746,10.017640,7.397362,8.775801,8.729380,10.676118,8.395367,8.591369,11.091088,7.935010,8.589910,9.428232,9.486514,8.686402,8.500135,8.015645,8.209316,7.867399,9.011474,7.657510,7.805076,9.573267,9.392452,7.690986,8.631760,8.498958,9.480219,8.954212,8.259909,7.763648,8.849639,7.327522,8.570438,9.279064,9.572992,9.723369,9.333162,8.785006,8.806863,9.294403,9.374930,9.156400,8.517796,5.989005,9.596921,7.805153,8.932323,9.420074,11.481674,9.296342,8.752220,9.056429,8.994571,8.931375,9.455816,8.859244,9.011101,8.900788,9.079055,9.808199,8.883707,8.184919,8.719188,8.726208,8.884179,8.445749,0.000000,8.978041,4.157157,8.761810,4.397871,2.604958,8.657883,8.650686,0.704877,2.196947,2.288470,6.297154,1.879175,6.328460,8.836340,3.626208,8.937541,0.369301,4.206311,6.485279,0.962831,8.590923,8.614935,8.522613,1.539429,6.163724,1.680927
COMBO_044_R05,6.814867,8.055559,8.056840,8.190042,4.133649,8.088335,5.292466,7.856634,4.130965,7.283013,3.626634,4.099801,7.326318,8.272401,3.816978,4.372064,6.829676,5.423419,7.567572,4.107985,7.430630,7.150565,7.123062,5.913778,6.059290,3.691297,6.256251,7.036231,6.986052,5.239222,8.787759,6.808417,8.714097,7.739222,6.895097,9.334726,8.331022,8.759549,8.719337,9.538377,9.413650,8.584862,8.693377,8.706688,8.336858,8.960713,8.824733,8.801973,8.642898,8.925714,8.382558,8.887140,8.953140,8.016826,8.752944,9.385033,7.903478,7.691859,7.466215,10.049998,8.795620,8.977123,6.526075,8.597625,9.050531,6.915908,9.675559,8.464898,3.544004,3.666538,8.616160,8.585095,10.013508,10.290295,10.117028,8.645065,9.265477,9.861899,6.950906,3.787974,9.832765,9.689902,8.570827,3.800454,8.759796,8.840408,9.236639,8.639650,9.586074,9.078669,9.318539,6.226147,6.756292,9.521983,9.610790,9.307970,9.820975,9.477423,9.524314,9.628854,10.949644,9.488637,5.634747,9.629246,9.920445,10.814469,9.280278,9.376826,9.608821,9.449573,9.752802,10.182567,9.446167,9.944877,9.412306,9.325491,6.347497,9.596034,9.553591,9.710342,2.761713,0.646154,3.749647,8.978041,0.000000,8.161617,1.304390,9.791975,8.559956,3.439970,2.711944,8.890907,8.991719,8.595318,8.383829,9.041901,8.451815,3.081965,8.224353,1.872587,8.975073,8.146847,8.620369,8.856916,3.501007,3.040884,3.485347,9.061189,8.261895,8.976272
COMBO_044_R06,7.815995,6.326435,6.243903,7.916006,7.474403,6.093342,8.296591,6.573983,7.531753,7.800282,7.646731,7.557392,5.383963,8.006949,7.602156,7.503222,7.900951,8.291992,7.473264,7.478073,4.535750,7.722005,7.597923,8.324378,8.173661,7.717456,8.080274,7.645331,7.938043,8.242998,8.526871,7.915570,6.214898,8.931859,10.411051,5.817975,2.477094,8.119494,8.378140,8.630096,8.862761,8.589452,8.715187,8.087544,8.876797,8.887041,8.920962,7.814739,8.435088,7.907458,8.532772,9.371321,8.271410,8.842042,8.544700,8.150876,9.298441,9.083466,10.235234,8.883649,7.283942,7.289476,10.646603,6.950741,7.154337,10.892917,6.332617,7.088761,9.222719,9.170579,7.163963,7.006504,6.545459,6.893446,6.575721,7.482543,5.853171,6.443226,10.399095,8.937659,6.319641,7.384009,6.968685,8.970611,7.436078,6.241076,5.951819,7.324426,5.824963,7.170924,9.991101,9.262336,9.739603,9.935611,9.149137,9.560384,9.934672,10.114630,9.929221,7.267637,6.771006,10.169723,6.673953,9.527244,10.076647,11.605711,9.933449,9.586697,9.682443,9.802354,9.557135,10.053815,9.557549,9.466190,9.610675,9.848945,9.452515,9.505684,8.807813,7.471370,7.416398,8.130836,6.806804,4.157157,8.161617,0.000000,8.257493,4.292357,4.972696,7.436747,8.681882,4.297810,3.807085,4.790434,5.783104,4.358665,5.898646,8.678753,5.094629,8.398489,4.123879,0.169240,6.128970,4.319092,7.290719,8.704398,6.918981,4.060174,5.691487,3.970562
COMBO_044_R07,5.868087,7.540048,7.652744,8.017418,4.681500,7.642628,4.292000,7.440483,4.645707,6.366988,4.069071,4.589973,7.543043,8.172740,4.289164,4.840424,5.874195,4.415833,6.662086,4.640668,7.637225,6.228802,6.218315,4.957881,5.128217,4.298534,5.253956,6.104893,6.028578,4.209150,7.925498,6.160411,8.567958,6.881590,6.777798,9.465600,8.373405,7.919553,7.851861,8.713544,8.601951,7.704884,7.801575,7.861096,7.456689,8.153390,8.022031,7.964919,7.868353,8.099615,7.478401,8.070369,8.111727,7.163597,7.908572,8.558978,7.063722,6.788219,7.254394,9.280989,9.119532,9.251173,6.412311,8.979996,9.330971,6.811994,9.745605,8.773976,4.136980,4.318831,8.970504,8.904166,10.079777,10.336199,10.144837,9.036806,9.435754,9.977255,6.651096,4.535111,9.936860,9.836533,8.894486,4.565314,9.112511,9.092707,9.337704,9.009915,9.681504,9.347513,8.963452,5.790967,6.204122,9.196059,9.477582,9.099675,9.634817,9.283890,9.280001,9.619747,10.655114,9.124720,5.937769,9.427871,9.753747,10.897826,8.928602,9.111394,9.418209,9.269600,9.506915,9.958952,9.143757,9.658721,9.193559,9.098780,5.906714,9.431975,9.575397,9.754890,2.916652,0.808433,4.217857,8.761810,1.304390,8.257493,0.000000,9.648521,8.434186,3.305395,2.008967,8.705098,8.963279,8.460280,8.642517,8.854302,8.682881,2.738680,7.996611,1.803601,8.777676,8.248682,8.815764,8.693744,3.468269,2.356913,3.933784,8.898640,8.506057,8.824642
COMBO_044_R08,8.262389,7.524155,7.354240,9.473038,9.587575,7.342187,9.082813,7.878424,9.561787,8.418062,9.393442,9.478556,7.360727,9.621197,9.444918,9.567509,8.520268,9.071668,7.814159,9.579839,6.750325,7.941533,8.132529,9.073310,9.308594,9.490974,8.725953,8.099517,8.321887,9.022587,8.093088,8.146860,4.818645,8.548069,10.890257,5.023567,3.702627,7.773804,7.955086,8.021612,8.432437,8.087795,7.956509,7.647170,8.399571,8.429139,8.521475,7.370749,8.243361,7.534141,7.899031,8.666806,7.878994,8.487496,8.335967,7.490567,8.424495,8.500932,10.512433,8.251178,9.490339,9.356756,12.941230,9.247835,9.279226,13.191612,9.184471,9.189385,10.561574,10.605001,9.358995,9.155324,9.104931,9.362461,9.022739,9.776837,8.630109,9.049808,12.164218,10.403648,8.950364,9.361120,9.083447,10.557982,9.687357,9.022069,8.753043,9.601343,8.609559,9.292564,11.478777,10.163698,10.671491,11.410134,10.847824,11.380903,11.641827,11.976038,11.654907,10.036074,7.157052,11.580426,8.475149,11.330766,11.843729,13.220011,11.477229,11.316392,11.490843,11.625800,11.204783,11.602977,11.148450,11.038945,11.420147,11.634414,10.576474,11.292214,11.080232,10.238844,8.737670,9.647896,8.205931,4.397871,9.791975,4.292357,9.648521,0.000000,6.140558,8.588696,9.718569,4.585117,3.680258,5.818839,8.544513,4.399181,8.674585,9.668523,5.778186,9.949664,4.361476,4.288761,8.919142,4.649856,8.460060,9.649462,8.319970,4.354789,8.408902,4.540617
COMBO_044_R09,6.677149,4.562880,4.509033,4.232300,7.924298,3.727193,8.078583,4.614977,7.919260,6.515848,7.979369,7.982846,7.658806,4.397020,7.917641,8.091071,6.809340,7.764260,6.198711,7.885418,7.187182,6.543335,6.282423,7.709623,7.418431,8.600801,7.266812,6.396488,6.813868,7.706870,6.917847,6.028431,7.854271,7.146725,9.674382,5.765366,5.521091,6.512881,6.779142,7.146865,7.228984,7.020241,7.197076,6.480704,7.310732,7.174076,7.175601,6.281116,6.622787,6.272298,7.056539,7.579427,6.641946,7.059252,6.924939,6.592860,8.091949,7.631559,9.444089,7.743811,8.371878,8.349682,9.588946,7.878835,8.228446,10.109513,7.573422,8.183740,8.652056,8.704769,8.252430,8.129115,7.769736,7.961264,7.650550,8.513517,7.287032,7.280936,8.424098,8.604391,7.184583,8.410627,8.149588,8.671096,8.508562,7.741272,7.348296,8.400738,7.008615,8.214276,8.537892,9.261886,9.319938,8.637254,8.000965,7.533266,8.052642,8.228223,8.168673,8.430064,6.375192,8.922690,7.364168,7.806226,8.075312,10.093430,8.555354,7.509006,7.794717,7.896753,7.868818,8.621650,7.834579,8.180731,7.624431,8.072477,9.429896,7.643187,6.865039,8.269081,8.759131,8.549228,8.548017,2.604958,8.559956,4.972696,8.434186,6.140558,0.000000,8.857849,8.213659,2.279358,3.665181,0.461898,4.683226,2.753022,4.701054,8.394362,4.179468,8.419248,2.536054,5.008979,4.847765,2.254731,8.798793,8.225448,8.603438,2.536385,4.569057,2.565298
COMBO_044_R10,6.538912,7.841680,8.141811,9.330801,4.839498,8.406428,4.499483,8.230479,4.766065,6.893403,4.317655,4.609210,5.866269,9.473684,4.481749,4.693115,6.432566,4.860289,7.151521,4.886637,5.884170,6.810159,6.812839,5.325134,5.609590,3.646129,5.795636,6.760330,6.649336,4.837979,8.052705,7.479623,7.358871,7.456405,7.955649,9.402412,7.522460,8.065560,7.983669,8.980149,8.597010,7.896218,8.010955,8.012671,7.727820,8.462262,8.325264,8.037094,8.271542,8.170710,7.661250,8.462184,8.168349,7.716641,8.024291,8.616411,7.534658,7.313233,8.268848,9.312387,7.670049,7.784634,7.293316,7.782646,7.901256,7.381031,8.812070,7.368837,5.442476,5.473510,7.592853,7.451126,9.049029,9.315732,9.123603,7.649704,8.374251,9.080557,7.695574,5.446819,9.048994,8.322230,7.428260,5.427132,7.677061,7.808720,8.225290,7.672635,8.838366,7.875011,8.965315,4.615313,5.484092,9.085890,9.147350,9.355613,9.732222,9.519360,9.412637,8.721586,9.817857,9.025458,5.135619,9.461146,9.934617,10.837177,8.931496,9.395659,9.576767,9.471903,9.510035,9.773042,9.239077,9.485767,9.442725,9.273610,4.831666,9.518072,9.699897,8.989476,2.176051,3.121835,2.882977,8.657883,3.439970,7.436747,3.305395,8.588696,8.857849,0.000000,4.835394,8.765971,8.799418,8.839534,8.905615,8.812629,8.965608,4.934300,8.544872,3.890639,8.701601,7.396181,9.082389,8.775957,0.433245,4.969796,2.703926,8.747576,8.764339,8.682591
COMBO_044_R11,5.494521,7.408163,7.368514,7.628361,5.913396,7.292822,4.674575,7.023934,5.863055,6.225893,5.283077,5.832346,8.753283,7.808076,5.489798,6.192870,5.715291,4.652278,6.337638,5.850325,8.731541,5.758879,5.891996,5.186511,5.310160,5.474866,5.187944,5.742106,5.742727,4.349306,7.637987,5.279792,9.013014,6.665873,5.989497,9.006444,8.649661,7.637026,7.552438,8.543063,8.447247,7.338850,7.329325,7.533763,7.067975,8.057873,7.964834,7.662099,7.761147,7.842093,7.037979,7.867206,7.877180,7.022031,7.724090,8.223915,6.341750,6.138187,6.457017,9.181599,10.475585,10.580251,7.457934,10.271861,10.651528,8.061396,10.821569,10.098254,4.545532,4.814074,10.318958,10.237090,11.245243,11.504529,11.275307,10.411272,10.567894,11.032315,7.176650,5.098549,10.979575,11.146865,10.237528,5.231593,10.487466,10.272241,10.408726,10.393454,10.745460,10.664483,9.735187,7.076583,7.333492,9.992797,10.344266,9.794096,10.366280,10.015060,10.016876,10.747430,11.288985,9.928562,7.042690,10.121195,10.452414,11.754174,9.707741,9.756617,10.130580,9.994667,10.238830,10.767686,9.847391,10.433257,9.869654,9.848867,7.237996,10.158566,10.261706,10.841203,4.202988,2.497866,5.447494,8.650686,2.711944,8.681882,2.008967,9.718569,8.213659,4.835394,0.000000,8.495349,8.757807,8.217779,8.960517,8.592073,9.015341,1.697229,7.610784,2.457555,8.655023,8.691685,9.186520,8.473539,5.001777,0.860595,5.161017,8.748230,8.824304,8.682075
COMBO_044_R12,6.770835,4.674848,4.955781,5.731300,8.562337,4.266044,8.156612,5.181745,8.526210,6.737717,8.517980,8.553484,7.696653,5.903411,8.480237,8.663247,6.993828,7.946289,6.235892,8.512370,7.080778,6.533291,6.423665,7.881954,7.783479,8.965028,7.417104,6.492982,6.905661,7.864695,6.947411,6.127368,7.148537,7.259697,10.082310,5.376482,4.896963,6.619840,6.765955,7.125546,7.363315,7.016512,7.075309,6.535963,7.406505,7.227089,7.268794,6.271777,6.868329,6.341712,6.938451,7.661247,6.629201,7.248199,7.068411,6.510352,7.997727,7.675733,9.816803,7.730552,8.937189,8.905080,10.737101,8.514966,8.774151,11.197929,8.169541,8.725132,9.251180,9.310203,8.828677,8.654459,8.297443,8.502121,8.152731,9.146259,7.903525,8.064002,9.540512,9.211748,7.949659,8.877391,8.662348,9.310939,9.105879,8.405269,7.973396,8.995157,7.588292,8.755918,9.531411,9.756815,9.923631,9.596402,9.019962,8.938274,9.444818,9.545521,9.366762,8.804561,6.424187,9.865175,7.828486,9.100493,9.551414,11.547278,9.551489,8.896435,9.200097,9.173865,9.121509,9.700090,9.047979,9.252081,9.036215,9.277729,9.998237,9.027033,8.275741,8.901930,8.732308,8.828977,8.442913,0.704877,8.890907,4.297810,8.705098,4.585117,2.279358,8.765971,8.495349,0.000000,1.940718,1.925848,6.122446,1.774253,6.169861,8.691439,3.559627,8.861248,0.503760,4.349962,6.357484,0.322450,8.692115,8.463827,8.513095,1.515096,5.998683,1.657250
COMBO_044_R13,7.749260,5.913228,5.823472,7.026683,8.802514,5.510694,8.876885,6.103714,8.769023,7.910792,8.735938,8.786094,7.725121,7.120437,8.716367,8.923976,8.050296,8.763406,7.333496,8.758071,7.059685,7.468361,7.498707,8.768217,8.771980,8.875192,8.350505,7.529169,7.932485,8.635869,8.150671,6.981559,6.775687,8.396638,10.078953,4.525798,4.334415,7.792541,7.970129,8.329464,8.631462,8.145650,8.100639,7.668968,8.478686,8.498751,8.549917,7.401021,8.136515,7.549055,7.960017,8.831620,7.894981,8.413215,8.336463,7.660008,8.599431,8.513282,9.855796,8.798936,9.300692,9.292142,11.734276,8.879032,9.159902,12.182491,8.814674,9.052128,9.359736,9.394260,9.155454,8.993413,9.010161,9.270876,8.905239,9.481967,8.468106,8.802327,10.637867,9.241651,8.689699,9.401831,8.982349,9.368907,9.459617,8.793843,8.527924,9.353828,8.278368,9.166551,10.918334,10.454783,10.820807,10.948003,10.279064,10.357026,10.826247,10.960061,10.788826,9.455449,7.552975,11.206486,8.059692,10.491494,10.940659,12.606208,10.926325,10.354366,10.589450,10.588013,10.508198,11.059628,10.456208,10.590449,10.455122,10.690811,10.752267,10.398180,9.599463,9.556141,8.587791,8.980384,8.099631,2.196947,8.991719,3.807085,8.963279,3.680258,3.665181,8.799418,8.757807,1.940718,0.000000,3.299562,6.782130,2.338111,6.902201,8.810551,4.028262,9.085506,2.020657,3.863333,7.179613,1.867059,8.680475,8.722651,8.186524,2.218210,6.684401,2.274198
COMBO_044_R14,6.671846,4.607079,4.586636,4.579061,7.996045,3.802378,8.085991,4.716531,7.986557,6.533256,8.023763,8.038896,7.618864,4.749558,7.977421,8.155398,6.823723,7.794216,6.171497,7.946388,7.130860,6.519929,6.285341,7.731413,7.479235,8.666311,7.284633,6.385338,6.799284,7.725573,6.929266,5.960187,7.701260,7.154411,9.766658,5.592924,5.361343,6.527867,6.781367,7.149387,7.270492,7.021606,7.177228,6.484592,7.327906,7.182315,7.191001,6.270246,6.654767,6.280190,7.042277,7.587160,6.647864,7.080749,6.959526,6.556372,8.064586,7.632290,9.529073,7.748389,8.524532,8.507547,9.837898,8.026707,8.376016,10.353335,7.744645,8.333351,8.755598,8.812434,8.401280,8.270802,7.904785,8.104186,7.783486,8.678050,7.410940,7.454565,8.682840,8.708711,7.351883,8.550455,8.286927,8.781711,8.667948,7.903182,7.496397,8.547976,7.160287,8.364790,8.756989,9.371362,9.453145,8.851592,8.225222,7.825219,8.350348,8.539088,8.448194,8.547182,6.383409,9.132162,7.389903,8.098340,8.397311,10.439611,8.777832,7.801643,8.091642,8.196751,8.128735,8.876975,8.080691,8.401234,7.920449,8.350742,9.557448,7.931289,7.198877,8.417510,8.749362,8.578063,8.522164,2.288470,8.595318,4.790434,8.460280,5.818839,0.461898,8.839534,8.217779,1.925848,3.299562,0.000000,4.978527,2.399055,5.005836,8.374275,3.954652,8.451022,2.191700,4.829851,5.165162,1.887228,8.781421,8.221648,8.580214,2.153909,4.857182,2.219773
COMBO_044_R15,8.763835,6.972632,6.731169,5.375726,7.272527,6.353890,9.250996,6.709044,7.432451,8.527862,7.842053,7.614044,7.472535,5.330684,7.604594,7.521621,8.659574,8.940647,8.629407,7.376867,6.855560,8.873566,8.472378,8.971122,8.644311,7.715406,8.879325,8.630079,8.889793,8.945325,9.080881,8.682371,9.370766,9.244133,10.053044,7.430507,6.402573,8.823397,9.028155,9.295903,9.103941,9.211088,9.507423,8.866533,9.260913,9.259910,9.200013,8.799523,8.757304,8.708767,9.392274,9.667645,8.900630,9.200673,8.894585,9.185711,10.172099,9.572709,10.067059,9.854099,6.703910,6.707820,8.734542,6.170268,6.705332,9.149821,6.141040,6.521964,8.696296,8.629224,6.527614,6.552116,6.473650,6.692627,6.620592,6.641626,5.808718,5.671452,8.156212,8.384218,5.641800,7.211186,6.611130,8.372499,6.717977,5.650060,5.872573,6.689944,5.574237,6.690810,8.356758,9.166621,9.225498,8.328079,7.266088,6.992872,7.280408,7.381317,7.583474,7.924137,7.661641,8.655960,7.261429,6.823003,7.144408,7.799570,8.275863,7.077671,7.039271,7.190202,7.397025,7.933281,7.544317,7.793439,6.977269,7.502901,9.170761,6.914754,5.521629,7.481394,8.691123,8.529490,8.291629,6.297154,8.383829,5.783104,8.642517,8.544513,4.683226,8.905615,8.960517,6.122446,6.782130,4.978527,0.000000,6.593263,0.361065,9.224828,6.562343,8.667423,6.253894,5.789179,0.898161,6.066716,8.772414,9.069078,8.361662,6.358397,0.363062,6.273256
COMBO_044_R16,6.728443,4.784656,4.757721,6.117690,8.790686,4.446215,8.170776,5.091037,8.756479,6.735199,8.708329,8.735533,7.760780,6.268159,8.701912,8.894499,7.002120,8.022375,6.116232,8.767116,7.272803,6.424275,6.378392,7.964184,7.719191,9.145392,7.431969,6.420128,6.881279,7.950332,7.013114,6.105885,7.040170,7.385319,10.040056,5.278086,4.908999,6.553837,6.822562,7.271585,7.505020,7.054334,7.089190,6.450965,7.465738,7.415894,7.468639,6.117642,6.948002,6.251918,6.913178,7.828886,6.711023,7.368027,7.170782,6.494221,7.883793,7.678072,9.708371,7.617561,9.158448,9.073667,10.915904,8.741424,8.983195,11.405849,8.368381,8.976835,9.405326,9.475210,9.067882,8.887179,8.608932,8.828365,8.433576,9.371154,8.029469,8.212398,9.798284,9.399244,8.095529,9.034647,8.818976,9.482454,9.329608,8.599715,8.148924,9.199198,7.909749,8.974470,9.890466,9.904332,10.091116,9.969292,9.453326,9.344048,9.817033,9.994653,9.797911,8.897866,6.705973,10.236591,8.043371,9.513130,9.929352,11.949893,9.929060,9.292290,9.568539,9.632173,9.472878,10.138378,9.402473,9.581521,9.412569,9.708336,10.131915,9.399156,8.818212,8.992766,8.749993,8.963760,8.467723,1.879175,9.041901,4.358665,8.854302,4.399181,2.753022,8.812629,8.592073,1.774253,2.338111,2.399055,6.593263,0.000000,6.646683,8.549427,3.760230,8.787384,1.841901,4.409377,6.809347,1.820821,8.754245,8.553354,8.523767,1.084020,6.483104,1.127436
COMBO_044_R17,8.710812,6.897833,6.718873,5.312831,7.340581,6.304792,9.201257,6.691139,7.499902,8.434791,7.913612,7.676465,7.540058,5.276292,7.676067,7.574770,8.580687,8.887014,8.559385,7.438271,6.952626,8.835692,8.404121,8.900618,8.572608,7.831988,8.816014,8.567319,8.824369,8.902122,9.028489,8.674241,9.513051,9.175489,10.203977,7.674368,6.572762,8.762629,8.974983,9.223990,9.037520,9.170589,9.483730,8.812352,9.228363,9.168734,9.103754,8.743363,8.652658,8.644015,9.368062,9.603604,8.837347,9.117922,8.826077,9.137057,10.197204,9.578333,10.216992,9.793276,6.697200,6.697053,8.597145,6.165477,6.688930,9.009501,6.061605,6.534124,8.805433,8.743662,6.528495,6.557166,6.385860,6.590732,6.529273,6.641432,5.765851,5.581189,8.004667,8.517114,5.549563,7.160003,6.614259,8.493820,6.711505,5.669149,5.844660,6.678726,5.486057,6.675861,8.192308,9.134806,9.148372,8.170673,7.119510,6.803327,7.100790,7.200484,7.397783,7.822767,7.569178,8.508684,7.336014,6.646018,6.959481,7.670333,8.115313,6.887159,6.850398,6.999160,7.216760,7.772195,7.364837,7.621400,6.782878,7.314993,9.117778,6.732354,5.320341,7.389620,8.784450,8.587498,8.412033,6.328460,8.451815,5.898646,8.682881,8.674585,4.701054,8.965608,9.015341,6.169861,6.902201,5.005836,0.361065,6.646683,0.000000,9.297194,6.555142,8.706254,6.292085,5.907591,0.554612,6.119044,8.841387,9.123568,8.481748,6.403432,0.492995,6.316777
COMBO_044_R18,5.788359,7.724533,7.639087,8.084533,6.072361,7.625669,5.041181,7.327113,6.028963,6.635226,5.445307,5.972496,8.777137,8.206564,5.655173,6.365617,6.050321,5.139019,6.668975,6.052846,8.745022,5.999090,6.193274,5.542190,5.662020,5.649159,5.548068,6.122533,6.118693,4.851165,7.926219,5.303954,8.964355,7.006379,6.074092,8.803896,8.617053,7.892004,7.844596,8.889020,8.748866,7.607057,7.579517,7.779005,7.333005,8.410974,8.324308,7.877872,8.003853,8.092867,7.282286,8.186147,8.177858,7.415003,8.033080,8.415603,6.416665,6.372291,6.489333,9.322727,10.626665,10.754174,7.795923,10.436677,10.810645,8.481911,11.130942,10.283554,4.637418,4.900708,10.482927,10.390410,11.535819,11.809898,11.569691,10.549256,10.675859,11.170075,7.780059,5.161128,11.120267,11.343898,10.379911,5.287719,10.635613,10.473816,10.603685,10.559591,11.023734,10.822270,10.085854,7.338260,7.650654,10.337653,10.679499,10.215620,10.731962,10.450515,10.408491,10.978322,11.523079,10.297207,7.106240,10.507983,10.827356,12.088636,10.094767,10.190893,10.504199,10.400666,10.596199,11.141157,10.220144,10.777294,10.259816,10.246421,7.520136,10.514082,10.699973,11.092569,4.279766,2.936347,5.339884,8.836340,3.081965,8.678753,2.738680,9.668523,8.394362,4.934300,1.697229,8.691439,8.810551,8.374275,9.224828,8.549427,9.297194,0.000000,7.683318,2.087688,8.847166,8.686849,9.474901,8.667119,5.099525,1.517343,5.135268,8.728085,9.087970,8.651861
COMBO_044_R19,6.273498,5.458761,5.977553,6.409805,8.741304,4.919854,7.570377,5.909761,8.793642,6.328026,8.738912,8.802152,8.608216,6.503075,8.708503,8.914430,6.456139,7.431399,5.929170,8.703730,8.042684,6.197246,6.063602,7.231574,7.504656,9.274936,6.885820,6.089968,6.304962,7.267003,6.817270,5.141809,8.126426,6.519194,10.179812,6.067066,5.614667,6.512192,6.654738,6.655054,7.272495,6.813783,6.867817,6.434845,7.072276,6.551076,6.596061,6.275994,6.150255,6.387258,6.862221,7.027530,6.597701,6.605251,6.907199,6.453611,7.440855,7.239867,10.003033,7.288654,10.009483,10.000378,10.539572,9.536322,9.918445,11.107275,9.221835,9.786066,9.436092,9.576811,9.877626,9.740056,9.263695,9.469033,9.250469,10.150387,8.710131,8.795055,9.600751,9.573662,8.690658,10.111799,9.707670,9.672231,10.134910,9.570691,9.085462,9.982479,8.432578,9.915724,9.684832,10.069746,9.987192,9.756111,9.508463,9.442201,9.940913,9.941588,9.653057,9.769900,7.574384,10.011086,8.564278,9.514409,10.050964,11.800950,9.698047,9.355053,9.648105,9.541370,9.558735,10.131749,9.374249,9.571354,9.438634,9.561671,10.255825,9.545288,9.060140,10.095561,8.440229,8.149717,8.449150,3.626208,8.224353,5.094629,7.996611,5.778186,4.179468,8.544872,7.610784,3.559627,4.028262,3.954652,6.562343,3.760230,6.555142,7.683318,0.000000,8.022301,3.645641,5.184624,6.694956,3.574838,8.548013,7.519141,8.449464,3.809800,6.388323,3.887835
COMBO_044_R20,6.059433,7.592751,7.620431,7.957114,4.713606,7.653617,4.680479,7.376762,4.673002,6.628150,4.167441,4.602652,7.738099,8.055423,4.345568,4.920636,6.095344,4.865847,6.878790,4.713202,7.883488,6.402451,6.377160,5.289741,5.304627,4.554454,5.534643,6.340435,6.321898,4.700492,8.297750,6.061024,8.970544,7.245404,6.847871,9.520461,8.586830,8.198563,8.218497,9.139919,9.005257,8.071531,8.186100,8.137459,7.839522,8.557728,8.423826,8.209325,8.056865,8.365551,7.830061,8.485229,8.477968,7.536403,8.277099,8.844877,7.343309,7.171004,7.323158,9.538951,9.223026,9.404384,6.144198,9.067844,9.450770,6.743298,9.925383,8.942569,3.889981,4.073903,9.095335,9.030341,10.330588,10.591890,10.380706,9.101807,9.514210,10.036565,6.635886,4.349643,9.997389,10.008837,9.018670,4.322916,9.202473,9.260989,9.470483,9.116219,9.887968,9.468453,9.144288,6.245679,6.621304,9.408792,9.686439,9.206810,9.727206,9.424508,9.413184,9.660706,10.964017,9.392960,6.041053,9.586060,9.824417,11.003478,9.162932,9.246035,9.495722,9.372623,9.632760,10.180716,9.285746,9.843032,9.270309,9.213902,6.313231,9.507984,9.658815,9.775652,3.431579,1.775913,4.433709,8.937541,1.872587,8.398489,1.803601,9.949664,8.419248,3.890639,2.457555,8.861248,9.085506,8.451022,8.667423,8.787384,8.706254,2.087688,8.022301,0.000000,8.955661,8.394799,8.822288,8.838310,4.045838,2.525200,4.272963,8.855720,8.544169,8.751140
COMBO_044_R21,6.791787,4.723564,5.111195,6.026639,8.565643,4.425634,8.117365,5.385916,8.529256,6.705740,8.525145,8.547920,7.480963,6.200034,8.489585,8.632800,6.980263,7.930031,6.219886,8.515239,6.864750,6.565297,6.439069,7.845874,7.774972,9.023958,7.407987,6.506339,6.892156,7.867347,6.906346,6.257646,6.973537,7.228744,10.347453,5.562420,4.781493,6.579749,6.724599,7.034104,7.291864,6.995946,7.072229,6.506204,7.406832,7.129929,7.171423,6.227515,6.791820,6.288730,6.938464,7.599915,6.566297,7.197429,7.012563,6.448715,8.067751,7.740739,10.071161,7.612674,8.768842,8.735237,10.755685,8.362824,8.592125,11.175804,7.984946,8.572927,9.411295,9.465709,8.671233,8.486513,8.040973,8.239942,7.892556,8.999522,7.681322,7.852497,9.635675,9.361148,7.736025,8.653378,8.492766,9.450931,8.946427,8.264866,7.797339,8.832145,7.364063,8.570408,9.410654,9.649541,9.821452,9.463623,8.882026,8.876478,9.372424,9.491849,9.283224,8.606146,6.065960,9.731320,7.750361,9.035211,9.500158,11.531216,9.431100,8.834704,9.133417,9.109384,9.016977,9.574964,8.947056,9.108776,8.978163,9.198620,9.892529,8.952390,8.251359,8.747847,8.745000,8.896724,8.431119,0.369301,8.975073,4.123879,8.777676,4.361476,2.536054,8.701601,8.655023,0.503760,2.020657,2.191700,6.253894,1.841901,6.292085,8.847166,3.645641,8.955661,0.000000,4.171328,6.461294,0.700725,8.627077,8.624014,8.513005,1.458291,6.122288,1.647604
COMBO_044_R22,7.838508,6.389795,6.312341,7.962189,7.409627,6.170143,8.292646,6.640919,7.467117,7.818086,7.589180,7.495852,5.271140,8.053578,7.540113,7.435163,7.916366,8.289165,7.503558,7.418422,4.426250,7.749529,7.624634,8.320482,8.190571,7.676519,8.090183,7.673974,7.954470,8.245571,8.533204,7.953692,6.164674,8.944755,10.432442,5.804103,2.466530,8.129016,8.387935,8.651948,8.858314,8.597555,8.727270,8.099696,8.878734,8.898734,8.930319,7.832244,8.451428,7.919811,8.548097,9.375567,8.280198,8.850131,8.546442,8.159352,9.305895,9.091244,10.259593,8.902687,7.220816,7.230742,10.635442,6.890408,7.097856,10.871756,6.304922,7.026467,9.204312,9.149669,7.104253,6.941609,6.484498,6.834093,6.520758,7.419165,5.792258,6.396960,10.416164,8.909170,6.276538,7.327814,6.907064,8.942616,7.372957,6.178157,5.915970,7.262773,5.784156,7.107726,9.947132,9.198860,9.687112,9.886561,9.092091,9.516387,9.887656,10.074620,9.893180,7.272524,6.726605,10.115018,6.581183,9.487014,10.034205,11.555738,9.884898,9.545391,9.639557,9.768850,9.508648,10.001006,9.512274,9.412298,9.572365,9.813412,9.394665,9.459619,8.777494,7.466728,7.397221,8.116581,6.774121,4.206311,8.146847,0.169240,8.248682,4.288761,5.008979,7.396181,8.691685,4.349962,3.863333,4.829851,5.789179,4.409377,5.907591,8.686849,5.184624,8.394799,4.171328,0.000000,6.140357,4.370207,7.247925,8.716371,6.890995,4.106126,5.693955,4.031074
COMBO_044_R23,8.715794,6.856483,6.750679,5.329975,7.490580,6.321438,9.196075,6.729147,7.649169,8.383442,8.067056,7.816659,7.656463,5.303439,7.832307,7.695780,8.546705,8.881746,8.539667,7.585299,7.103787,8.858102,8.385835,8.874886,8.511233,8.017368,8.798826,8.561096,8.818590,8.915642,9.021357,8.777153,9.731211,9.152205,10.444166,8.098958,6.862466,8.743923,8.968010,9.186652,9.005650,9.181679,9.519340,8.803326,9.251131,9.112618,9.039840,8.725893,8.576187,8.616043,9.396143,9.585276,8.815418,9.078475,8.795339,9.139984,10.305896,9.656777,10.448799,9.749190,6.614446,6.600488,8.408398,6.103691,6.589779,8.807907,5.901239,6.484361,9.007830,8.949409,6.461512,6.497703,6.241195,6.423013,6.372179,6.567989,5.665884,5.402281,7.802673,8.746860,5.368909,7.007460,6.549493,8.702869,6.627864,5.629076,5.738735,6.599121,5.350020,6.579114,7.991855,9.087371,9.042074,7.980438,6.938588,6.563382,6.860780,6.967465,7.163994,7.633270,7.465007,8.330293,7.487316,6.414057,6.707556,7.453889,7.921783,6.647442,6.603407,6.759989,6.986794,7.565749,7.143615,7.408052,6.533425,7.081382,9.033255,6.494591,5.064459,7.196308,8.950098,8.739656,8.604747,6.485279,8.620369,6.128970,8.815764,8.919142,4.847765,9.082389,9.186520,6.357484,7.179613,5.165162,0.898161,6.809347,0.554612,9.474901,6.694956,8.822288,6.461294,6.140357,0.000000,6.316187,8.968161,9.294762,8.675864,6.554796,0.979335,6.458713
COMBO_044_R24,6.902925,4.820248,5.066036,5.754184,8.480733,4.389995,8.237633,5.279471,8.445645,6.871411,8.448122,8.477176,7.670365,5.926467,8.405940,8.591577,7.118043,8.028997,6.386985,8.428380,7.059363,6.679790,6.560626,7.967342,7.888715,8.898239,7.530344,6.625535,7.032398,7.939735,7.121629,6.200532,7.237845,7.386767,10.109717,5.335884,4.960861,6.803557,6.941899,7.325932,7.540056,7.184506,7.244901,6.717342,7.554911,7.390622,7.423107,6.464499,7.033756,6.533103,7.110049,7.810520,6.811662,7.387538,7.238042,6.698258,8.126807,7.800750,9.870065,7.960067,8.936326,8.918937,10.759902,8.488809,8.782468,11.230133,8.248299,8.723454,9.198458,9.254349,8.817128,8.650615,8.355758,8.564958,8.218101,9.133527,7.944009,8.124867,9.544574,9.146258,8.010311,8.913961,8.663167,9.244991,9.100129,8.414665,8.028951,8.981176,7.654701,8.765979,9.607825,9.806914,9.984188,9.673097,9.068175,8.971792,9.488425,9.604458,9.435810,8.898038,6.556552,9.948771,7.759311,9.148045,9.596419,11.564045,9.631070,8.944508,9.240520,9.231222,9.173156,9.770737,9.101482,9.316202,9.076107,9.338654,10.050972,9.059712,8.286932,8.955702,8.733200,8.812667,8.413749,0.962831,8.856916,4.319092,8.693744,4.649856,2.254731,8.775957,8.473539,0.322450,1.867059,1.887228,6.066716,1.820821,6.119044,8.667119,3.574838,8.838310,0.700725,4.370207,6.316187,0.000000,8.697752,8.448209,8.489250,1.532452,5.942816,1.697330
COMBO_044_R25,6.770429,7.890161,8.128366,9.316735,4.752979,8.417176,4.826719,8.235114,4.684084,7.129673,4.265127,4.534441,5.741321,9.451164,4.407692,4.603310,6.680160,5.164549,7.358369,4.824263,5.723283,7.016078,7.025485,5.625787,5.856727,3.445057,6.062049,6.984018,6.904041,5.143208,8.232537,7.664599,7.170068,7.630266,7.923934,9.282683,7.362000,8.238268,8.162312,9.087661,8.762023,8.081498,8.185434,8.181462,7.921356,8.611660,8.478979,8.192847,8.412303,8.328234,7.833790,8.615730,8.337500,7.885451,8.211093,8.776891,7.719321,7.505553,8.237886,9.423621,7.414519,7.532237,7.399469,7.536384,7.657168,7.481643,8.663816,7.096227,5.382353,5.392183,7.335436,7.189096,8.910133,9.181502,8.979468,7.390014,8.222306,8.943300,7.762938,5.337894,8.912159,8.107798,7.170029,5.320804,7.420335,7.605831,8.059931,7.426158,8.693299,7.628112,9.086989,4.730072,5.649979,9.196974,9.196291,9.417399,9.779679,9.586991,9.493476,8.620656,9.766727,9.150612,5.069948,9.514512,9.974710,10.775503,9.055509,9.467363,9.630666,9.532700,9.576875,9.832871,9.326750,9.567795,9.505623,9.354829,4.957808,9.561781,9.690643,8.854834,2.052782,3.233812,2.571608,8.590923,3.501007,7.290719,3.468269,8.460060,8.798793,0.433245,5.001777,8.692115,8.680475,8.781421,8.772414,8.754245,8.841387,5.099525,8.548013,4.045838,8.627077,7.247925,8.968161,8.697752,0.000000,5.133905,2.405590,8.680009,8.639354,8.610571
COMBO_044_R26,5.328920,7.367177,7.351986,7.678899,6.110579,7.239927,4.648491,6.986527,6.046213,6.186052,5.506042,6.005125,8.868028,7.862713,5.655446,6.382069,5.576888,4.630068,6.263182,6.084913,8.838504,5.579357,5.748076,5.079247,5.348394,5.669868,5.045492,5.675732,5.677500,4.331945,7.525804,5.092512,8.957881,6.609149,5.953497,8.946130,8.629520,7.522167,7.439332,8.413345,8.344526,7.212159,7.176259,7.408789,6.938306,7.998428,7.914703,7.536594,7.607428,7.727994,6.884540,7.790641,7.772174,6.961845,7.633411,8.059094,6.128209,5.984588,6.395069,9.054845,10.615527,10.727219,7.596088,10.434967,10.793584,8.281072,10.939104,10.231330,4.712465,4.981611,10.474711,10.372604,11.349384,11.607120,11.374612,10.561237,10.681197,11.133645,7.363848,5.277300,11.079746,11.276455,10.388729,5.425405,10.633072,10.421810,10.526666,10.560899,10.841540,10.795621,9.793295,7.139074,7.389196,10.053461,10.440293,9.916933,10.447850,10.133650,10.085996,10.858446,11.291839,10.020553,7.196914,10.218691,10.534565,11.858276,9.805321,9.866224,10.215946,10.073269,10.313030,10.840596,9.914148,10.502708,9.952778,9.925878,7.322747,10.246963,10.403118,10.971942,4.362627,2.814083,5.523902,8.614935,3.040884,8.704398,2.356913,9.649462,8.225448,4.969796,0.860595,8.463827,8.722651,8.221648,9.069078,8.553354,9.123568,1.517343,7.519141,2.525200,8.624014,8.716371,9.294762,8.448209,5.133905,0.000000,5.317830,8.723505,8.931297,8.660682
COMBO_044_R27,7.817576,8.121603,7.911038,9.119734,5.027683,8.402338,6.411326,8.024812,4.997934,8.324577,4.624067,4.883994,6.326452,9.179942,4.763270,5.024638,7.887798,6.678433,8.333247,5.132198,6.099619,7.928312,8.012188,7.173322,6.999359,2.841428,7.348492,7.989199,8.114409,6.570136,9.383827,8.296575,6.958855,8.697839,7.127786,8.755096,7.009844,9.315942,9.285055,9.946596,9.981939,9.202960,9.208482,9.217187,9.081094,9.703223,9.608135,9.143481,9.415579,9.352175,8.827451,9.711732,9.467104,8.995033,9.437980,9.845058,8.609371,8.479407,7.506614,10.271414,7.309288,7.407609,8.133036,7.355117,7.563013,8.341920,8.719748,6.898993,4.909469,4.853355,7.174984,7.065117,9.242760,9.556569,9.265570,7.240110,8.364631,9.131694,8.164692,4.748927,9.085837,8.193278,7.011778,4.749021,7.305097,7.555741,8.074430,7.303223,8.855958,7.579830,10.444715,6.402114,7.363874,10.560956,10.348286,10.399984,10.778063,10.614260,10.611018,8.700126,10.447491,10.582393,5.766320,10.545412,10.897811,11.373464,10.423218,10.484715,10.613779,10.524818,10.686061,11.018093,10.497553,10.812879,10.487689,10.453576,6.589912,10.521375,10.305936,8.761721,1.381580,3.480894,1.041811,8.522613,3.485347,6.918981,3.933784,8.319970,8.603438,2.703926,5.161017,8.513095,8.186524,8.580214,8.361662,8.523767,8.481748,5.135268,8.449464,4.272963,8.513005,6.890995,8.675864,8.489250,2.405590,5.317830,0.000000,8.511226,8.293214,8.359103
COMBO_044_R28,6.905268,4.944755,5.079091,6.296897,8.572285,4.572763,8.221015,5.407331,8.544301,6.836747,8.510460,8.548432,7.405931,6.442946,8.514060,8.643994,7.102506,8.082075,6.303109,8.521499,6.853851,6.655710,6.540537,7.991992,7.825218,9.069710,7.541035,6.611402,7.019219,8.015902,7.149188,6.333113,6.965826,7.432452,10.398394,5.412296,4.748093,6.700592,6.969739,7.327203,7.565507,7.220165,7.297551,6.618350,7.615124,7.406830,7.441652,6.300578,6.939456,6.399375,7.141580,7.847424,6.831399,7.381356,7.260466,6.581781,8.149070,7.904797,10.095470,7.710562,8.768067,8.736945,10.811993,8.358333,8.580466,11.247655,8.104383,8.607145,9.445708,9.500751,8.671794,8.496327,8.205248,8.419491,8.044015,8.987584,7.654078,7.837240,9.760009,9.397866,7.717404,8.670185,8.475485,9.468758,8.941926,8.284299,7.801723,8.831296,7.531421,8.572575,9.640524,9.728399,9.921353,9.703374,9.130322,9.032125,9.525450,9.743365,9.544325,8.659900,6.296348,9.958185,7.696740,9.249725,9.652411,11.654619,9.663638,9.008797,9.281689,9.378196,9.169768,9.846219,9.114325,9.265970,9.137504,9.456564,9.958592,9.095329,8.524193,8.728336,8.782064,8.993854,8.426050,1.539429,9.061189,4.060174,8.898640,4.354789,2.536385,8.747576,8.748230,1.515096,2.218210,2.153909,6.358397,1.084020,6.403432,8.728085,3.809800,8.855720,1.458291,4.106126,6.554796,1.532452,8.680009,8.723505,8.511226,0.000000,6.236829,0.631246
COMBO_044_R29,8.592191,6.916955,6.752718,5.377482,7.129315,6.321291,9.065388,6.728814,7.291922,8.336142,7.697609,7.472006,7.310689,5.343324,7.460599,7.379983,8.473533,8.753155,8.458776,7.228853,6.698073,8.716350,8.307686,8.764545,8.506592,7.658095,8.700960,8.460470,8.688162,8.759653,8.862587,8.480693,9.265202,9.024898,10.069918,7.296713,6.309696,8.623644,8.814645,9.109613,8.870263,8.996565,9.303304,8.672035,9.037516,9.029875,8.965753,8.619571,8.551406,8.518375,9.206416,9.432639,8.684305,8.986033,8.666685,8.972514,9.981751,9.372479,10.084003,9.683484,6.718970,6.733696,8.671722,6.170661,6.725275,9.082665,6.196613,6.539627,8.641104,8.583354,6.542021,6.557770,6.412192,6.631000,6.579615,6.661904,5.745725,5.621960,8.137362,8.332541,5.595572,7.221833,6.620543,8.327041,6.735964,5.673691,5.903404,6.695280,5.537994,6.702277,8.121269,8.994615,9.035835,8.084456,7.027893,6.798809,7.091559,7.200565,7.381866,7.979159,7.470327,8.409397,7.070533,6.619276,6.975734,7.705709,8.036798,6.880117,6.849806,7.004567,7.182146,7.712612,7.319187,7.557554,6.786084,7.303271,9.012278,6.717944,5.392760,7.570510,8.605930,8.400050,8.221986,6.163724,8.261895,5.691487,8.506057,8.408902,4.569057,8.764339,8.824304,5.998683,6.684401,4.857182,0.363062,6.483104,0.492995,9.087970,6.388323,8.544169,6.122288,5.693955,0.979335,5.942816,8.639354,8.931297,8.293214,6.236829,0.000000,6.178303
COMBO_044_R30,6.869990,4.616999,4.692833,6.108222,8.602300,4.292818,8.191327,5.045619,8.571446,6.843306,8.528185,8.570854,7.482580,6.244277,8.544694,8.672100,7.093455,8.063623,6.276014,8.547256,6.889879,6.600451,6.491636,8.012302,7.677993,8.936054,7.511393,6.571999,7.048823,7.996993,7.258268,6.381350,7.050182,7.558501,10.159729,5.621885,4.743927,6.799839,7.065442,7.458166,7.726120,7.319149,7.389493,6.709634,7.733127,7.581788,7.619394,6.358962,7.083371,6.486459,7.179449,8.045713,6.938539,7.538760,7.378624,6.747422,8.233729,7.978692,9.852813,7.798322,8.659040,8.612670,10.667996,8.276381,8.457855,11.117887,7.909729,8.501593,9.322434,9.368229,8.561031,8.398078,8.198421,8.420286,8.012467,8.877266,7.607898,7.798197,9.560662,9.282766,7.670105,8.551256,8.362052,9.339452,8.831340,8.145729,7.620226,8.729786,7.477421,8.470516,9.780871,9.757173,9.966301,9.863273,9.284516,9.155431,9.659152,9.822362,9.643987,8.339066,6.544915,10.123549,7.805753,9.358259,9.763777,11.749844,9.807185,9.135138,9.404704,9.462190,9.330412,10.002781,9.276590,9.456914,9.252801,9.550043,9.954575,9.229944,8.545629,8.425900,8.630932,8.910175,8.281556,1.680927,8.976272,3.970562,8.824642,4.540617,2.565298,8.682591,8.682075,1.657250,2.274198,2.219773,6.273256,1.127436,6.316777,8.651861,3.887835,8.751140,1.647604,4.031074,6.458713,1.697330,8.610571,8.660682,8.359103,0.631246,6.178303,0.000000
