#Frame    LIGAND_RMSD
       1       0.0000
       2       1.2942
       3       1.7625
       4       1.2142
       5       0.7258
       6       0.9880
       7       0.5900
       8       1.6014
       9       0.7539
      10       0.8884
      11       1.5956
      12       1.6898
      13       2.0747
      14       2.6992
      15       2.7421
      16       3.2020
      17       4.0744
      18       4.3986
      19       4.0605
      20       4.2191
      21       4.0671
      22       3.5343
      23       4.0336
      24       3.9544
      25       3.5889
      26       4.0842
      27       3.1935
      28       3.6563
      29       3.0307
      30       2.8276
      31       2.4617
      32       3.6165
      33       2.1649
      34       1.9066
      35       2.6008
      36       2.1365
      37       2.7137
      38       3.0501
      39       2.4712
      40       2.5995
      41       1.8070
      42       2.4700
      43       2.9774
      44       3.3228
      45       2.8001
      46       3.2730
      47       2.6399
      48       2.8066
      49       2.6442
      50       2.5720
      51       2.6735
      52       2.8556
      53       2.8457
      54       2.3541
      55       3.0888
      56       3.0256
      57       2.3026
      58       2.1468
      59       2.2462
      60       2.5406
      61       2.3087
      62       2.6012
      63       2.8742
      64       2.6605
      65       2.9573
      66       3.4309
      67       2.3089
      68       2.4361
      69       2.7021
      70       2.4419
      71       2.5464
      72       3.0172
      73       1.9648
      74       2.5622
      75       3.2486
      76       3.1180
      77       3.6616
      78       3.3949
      79       4.2794
      80       3.8877
      81       4.6569
      82       3.7520
      83       3.0594
      84       3.0698
      85       3.3385
      86       3.7544
      87       3.5101
      88       1.7426
      89       2.6404
      90       2.7439
      91       3.8943
      92       3.3367
      93       3.9889
      94       4.9254
      95       4.6224
      96       4.4687
      97       4.6548
      98       4.3638
      99       4.6216
     100       4.1783
     101       4.3820
     102       3.8027
     103       4.1662
     104       4.0996
     105       4.5211
     106       4.5579
     107       4.1944
     108       4.9278
     109       5.6395
     110       5.4382
     111       4.6702
     112       4.4720
     113       5.4929
     114       5.6831
     115       5.0725
     116       4.5329
     117       4.8625
     118       3.9272
     119       3.6057
     120       3.5042
     121       4.0955
     122       2.3583
     123       2.8524
     124       3.1539
     125       3.3956
     126       3.7791
     127       4.6838
     128       4.8782
     129       4.2126
     130       5.0699
     131       4.9964
     132       4.6543
     133       5.4715
     134       4.1056
     135       4.8430
     136       4.7200
     137       5.3071
     138       5.0587
     139       4.9387
     140       5.0249
     141       4.7901
     142       5.3412
     143       5.8193
     144       5.7312
     145       5.8676
     146       4.9812
     147       4.5234
     148       3.8647
     149       3.8280
     150       3.5087
     151       3.1521
     152       3.3002
     153       4.2917
     154       3.4442
     155       3.2659
     156       3.9466
     157       3.9999
     158       4.5792
     159       4.4049
     160       3.3825
     161       2.2566
     162       2.8402
     163       3.1817
     164       3.7234
     165       3.3274
     166       3.9808
     167       3.6361
     168       4.7528
     169       4.8478
     170       5.2512
     171       6.1845
     172       5.6864
     173       5.4757
     174       5.8869
     175       6.0440
     176       5.3703
     177       5.0370
     178       4.9979
     179       4.4096
     180       3.4742
     181       3.1654
     182       2.6492
     183       2.7901
     184       2.8256
     185       3.4783
     186       3.8101
     187       5.0739
     188       4.9271
     189       4.9463
     190       4.7060
     191       5.3107
     192       4.3638
     193       4.3030
     194       4.5515
     195       4.8246
     196       4.9485
     197       5.5527
     198       5.0776
     199       5.0121
     200       4.9486
     201       4.2676
     202       4.4516
     203       5.1231
     204       4.8855
     205       4.8835
     206       4.5623
     207       4.8088
     208       3.9363
     209       4.0162
     210       4.0147
     211       4.3197
     212       3.9953
     213       4.2271
     214       4.8102
     215       5.1398
     216       6.2934
     217       5.6775
     218       5.3276
     219       5.5941
     220       5.1435
     221       5.2421
     222       5.4815
     223       5.0242
     224       4.7484
     225       5.1319
     226       5.4875
     227       4.9096
     228       4.9017
     229       5.5812
     230       4.7573
     231       5.5239
     232       5.5614
     233       5.6285
     234       5.7017
     235       4.7819
     236       4.4571
     237       4.0612
     238       3.7869
     239       5.1304
     240       5.2423
     241       5.3066
     242       5.8678
     243       6.2384
     244       5.7383
     245       5.7756
     246       5.5891
     247       5.4280
     248       5.7617
     249       5.8053
     250       5.8300
     251       6.0497
     252       5.9367
     253       6.1520
     254       6.5834
     255       6.7316
     256       6.2200
     257       5.9896
     258       5.6860
     259       5.0098
     260       5.1460
     261       6.1325
     262       6.2946
     263       6.2307
     264       7.1183
     265       6.5023
     266       6.8099
     267       6.6449
     268       6.2979
     269       5.6592
     270       5.7401
     271       5.9454
     272       6.1646
     273       7.0468
     274       6.4892
     275       6.8106
     276       6.4965
     277       6.0468
     278       5.9740
     279       6.6772
     280       6.4060
     281       6.3241
     282       6.6085
     283       6.1923
     284       7.0942
     285       6.9615
     286       7.1862
     287       7.6493
     288       7.2744
     289       7.2656
     290       7.2670
     291       7.1217
     292       6.9532
     293       6.6264
     294       6.5213
     295       6.9956
     296       6.2307
     297       6.9846
     298       6.7437
     299       7.1589
     300       6.9092
     301       7.2063
     302       6.8380
     303       6.8909
     304       6.1825
     305       5.9131
     306       6.0773
     307       6.4726
     308       6.1329
     309       6.7519
     310       6.3903
     311       6.2750
     312       6.5342
     313       6.4697
     314       6.9662
     315       7.5492
     316       7.9610
     317       7.6465
     318       7.8755
     319       7.8072
     320       8.0614
     321       8.4274
     322       8.2861
     323       8.1649
     324       8.2036
     325       7.9565
     326       7.8951
     327       8.0859
     328       7.9132
     329       7.8255
     330       7.8685
     331       7.9859
     332       8.4671
     333       8.0144
     334       7.9436
     335       7.4652
     336       6.3354
     337       6.9084
     338       6.0826
     339       6.5450
     340       6.5594
     341       6.6584
     342       6.6572
     343       6.2627
     344       6.6682
     345       6.4123
     346       6.6233
     347       7.1525
     348       6.2548
     349       6.5027
     350       6.9884
     351       6.6280
     352       6.3762
     353       6.4325
     354       6.7759
     355       6.8301
     356       6.6225
     357       7.3353
     358       7.2379
     359       7.8331
     360       8.1996
     361       7.7961
     362       8.0614
     363       8.3767
     364       8.4464
     365       8.7559
     366       8.5065
     367       9.2620
     368       8.5411
     369       8.6879
     370       8.6300
     371       8.7175
     372       9.0254
     373       8.9440
     374       8.8523
     375       8.8591
     376       8.7955
     377       8.2979
     378       7.6685
     379       7.7170
     380       7.4651
     381       8.0622
     382       7.6539
     383       8.4779
     384       8.5808
     385       8.4453
     386       8.8839
     387       9.1274
     388       9.1374
     389       9.0338
     390       9.4395
     391       8.8561
     392       8.7454
     393       8.5950
     394       8.3945
     395       8.8071
     396       8.7848
     397       8.0160
     398       8.0894
     399       8.4895
     400       7.6377
     401       7.6830
     402       7.7206
     403       7.6845
     404       7.7528
     405       7.9096
     406       7.8426
     407       7.3647
     408       7.7522
     409       7.4544
     410       7.0824
     411       6.8789
     412       6.8737
     413       6.1107
     414       6.3363
     415       6.8234
     416       6.6881
     417       6.4792
     418       6.1148
     419       6.5649
     420       6.5719
     421       6.7014
     422       6.3730
     423       5.8537
     424       5.8864
     425       5.7958
     426       6.2384
     427       6.7811
     428       7.5363
     429       7.5966
     430       7.0488
     431       7.9076
     432       7.3233
     433       7.8290
     434       7.8210
     435       7.8144
     436       7.9348
     437       7.0115
     438       7.8627
     439       7.8130
     440       8.1478
     441       7.6470
     442       7.5124
     443       7.8900
     444       5.8414
     445       6.0132
     446       5.5782
     447       5.2273
     448       5.3785
     449       5.5220
     450       5.4273
     451       5.0749
     452       5.6826
     453       6.4017
     454       6.5541
     455       6.3704
     456       6.6761
     457       7.0233
     458       6.4236
     459       7.3884
     460       6.7552
     461       7.1268
     462       7.2204
     463       7.8264
     464       7.9826
     465       8.2618
     466       8.2888
     467       8.2740
     468       8.3334
     469       8.2270
     470       8.2274
     471       7.7776
     472       7.8950
     473       7.7804
     474       7.9846
     475       8.0676
     476       7.6664
     477       7.4632
     478       7.8828
     479       7.7157
     480       7.7575
     481       7.9944
     482       7.7820
     483       7.5294
     484       7.6622
     485       7.7662
     486       7.7855
     487       7.6666
     488       7.7360
     489       7.4529
     490       7.5939
     491       7.6761
     492       7.5886
     493       7.3957
     494       7.1389
     495       6.9330
     496       6.9250
     497       7.1845
     498       7.3656
     499       7.6421
     500       7.4281
     501       7.4083
     502       7.8221
     503       7.9686
     504       8.0715
     505       8.2152
     506       8.0090
     507       7.9700
     508       8.0677
     509       8.1338
     510       8.4708
     511       8.3814
     512       8.4929
     513       8.4661
     514       8.0923
     515       8.4857
     516       8.2074
     517       8.0431
     518       8.8966
     519       9.4024
     520       9.9164
     521       9.6981
     522       9.2756
     523       9.4050
     524       9.2710
     525       9.3015
     526       9.0782
     527       9.0132
     528       9.4982
     529       9.3797
     530       9.3233
     531       9.5546
     532       9.3359
     533       9.4138
     534       9.1944
     535       9.1765
     536       9.0840
     537       9.4974
     538       9.4633
     539       9.4625
     540       9.0039
     541       9.1404
     542       8.9865
     543       9.2078
     544       9.1307
     545       9.3284
     546       9.4029
     547       9.2193
     548       9.0863
     549       9.3526
     550       9.5614
     551       9.2353
     552       9.1071
     553       9.2371
     554       9.4668
     555       9.5028
     556       9.5801
     557       9.3948
     558       8.8550
     559       9.2085
     560       9.5833
     561       9.4730
     562       9.1863
     563       9.6250
     564       9.5129
     565       9.7023
     566       9.6558
     567       9.6868
     568       9.6511
     569       9.2186
     570       9.4438
     571       9.6572
     572       9.6988
     573       9.3550
     574       9.4787
     575       9.2774
     576       9.5444
     577       9.6522
     578       9.5246
     579       9.3941
     580       9.4012
     581       9.3948
     582       9.2829
     583       9.3871
     584       9.2495
     585       9.2641
     586       9.1039
     587       9.2881
     588       9.3034
     589       9.3283
     590       9.3849
     591       9.4883
     592       9.4969
     593       9.5668
     594       9.4820
     595       9.5545
     596       9.3814
     597       9.5963
     598       9.8551
     599       9.3921
     600       9.3533
     601       9.7257
     602       9.3330
     603       9.6159
     604       9.3787
     605       9.5973
     606       9.9202
     607       9.6192
     608       9.4705
     609       9.1866
     610       9.4624
     611       9.4076
     612       9.3635
     613       9.3948
     614       9.3730
     615       9.4369
     616       9.2583
     617       9.5294
     618       9.4497
     619       9.5474
     620       9.4433
     621       9.3311
     622       9.4224
     623       9.1578
     624       9.2904
     625       9.5082
     626       9.2476
     627       9.3832
     628       9.2143
     629       9.2187
     630       9.6110
     631       9.7047
     632       9.4349
     633       9.3401
     634       9.1741
     635       9.3555
     636       9.3999
     637       9.4411
     638       9.4649
     639       9.3177
     640       9.5331
     641       9.2777
     642       9.3269
     643       9.4655
     644       9.4391
     645       9.4064
     646       9.3964
     647       9.6401
     648       9.7215
     649       9.3199
     650       9.6011
     651       9.2328
     652       9.1150
     653       9.0627
     654       9.2342
     655       9.4305
     656       8.9799
     657       9.3449
     658       9.3657
     659       9.4353
     660       9.6526
     661       9.4300
     662       9.3468
     663       9.1687
     664       8.9665
     665       9.2222
     666       9.0770
     667       9.1023
     668       9.0157
     669       9.1211
     670       9.3095
     671       9.2390
     672       9.4990
     673       9.5438
     674       9.2452
     675       9.1407
     676       9.4969
     677       9.4351
     678       9.5072
     679       9.5654
     680       9.6508
     681       9.4264
     682       9.6398
     683       9.6408
     684       9.7078
     685       9.7453
     686       9.5381
     687       9.6249
     688       9.9437
     689       9.5966
     690       9.7768
     691       9.3993
     692       9.4122
     693       9.1613
     694       9.4581
     695       9.2728
     696       9.1401
     697       9.3984
     698       9.3626
     699       9.4826
     700       9.5308
     701       9.4613
     702       9.3762
     703       9.5996
     704       9.2511
     705       9.2109
     706       9.0710
     707       8.9898
     708       9.1701
     709       9.3872
     710       9.0418
     711       9.1152
     712       8.9525
     713       8.8822
     714       8.8893
     715       9.1111
     716       8.9072
     717       9.2355
     718      10.1301
     719       9.8797
     720      10.1086
     721       9.9112
     722      10.2499
     723      10.1007
     724      10.2065
     725      10.2811
     726      10.1902
     727      10.1110
     728       9.8314
     729       9.9776
     730       9.7354
     731       9.9104
     732      10.3178
     733      10.3237
     734       9.7653
     735       9.8246
     736       9.8806
     737       9.6882
     738       9.7014
     739       9.5668
     740       9.6559
     741       9.5388
     742       9.4605
     743       9.6035
     744       9.4106
     745       9.6744
     746       9.4277
     747       9.4738
     748       9.9269
     749       9.9045
     750       9.6389
     751       9.4230
     752       9.3371
     753       9.3968
     754       9.4289
     755       9.2590
     756       9.5550
     757       9.4884
     758       9.6362
     759       9.6662
     760       9.7334
     761       9.5268
     762       9.4117
     763       9.6241
     764       9.9260
     765       9.7683
     766       9.7536
     767       9.6468
     768       9.3626
     769       9.9382
     770       9.3914
     771       9.7909
     772       9.6513
     773       9.7324
     774       9.5995
     775       9.8039
     776       9.8993
     777       9.7792
     778       9.7907
     779       9.6811
     780       9.8024
     781       9.5295
     782       9.7512
     783       9.5378
     784       9.6540
     785       9.3369
     786       9.4728
     787       9.5681
     788       9.4241
     789       9.4370
     790       9.6748
     791       9.7357
     792       9.7525
     793       9.6536
     794       9.7468
     795       9.7990
     796       9.8733
     797       9.9019
     798       9.4216
     799       9.5577
     800       9.8373
     801       9.7919
     802       9.6592
     803       9.7080
     804       9.6796
     805       9.6303
     806       9.5669
     807       9.6573
     808       9.4318
     809       9.4056
     810       9.3448
     811       9.4835
     812       9.4262
     813       9.6778
     814       9.7280
     815       9.6119
     816       9.7312
     817       9.8089
     818       9.7862
     819       9.4853
     820       9.5894
     821       9.4839
     822       9.7700
     823       9.6577
     824       9.4961
     825       9.8739
     826       9.4747
     827      10.0274
     828       9.8363
     829       9.8491
     830       9.8980
     831      10.0297
     832       9.9081
     833       9.9780
     834       9.9775
     835       9.7609
     836       9.8276
     837       9.8397
     838       9.7203
     839       9.7075
     840       9.6964
     841       9.6581
     842       9.5410
     843       9.5516
     844       9.6543
     845       9.7820
     846       9.6418
     847       9.5426
     848       9.4039
     849       9.5271
     850       9.5363
     851       9.4942
     852       9.4363
     853       9.5573
     854       9.5247
     855       9.4127
     856       9.4667
     857       9.2789
     858       9.6148
     859       9.5729
     860       9.6675
     861       9.5862
     862       9.4691
     863       9.7835
     864       9.6098
     865       9.5169
     866       9.4206
     867       9.5422
     868       9.3468
     869       9.4624
     870       9.4011
     871       9.2324
     872       9.4906
     873       9.4807
     874       9.4721
     875       9.5004
     876       9.4689
     877       9.7057
     878       9.5874
     879       9.6523
     880       9.5045
     881       9.7459
     882       9.5348
     883       9.6969
     884       9.6950
     885       9.4311
     886       9.5959
     887       9.4804
     888       9.2667
     889       9.2494
     890       9.3237
     891       9.2835
     892       9.5008
     893       9.6992
     894       9.8232
     895       9.7676
     896       9.8095
     897       9.7334
     898       9.4397
     899       9.5682
     900       9.6614
     901       9.5230
     902       9.5135
     903       9.5896
     904       9.5975
     905       9.6810
     906      10.0156
     907       9.9019
     908       9.6141
     909       9.5847
     910       9.4817
     911       9.7275
     912       9.5598
     913       9.3169
     914       9.4916
     915       9.3476
     916       9.4339
     917       9.7458
     918       9.5148
     919       9.2331
     920       9.8515
     921      10.0173
     922      10.1215
     923       9.7315
     924       9.9115
     925       9.7644
     926       9.7193
     927       9.7446
     928       9.8350
     929      10.1166
     930       9.8018
     931       9.3564
     932       9.6407
     933       9.5736
     934       9.4986
     935       9.4112
     936       9.6726
     937       9.3955
     938       9.1050
     939       9.0964
     940       9.4286
     941       9.1451
     942       9.3186
     943       9.2020
     944       9.3965
     945       9.4034
     946       9.3799
     947       9.3215
     948       9.1562
     949       9.4292
     950       9.3111
     951       9.1263
     952       9.2027
     953       9.3515
     954       9.4633
     955       9.5137
     956       9.3792
     957       9.4494
     958       9.5121
     959       9.5083
     960       9.3264
     961       9.5355
     962       9.7468
     963       9.5904
     964       9.4855
     965       9.5494
     966       9.5124
     967       9.3188
     968       9.2787
     969       9.5837
     970       9.8317
     971      10.2036
     972      10.2520
     973       9.7426
     974       9.7479
     975       9.9947
     976       9.8252
     977       9.8831
     978       9.7989
     979       9.8295
     980       9.8224
     981       9.9158
     982      10.3085
     983      10.3306
     984      10.8490
     985      10.5069
     986      10.5872
     987      10.6338
     988      10.4668
     989      10.4380
     990      10.2300
     991      10.5626
     992      10.3346
     993      10.3487
     994      10.6737
     995      10.3367
     996      10.3616
     997      10.5183
     998      10.3057
     999      10.2180
    1000       9.7194
    1001       9.6910
    1002      10.1705
    1003      10.4464
    1004      10.3024
    1005      10.2596
    1006      10.3600
    1007       9.6964
    1008       9.9274
    1009       9.8837
    1010      10.0307
    1011      10.5714
    1012       9.8125
    1013      10.4077
    1014      10.2844
    1015      10.3295
    1016      10.3763
    1017      10.1509
    1018      10.3428
    1019      10.3260
    1020      10.0020
    1021      10.3230
    1022      10.2490
    1023      10.3912
    1024      10.2835
    1025      10.0695
    1026      10.3329
    1027      10.6478
    1028      10.3103
    1029      10.2711
    1030      10.2637
    1031      10.0295
    1032      10.2536
    1033      10.2817
    1034      10.5753
    1035      10.2776
    1036      10.6020
    1037      10.6486
    1038      10.8900
    1039      10.9271
    1040      11.0159
    1041      10.8951
    1042      11.1455
    1043      10.9822
    1044      10.8235
    1045      10.5928
    1046      10.8381
    1047      10.8852
    1048      10.5193
    1049      10.4207
    1050      10.3325
    1051      10.6916
    1052      10.5168
    1053      10.5344
    1054      10.3802
    1055      10.0292
    1056       9.8886
    1057      10.4739
    1058      10.5453
    1059      10.6750
    1060      10.9638
    1061      11.0063
    1062      11.2912
    1063      11.1920
    1064      11.2123
    1065      10.7032
    1066      10.5703
    1067      10.3838
    1068      10.2049
    1069      10.5232
    1070      10.8326
    1071      10.9197
    1072      11.5432
    1073      11.5663
    1074      11.5049
    1075      11.3021
    1076      11.2601
    1077      11.3289
    1078      10.9565
    1079      11.0750
    1080      11.2787
    1081      11.0043
    1082      11.2307
    1083      11.1999
    1084      11.4497
    1085      11.2387
    1086      10.7393
    1087      11.2892
    1088      10.9937
    1089      10.8763
    1090      11.1204
    1091      10.9980
    1092      11.2569
    1093      11.0891
    1094      10.6709
    1095      10.7416
    1096      10.8540
    1097      11.2092
    1098      10.8915
    1099      10.9584
    1100      11.2624
    1101      11.1082
    1102      11.2571
    1103      11.1562
    1104      11.2156
    1105      10.6411
    1106      10.4602
    1107      10.9724
    1108      10.9526
    1109      11.1927
    1110      10.8844
    1111      10.9390
    1112      10.8372
    1113      10.1091
    1114      10.5175
    1115       9.9888
    1116      10.0214
    1117      10.2543
    1118      10.2374
    1119      10.4849
    1120      10.5484
    1121      10.4179
    1122      10.5457
    1123      10.5998
    1124      10.6743
    1125      10.8042
    1126      10.7457
    1127      10.7516
    1128      11.2305
    1129      10.7387
    1130      10.5341
    1131      10.7422
    1132      11.0355
    1133      10.9195
    1134      10.8035
    1135      10.4930
    1136      11.1080
    1137      10.6701
    1138      11.1336
    1139      10.8452
    1140      11.0584
    1141      11.1108
    1142      11.2502
    1143      11.1331
    1144      11.1817
    1145      10.8208
    1146      10.9496
    1147      10.6093
    1148      10.8435
    1149      11.1989
    1150      11.0299
    1151      10.9157
    1152      10.9988
    1153       9.3057
    1154       8.5054
    1155       9.6229
    1156       9.8152
    1157       9.9364
    1158      10.0392
    1159      11.0766
    1160      10.6833
    1161      10.8217
    1162      10.6532
    1163      10.7855
    1164      10.2960
    1165      10.2729
    1166      10.1697
    1167      10.1678
    1168      10.1489
    1169      10.3355
    1170       9.8501
    1171      10.3192
    1172      10.1363
    1173       9.8358
    1174      10.1689
    1175      10.3299
    1176      10.0715
    1177       9.9912
    1178       9.8834
    1179       9.6408
    1180       9.6636
    1181       9.6232
    1182       9.8301
    1183       9.8413
    1184       9.9374
    1185      10.4434
    1186      10.5787
    1187      10.0021
    1188      10.1774
    1189      10.0644
    1190      10.0170
    1191       9.9087
    1192       9.7826
    1193      10.0431
    1194       9.6920
    1195       9.8131
    1196       9.9040
    1197       9.8892
    1198       9.4728
    1199       9.4774
    1200      10.0114
    1201      10.4498
    1202      10.5454
    1203      11.0424
    1204      10.3109
    1205      10.6309
    1206      10.2986
    1207      10.2465
    1208      10.5512
    1209      10.2821
    1210      10.4832
    1211      10.4298
    1212      10.1975
    1213       9.6792
    1214      10.0358
    1215      10.3908
    1216      10.2399
    1217      10.5010
    1218      10.2992
    1219       9.8526
    1220       9.4114
    1221       9.6797
    1222       9.8442
    1223       9.5743
    1224      10.3168
    1225       9.9805
    1226       9.9367
    1227      10.6122
    1228      10.2047
    1229      10.6427
    1230      10.0751
    1231       9.9438
    1232      10.4798
    1233      10.1255
    1234      10.0237
    1235      10.0863
    1236      10.1879
    1237      10.5353
    1238      10.1549
    1239       9.9326
    1240      10.2339
    1241      10.2340
    1242      10.3370
    1243       9.7805
    1244       9.8850
    1245       9.9703
    1246       9.2813
    1247       9.5495
    1248       9.5309
    1249       9.7949
    1250       9.5281
    1251       9.2270
    1252       8.9272
    1253       9.0906
    1254       9.0865
    1255       9.0229
    1256       9.1621
    1257       8.6704
    1258       9.1728
    1259       8.9334
    1260       8.7498
    1261       9.4489
    1262       9.1442
    1263       9.2386
    1264       9.4321
    1265       8.9838
    1266       8.9678
    1267       9.1928
    1268       9.0746
    1269       9.3069
    1270       9.5694
    1271       9.5792
    1272       9.3010
    1273       9.3217
    1274       9.3324
    1275       9.3365
    1276       9.1748
    1277       9.1682
    1278       8.9338
    1279       8.8420
    1280       9.0239
    1281       9.2012
    1282       9.3602
    1283       9.2572
    1284       9.0992
    1285       9.2779
    1286       9.2011
    1287       9.2286
    1288       9.5926
    1289       8.9646
    1290       9.1415
    1291       8.7178
    1292       9.4468
    1293       9.0941
    1294       8.8863
    1295       9.1151
    1296       8.4949
    1297       8.9329
    1298       8.4523
    1299       8.3594
    1300       8.3696
    1301       8.5012
    1302       8.5581
    1303       8.6588
    1304       8.6845
    1305       8.8437
    1306       8.9049
    1307       8.9707
    1308       9.0201
    1309       9.1126
    1310       8.8119
    1311       9.2372
    1312       9.3088
    1313       9.3841
    1314       9.3715
    1315       9.1179
    1316       9.3790
    1317       9.3078
    1318       9.3708
    1319       9.3147
    1320       9.7234
    1321       9.5819
    1322       9.3770
    1323       9.4763
    1324       9.2004
    1325       9.7313
    1326       9.6119
    1327       9.2587
    1328       9.1895
    1329       9.5951
    1330       9.5298
    1331       9.3007
    1332       9.2665
    1333       9.3959
    1334       9.0887
    1335       9.2034
    1336       9.4938
    1337       9.3765
    1338       9.3920
    1339       9.1898
    1340       9.3044
    1341       9.2900
    1342       8.7832
    1343       9.2496
    1344       8.8191
    1345       9.1278
    1346       8.6849
    1347       8.7179
    1348       8.5332
    1349       8.3694
    1350       7.8656
    1351       8.1469
    1352       8.3361
    1353       8.5082
    1354       8.6354
    1355       9.1800
    1356       9.0532
    1357       9.2211
    1358       8.7147
    1359       9.0968
    1360       9.4485
    1361       9.4002
    1362       9.1366
    1363       9.3666
    1364       9.4789
    1365       9.2278
    1366       9.4196
    1367       9.2759
    1368       9.0084
    1369       8.6486
    1370       8.4218
    1371       8.8139
    1372       8.7575
    1373       8.8332
    1374       9.1998
    1375       9.0840
    1376       9.2032
    1377       9.1605
    1378       8.5807
    1379       8.5565
    1380       8.5395
    1381       7.8574
    1382       7.5647
    1383       8.0198
    1384       8.0306
    1385       7.4839
    1386       8.0495
    1387       7.5749
    1388       7.1402
    1389       7.6186
    1390       8.1272
    1391       7.2320
    1392       7.2651
    1393       6.8500
    1394       7.0248
    1395       6.9638
    1396       7.0358
    1397       7.1034
    1398       7.3097
    1399       7.2223
    1400       7.5310
    1401       7.8561
    1402       7.7479
    1403       8.8852
    1404       8.4296
    1405       8.1846
    1406       8.3340
    1407       8.1912
    1408       9.2681
    1409       8.6719
    1410       9.5318
    1411       9.0088
    1412       8.6901
    1413       8.8694
    1414       8.6189
    1415       8.7125
    1416       9.5414
    1417       9.5329
    1418       9.7662
    1419       9.2440
    1420       9.7409
    1421       9.7028
    1422       9.7675
    1423       9.7383
    1424      10.0418
    1425       9.2480
    1426       9.6282
    1427       8.4694
    1428       7.7101
    1429       7.9993
    1430       8.4152
    1431       9.8069
    1432       9.6141
    1433      10.3726
    1434      10.1941
    1435      11.1697
    1436      10.7830
    1437      10.2005
    1438      10.6483
    1439      11.1353
    1440      11.0864
    1441      11.1933
    1442      11.3583
    1443      11.3886
    1444      11.7999
    1445      11.5414
    1446      11.5884
    1447      11.2601
    1448      11.5071
    1449      11.6174
    1450      11.7022
    1451      11.9184
    1452      11.8737
    1453      11.9345
    1454      12.0693
    1455      12.1789
    1456      11.8422
    1457      12.0335
    1458      12.1015
    1459      12.1802
    1460      11.9428
    1461      11.8715
    1462      12.0376
    1463      12.1031
    1464      12.2333
    1465      11.7101
    1466      11.9727
    1467      11.7380
    1468      11.9243
    1469      12.1174
    1470      11.7602
    1471      12.0346
    1472      12.2125
    1473      12.6886
    1474      12.6824
    1475      12.3933
    1476      12.3618
    1477      11.9684
    1478      11.7880
    1479      11.3339
    1480      11.1192
    1481      11.2116
    1482      10.8996
    1483      10.8983
    1484      10.4817
    1485      10.9189
    1486      10.7548
    1487      10.2389
    1488      10.7627
    1489      10.3118
    1490      10.5582
    1491      10.2874
    1492      10.3808
    1493      10.4454
    1494      10.4767
    1495      10.6634
    1496      10.7716
    1497      10.7978
    1498      10.6564
    1499      10.8893
    1500      10.8576
    1501      10.4153
    1502      10.5000
    1503      10.8883
    1504      10.9909
    1505      11.0970
    1506      11.0960
    1507      11.0731
    1508      11.1618
    1509      11.1105
    1510      11.5741
    1511      11.2056
    1512      11.2058
    1513      11.3231
    1514      11.1719
    1515      11.2675
    1516      10.8686
    1517      11.0123
    1518      10.9742
    1519      10.7862
    1520      10.7672
    1521      10.7753
    1522      10.7938
    1523      11.2708
    1524      10.8610
    1525      10.4010
    1526      10.7808
    1527      10.8085
    1528      11.0963
    1529      11.7063
    1530      10.8729
    1531      11.2120
    1532      11.3247
    1533      11.2002
    1534      11.1482
    1535      11.1903
    1536      11.2642
    1537      11.3353
    1538      11.7904
    1539      11.5505
    1540      11.0472
    1541      11.3904
    1542      11.9949
    1543      11.9316
    1544      11.7824
    1545      11.9254
    1546      11.9991
    1547      11.5571
    1548      10.8254
    1549      11.1279
    1550      11.1309
    1551      11.1486
    1552      11.3580
    1553      11.9496
    1554      12.1944
    1555      11.5379
    1556      11.9189
    1557      12.2242
    1558      12.0485
    1559      11.8723
    1560      11.3198
    1561      11.2609
    1562      10.9594
    1563      11.6330
    1564      11.8126
    1565      12.3300
    1566      12.2106
    1567      12.5982
    1568      12.0413
    1569      12.1513
    1570      12.0344
    1571      11.6235
    1572      11.5363
    1573      11.4608
    1574      11.1766
    1575      11.4577
    1576      10.9041
    1577      10.5764
    1578      10.6311
    1579      10.4848
    1580      10.5227
    1581      10.2304
    1582      10.6418
    1583      10.2740
    1584       9.8773
    1585      10.0046
    1586      10.6444
    1587      10.0796
    1588      10.5345
    1589      10.3640
    1590      10.6548
    1591      10.4058
    1592       9.9887
    1593      10.3293
    1594       9.9880
    1595      10.7444
    1596      11.2721
    1597      11.0262
    1598      10.7208
    1599      10.1983
    1600      10.4704
    1601      10.9764
    1602      10.6303
    1603      11.1729
    1604      11.2277
    1605      11.1199
    1606      10.9333
    1607      10.3383
    1608       9.1178
    1609       9.4823
    1610      10.3671
    1611       9.3646
    1612      10.4915
    1613      10.7458
    1614      10.4548
    1615       9.5192
    1616       5.6168
    1617       6.4095
    1618       8.4460
    1619       7.9707
    1620       6.1351
    1621       7.6420
    1622       4.2607
    1623       3.2779
    1624       4.4702
    1625       4.4819
    1626       4.4220
    1627       4.3015
    1628       3.9166
    1629       4.2211
    1630       4.6978
    1631       5.2784
    1632       4.9862
    1633       5.0157
    1634       6.2094
    1635       6.3301
    1636       7.5481
    1637       7.7564
    1638       7.4221
    1639       7.4686
    1640       7.4990
    1641       7.6596
    1642       7.5530
    1643       7.0025
    1644       7.2534
    1645       7.0526
    1646       7.7404
    1647       6.6726
    1648       5.8579
    1649       6.1819
    1650       5.6514
    1651       6.2016
    1652       6.7318
    1653       6.1294
    1654       6.1905
    1655       6.6302
    1656       6.1911
    1657       5.8218
    1658       5.1995
    1659       6.9780
    1660       7.8811
    1661       7.9024
    1662       7.2092
    1663       6.8100
    1664       5.9959
    1665       6.7672
    1666       6.6873
    1667       6.3289
    1668       4.8907
    1669       6.7114
    1670       7.3598
    1671       6.1080
    1672       4.1827
    1673       5.0404
    1674       5.5786
    1675       6.2706
    1676       7.7533
    1677       7.2984
    1678       9.3306
    1679      10.3458
    1680      10.8197
    1681       9.7078
    1682       9.5706
    1683       9.3864
    1684      11.1032
    1685      10.8706
    1686      11.1719
    1687      11.1186
    1688      10.6164
    1689       9.9421
    1690      11.3590
    1691      10.9463
    1692      11.1643
    1693      11.8944
    1694      12.7919
    1695      11.7702
    1696      13.4922
    1697      13.1470
    1698      13.9095
    1699      13.3837
    1700      12.8811
    1701      12.2183
    1702      10.2670
    1703       9.1478
    1704       9.6100
    1705       8.5306
    1706       4.3423
    1707       5.1636
    1708       4.7613
    1709       4.4027
    1710       4.8881
    1711       4.2021
    1712       5.2852
    1713       8.3493
    1714       8.7197
    1715      10.2489
    1716      13.1448
    1717      12.9557
    1718      12.8852
    1719      13.1133
    1720      13.2031
    1721      12.9179
    1722      12.8665
    1723      12.9948
    1724      12.8579
    1725      12.5228
    1726      12.6130
    1727      12.6912
    1728      13.3955
    1729      13.4535
    1730      11.6317
    1731      11.9685
    1732      11.7239
    1733      11.8953
    1734      11.3511
    1735      10.7203
    1736      10.4280
    1737      10.6523
    1738      10.2973
    1739      10.1671
    1740      10.8110
    1741      11.1231
    1742      11.6582
    1743      11.2314
    1744      10.9551
    1745       9.7330
    1746      10.8751
    1747       9.8930
    1748      10.8125
    1749      10.7311
    1750      11.8388
    1751      12.1300
    1752      11.6867
    1753      11.1861
    1754      12.1855
    1755      11.5695
    1756      11.0907
    1757      10.7337
    1758      11.1424
    1759      11.5899
    1760      11.7368
    1761      12.4837
    1762      12.9241
    1763      13.5651
    1764      12.4915
    1765      12.9677
    1766      11.4099
    1767      12.1091
    1768      12.0213
    1769      12.2304
    1770      12.3389
    1771      11.5500
    1772      12.2008
    1773      12.1963
    1774      11.6643
    1775      12.1629
    1776      13.0701
    1777      12.9758
    1778      13.0221
    1779      12.3150
    1780      11.9994
    1781      11.9031
    1782      12.2456
    1783      12.6882
    1784      13.0934
    1785      12.9671
    1786      12.4682
    1787      13.3737
    1788      13.5173
    1789      13.4303
    1790      13.2245
    1791      13.1368
    1792      12.6242
    1793      13.1733
    1794      12.8135
    1795      13.3068
    1796      13.1443
    1797      13.3874
    1798      14.1622
    1799      13.4500
    1800      13.8158
    1801      14.1848
    1802      14.2892
    1803      14.3216
    1804      14.3206
    1805      13.9738
    1806      14.0522
    1807      13.7909
    1808      14.0360
    1809      13.2588
    1810      14.1261
    1811      13.6978
    1812      14.1445
    1813      13.5429
    1814      13.8030
    1815      13.1701
    1816      12.5022
    1817      12.6536
    1818      12.8071
    1819      12.5501
    1820      12.9372
    1821      13.5603
    1822      13.5282
    1823      13.7367
    1824      13.5986
    1825      13.1485
    1826      13.5388
    1827      14.0244
    1828      15.8504
    1829      16.2973
    1830      17.2255
    1831      16.5099
    1832      15.5024
    1833      16.0225
    1834      15.4120
    1835      16.6971
    1836      16.0487
    1837      16.7946
    1838      16.0833
    1839      16.1379
    1840      16.2009
    1841      15.3658
    1842      16.1771
    1843      15.9183
    1844      15.9147
    1845      15.4349
    1846      15.3562
    1847      15.4566
    1848      15.4652
    1849      15.3556
    1850      15.7638
    1851      16.7720
    1852      15.2793
    1853      15.1626
    1854      16.7040
    1855      18.2353
    1856      18.2236
    1857      18.6051
    1858      17.3349
    1859      17.3071
    1860      17.1399
    1861      16.7539
    1862      16.3923
    1863      15.7668
    1864      15.2028
    1865      15.4759
    1866      14.5816
    1867      14.8452
    1868      14.3934
    1869      14.5781
    1870      14.8723
    1871      14.6888
    1872      15.0284
    1873      14.5091
    1874      14.1645
    1875      15.6472
    1876      14.9995
    1877      14.8805
    1878      14.0366
    1879      14.8835
    1880      14.0374
    1881      14.3818
    1882      14.1712
    1883      13.9262
    1884      13.3794
    1885      13.6129
    1886      13.9561
    1887      13.7939
    1888      13.8439
    1889      13.8976
    1890      13.8761
    1891      13.8454
    1892      14.4058
    1893      14.4589
    1894      13.8836
    1895      13.3993
    1896      13.1851
    1897      13.1020
    1898      12.2395
    1899      12.0280
    1900      12.2759
    1901      12.3868
    1902      13.0787
    1903      13.2863
    1904      13.9727
    1905      13.6000
    1906      14.0607
    1907      13.9477
    1908      14.3761
    1909      14.0835
    1910      14.2930
    1911      14.3340
    1912      14.7562
    1913      14.6152
    1914      13.5930
    1915      13.4029
    1916      14.2188
    1917      13.2551
    1918      12.7812
    1919      12.5557
    1920      12.4597
    1921      13.9196
    1922      13.3923
    1923      12.0120
    1924      11.4230
    1925      11.3702
    1926      11.3747
    1927      10.8164
    1928      11.2112
    1929      11.3750
    1930      11.1871
    1931      10.7623
    1932      12.2266
    1933      11.0640
    1934      11.3612
    1935      11.0285
    1936      10.7653
    1937      12.6338
    1938      14.1516
    1939      13.3482
    1940      12.6066
    1941      13.0955
    1942      14.1594
    1943      14.4877
    1944      14.0071
    1945      14.6435
    1946      14.1548
    1947      13.4728
    1948      13.2039
    1949      13.3210
    1950      13.2543
    1951      13.7737
    1952      13.9677
    1953      12.9824
    1954      13.0692
    1955      12.7115
    1956      13.0625
    1957      13.1477
    1958      13.9442
    1959      13.8913
    1960      12.3457
    1961      13.1912
    1962      13.1028
    1963      13.7288
    1964      13.6938
    1965      12.7175
    1966      12.9519
    1967      13.1395
    1968      13.4502
    1969      12.6389
    1970      12.4250
    1971      13.3189
    1972      12.3365
    1973      12.4984
    1974      12.7132
    1975      12.5836
    1976      13.3098
    1977      12.8848
    1978      12.5704
    1979      13.4244
    1980      13.4188
    1981      12.6060
    1982      12.7078
    1983      12.0225
    1984      12.3841
    1985      12.5389
    1986      12.5508
    1987      12.2190
    1988      12.2772
    1989      13.3289
    1990      13.5023
    1991      13.6518
    1992      13.4248
    1993      13.4040
    1994      13.0820
    1995      12.3162
    1996      12.0596
    1997      12.9780
    1998      12.4607
    1999      12.8177
    2000      11.7530
    2001      11.8506
    2002      11.5876
    2003      12.0064
    2004      13.1269
    2005      13.2187
    2006      13.3043
    2007      12.5389
    2008      12.0738
    2009      11.9279
    2010      12.3712
    2011      12.9244
    2012      12.6183
    2013      11.7839
    2014      11.6006
    2015      11.9671
    2016      12.0218
    2017      12.3966
    2018      12.1306
    2019      11.7333
    2020      12.0465
    2021      11.9855
    2022      12.3368
    2023      12.5831
    2024      11.8168
    2025      11.4562
    2026      12.6929
    2027      12.7390
    2028      12.9917
    2029      12.1846
    2030      12.5197
    2031      12.7001
    2032      12.7622
    2033      12.4498
    2034      12.9487
    2035      12.3095
    2036      11.5390
    2037      11.1753
    2038      11.5268
    2039      11.8068
    2040      10.9515
    2041      10.8044
    2042      11.2539
    2043      11.2542
    2044      10.1673
    2045      25.6282
    2046      10.1005
    2047      10.4610
    2048      10.6132
    2049      10.3819
    2050      11.7220
    2051      12.1729
    2052      11.8825
    2053      12.0673
    2054      12.3845
    2055      12.9262
    2056      12.5335
    2057      12.1100
    2058      12.7197
    2059      12.6961
    2060      12.7628
    2061      13.2813
    2062      12.2817
    2063      12.1022
    2064      13.1285
    2065      13.1025
    2066      26.8614
    2067      26.4826
    2068      26.8632
    2069      11.9478
    2070       9.5551
    2071       9.3183
    2072       7.7126
    2073       7.7704
    2074       6.3048
    2075       7.1093
    2076       5.9346
    2077       6.1959
    2078       7.2729
    2079       8.4357
    2080      10.9630
    2081      11.5551
    2082      10.8461
    2083      10.4744
    2084      11.1680
    2085      11.7301
    2086      11.5217
    2087      11.7855
    2088      11.1448
    2089      10.6098
    2090      11.1663
    2091      11.5060
    2092      11.5112
    2093      11.2723
    2094      11.4437
    2095      11.0753
    2096      11.3942
    2097      10.1298
    2098      10.0956
    2099      10.0725
    2100       9.6771
    2101      10.0876
    2102      24.4365
    2103      25.0601
    2104      25.2901
    2105      24.9289
    2106      25.0944
    2107      26.2800
    2108      25.2408
    2109      23.8975
    2110      24.5788
    2111      25.3969
    2112      25.8060
    2113      26.5509
    2114      26.3759
    2115      25.8263
    2116      24.3922
    2117      24.6943
    2118      24.4043
    2119      23.7003
    2120      23.5708
    2121      23.7308
    2122      24.6064
    2123      24.7783
    2124      24.7468
    2125      24.6776
    2126      25.6959
    2127      26.2852
    2128      24.8112
    2129      24.7126
    2130      24.6034
    2131      23.9212
    2132      23.9795
    2133      24.0158
    2134      24.8373
    2135      25.1107
    2136      16.5878
    2137      25.4007
    2138      25.1051
    2139      25.9179
    2140      25.8520
    2141      25.6643
    2142      25.1594
    2143      25.0189
    2144      15.9329
    2145      16.0674
    2146      15.5813
    2147      15.5011
    2148      14.8352
    2149      15.1005
    2150      15.3533
    2151      15.5812
    2152      15.5013
    2153      15.5144
    2154      16.1338
    2155      16.3175
    2156      15.8114
    2157      15.3516
    2158      15.5147
    2159      16.3631
    2160      15.7783
    2161      15.6763
    2162      16.0792
    2163      15.6645
    2164      16.2327
    2165      15.4686
    2166      14.8580
    2167      14.7703
    2168      14.6703
    2169      14.5931
    2170      14.0172
    2171      14.0325
    2172      14.1354
    2173      13.5893
    2174      13.9234
    2175      13.7095
    2176      13.3058
    2177      13.0165
    2178      13.8323
    2179      14.3176
    2180      14.1920
    2181      14.0679
    2182      13.7797
    2183      13.8376
    2184      13.5032
    2185      12.2406
    2186      12.2953
    2187      12.5944
    2188      12.5353
    2189      13.0869
    2190      12.8697
    2191      12.6176
    2192      13.3502
    2193      11.6221
    2194      11.2841
    2195      11.4713
    2196      10.9991
    2197      11.4208
    2198      11.4880
    2199      11.3601
    2200      11.2574
    2201      11.9961
    2202      11.6002
    2203      11.1106
    2204      10.8467
    2205      10.4476
    2206      10.5545
    2207      10.6053
    2208      10.6849
    2209       9.6600
    2210       8.9224
    2211       7.5121
    2212       7.3010
    2213       7.2849
    2214       7.2020
    2215       6.6578
    2216       6.8822
    2217       6.7715
    2218       6.0771
    2219       6.0543
    2220       6.0111
    2221       7.4037
    2222       7.2694
    2223       6.4179
    2224      24.2378
    2225      23.5614
    2226      23.5259
    2227      23.9175
    2228      25.0022
    2229      25.1762
    2230      24.8689
    2231      15.9269
    2232      25.8765
    2233      24.6013
    2234      24.6664
    2235      24.8588
    2236      24.8162
    2237      24.7981
    2238      15.5217
    2239      15.6329
    2240      14.9365
    2241      13.8215
    2242      13.4103
    2243      14.4595
    2244      14.4532
    2245      14.8986
    2246      14.7079
    2247      15.0716
    2248      15.3776
    2249      15.4215
    2250      14.5947
    2251      15.3965
    2252      15.0421
    2253      14.5893
    2254      13.6290
    2255      14.0157
    2256      14.9680
    2257      15.4859
    2258      16.0334
    2259      14.9806
    2260      15.6268
    2261      15.3943
    2262      14.4277
    2263      14.5208
    2264      14.8148
    2265      14.7950
    2266      14.5806
    2267      14.6380
    2268      14.2347
    2269      14.5930
    2270      14.2759
    2271      13.5724
    2272      14.3620
    2273      13.7003
    2274      14.4651
    2275      13.4211
    2276      13.4344
    2277      13.2763
    2278      12.0931
    2279      12.9585
    2280      12.4304
    2281      12.1001
    2282      11.4537
    2283      11.4494
    2284      11.7474
    2285      11.3732
    2286      10.9747
    2287      11.5199
    2288      11.8778
    2289      12.3752
    2290      12.4260
    2291      12.4255
    2292      13.0449
    2293      12.8784
    2294      13.2775
    2295      13.5705
    2296      13.7191
    2297      13.5202
    2298      14.3221
    2299      13.7904
    2300      13.0981
    2301      13.8565
    2302      13.5762
    2303      13.6215
    2304      13.6349
    2305      13.2569
    2306      14.4243
    2307      14.7271
    2308      14.3197
    2309      14.5664
    2310      13.7406
    2311      14.4178
    2312      14.5303
    2313      14.5236
    2314      14.3918
    2315      13.3989
    2316      13.4084
    2317      13.8784
    2318      13.7520
    2319      13.9758
    2320      13.5366
    2321      13.3035
    2322      14.0163
    2323      14.1479
    2324      14.1111
    2325      30.8078
    2326      13.9958
    2327      13.6401
    2328      13.7280
    2329      13.0941
    2330      12.3503
    2331      12.4721
    2332      12.5105
    2333      11.6307
    2334      11.6185
    2335      11.6563
    2336      11.8408
    2337      11.5762
    2338      11.0023
    2339      11.9841
    2340      11.0585
    2341      11.0409
    2342      27.7448
    2343       9.6056
    2344       9.7517
    2345       9.9719
    2346       9.2294
    2347       8.5533
    2348       8.6502
    2349       8.4124
    2350       8.7151
    2351       8.6871
    2352       9.4070
    2353       8.7908
    2354       8.2650
    2355       7.6558
    2356       8.1125
    2357       7.7898
    2358       7.5799
    2359       8.3780
    2360       8.3928
    2361       7.9797
    2362       8.1043
    2363       7.0160
    2364       6.6609
    2365       6.9272
    2366       7.2481
    2367       6.7429
    2368       6.8723
    2369       6.8788
    2370       7.1541
    2371       7.4944
    2372       8.6945
    2373       8.2285
    2374       8.6626
    2375       9.2058
    2376       9.8381
    2377      10.3259
    2378      10.4997
    2379      10.0008
    2380      10.0163
    2381       8.6635
    2382       8.9692
    2383       9.3850
    2384      10.0202
    2385      10.2198
    2386      10.8212
    2387      10.5582
    2388      10.6153
    2389      10.3441
    2390      10.9612
    2391      10.9296
    2392      10.8100
    2393      11.2024
    2394      11.3585
    2395      11.3822
    2396      11.7941
    2397      11.4365
    2398      11.6613
    2399      11.5327
    2400      11.3254
    2401      11.0947
    2402      10.3906
    2403      10.6003
    2404      10.7287
    2405       9.9101
    2406      10.0505
    2407      10.6873
    2408      11.0012
    2409       9.0145
    2410       9.2949
    2411      10.1311
    2412       9.8856
    2413      10.3586
    2414      10.7128
    2415       9.6039
    2416      10.9918
    2417      10.5863
    2418      11.2817
    2419      11.1016
    2420      10.6568
    2421      10.3755
    2422      11.1233
    2423      11.6996
    2424      11.7357
    2425      12.2367
    2426      13.0440
    2427      13.5366
    2428      13.3375
    2429      13.9429
    2430      13.7786
    2431      14.1689
    2432      13.9641
    2433      14.3898
    2434      14.2938
    2435      14.7675
    2436      14.4616
    2437      13.9814
    2438      14.0056
    2439      13.3430
    2440      13.7170
    2441      13.0738
    2442      12.3312
    2443      13.4112
    2444      12.7861
    2445      13.0716
    2446      12.0038
    2447      11.6280
    2448      12.1957
    2449      12.1756
    2450      10.5207
    2451      12.6410
    2452      12.5578
    2453      11.4781
    2454      11.6353
    2455      11.7133
    2456      11.2657
    2457      11.2528
    2458      11.6023
    2459      11.8239
    2460      11.3448
    2461      10.7623
    2462      11.0811
    2463      11.4480
    2464      11.4297
    2465      11.8249
    2466      10.8919
    2467      10.0457
    2468      10.7262
    2469      11.1549
    2470      11.4894
    2471      11.1697
    2472      11.3156
    2473      11.1157
    2474      11.6459
    2475      11.8135
    2476      12.8928
    2477      13.0379
    2478      13.1498
    2479      12.2973
    2480      12.3787
    2481      11.9784
    2482      11.6519
    2483      11.8250
    2484      11.8251
    2485      12.0820
    2486      11.7050
    2487      12.0260
    2488      12.1028
    2489      12.2624
    2490      11.8958
    2491      11.7248
    2492      11.4125
    2493      11.9005
    2494      11.1008
    2495      11.3512
    2496      11.7421
    2497      10.8009
    2498      11.1623
    2499      11.4163
    2500      12.4345
    2501      12.3003
    2502      12.5784
    2503      12.4215
    2504      12.9865
    2505      13.0445
    2506      12.8723
    2507      12.4372
    2508      12.1793
    2509      12.0274
    2510      12.5976
    2511      12.1982
    2512      13.1591
    2513      13.3251
    2514      14.0264
    2515      12.7668
    2516      12.2859
    2517      12.3462
    2518      11.9594
    2519      12.1067
    2520      12.6431
    2521      12.9794
    2522      13.3945
    2523      13.4626
    2524      13.4590
    2525      13.1657
    2526      12.9429
    2527      12.9024
    2528      13.2242
    2529      13.1027
    2530      13.3076
    2531      13.2478
    2532      12.8748
    2533      14.0272
    2534      13.3130
    2535      14.0480
    2536      14.1595
    2537      14.5843
    2538      14.0621
    2539      14.6335
    2540      14.4179
    2541      14.4165
    2542      13.9201
    2543      13.7052
    2544      13.7041
    2545      13.4524
    2546      13.8523
    2547      14.0978
    2548      13.9994
    2549      14.0144
    2550      13.1324
    2551      13.4073
    2552      13.5304
    2553      13.3926
    2554      13.0653
    2555      13.8156
    2556      13.7535
    2557      13.3689
    2558      13.8089
    2559      13.5710
    2560      14.0156
    2561      13.8467
    2562      12.8385
    2563      12.3514
    2564      12.7735
    2565      12.4668
    2566      12.5837
    2567      12.2896
    2568      13.0380
    2569      12.9869
    2570      11.9695
    2571      10.8017
    2572      11.9474
    2573      11.9680
    2574      11.4527
    2575      12.3507
    2576      13.2731
    2577      13.2604
    2578      13.3091
    2579      13.4077
    2580      13.8905
    2581      12.8050
    2582      12.7079
    2583      13.0965
    2584      13.4876
    2585      12.8175
    2586      12.7860
    2587      12.6060
    2588      12.4825
    2589      13.2232
    2590      15.0906
    2591      14.2740
    2592      13.1795
    2593      13.0752
    2594      13.3805
    2595      13.1495
    2596      12.7533
    2597      13.3267
    2598      13.8317
    2599      13.8936
    2600      12.8335
    2601      12.4544
    2602      12.6653
    2603      11.7179
    2604      12.2064
    2605      12.0586
    2606      13.1465
    2607      12.6616
    2608      12.5685
    2609      13.0800
    2610      13.5257
    2611      13.1400
    2612      13.0137
    2613      12.8544
    2614      13.3758
    2615      13.4182
    2616      13.7522
    2617      13.2424
    2618      13.3002
    2619      13.8867
    2620      14.1432
    2621      13.8779
    2622      14.5830
    2623      14.3124
    2624      14.3282
    2625      13.8356
    2626      14.7785
    2627      13.6493
    2628      13.6701
    2629      13.6963
    2630      13.9559
    2631      12.9259
    2632      13.3927
    2633      12.3048
    2634      12.2597
    2635      12.4323
    2636      12.6027
    2637      13.1147
    2638      13.7229
    2639      13.3473
    2640      14.1472
    2641      13.8360
    2642      15.1495
    2643      14.4411
    2644      14.5563
    2645      14.6571
    2646      14.5842
    2647      14.4122
    2648      13.8550
    2649      13.5541
    2650      13.5388
    2651      14.7467
    2652      14.6402
    2653      14.0290
    2654      13.6833
    2655      14.7326
    2656      15.4604
    2657      15.5459
    2658      15.3796
    2659      15.0851
    2660      15.6952
    2661      15.6832
    2662      16.2237
    2663      15.3060
    2664      14.9238
    2665      14.6861
    2666      14.6832
    2667      14.2704
    2668      14.2877
    2669      15.4364
    2670      15.9507
    2671      15.9204
    2672      16.1729
    2673      16.8237
    2674      17.1401
    2675      17.0089
    2676      16.3216
    2677      16.4240
    2678      16.6762
    2679      16.0956
    2680      16.1739
    2681      15.5487
    2682      15.7891
    2683      15.5766
    2684      16.3559
    2685      16.0280
    2686      16.4606
    2687      15.7236
    2688      17.1745
    2689      18.1441
    2690      18.0682
    2691      37.1354
    2692      18.9312
    2693      19.6839
    2694      20.5052
    2695      19.9986
    2696      38.7568
    2697      24.0249
    2698      36.1450
    2699      35.9406
    2700      25.9136
    2701      27.0732
    2702      25.4924
    2703      26.8776
    2704      26.2828
    2705      25.3879
    2706      23.8419
    2707      24.1611
    2708      23.7247
    2709      24.2758
    2710      24.3757
    2711      34.5697
    2712      33.5192
    2713      34.4513
    2714      34.4972
    2715      34.2056
    2716      34.0530
    2717      34.2154
    2718      33.9991
    2719      19.8085
    2720      20.2047
    2721      12.7564
    2722      34.4819
    2723      36.8976
    2724      47.5079
    2725      42.1153
    2726      45.6331
    2727      40.6655
    2728      45.4213
    2729      39.7235
    2730      40.4512
    2731      45.9113
    2732      45.4028
    2733      38.8596
    2734      29.3572
    2735      16.6013
    2736      16.7711
    2737      16.7614
    2738      17.2006
    2739      30.4233
    2740      33.8568
    2741      17.9617
    2742      18.6256
    2743      37.2639
    2744      18.0955
    2745      17.5300
    2746      30.3110
    2747      42.9991
    2748      42.9279
    2749      47.3654
    2750      47.1100
    2751      35.2810
    2752      44.6876
    2753      36.0724
    2754      35.4972
    2755      20.2785
    2756      34.6684
    2757      39.1469
    2758      25.4571
    2759      25.5550
    2760      17.9539
    2761      25.0838
    2762      18.6979
    2763      18.8048
    2764      18.6342
    2765      18.6508
    2766      27.1863
    2767      26.9826
    2768      27.0223
    2769      26.3684
    2770      25.7546
    2771      24.9020
    2772      25.3934
    2773      24.6514
    2774      37.0751
    2775      37.6316
    2776      38.1390
    2777      27.2738
    2778      27.2648
    2779      26.8088
    2780      27.8167
    2781      17.6728
    2782      17.8092
    2783      17.2120
    2784      17.6340
    2785      17.3485
    2786      17.5823
    2787      30.8328
    2788      31.1623
    2789      29.9129
    2790      29.2657
    2791      14.4514
    2792      15.1682
    2793      15.5853
    2794      33.0431
    2795      32.8314
    2796      34.0122
    2797      33.7493
    2798      32.1840
    2799      36.8943
    2800      23.3922
    2801      36.4654
    2802      37.1474
    2803      36.8841
    2804      38.1492
    2805      38.1795
    2806      26.6708
    2807      25.9490
    2808      25.5466
    2809      37.7526
    2810      25.0206
    2811      26.3175
    2812      25.6230
    2813      25.0135
    2814      25.6921
    2815      24.4685
    2816      24.5735
    2817      22.7653
    2818      22.9889
    2819      21.6760
    2820      22.9247
    2821      21.8179
    2822      21.3542
    2823      21.1452
    2824      21.3186
    2825      21.4543
    2826      19.9538
    2827      27.7577
    2828      27.9070
    2829      28.0279
    2830      27.3866
    2831      27.7949
    2832      26.7186
    2833      28.8148
    2834      30.9619
    2835      29.8383
    2836      29.7708
    2837      29.6728
    2838      18.7937
    2839      18.8425
    2840      20.4813
    2841      31.2346
    2842      30.5374
    2843      30.6437
    2844      31.3225
    2845      28.7837
    2846      29.3442
    2847      30.0824
    2848      30.9236
    2849      32.2007
    2850      31.9694
    2851      30.7805
    2852      29.5169
    2853      29.5100
    2854      30.9351
    2855      27.1492
    2856      30.2199
    2857      30.0442
    2858      30.9775
    2859      30.6955
    2860      29.6870
    2861      29.1510
    2862      29.1481
    2863      30.7088
    2864      30.6483
    2865      30.7943
    2866      31.3184
    2867      32.5926
    2868      32.3678
    2869      33.8462
    2870      34.8024
    2871      33.7991
    2872      34.1529
    2873      34.3700
    2874      35.2105
    2875      35.9308
    2876      39.4500
    2877      39.9758
    2878      39.8398
    2879      39.4893
    2880      36.7150
    2881      35.5731
    2882      35.7484
    2883      35.3448
    2884      34.3262
    2885      32.9119
    2886      32.4145
    2887      32.4295
    2888      33.6878
    2889      33.6960
    2890      34.6393
    2891      34.0936
    2892      34.2313
    2893      34.8141
    2894      36.2330
    2895      35.0695
    2896      35.4573
    2897      35.1763
    2898      35.7512
    2899      34.6161
    2900      35.7739
    2901      37.1145
    2902      38.5004
    2903      34.7775
    2904      33.9707
    2905      33.6872
    2906      34.2353
    2907      32.9254
    2908      32.1892
    2909      31.5400
    2910      30.5296
    2911      34.9869
    2912      33.8852
    2913      33.9394
    2914      33.6645
    2915      33.0418
    2916      33.8491
    2917      34.7335
    2918      34.4678
    2919      35.7592
    2920      36.7305
    2921      36.6511
    2922      35.9398
    2923      36.4464
    2924      36.0018
    2925      36.9871
    2926      37.5015
    2927      37.3281
    2928      38.9711
    2929      37.6939
    2930      37.6442
    2931      37.2848
    2932      38.0514
    2933      31.5515
    2934      30.6716
    2935      31.1904
    2936      32.7225
    2937      32.4579
    2938      31.2893
    2939      30.3956
    2940      33.0650
    2941      20.6802
    2942      34.7883
    2943      19.4528
    2944      19.5548
    2945      33.1787
    2946      31.4849
    2947      31.2154
    2948      31.5145
    2949      31.0825
    2950      30.2198
    2951      30.9498
    2952      30.1994
    2953      31.6804
    2954      31.7589
    2955      30.4815
    2956      32.1615
    2957      31.0403
    2958      16.5652
    2959      31.0961
    2960      31.9222
    2961      31.3272
    2962      30.7421
    2963      30.2071
    2964      30.3765
    2965      29.4086
    2966      30.1024
    2967      29.1681
    2968      29.3543
    2969      28.8959
    2970      30.0349
    2971      30.0686
    2972      28.4403
    2973      28.9140
    2974      29.3723
    2975      30.1006
    2976      30.2756
    2977      29.3308
    2978      27.9182
    2979      26.4943
    2980      26.4491
    2981      25.7737
    2982      25.9235
    2983      27.3992
    2984      27.5743
    2985      26.5209
    2986      26.9367
    2987      26.6049
    2988      28.2357
    2989      28.5388
    2990      21.7655
    2991      28.6497
    2992      27.3557
    2993      26.3241
    2994      24.8385
    2995      24.5705
    2996      24.3400
    2997      25.0943
    2998      25.6623
    2999      25.3510
    3000      24.3760
    3001      24.1233
    3002      25.1224
    3003      26.4700
    3004      25.0528
    3005      26.8672
    3006      27.9343
    3007      27.6407
    3008      28.0516
    3009      28.5631
    3010      28.6364
    3011      28.3046
    3012      30.2564
    3013      30.0832
    3014      28.6258
    3015      28.2405
    3016      27.6681
    3017      27.7863
    3018      27.6900
    3019      27.1968
    3020      27.9984
    3021      28.8967
    3022      28.6004
    3023      28.5269
    3024      29.2174
    3025      28.5055
    3026      28.5847
    3027      28.8451
    3028      28.0657
    3029      28.6743
    3030      28.3807
    3031      28.5342
    3032      27.7771
    3033      28.7456
    3034      29.3070
    3035      28.9134
    3036      28.5936
    3037      28.3208
    3038      27.2810
    3039      27.3864
    3040      28.3221
    3041      28.9911
    3042      28.2268
    3043      28.1043
    3044      28.2185
    3045      28.1253
    3046      29.3297
    3047      28.5689
    3048      27.7057
    3049      25.8372
    3050      25.2676
    3051      25.5766
    3052      25.4461
    3053      26.2040
    3054      25.8539
    3055      25.4244
    3056      26.6109
    3057      26.7658
    3058      25.8224
    3059      25.9955
    3060      25.3024
    3061      24.5581
    3062      26.4575
    3063      25.1277
    3064      26.3899
    3065      26.0906
    3066      25.2247
    3067      25.3133
    3068      24.1756
    3069      25.0293
    3070      24.4739
    3071      25.4879
    3072      24.9319
    3073      25.6410
    3074      25.7269
    3075      25.3934
    3076      25.2641
    3077      24.5534
    3078      23.9658
    3079      24.4424
    3080      23.7946
    3081      24.7682
    3082      24.1646
    3083      23.6069
    3084      24.5571
    3085      25.3164
    3086      24.5666
    3087      26.1794
    3088      25.8182
    3089      26.2219
    3090      26.2351
    3091      26.4025
    3092      26.9401
    3093      27.5234
    3094      28.3588
    3095      28.0016
    3096      29.0333
    3097      29.4427
    3098      28.9294
    3099      29.9923
    3100      31.4134
    3101      31.5606
    3102      31.9465
    3103      33.6646
    3104      32.9954
    3105      33.9476
    3106      33.1605
    3107      32.0990
    3108      33.0489
    3109      33.6530
    3110      34.5693
    3111      33.3922
    3112      31.2185
    3113      29.7542
    3114      29.4365
    3115      31.0026
    3116      28.8546
    3117      29.5044
    3118      30.8739
    3119      31.8297
    3120      31.7111
    3121      32.5539
    3122      31.3110
    3123      32.2321
    3124      30.9503
    3125      30.7852
    3126      30.8798
    3127      32.9319
    3128      32.9143
    3129      31.8336
    3130      39.0191
    3131      37.9186
    3132      36.4015
    3133      37.5962
    3134      36.7233
    3135      37.9824
    3136      38.2764
    3137      37.5403
    3138      38.0938
    3139      37.9962
    3140      37.3209
    3141      35.3757
    3142      33.4472
    3143      32.8772
    3144      34.3472
    3145      34.1567
    3146      34.5110
    3147      34.2459
    3148      35.4052
    3149      36.1722
    3150      36.3205
    3151      36.4118
    3152      36.1717
    3153      35.2130
    3154      37.4069
    3155      37.4582
    3156      37.8490
    3157      36.2180
    3158      36.3236
    3159      36.9882
    3160      37.3440
    3161      38.6588
    3162      38.8772
    3163      38.3860
    3164      38.3006
    3165      37.5260
    3166      37.7889
    3167      37.9484
    3168      36.8923
    3169      37.9220
    3170      37.1025
    3171      35.1052
    3172      35.5186
    3173      34.5203
    3174      35.9714
    3175      34.6751
    3176      36.3990
    3177      37.1137
    3178      35.9029
    3179      35.7461
    3180      37.5386
    3181      36.9649
    3182      36.6563
    3183      36.7706
    3184      36.8666
    3185      36.7998
    3186      29.0810
    3187      37.0266
    3188      28.1785
    3189      28.2503
    3190      27.2032
    3191      28.1243
    3192      27.5080
    3193      27.4020
    3194      27.2702
    3195      26.6863
    3196      31.2729
    3197      27.3684
    3198      28.5442
    3199      29.2682
    3200      24.3735
    3201      25.0658
    3202      25.9286
    3203      25.9845
    3204      26.6898
    3205      28.6750
    3206      25.3311
    3207      28.4947
    3208      26.9122
    3209      27.3047
    3210      26.6813
    3211      26.4029
    3212      26.9152
    3213      26.5752
    3214      35.1750
    3215      28.2371
    3216      27.8048
    3217      36.6040
    3218      36.9576
    3219      38.9482
    3220      39.2276
    3221      38.5099
    3222      38.9950
    3223      38.5050
    3224      30.5471
    3225      29.6083
    3226      29.5316
    3227      29.1667
    3228      29.1084
    3229      29.7184
    3230      29.3566
    3231      28.6533
    3232      29.0477
    3233      27.8562
    3234      29.4531
    3235      30.2277
    3236      27.5284
    3237      28.1848
    3238      27.7271
    3239      29.5082
    3240      29.2360
    3241      29.5296
    3242      29.5376
    3243      30.0511
    3244      28.4802
    3245      27.7311
    3246      28.2502
    3247      28.7557
    3248      23.0612
    3249      23.9292
    3250      24.0087
    3251      24.3093
    3252      30.3078
    3253      22.8818
    3254      22.7979
    3255      22.6784
    3256      30.8003
    3257      29.8934
    3258      28.9606
    3259      30.4804
    3260      35.5799
    3261      35.9811
    3262      35.2452
    3263      35.7288
    3264      34.8135
    3265      31.3400
    3266      29.8600
    3267      30.0020
    3268      28.9930
    3269      28.9208
    3270      27.8189
    3271      29.0342
    3272      28.3300
    3273      28.5564
    3274      28.9801
    3275      29.7650
    3276      31.0810
    3277      30.8681
    3278      29.7264
    3279      29.6160
    3280      27.8818
    3281      27.7208
    3282      28.4485
    3283      26.7375
    3284      26.3579
    3285      26.7361
    3286      24.9404
    3287      24.4956
    3288      23.2761
    3289      23.8147
    3290      25.0929
    3291      25.5358
    3292      26.0226
    3293      26.3224
    3294      26.8460
    3295      26.9590
    3296      26.5724
    3297      27.1273
    3298      25.8763
    3299      26.2498
    3300      26.5992
    3301      25.3005
    3302      24.5261
    3303      24.0436
    3304      25.5264
    3305      25.0101
    3306      25.7372
    3307      26.0060
    3308      25.5327
    3309      25.2292
    3310      26.4700
    3311      25.7033
    3312      25.3573
    3313      26.5395
    3314      27.7937
    3315      26.2045
    3316      31.6928
    3317      32.9655
    3318      31.6608
    3319      30.4310
    3320      31.1787
    3321      30.7270
    3322      30.8377
    3323      30.5334
    3324      29.0704
    3325      29.4930
    3326      28.4745
    3327      28.7503
    3328      28.7769
    3329      28.4443
    3330      28.6304
    3331      28.3970
    3332      29.7924
    3333      23.1802
    3334      23.0410
    3335      22.8438
    3336      21.8445
    3337      21.6530
    3338      22.1004
    3339      21.7929
    3340      21.6612
    3341      22.1668
    3342      20.7115
    3343      21.9374
    3344      21.2951
    3345      22.8318
    3346      24.1777
    3347      23.6408
    3348      24.0152
    3349      23.5021
    3350      22.7509
    3351      28.4975
    3352      24.5493
    3353      23.4333
    3354      23.4991
    3355      22.4724
    3356      28.1796
    3357      27.4721
    3358      26.3962
    3359      25.0255
    3360      26.0531
    3361      26.1449
    3362      27.3020
    3363      19.0627
    3364      18.5901
    3365      19.3286
    3366      20.3673
    3367      25.7831
    3368      18.9760
    3369      19.4641
    3370      18.8622
    3371      19.7952
    3372      20.3926
    3373      25.0285
    3374      25.0498
    3375      24.8144
    3376      22.2103
    3377      23.1448
    3378      22.1771
    3379      24.1055
    3380      23.0289
    3381      24.0209
    3382      22.9625
    3383      23.3059
    3384      24.5792
    3385      26.3675
    3386      20.5887
    3387      19.4180
    3388      20.8070
    3389      19.5869
    3390      19.3751
    3391      20.1977
    3392      26.8035
    3393      27.2692
    3394      26.0006
    3395      23.9467
    3396      25.5681
    3397      26.2920
    3398      26.3401
    3399      25.8054
    3400      25.9323
    3401      25.8139
    3402      24.9761
    3403      23.6871
    3404      25.1650
    3405      24.6137
    3406      24.4979
    3407      24.2247
    3408      24.3754
    3409      22.9986
    3410      22.6957
    3411      21.4411
    3412      21.7679
    3413      22.8035
    3414      21.6179
    3415      23.2492
    3416      22.9102
    3417      23.5477
    3418      24.5978
    3419      23.4714
    3420      24.2632
    3421      23.9320
    3422      26.2558
    3423      26.0386
    3424      26.5169
    3425      26.2361
    3426      26.2086
    3427      26.0577
    3428      26.9209
    3429      25.5473
    3430      25.8691
    3431      27.1698
    3432      26.4966
    3433      25.7390
    3434      25.9611
    3435      25.2304
    3436      25.6099
    3437      25.0943
    3438      25.0301
    3439      24.9403
    3440      24.4093
    3441      23.8651
    3442      23.6783
    3443      23.6937
    3444      24.4856
    3445      24.3119
    3446      24.0931
    3447      22.6732
    3448      23.4556
    3449      24.1337
    3450      22.9869
    3451      22.8406
    3452      22.8759
    3453      23.4562
    3454      24.8036
    3455      24.7118
    3456      24.6993
    3457      26.1057
    3458      26.8253
    3459      26.9242
    3460      26.2211
    3461      27.0316
    3462      26.0541
    3463      24.7431
    3464      23.9461
    3465      22.4678
    3466      23.4237
    3467      24.1377
    3468      24.4940
    3469      24.6343
    3470      24.8981
    3471      24.6388
    3472      25.3748
    3473      25.3661
    3474      24.0338
    3475      22.5537
    3476      23.9411
    3477      23.6649
    3478      23.8638
    3479      22.9164
    3480      21.2681
    3481      22.8861
    3482      22.8364
    3483      23.5589
    3484      23.7641
    3485      22.7253
    3486      22.5180
    3487      21.4290
    3488      20.9073
    3489      20.6886
    3490      21.9458
    3491      21.7125
    3492      21.0322
    3493      20.9290
    3494      22.2437
    3495      22.4680
    3496      22.0852
    3497      22.0588
    3498      21.1968
    3499      21.1682
    3500      22.0907
    3501      20.5023
    3502      20.2576
    3503      19.0898
    3504      18.1664
    3505      17.9453
    3506      18.3016
    3507      19.2171
    3508      19.7312
    3509      20.2794
    3510      20.4783
    3511      19.6553
    3512      19.0596
    3513      18.8014
    3514      18.5628
    3515      18.4950
    3516      16.9660
    3517      17.1120
    3518      17.3246
    3519      17.6883
    3520      17.6363
    3521      17.8681
    3522      17.2892
    3523      15.6117
    3524      16.0501
    3525      15.1435
    3526      15.5664
    3527      15.7170
    3528      15.0381
    3529      15.2801
    3530      15.7103
    3531      16.5194
    3532      16.3863
    3533      16.5411
    3534      16.3354
    3535      17.0028
    3536      16.9439
    3537      16.5673
    3538      16.5548
    3539      16.1219
    3540      16.4804
    3541      16.2291
    3542      16.9907
    3543      16.2507
    3544      16.2412
    3545      16.6895
    3546      17.0071
    3547      17.6698
    3548      17.6947
    3549      17.3056
    3550      16.1790
    3551      16.3064
    3552      17.1445
    3553      17.0351
    3554      16.8157
    3555      16.3033
    3556      15.5378
    3557      16.1653
    3558      15.9106
    3559      15.7666
    3560      16.9223
    3561      17.6386
    3562      17.9039
    3563      17.6174
    3564      18.8928
    3565      18.8101
    3566      18.8838
    3567      18.2012
    3568      18.4811
    3569      19.3029
    3570      18.6826
    3571      18.6342
    3572      19.5701
    3573      18.2188
    3574      17.1783
    3575      15.5214
    3576      13.9312
    3577      15.5809
    3578      15.1507
    3579      15.6844
    3580      15.4647
    3581      14.4763
    3582      13.6860
    3583      13.5212
    3584      14.1864
    3585      13.6191
    3586      11.7573
    3587      14.4390
    3588      13.6228
    3589      12.7863
    3590      13.6151
    3591      13.5230
    3592      13.2355
    3593      13.9605
    3594      14.2636
    3595      14.5624
    3596      15.3277
    3597      13.6345
    3598      14.2242
    3599      13.7088
    3600      14.3375
    3601      14.9034
    3602      14.3357
    3603      13.9674
    3604      13.8449
    3605      14.1462
    3606      13.4359
    3607      13.6051
    3608      13.7790
    3609      11.7890
    3610      14.0546
    3611      15.5610
    3612      15.4811
    3613      15.5395
    3614      16.1607
    3615      15.8422
    3616      15.3144
    3617      15.6021
    3618      15.2255
    3619      14.3222
    3620      13.8435
    3621      13.4249
    3622      13.6655
    3623      12.8420
    3624      12.1744
    3625      13.3594
    3626      13.9127
    3627      13.2301
    3628      12.5594
    3629      13.9626
    3630      13.8647
    3631      14.5782
    3632      14.6955
    3633      15.4785
    3634      14.7937
    3635      13.5190
    3636      13.3185
    3637      13.3939
    3638      12.7850
    3639      13.6214
    3640      13.6628
    3641      12.8347
    3642      14.1048
    3643      14.5876
    3644      15.8749
    3645      15.9564
    3646      15.4261
    3647      15.2567
    3648      15.6385
    3649      16.7915
    3650      15.6671
    3651      16.9821
    3652      17.2813
    3653      17.1837
    3654      16.8107
    3655      25.6259
    3656      25.1806
    3657      24.0117
    3658      23.7675
    3659      23.3968
    3660      23.7210
    3661      23.9952
    3662      23.6922
    3663      24.6514
    3664      25.4094
    3665      23.9351
    3666      23.9242
    3667      23.8246
    3668      22.2878
    3669      22.5067
    3670      21.3859
    3671      21.5535
    3672      20.9484
    3673      21.0888
    3674      22.9718
    3675      22.5368
    3676      22.5686
    3677      23.1830
    3678      21.9983
    3679      23.1547
    3680      23.2662
    3681      21.9921
    3682      21.3049
    3683      21.2640
    3684      21.3720
    3685      20.8715
    3686      20.3567
    3687      21.1347
    3688      19.7444
    3689      19.1719
    3690      17.5661
    3691      19.5319
    3692      20.5094
    3693      21.3122
    3694      21.1064
    3695      21.1544
    3696      21.9158
    3697      21.3364
    3698      20.6187
    3699      20.3689
    3700      21.2047
    3701      20.2711
    3702      20.1543
    3703      20.2639
    3704      20.3832
    3705      20.4682
    3706      21.1084
    3707      21.4288
    3708      20.8687
    3709      21.3600
    3710      23.0290
    3711      22.9383
    3712      22.1848
    3713      21.2679
    3714      22.3445
    3715      19.9234
    3716      22.1030
    3717      22.5824
    3718      23.2378
    3719      23.2562
    3720      22.6927
    3721      23.5312
    3722      24.8042
    3723      23.9559
    3724      23.9395
    3725      25.2847
    3726      25.9771
    3727      24.7980
    3728      25.3316
    3729      25.3299
    3730      26.7091
    3731      26.5974
    3732      25.3129
    3733      23.5049
    3734      24.6214
    3735      23.7919
    3736      24.4646
    3737      23.5890
    3738      23.3228
    3739      22.8548
    3740      21.8597
    3741      22.7327
    3742      24.2553
    3743      23.0127
    3744      22.5899
    3745      22.8324
    3746      24.1304
    3747      23.9249
    3748      24.1443
    3749      22.8013
    3750      20.4208
    3751      19.6593
    3752      18.9921
    3753      18.9877
    3754      19.0283
    3755      19.5145
    3756      18.6848
    3757      18.3616
    3758      19.6541
    3759      19.9484
    3760      19.8559
    3761      20.4916
    3762      20.0251
    3763      18.5233
    3764      16.6687
    3765      15.7964
    3766      14.8909
    3767      14.8560
    3768      15.4428
    3769      15.4955
    3770      16.4549
    3771      17.5874
    3772      17.7601
    3773      16.8507
    3774      17.5354
    3775      17.1030
    3776      18.3473
    3777      18.9643
    3778      18.9889
    3779      17.7166
    3780      17.3847
    3781      18.4828
    3782      20.1379
    3783      20.2560
    3784      20.0999
    3785      20.1913
    3786      20.3637
    3787      21.5302
    3788      20.8070
    3789      22.2613
    3790      22.3698
    3791      23.0478
    3792      22.8225
    3793      21.4672
    3794      21.2114
    3795      20.6073
    3796      21.5366
    3797      21.8278
    3798      22.9467
    3799      22.5839
    3800      20.9631
    3801      20.5419
    3802      20.6397
    3803      21.9821
    3804      20.5744
    3805      20.0674
    3806      19.1885
    3807      18.0855
    3808      17.5453
    3809      18.0799
    3810      16.9555
    3811      17.5206
    3812      18.1273
    3813      18.1585
    3814      18.3292
    3815      18.4987
    3816      19.0910
    3817      19.0115
    3818      18.7267
    3819      19.9296
    3820      20.3294
    3821      19.7326
    3822      20.2390
    3823      21.1746
    3824      21.3445
    3825      21.3014
    3826      21.7662
    3827      21.8451
    3828      20.8781
    3829      20.1457
    3830      20.5093
    3831      19.8792
    3832      18.7939
    3833      18.3979
    3834      18.2992
    3835      19.2396
    3836      20.4197
    3837      19.9305
    3838      20.7629
    3839      22.3849
    3840      21.5684
    3841      21.7482
    3842      22.3992
    3843      21.5621
    3844      23.4258
    3845      23.9567
    3846      25.1081
    3847      26.8117
    3848      27.4845
    3849      27.0368
    3850      25.9163
    3851      26.7327
    3852      26.6535
    3853      25.5533
    3854      24.3682
    3855      24.6015
    3856      24.4138
    3857      25.3501
    3858      24.1475
    3859      24.1325
    3860      22.5657
    3861      21.5759
    3862      21.4116
    3863      21.2444
    3864      22.5506
    3865      21.9412
    3866      22.4771
    3867      22.2258
    3868      22.8889
    3869      22.8628
    3870      22.4559
    3871      22.3723
    3872      23.5155
    3873      24.0002
    3874      23.5436
    3875      24.9238
    3876      24.9961
    3877      24.9131
    3878      25.5678
    3879      24.2295
    3880      23.0959
    3881      24.4427
    3882      25.1238
    3883      25.1544
    3884      25.9189
    3885      26.3244
    3886      27.0547
    3887      26.1868
    3888      26.7414
    3889      25.7682
    3890      26.9996
    3891      26.6650
    3892      26.3608
    3893      25.8401
    3894      26.3274
    3895      25.8814
    3896      24.7934
    3897      25.7571
    3898      23.1483
    3899      23.4303
    3900      27.0017
    3901      26.5295
    3902      27.3818
    3903      27.0592
    3904      26.8005
    3905      27.3404
    3906      28.0059
    3907      28.5171
    3908      28.2726
    3909      27.1846
    3910      27.4261
    3911      25.6793
    3912      25.0880
    3913      26.7487
    3914      26.0249
    3915      26.9457
    3916      26.0902
    3917      28.5223
    3918      25.4601
    3919      24.5610
    3920      24.2850
    3921      23.0209
    3922      24.0116
    3923      23.7371
    3924      22.8064
    3925      21.8616
    3926      21.0114
    3927      21.2708
    3928      22.1937
    3929      22.4930
    3930      20.6051
    3931      19.9917
    3932      21.2046
    3933      18.6845
    3934      18.6116
    3935      18.2608
    3936      19.1300
    3937      18.8631
    3938      20.1078
    3939      19.7345
    3940      19.3860
    3941      20.2985
    3942      20.7308
    3943      20.6705
    3944      22.5840
    3945      22.4825
    3946      23.3873
    3947      23.7231
    3948      22.8134
    3949      24.1105
    3950      27.1974
    3951      25.5729
    3952      24.8483
    3953      24.2475
    3954      25.5609
    3955      25.2661
    3956      24.6601
    3957      25.8065
    3958      26.0918
    3959      25.8800
    3960      26.6636
    3961      25.8447
    3962      25.4602
    3963      26.5178
    3964      26.7557
    3965      27.4227
    3966      26.7380
    3967      28.2692
    3968      29.2584
    3969      29.0461
    3970      30.0772
    3971      30.1856
    3972      30.7020
    3973      30.5241
    3974      28.3331
    3975      27.3858
    3976      28.4046
    3977      27.9189
    3978      28.0918
    3979      28.0607
    3980      28.8261
    3981      27.8933
    3982      28.1532
    3983      27.4844
    3984      25.7890
    3985      25.6412
    3986      24.7498
    3987      24.1863
    3988      24.5419
    3989      25.3829
    3990      24.8191
    3991      23.0743
    3992      22.9319
    3993      22.6205
    3994      23.8431
    3995      22.5732
    3996      20.6646
    3997      23.5179
    3998      23.7348
    3999      23.4733
    4000      23.7633
    4001      24.1296
    4002      23.2950
    4003      21.5935
    4004      21.4469
    4005      21.6476
    4006      22.1978
    4007      21.7434
    4008      23.4154
    4009      22.2437
    4010      23.1283
    4011      23.6609
    4012      23.1821
    4013      24.9510
    4014      24.6430
    4015      24.3401
    4016      24.3170
    4017      25.6358
    4018      25.1497
    4019      25.0331
    4020      24.1383
    4021      23.7476
    4022      22.5843
    4023      22.1407
    4024      22.0423
    4025      21.8768
    4026      22.9099
    4027      21.4160
    4028      18.9830
    4029      19.4747
    4030      19.2670
    4031      19.0895
    4032      19.6120
    4033      20.7947
    4034      21.2416
    4035      20.3909
    4036      19.7453
    4037      19.6272
    4038      19.9980
    4039      19.6514
    4040      19.3838
    4041      18.5787
    4042      20.5864
    4043      20.7541
    4044      20.3446
    4045      19.8934
    4046      20.5042
    4047      22.0770
    4048      22.9536
    4049      21.7512
    4050      22.9757
    4051      24.4656
    4052      23.7621
    4053      22.2449
    4054      22.5669
    4055      23.1973
    4056      21.6864
    4057      22.0714
    4058      22.5258
    4059      21.7263
    4060      22.2813
    4061      23.1545
    4062      23.4626
    4063      22.6936
    4064      21.7651
    4065      21.6061
    4066      21.2454
    4067      21.6552
    4068      22.3260
    4069      21.5147
    4070      21.2954
    4071      22.2097
    4072      21.1245
    4073      21.4123
    4074      21.5240
    4075      20.0883
    4076      20.7873
    4077      20.7653
    4078      19.8428
    4079      21.5234
    4080      21.5371
    4081      20.9993
    4082      21.0345
    4083      20.2013
    4084      21.2238
    4085      21.1676
    4086      26.4589
    4087      22.1993
    4088      27.0631
    4089      27.4655
    4090      26.9290
    4091      26.9902
    4092      25.9749
    4093      25.6187
    4094      25.8715
    4095      26.3655
    4096      26.2894
    4097      26.8709
    4098      27.8331
    4099      26.5714
    4100      26.0705
    4101      25.8183
    4102      26.6826
    4103      25.6580
    4104      26.5204
    4105      27.4593
    4106      27.8409
    4107      26.3504
    4108      25.8616
    4109      27.1524
    4110      28.3431
    4111      28.3007
    4112      28.4057
    4113      28.0497
    4114      28.5992
    4115      27.6979
    4116      24.3943
    4117      27.4874
    4118      27.4538
    4119      28.1567
    4120      25.4052
    4121      26.9055
    4122      26.4345
    4123      22.6899
    4124      23.3265
    4125      23.4310
    4126      22.2688
    4127      27.7764
    4128      28.1003
    4129      24.4044
    4130      29.0197
    4131      27.3683
    4132      26.9975
    4133      28.1328
    4134      23.5778
    4135      24.6009
    4136      23.0997
    4137      22.3698
    4138      21.2196
    4139      22.0484
    4140      22.7176
    4141      21.9136
    4142      21.9117
    4143      22.7416
    4144      22.9717
    4145      22.1356
    4146      22.6972
    4147      22.5930
    4148      23.1139
    4149      23.0967
    4150      22.5789
    4151      23.9007
    4152      24.1932
    4153      24.6054
    4154      26.5769
    4155      25.2203
    4156      25.5310
    4157      24.4140
    4158      25.8651
    4159      22.3011
    4160      22.4657
    4161      25.2555
    4162      25.1828
    4163      25.3634
    4164      25.7225
    4165      24.3702
    4166      23.8795
    4167      25.2447
    4168      26.1950
    4169      20.6515
    4170      21.4566
    4171      20.7038
    4172      26.6843
    4173      20.2427
    4174      19.3991
    4175      17.7925
    4176      17.6234
    4177      18.7048
    4178      18.0229
    4179      18.0836
    4180      17.2592
    4181      18.1234
    4182      17.9797
    4183      17.4617
    4184      17.3746
    4185      18.0563
    4186      16.3847
    4187      16.4510
    4188      16.2124
    4189      17.5909
    4190      17.5791
    4191      18.2022
    4192      17.7261
    4193      17.3017
    4194      17.6787
    4195      17.3913
    4196      18.0214
    4197      18.5085
    4198      18.1563
    4199      18.8325
    4200      17.9571
    4201      17.4541
    4202      18.2643
    4203      18.2345
    4204      18.7980
    4205      20.0527
    4206      24.3135
    4207      23.6853
    4208      19.7279
    4209      18.6488
    4210      18.0362
    4211      18.5256
    4212      18.8059
    4213      19.4869
    4214      17.4913
    4215      17.0566
    4216      16.5232
    4217      17.4943
    4218      18.2126
    4219      19.1714
    4220      18.7695
    4221      18.6574
    4222      19.2899
    4223      19.4281
    4224      19.2985
    4225      19.8755
    4226      19.6089
    4227      19.4061
    4228      20.5476
    4229      19.8996
    4230      19.0083
    4231      18.8757
    4232      17.6896
    4233      17.7570
    4234      18.0391
    4235      18.9970
    4236      19.7623
    4237      20.3729
    4238      18.8980
    4239      19.7432
    4240      18.9595
    4241      20.2364
    4242      21.1597
    4243      20.2333
    4244      21.0044
    4245      20.5572
    4246      22.1847
    4247      21.9796
    4248      23.4014
    4249      22.7282
    4250      23.7116
    4251      23.6787
    4252      22.3538
    4253      21.8002
    4254      21.7176
    4255      22.7195
    4256      22.5799
    4257      23.3514
    4258      22.9104
    4259      24.2192
    4260      23.2849
    4261      23.6355
    4262      23.4795
    4263      23.7007
    4264      22.7432
    4265      22.3022
    4266      23.9333
    4267      22.1111
    4268      21.7137
    4269      23.3929
    4270      23.5683
    4271      23.9816
    4272      23.6204
    4273      23.5627
    4274      20.0591
    4275      18.7109
    4276      19.2097
    4277      18.9499
    4278      18.0442
    4279      18.0540
    4280      18.7219
    4281      19.3265
    4282      17.4200
    4283      17.5141
    4284      18.0528
    4285      17.5222
    4286      19.7640
    4287      19.7492
    4288      17.5171
    4289      17.8216
    4290      19.1692
    4291      18.4243
    4292      18.9937
    4293      18.8837
    4294      19.9900
    4295      19.7156
    4296      19.5609
    4297      20.9455
    4298      20.4333
    4299      19.9469
    4300      19.9487
    4301      19.9504
    4302      18.8896
    4303      19.1286
    4304      18.5170
    4305      19.9383
    4306      17.7627
    4307      18.1622
    4308      17.3967
    4309      17.5360
    4310      18.5965
    4311      18.0561
    4312      18.1738
    4313      18.4383
    4314      17.8090
    4315      18.3974
    4316      18.8237
    4317      19.7910
    4318      19.5698
    4319      19.3666
    4320      20.0146
    4321      30.6928
    4322      31.4724
    4323      20.9756
    4324      21.4020
    4325      20.0064
    4326      20.9248
    4327      20.6110
    4328      20.0300
    4329      20.7429
    4330      20.6615
    4331      21.0236
    4332      22.5008
    4333      22.4775
    4334      22.2932
    4335      22.1534
    4336      22.1819
    4337      21.6598
    4338      20.9652
    4339      19.7582
    4340      18.8145
    4341      17.2752
    4342      17.6419
    4343      17.7432
    4344      18.3609
    4345      18.9601
    4346      19.2079
    4347      19.4314
    4348      18.9276
    4349      20.5503
    4350      18.1298
    4351      19.5301
    4352      18.8204
    4353      20.1023
    4354      19.6037
    4355      20.5434
    4356      22.1549
    4357      20.8670
    4358      20.1062
    4359      20.9886
    4360      19.5786
    4361      20.2405
    4362      20.3498
    4363      19.4801
    4364      17.8263
    4365      16.4264
    4366      16.3029
    4367      18.2926
    4368      16.9281
    4369      16.3154
    4370      16.4332
    4371      16.0901
    4372      16.5574
    4373      16.0566
    4374      16.5238
    4375      18.9741
    4376      18.2861
    4377      18.6948
    4378      17.8905
    4379      15.6502
    4380      16.0422
    4381      17.6023
    4382      17.3707
    4383      17.1983
    4384      17.3160
    4385      17.8053
    4386      18.5249
    4387      18.6436
    4388      17.8163
    4389      17.0492
    4390      16.6421
    4391      17.2248
    4392      16.6868
    4393      15.4705
    4394      16.6395
    4395      17.8637
    4396      17.3179
    4397      16.8089
    4398      16.6004
    4399      17.7414
    4400      19.8253
    4401      19.0866
    4402      19.1981
    4403      18.9987
    4404      18.0767
    4405      19.2606
    4406      18.6339
    4407      18.5152
    4408      17.7631
    4409      17.4011
    4410      17.0948
    4411      16.1057
    4412      15.7541
    4413      16.4270
    4414      15.1919
    4415      14.9477
    4416      15.4975
    4417      15.3579
    4418      15.4350
    4419      15.7746
    4420      16.1872
    4421      17.5709
    4422      17.4295
    4423      17.7839
    4424      19.1556
    4425      18.6476
    4426      18.9140
    4427      15.5725
    4428      17.0609
    4429      16.7068
    4430      17.5493
    4431      15.9811
    4432      15.9958
    4433      15.7888
    4434      18.3914
    4435      20.0782
    4436      20.0345
    4437      21.0035
    4438      24.0636
    4439      19.4192
    4440      19.0613
    4441      20.1066
    4442      19.6674
    4443      19.7129
    4444      18.3325
    4445      19.8297
    4446      21.1658
    4447      20.6298
    4448      19.8701
    4449      19.9809
    4450      16.5064
    4451      19.3681
    4452      19.5688
    4453      19.7379
    4454      18.5975
    4455      18.9951
    4456      19.7330
    4457      21.1318
    4458      19.8092
    4459      19.7095
    4460      19.9150
    4461      20.1190
    4462      18.6069
    4463      17.8806
    4464      17.4109
    4465      17.8468
    4466      17.7313
    4467      18.1310
    4468      19.4359
    4469      19.2564
    4470      19.1238
    4471      17.9515
    4472      17.2814
    4473      16.5976
    4474      18.1562
    4475      18.7978
    4476      19.4518
    4477      18.4615
    4478      19.4401
    4479      18.0099
    4480      17.4899
    4481      18.2577
    4482      18.7679
    4483      18.9274
    4484      19.4932
    4485      19.4854
    4486      21.4813
    4487      20.2457
    4488      20.2292
    4489      19.7138
    4490      20.0369
    4491      18.7022
    4492      18.3145
    4493      19.3319
    4494      19.8615
    4495      20.4746
    4496      18.7419
    4497      19.0043
    4498      20.2130
    4499      21.3737
    4500      21.1207
    4501      22.4199
    4502      23.5410
    4503      23.2151
    4504      22.9042
    4505      21.2395
    4506      22.1747
    4507      22.9886
    4508      23.8138
    4509      22.8587
    4510      23.2732
    4511      23.0348
    4512      24.7643
    4513      24.0623
    4514      23.3258
    4515      24.1585
    4516      25.5451
    4517      29.2074
    4518      29.0162
    4519      29.8772
    4520      29.3351
    4521      29.6595
    4522      27.0693
    4523      26.3784
    4524      28.9497
    4525      28.8006
    4526      27.6602
    4527      25.7645
    4528      23.5654
    4529      23.2720
    4530      24.3460
    4531      23.3389
    4532      24.8544
    4533      24.4713
    4534      24.9245
    4535      25.4905
    4536      24.2132
    4537      24.1264
    4538      23.8728
    4539      22.4515
    4540      25.5871
    4541      26.9578
    4542      28.0418
    4543      25.7996
    4544      24.6129
    4545      25.7802
    4546      26.5798
    4547      25.5554
    4548      24.1954
    4549      24.8000
    4550      24.9293
    4551      23.0741
    4552      25.3214
    4553      25.2433
    4554      25.4368
    4555      24.5096
    4556      23.7920
    4557      23.7188
    4558      21.6776
    4559      22.7245
    4560      21.6373
    4561      22.5405
    4562      24.2080
    4563      23.1541
    4564      24.0984
    4565      22.3257
    4566      21.7699
    4567      21.5481
    4568      21.3840
    4569      22.6140
    4570      21.1656
    4571      20.3363
    4572      20.9751
    4573      21.7161
    4574      19.2970
    4575      20.3645
    4576      20.2885
    4577      20.9538
    4578      21.8330
    4579      22.9077
    4580      20.5810
    4581      20.4471
    4582      19.7191
    4583      20.2645
    4584      19.3356
    4585      21.0722
    4586      22.1254
    4587      23.2288
    4588      23.2801
    4589      23.6257
    4590      25.1350
    4591      25.4246
    4592      23.7836
    4593      25.6075
    4594      25.7862
    4595      27.6654
    4596      24.2652
    4597      25.7398
    4598      26.8475
    4599      30.1203
    4600      29.9213
    4601      28.7393
    4602      27.9275
    4603      29.4281
    4604      27.8033
    4605      27.4201
    4606      27.8302
    4607      26.5304
    4608      27.5666
    4609      26.7541
    4610      26.1281
    4611      25.8289
    4612      26.0838
    4613      24.4046
    4614      26.1921
    4615      26.1243
    4616      25.5240
    4617      26.6454
    4618      27.2583
    4619      26.1027
    4620      27.9219
    4621      28.1878
    4622      27.1195
    4623      28.2420
    4624      28.3499
    4625      27.2151
    4626      27.3332
    4627      28.1045
    4628      29.2362
    4629      28.6120
    4630      27.0327
    4631      26.3519
    4632      24.9781
    4633      26.0934
    4634      26.1073
    4635      26.0893
    4636      26.8924
    4637      29.2806
    4638      28.7136
    4639      30.0778
    4640      28.9061
    4641      29.2292
    4642      30.3966
    4643      27.1095
    4644      29.0285
    4645      30.2865
    4646      30.2180
    4647      29.7227
    4648      30.1129
    4649      28.0253
    4650      29.3957
    4651      29.5250
    4652      30.3134
    4653      30.5648
    4654      30.4598
    4655      30.7722
    4656      32.0120
    4657      32.6600
    4658      29.7123
    4659      34.3850
    4660      35.1027
    4661      27.6763
    4662      28.3105
    4663      26.7116
    4664      28.4784
    4665      26.4807
    4666      25.5956
    4667      27.7088
    4668      25.4224
    4669      26.8988
    4670      26.4462
    4671      27.7163
    4672      26.2252
    4673      23.5819
    4674      31.6685
    4675      30.6339
    4676      26.0765
    4677      30.7404
    4678      27.2702
    4679      28.7522
    4680      27.9592
    4681      27.7676
    4682      26.8525
    4683      24.6066
    4684      24.8500
    4685      23.6656
    4686      22.7723
    4687      22.4590
    4688      24.7936
    4689      25.5641
    4690      23.7369
    4691      24.3761
    4692      24.8749
    4693      24.4235
    4694      25.3226
    4695      24.1167
    4696      23.0245
    4697      24.0822
    4698      23.5305
    4699      22.2348
    4700      23.5345
    4701      24.3745
    4702      25.5608
    4703      24.8149
    4704      24.7202
    4705      24.5335
    4706      24.9764
    4707      25.2825
    4708      26.4373
    4709      26.2475
    4710      28.5096
    4711      28.9794
    4712      26.6958
    4713      24.2736
    4714      23.2001
    4715      24.2709
    4716      23.5000
    4717      22.6107
    4718      23.4739
    4719      25.3487
    4720      23.3534
    4721      26.0899
    4722      25.5053
    4723      25.2919
    4724      27.7668
    4725      26.9652
    4726      25.8283
    4727      24.2170
    4728      23.7831
    4729      24.8837
    4730      22.0846
    4731      23.3666
    4732      24.2606
    4733      24.3069
    4734      24.2240
    4735      25.3581
    4736      23.8748
    4737      24.2325
    4738      22.8959
    4739      23.1570
    4740      24.1071
    4741      26.6924
    4742      26.7131
    4743      24.6256
    4744      26.3087
    4745      26.8442
    4746      27.9514
    4747      25.8333
    4748      27.1295
    4749      27.1675
    4750      25.4150
    4751      26.0763
    4752      24.1000
    4753      25.2231
    4754      27.7321
    4755      26.4033
    4756      26.8578
    4757      26.4813
    4758      26.9105
    4759      27.0924
    4760      26.2760
    4761      26.3027
    4762      26.1361
    4763      25.7590
    4764      26.9088
    4765      28.7126
    4766      29.6100
    4767      28.6981
    4768      28.4477
    4769      26.2131
    4770      25.3084
    4771      27.0113
    4772      28.2874
    4773      31.8460
    4774      30.6092
    4775      30.1677
    4776      25.0667
    4777      25.3796
    4778      25.5344
    4779      25.9844
    4780      26.2757
    4781      26.2306
    4782      28.2681
    4783      25.1884
    4784      25.7682
    4785      27.2899
    4786      26.8559
    4787      27.6689
    4788      28.7155
    4789      28.9024
    4790      28.7410
    4791      28.1736
    4792      20.0838
    4793      20.1448
    4794      19.1789
    4795      19.9090
    4796      19.6398
    4797      27.0989
    4798      18.7032
    4799      17.3777
    4800      18.7628
    4801      17.6136
    4802      16.0821
    4803      15.8159
    4804      17.1162
    4805      16.2540
    4806      16.9050
    4807      16.7458
    4808      16.1828
    4809      17.0944
    4810      17.1144
    4811      15.9693
    4812      15.8655
    4813      15.2584
    4814      15.8614
    4815      15.6601
    4816      16.2843
    4817      16.1350
    4818      17.3581
    4819      16.9583
    4820      16.2344
    4821      16.4530
    4822      16.0856
    4823      16.5434
    4824      15.2435
    4825      17.2765
    4826      18.9274
    4827      17.7302
    4828      19.3134
    4829      18.7001
    4830      18.0519
    4831      17.8284
    4832      20.4991
    4833      20.4119
    4834      20.9283
    4835      23.7990
    4836      22.0999
    4837      23.7478
    4838      19.8969
    4839      21.9626
    4840      21.1819
    4841      19.4763
    4842      24.1711
    4843      25.8887
    4844      24.5791
    4845      24.9478
    4846      25.5674
    4847      26.1471
    4848      26.2158
    4849      25.3109
    4850      24.5272
    4851      24.6616
    4852      25.6217
    4853      19.8671
    4854      26.3074
    4855      25.7664
    4856      22.6237
    4857      23.6543
    4858      26.1567
    4859      19.7177
    4860      19.4735
    4861      19.7065
    4862      19.3019
    4863      19.3467
    4864      17.5284
    4865      17.1133
    4866      16.2872
    4867      15.9410
    4868      17.1596
    4869      16.5204
    4870      16.7028
    4871      18.2602
    4872      18.3806
    4873      18.1911
    4874      17.9533
    4875      16.8176
    4876      16.3134
    4877      18.0456
    4878      16.3615
    4879      17.0058
    4880      18.2103
    4881      17.2177
    4882      16.5403
    4883      16.8555
    4884      18.1594
    4885      17.5238
    4886      18.6024
    4887      18.1478
    4888      20.6991
    4889      21.1933
    4890      20.5627
    4891      21.9708
    4892      26.9837
    4893      21.6047
    4894      23.3658
    4895      23.1823
    4896      19.2078
    4897      22.3792
    4898      25.5777
    4899      26.0975
    4900      26.9764
    4901      25.2883
    4902      20.8623
    4903      20.4946
    4904      26.0951
    4905      22.6084
    4906      24.7651
    4907      24.7909
    4908      22.1375
    4909      23.4245
    4910      23.7352
    4911      23.0141
    4912      22.5930
    4913      22.9461
    4914      22.3134
    4915      21.7614
    4916      19.6444
    4917      19.6804
    4918      21.0056
    4919      19.4639
    4920      19.0631
    4921      20.2459
    4922      20.8104
    4923      20.5721
    4924      21.0249
    4925      21.3695
    4926      20.8996
    4927      21.0586
    4928      21.4508
    4929      22.1308
    4930      21.8657
    4931      21.6880
    4932      20.7943
    4933      19.4000
    4934      20.0739
    4935      16.9682
    4936      15.8939
    4937      16.9708
    4938      16.5066
    4939      18.3877
    4940      17.0737
    4941      17.1760
    4942      17.5291
    4943      14.9343
    4944      15.3373
    4945      23.4077
    4946      18.5190
    4947      17.1460
    4948      17.3306
    4949      19.2229
    4950      20.9732
    4951      18.5964
    4952      18.4972
    4953      23.2670
    4954      21.9885
    4955      20.8240
    4956      17.9715
    4957      18.7639
    4958      19.4502
    4959      22.8584
    4960      21.6367
    4961      21.0352
    4962      23.0993
    4963      22.0609
    4964      21.6764
    4965      20.7543
    4966      19.1736
    4967      19.3112
    4968      20.2206
    4969      17.8540
    4970      17.2328
    4971      16.7655
    4972      17.6536
    4973      17.3667
    4974      17.9553
    4975      17.0068
    4976      17.0309
    4977      14.7074
    4978      15.9670
    4979      19.7868
    4980      17.4441
    4981      18.6146
    4982      18.6250
    4983      19.2329
    4984      20.2421
    4985      20.6896
    4986      18.1891
    4987      17.7152
    4988      17.6891
    4989      18.6004
    4990      17.6794
    4991      15.3961
    4992      15.9429
    4993      15.8938
    4994      15.5736
    4995      15.3261
    4996      16.1841
    4997      15.9658
    4998      16.6910
    4999      17.5787
    5000      17.8385
