#Frame   SLAHS[native] SLAHS[nonnative] SLAHS[mindist] SLAHS[maxdist]
       1            15                0         3.2741        20.4257
       2             9               18         3.1428        19.2499
       3            13                9         3.2624        17.3510
       4             7               21         3.0350        18.6340
       5             5               14         3.3313        20.7338
       6             5               13         3.2207        20.5137
       7             9               26         3.1338        18.8147
       8             6                6         3.1523        18.5782
       9             2               10         3.5024        19.8770
      10             5               23         2.9911        19.1038
      11             5               20         2.9390        21.2079
      12             5               21         3.1856        19.5035
      13            11               17         3.2184        18.6956
      14             9               13         3.0851        18.8863
      15             3               10         3.0824        19.3324
      16             7               11         3.3162        20.4059
      17             6                7         3.1689        20.0817
      18             8               16         3.3249        19.1532
      19             6               15         3.1123        20.8887
      20             3                9         3.5111        20.8298
      21             3               17         3.3800        20.8994
      22             4                7         3.4351        20.7573
      23             4               17         3.2175        21.2763
      24             5               18         3.0438        20.6645
      25             5               13         3.2928        20.1780
      26             5               21         3.2112        19.5423
      27             7               12         3.0852        19.1364
      28             5               13         2.9942        20.3768
      29             5               12         3.0883        20.4215
      30             4               17         3.1840        19.9138
      31             3                3         3.8510        19.7875
      32             3               18         2.9505        19.4087
      33             2               14         3.2287        21.2324
      34             4               22         3.0593        19.3544
      35             2               16         3.3022        19.8445
      36             8               30         3.0254        20.0280
      37             2               14         3.0940        19.5748
      38             2               11         3.1027        18.6320
      39             5               16         3.0176        18.7753
      40             2               21         2.9901        17.7845
      41             3               14         3.1281        18.9902
      42             7               17         3.0417        18.8952
      43             7               13         3.2727        18.7767
      44             4               11         3.2084        18.4716
      45             4               15         3.0301        19.6535
      46            11               14         3.1396        19.3423
      47             4               20         3.1847        18.7894
      48             5               16         3.0164        17.5049
      49             3               20         3.3125        16.8244
      50             4               17         3.3773        17.3867
      51             5               17         3.3181        19.8009
      52             5               12         3.3017        19.0491
      53             6               18         3.3354        18.5878
      54             5               18         3.2132        19.5222
      55             5               16         3.1769        18.7460
      56             2                6         3.6444        18.0748
      57             4                8         3.4399        18.3696
      58             4               12         3.3416        20.1429
      59             4                7         3.2279        21.4877
      60             4                8         3.5148        19.3723
      61             9               13         3.1086        18.7984
      62             3                2         3.4508        18.1177
      63            11               14         2.9585        19.2192
      64             8               20         2.9533        19.1674
      65             7                9         3.1312        18.7760
      66             6               15         3.2892        18.0019
      67             7               13         3.0963        18.7643
      68             4                9         3.5066        19.1480
      69             6               15         3.2098        18.7892
      70             3                6         3.3558        18.5717
      71             7               16         3.1880        18.9025
      72             3                9         3.0124        19.4257
      73             8               20         3.1541        18.9194
      74            10               14         3.2760        17.5322
      75            11               33         2.8369        16.3160
      76            10               23         2.7994        15.4484
      77            14               21         3.0884        15.9019
      78             8               16         3.3789        16.3290
      79             7               17         3.1545        16.5955
      80             4               14         3.3069        15.4308
      81             2                9         3.6733        15.7399
      82             5               20         3.1652        15.7894
      83             6               10         3.5016        15.6434
      84             6               13         3.1077        15.9527
      85             8               18         3.0649        17.1969
      86             9               27         3.0302        16.8291
      87             5               20         3.3213        17.9556
      88             6                6         3.2073        19.0565
      89             0                7         3.4851        16.7516
      90             2               20         3.0228        17.2613
      91             1               15         3.3497        16.8550
      92             1               14         3.1180        16.4123
      93             3               32         3.1620        17.5772
      94             1               27         3.0922        17.4219
      95             0               28         3.1287        16.2485
      96             1               19         3.0066        16.7552
      97             0               10         3.5257        16.7742
      98             0                9         3.5292        16.6860
      99             0               12         3.1121        16.1118
     100             3               23         2.9645        17.0458
     101             1               29         2.9470        15.3406
     102             6               19         2.8383        16.4215
     103             1               15         3.1708        16.4246
     104             2               24         3.0240        16.6065
     105             7               14         3.2084        17.4476
     106             1               34         3.2741        15.9468
     107             1               17         3.0864        16.5166
     108             0               19         3.2153        14.9796
     109             0               26         2.9107        16.3224
     110             0               21         3.1556        16.3324
     111             0               25         3.2155        14.9786
     112             1               22         3.2298        14.7873
     113             0               12         3.2530        15.6330
     114             0               17         3.3164        16.3230
     115             0               25         3.2666        15.9634
     116             0               12         3.2905        15.1827
     117             1               14         3.5078        15.4560
     118             1               23         3.1802        15.5790
     119             2               30         2.8262        15.1998
     120             0               11         3.2736        15.4644
     121             0               12         3.4030        14.8000
     122             1                4         3.4655        17.1088
     123             2               19         3.2619        17.1531
     124             2               15         3.2877        15.8317
     125             1               18         3.1397        16.6771
     126             2               18         3.1377        15.1748
     127             0               29         2.9140        13.9013
     128             1               19         3.0567        13.9079
     129             1               16         3.3746        16.0771
     130             4               18         3.2184        15.0393
     131             2               31         3.1864        15.7706
     132             3               29         2.8299        15.5079
     133             1               26         2.7725        14.4871
     134             3               19         2.9450        15.7112
     135             2               36         3.1025        14.9261
     136             0                8         3.2460        14.5742
     137             2               36         3.0702        14.9122
     138             1               36         2.9881        15.0278
     139             1               28         3.0575        15.6456
     140             1               27         2.8488        15.8548
     141             1               22         2.9783        16.1352
     142             1               34         2.8868        15.0783
     143             1               32         3.1529        14.5177
     144             1               18         3.2696        15.3014
     145             2               24         3.2012        15.3302
     146             1               25         3.2144        15.2289
     147             2               29         2.9842        14.9851
     148             1               26         3.1306        15.2047
     149             2               31         3.0406        16.2346
     150             0               19         3.5562        16.3646
     151             2               18         3.2529        17.8237
     152             1               13         3.4129        16.5701
     153             1               12         3.1572        16.7163
     154             2               14         3.0382        17.6097
     155             8               15         3.1576        18.6689
     156             8               14         3.3573        18.7824
     157             7               14         3.0689        18.3756
     158             6               14         3.2654        18.3886
     159             3               11         3.1611        20.5315
     160             6               11         3.1620        19.9101
     161            10               12         3.0267        20.3470
     162             5               16         3.0561        19.1544
     163             6               16         2.9438        19.0694
     164             2               18         3.1152        18.2671
     165             6                6         3.1091        18.3586
     166             3               13         3.4638        18.6980
     167             8               20         3.1491        17.9938
     168             4               18         2.9833        17.4663
     169             5               26         3.0706        17.5753
     170             0                7         3.5807        16.7246
     171             0               23         3.0664        17.2534
     172             1               19         3.1900        17.0937
     173             0                1         3.9313        17.3073
     174             1               12         3.6077        17.6953
     175             0               16         3.3078        17.8767
     176             1               20         3.0923        17.6282
     177             1               13         3.1893        17.6515
     178             4               20         3.0747        16.5244
     179             2                8         3.2385        17.1640
     180             3                6         3.4373        17.7052
     181             7               17         3.1133        18.8581
     182             6                9         3.1846        17.9759
     183             2                4         3.6994        18.9460
     184             9               12         3.1292        18.9368
     185             8               10         3.3037        19.2062
     186             5               12         3.0900        18.5511
     187             2               35         3.2749        16.1168
     188             3               25         3.0858        16.9960
     189             2               28         2.8008        16.6296
     190             1               16         3.2419        17.3700
     191             0               17         3.1885        16.9734
     192             1               32         3.0825        15.9556
     193             0               23         2.9749        15.0137
     194             1               22         3.3925        16.4505
     195             0               31         3.1027        15.8106
     196             1               41         3.0920        15.5441
     197             0               28         3.1289        16.0179
     198             0               16         2.9392        15.9945
     199             0               19         3.2398        15.7819
     200             0               40         2.9905        15.0381
     201             0               22         3.1204        16.6885
     202             0               22         3.1912        15.2299
     203             0               27         3.0991        15.9926
     204             0               22         3.2672        15.5185
     205             0               14         3.2977        15.8512
     206             0               33         3.2070        15.5755
     207             0               34         3.0857        14.7903
     208             0               22         3.2837        16.0503
     209             0               15         3.2585        16.3007
     210             0               18         3.1539        16.3284
     211             1               12         3.1528        16.1964
     212             0               33         3.1394        16.3107
     213             1               33         3.2104        15.5156
     214             1               13         3.3389        16.1262
     215             0               12         3.4348        16.2422
     216             0               28         2.8441        15.8675
     217             0               29         2.9804        15.0069
     218             0               31         3.1097        15.1856
     219             0               32         3.0240        14.5709
     220             0               40         2.9998        15.3715
     221             0               32         3.0523        14.5163
     222             0               30         3.1509        14.1534
     223             0               22         3.2524        14.3158
     224             0               21         3.0745        15.0209
     225             0               31         2.9539        15.6370
     226             0               22         3.2539        14.8641
     227             0               30         2.8544        15.7226
     228             0               34         3.0327        15.3590
     229             0               24         3.1849        15.3915
     230             0               27         3.2287        14.3233
     231             0               25         3.0781        15.6327
     232             0               26         3.3059        15.7029
     233             0               17         3.3120        14.9146
     234             0               31         3.0679        15.3053
     235             0               32         3.3733        16.1860
     236             0               14         3.3569        17.0455
     237             0               16         3.1568        15.9101
     238             1               19         3.0904        15.4568
     239             0               14         3.2605        14.7884
     240             0               18         3.0785        14.9395
     241             0               22         2.8867        15.1568
     242             0               27         3.1614        15.5452
     243             0               23         3.3003        15.1394
     244             0               17         3.4888        15.7870
     245             0               22         3.3022        15.9290
     246             0               30         2.7580        16.0258
     247             0               14         3.1171        15.4873
     248             0               13         3.4434        16.4771
     249             0               21         3.3543        16.1496
     250             0               25         3.0471        16.3996
     251             0               29         3.1997        16.5842
     252             0               14         3.4859        16.7267
     253             0               10         3.4010        15.6649
     254             0               21         3.3077        16.9632
     255             0               22         3.2600        15.6633
     256             0               10         3.5988        15.2121
     257             1               23         2.8188        15.5891
     258             0               18         3.1435        15.3241
     259             0               15         3.2903        16.5930
     260             0               20         3.1707        16.2423
     261             0               19         3.1271        15.5027
     262             0               27         3.0145        15.6265
     263             0               17         3.4191        15.3703
     264             0               26         3.3865        15.5752
     265             0               23         3.3547        15.2333
     266             0               28         3.3031        15.5111
     267             0               29         3.2730        15.2212
     268             0               28         3.1710        15.3610
     269             0               20         3.2647        16.3518
     270             0               33         3.0074        16.7200
     271             0               24         3.0306        16.4809
     272             0               31         3.1609        16.2581
     273             0               25         3.3630        14.8550
     274             0               20         3.2413        16.0291
     275             0               21         3.2390        16.0223
     276             0               24         3.2679        15.8716
     277             0               24         3.2117        15.5414
     278             0               30         2.8172        15.1250
     279             0               28         3.1919        14.8830
     280             0               23         3.2677        16.0850
     281             0               23         2.8757        15.9964
     282             0               32         2.8308        16.0289
     283             0               36         2.8532        15.8954
     284             0               22         3.3023        16.4881
     285             0               24         3.3354        16.3461
     286             0               21         3.0404        16.8614
     287             0               18         3.3470        18.2719
     288             0               16         3.2862        17.2424
     289             0               16         3.6176        17.6250
     290             0                8         3.4905        18.4569
     291             0               25         3.3360        16.8887
     292             0               26         3.0470        15.5595
     293             0               19         3.2082        15.8814
     294             0                7         3.3141        17.1735
     295             0               36         2.8486        17.6426
     296             0               15         3.4723        17.7649
     297             0               13         3.2572        18.3219
     298             0               25         3.1073        16.6548
     299             0               20         3.2879        18.2185
     300             0               21         3.2309        17.7739
     301             0               26         3.0544        18.0920
     302             0               20         3.2285        17.4952
     303             0               32         3.0636        17.4560
     304             0               19         3.3500        18.0036
     305             0               12         3.3386        18.0016
     306             0               25         2.8602        17.9126
     307             0               13         3.4675        18.6440
     308             0               12         3.0262        18.1889
     309             0               23         3.0861        18.3765
     310             0               12         3.4502        18.9713
     311             0                3         3.1229        19.5631
     312             0                3         3.5650        18.5361
     313             0               20         3.0738        18.3297
     314             0                9         3.1218        17.8504
     315             0                4         3.4677        18.9519
     316             0                6         3.4731        19.9620
     317             0                6         3.4857        20.4670
     318             0                8         3.3841        19.5750
     319             0                9         3.3280        19.2108
     320             0                7         3.4284        19.1572
     321             0               11         2.9694        18.4906
     322             0               13         3.0391        17.9668
     323             0                7         3.1737        18.3304
     324             0                2         3.7595        18.1797
     325             0                8         3.5058        18.4902
     326             0                3         3.2844        19.7728
     327             0                7         3.5573        17.8444
     328             0                5         3.3789        18.4964
     329             0                2         3.3293        18.6086
     330             0               11         3.0604        17.5194
     331             0                8         3.2616        17.5225
     332             0               12         3.4278        18.9717
     333             0                9         3.4069        18.0226
     334             0               11         3.1902        17.3759
     335             0               14         2.8572        17.4686
     336             0                5         3.6143        17.8265
     337             0                7         3.5553        18.6046
     338             0                9         3.1711        18.3127
     339             0                9         3.0062        17.3125
     340             0                7         3.0625        17.9734
     341             0                2         3.6563        19.1315
     342             0                5         3.1133        18.9397
     343             0               15         3.2844        18.9247
     344             0                7         3.4430        18.9412
     345             0                6         3.0765        18.7318
     346             0                7         3.4147        19.5862
     347             0                5         3.2956        19.3483
     348             0               11         3.0510        18.9442
     349             0               10         2.9777        19.0584
     350             0               15         3.0621        18.7545
     351             0               11         3.3040        18.4059
     352             0               12         2.9519        19.2830
     353             0                5         3.5184        19.1884
     354             0               11         3.2393        19.4649
     355             0                7         3.1054        19.2529
     356             0               13         3.3224        19.4297
     357             0                9         3.3291        19.7009
     358             0               10         3.2825        20.2216
     359             0               13         3.1060        21.1249
     360             0                7         3.2785        20.0345
     361             0               13         3.2017        20.9917
     362             0               11         3.3438        20.3511
     363             0                8         3.6913        20.6342
     364             0                5         3.4904        21.0697
     365             0               12         3.1790        20.7950
     366             0               12         3.0353        19.7365
     367             0                6         3.3436        18.1711
     368             0               13         3.3893        18.7022
     369             0               13         3.2607        19.1090
     370             0               13         3.1835        19.7653
     371             0               13         3.4358        20.6471
     372             0                6         3.7616        20.0468
     373             0                4         3.6266        20.2400
     374             0                3         3.5372        19.7714
     375             0                6         3.5111        21.1044
     376             0                5         3.5173        21.3754
     377             0                6         3.3025        20.7368
     378             0                5         3.6144        21.4927
     379             0                3         3.5396        19.0606
     380             0                3         3.6841        18.6151
     381             0                8         3.2771        17.2666
     382             0                4         3.5711        17.7234
     383             0                5         3.6273        18.0602
     384             0                8         3.1631        17.6893
     385             0               12         3.4863        17.6264
     386             0               12         3.1720        18.5407
     387             0                9         3.4357        18.7626
     388             0                8         3.7292        18.5502
     389             0                9         3.1695        17.9540
     390             0                9         3.2510        20.1384
     391             0                9         3.6501        19.6295
     392             0                6         3.4648        18.6428
     393             0                7         3.5386        19.9892
     394             0                3         3.4903        19.6052
     395             0                5         3.6985        19.4200
     396             0                7         3.3751        19.7540
     397             0                8         3.4621        19.7953
     398             0                2         3.4916        21.2895
     399             0                0         4.4470        22.9342
     400             0                4         3.7041        21.8415
     401             0                8         3.2990        21.8196
     402             0                4         3.4856        21.7731
     403             0                4         3.3714        22.7326
     404             0                5         3.5855        21.7915
     405             0                6         3.5089        21.4732
     406             0                1         3.9921        21.4564
     407             0                3         3.5193        21.0079
     408             0                0         4.8965        21.3065
     409             0                0         4.5013        19.4296
     410             0                3         3.7390        19.7573
     411             0                3         3.7740        20.2077
     412             0                3         3.4556        20.2581
     413             0                6         3.6418        18.8703
     414             0                8         3.5446        18.4423
     415             0                7         3.4827        20.3357
     416             0                5         3.6030        19.0383
     417             0                4         3.5559        19.2551
     418             0                3         3.7023        19.9337
     419             0                5         3.7408        19.3379
     420             0                4         3.7104        18.7896
     421             0                9         3.2965        19.2154
     422             0                5         3.5286        18.4893
     423             0                3         3.4467        20.0230
     424             0                9         3.4194        18.5788
     425             0                7         3.5286        18.8093
     426             0                5         3.5378        18.0713
     427             0                8         3.5179        18.7213
     428             0                2         3.7406        19.2998
     429             0                3         3.5449        19.1158
     430             0                3         3.7973        19.0044
     431             0                3         3.4909        19.3720
     432             0                3         3.7494        17.9478
     433             0                3         3.4521        18.6974
     434             0                7         3.3690        20.1774
     435             0                0         4.1440        20.5756
     436             0                1         3.6338        21.0561
     437             0                4         3.3809        18.5335
     438             0                3         3.5320        19.9088
     439             0                5         3.4500        18.2430
     440             0                7         3.3864        19.0047
     441             0                1         3.7823        20.4763
     442             0                6         3.4501        21.1066
     443             0                3         3.5795        20.8919
     444             0                5         3.2499        20.8273
     445             0                1         3.8920        20.3111
     446             0                5         3.5552        20.7684
     447             0                6         3.5331        20.1459
     448             0                6         3.4133        19.8016
     449             0                5         3.5117        21.8699
     450             0                3         3.8290        20.5599
     451             0                0         4.1292        20.0563
     452             0                0         4.0805        18.9390
     453             0                2         3.7166        18.7193
     454             0                1         3.9981        19.0074
     455             0                3         3.6020        20.0912
     456             0                2         3.7927        20.0861
     457             0                1         3.9761        19.5976
     458             0                3         3.7563        20.1142
     459             0                1         3.5031        20.8283
     460             0                0         4.0818        20.5266
     461             0                3         3.8519        19.9196
     462             0                1         3.5323        20.1628
     463             0                1         3.8854        20.2768
     464             0                2         3.7455        20.3233
     465             0                1         3.9016        21.2913
     466             0                2         3.6257        20.7271
     467             0                0         4.5367        19.8043
     468             0                0         4.0479        20.5585
     469             0                1         3.8896        18.8718
     470             0                1         3.8856        18.2921
     471             0                3         3.4923        18.8673
     472             0                2         3.3774        17.9616
     473             0                0         4.1441        18.2825
     474             0                2         3.7559        17.5782
     475             0                0         4.2760        18.2403
     476             0                0         4.2205        17.5422
     477             0                0         5.1300        16.7124
     478             0                0         4.9515        15.7343
     479             0                1         3.7842        15.8323
     480             0                0         4.2339        18.4989
     481             0                1         3.9413        18.6524
     482             0                3         3.6256        18.7879
     483             0                2         3.5300        18.9109
     484             0                2         3.8718        20.2205
     485             0                1         3.8047        18.6044
     486             0                5         3.3466        17.4805
     487             0                2         3.5952        16.9167
     488             0                4         3.6196        16.6038
     489             0                4         3.5405        17.0337
     490             0                0         4.1552        17.5205
     491             0                2         3.6722        17.2856
     492             0                2         3.4690        17.5653
     493             0                0         4.9639        16.8053
     494             0                0         5.7255        18.6845
     495             0                0         4.4128        17.4983
     496             0                0         5.2891        17.7422
     497             0                0         4.9044        18.8261
     498             0                0         4.9082        17.9964
     499             0                0         5.5297        18.2783
     500             0                0         4.9013        18.2726
     501             0                0         5.1324        18.5199
     502             0                0         4.1630        18.3957
     503             0                0         4.1264        18.0772
     504             0                0         4.7222        18.6710
     505             0                0         4.8768        18.7173
     506             0                0         6.2240        19.0686
     507             0                0         5.5388        19.7514
     508             0                0         6.1348        19.3962
     509             0                0         5.8799        19.5439
     510             0                0         4.8743        19.1006
     511             0                0         6.0092        19.7199
     512             0                1         3.7557        21.3455
     513             0                0         4.6299        20.6820
     514             0                0         4.9594        20.3348
     515             0                0         4.2859        20.3297
     516             0                1         3.6294        20.2709
     517             0                1         3.9747        20.0121
     518             0                1         3.9351        20.6346
     519             0                3         3.5430        20.4849
     520             0                2         3.5093        23.1282
     521             0                2         3.9302        23.1842
     522             0                1         3.4403        21.6609
     523             0                0         4.1815        21.6521
     524             0                2         3.7522        21.5110
     525             0                1         3.8480        21.7284
     526             0                1         3.9667        22.3970
     527             0                3         3.3080        21.7912
     528             0                1         3.8185        23.1728
     529             0                0         4.1812        23.2671
     530             0                2         3.5210        23.8476
     531             0                2         3.5841        23.7800
     532             0                2         3.8280        22.5429
     533             0                2         3.3606        23.4782
     534             0                3         3.8409        23.4691
     535             0                3         3.8606        22.2171
     536             0                0         4.3271        21.3112
     537             0                2         3.6141        21.0844
     538             0                2         3.6233        21.3620
     539             0                1         3.8994        21.4289
     540             0                3         3.2918        21.0273
     541             0                4         3.2752        20.5641
     542             0                3         3.7562        19.5051
     543             0                4         3.2192        21.3026
     544             0                5         3.4068        20.3494
     545             0                7         3.5193        21.4101
     546             0                7         3.4959        21.0818
     547             0                7         3.3604        20.4650
     548             0                7         3.4853        20.3905
     549             0               16         3.3773        20.2982
     550             0               12         3.3650        22.6703
     551             0               13         3.5805        21.4185
     552             0               15         3.2764        21.1822
     553             0                9         3.7820        20.8519
     554             0               28         3.3641        20.3856
     555             0               12         3.6159        20.2560
     556             0               19         3.3099        20.9343
     557             0               14         3.3498        20.6919
     558             0               12         3.3240        20.1952
     559             0                8         3.6899        20.5334
     560             0               26         3.2152        20.1148
     561             0               20         3.2411        21.0637
     562             0               18         3.2670        20.2072
     563             0               13         3.3914        21.7161
     564             0               21         3.2444        20.8508
     565             0               18         3.2730        20.5171
     566             0               25         3.2481        21.0254
     567             0               17         3.1800        20.6886
     568             0               12         3.5078        20.8796
     569             0                7         3.7429        19.4200
     570             0               16         3.2976        20.8215
     571             0               18         3.3986        20.6368
     572             0                4         3.7109        21.8565
     573             0               15         3.3810        20.6678
     574             0               15         3.2415        21.4904
     575             0               10         3.6865        20.2963
     576             0                7         3.4344        20.6365
     577             0               13         3.4735        21.7374
     578             0               20         3.1386        21.2417
     579             0               13         3.2730        21.7435
     580             0               20         3.3787        21.5627
     581             0               20         3.2949        21.4243
     582             0               19         3.4504        21.2941
     583             0                8         3.4150        21.0707
     584             0               13         3.3776        21.4341
     585             0                5         3.5949        21.4970
     586             0               24         3.1965        21.2130
     587             0               12         3.5489        20.8302
     588             0                9         3.4481        20.0848
     589             0               13         3.2359        20.6041
     590             0               15         3.2424        21.2875
     591             0               16         3.3087        22.5308
     592             0               24         3.0605        21.6864
     593             0               15         3.1818        20.1458
     594             0               31         3.1863        21.5241
     595             0               24         3.1717        21.5509
     596             0               27         3.1238        20.3875
     597             0               24         3.0523        20.3059
     598             0               17         3.1930        19.6074
     599             0               24         3.0757        19.3872
     600             0               24         3.2052        19.1529
     601             0               24         3.3372        20.3187
     602             0               13         3.5154        20.0611
     603             0               22         3.4318        20.1781
     604             0               12         3.3703        20.2317
     605             0                6         3.6946        21.1867
     606             0               13         3.4601        21.6651
     607             0                9         3.3549        22.3804
     608             0               13         3.1248        22.3375
     609             0                9         3.3739        21.4206
     610             0               15         3.2850        22.4144
     611             0               19         3.0254        22.4859
     612             0               27         3.1053        22.4797
     613             0               11         3.3632        22.2791
     614             0                8         3.3541        22.1797
     615             0               15         3.0557        21.1076
     616             0               22         3.1604        21.1955
     617             0               17         3.5039        21.2050
     618             0               16         3.3902        21.4829
     619             0               14         3.4105        22.2012
     620             0                8         3.6010        22.7852
     621             0               13         3.4197        21.7988
     622             0               19         3.3699        22.0235
     623             0               18         3.3320        22.0904
     624             0               26         3.1695        21.8054
     625             0               16         3.3104        22.2911
     626             0               15         3.2865        22.0930
     627             0               24         3.2440        21.5023
     628             0               13         3.3928        22.1672
     629             0               24         3.1492        22.3261
     630             0               17         3.4655        22.1619
     631             0               13         3.3949        22.4623
     632             0               21         3.0814        22.0301
     633             0               12         3.5708        21.4275
     634             0                4         3.6541        21.2933
     635             0               11         3.4422        20.4512
     636             0               19         3.2482        20.3730
     637             0               10         3.2398        20.5672
     638             0                8         3.4837        21.2787
     639             0               13         2.9671        21.6227
     640             0                6         3.5801        21.4524
     641             0               14         3.2233        21.4004
     642             0                9         3.5677        20.2415
     643             0                7         3.5170        20.8771
     644             0                2         3.7541        22.2870
     645             0                4         3.6632        22.2727
     646             0                2         3.7057        22.3904
     647             0                5         3.4639        21.9614
     648             0                6         3.2736        22.0227
     649             0                3         3.5759        22.7337
     650             0                3         3.1770        22.2698
     651             0                2         3.2152        22.2448
     652             0                7         3.5833        22.1317
     653             0               11         3.1901        22.2965
     654             0               11         3.2902        22.5527
     655             0               16         3.2174        22.2373
     656             0               18         3.0992        21.1281
     657             0               18         3.2522        21.9071
     658             0               20         3.3209        21.8615
     659             0                9         3.3625        22.4756
     660             0               19         3.0817        22.8061
     661             0               20         3.0447        23.0924
     662             0               10         3.5528        22.3755
     663             0               13         3.3425        21.8187
     664             0               13         3.1939        21.8450
     665             0               10         3.4815        21.9264
     666             0               15         3.4589        22.1980
     667             0               13         3.4860        22.3396
     668             0               14         3.1315        21.7411
     669             0               14         3.3237        22.0539
     670             0                4         3.8307        22.4230
     671             0               16         3.2635        21.8425
     672             0                4         3.8963        22.7704
     673             0               13         3.5008        22.6398
     674             0               22         3.1281        21.6970
     675             0               23         3.4132        22.5910
     676             0               18         3.3868        22.4349
     677             0               22         3.1491        22.6381
     678             0               11         3.5997        22.6522
     679             0               16         3.2582        22.4841
     680             0               19         3.2975        22.2741
     681             0               15         3.3964        22.1351
     682             0               22         3.2780        21.9421
     683             0               19         3.2444        22.8057
     684             0               15         2.9814        22.0841
     685             0               19         3.1040        22.4725
     686             0               11         3.4262        21.4834
     687             0               19         3.1556        21.3651
     688             0               23         3.0960        20.7411
     689             0               12         3.3268        21.6609
     690             0               12         3.0008        21.0590
     691             0               38         3.0569        20.8045
     692             0               33         2.9292        20.0238
     693             0               26         3.1069        20.4474
     694             0               12         3.3962        21.1321
     695             0               22         3.0933        21.0625
     696             0               23         2.9295        21.2819
     697             0               17         3.0634        21.5391
     698             0               22         3.1518        21.6333
     699             0               16         3.3095        21.8614
     700             0               16         3.3373        21.3050
     701             0               16         3.3194        21.5296
     702             0               12         3.3448        21.7302
     703             0                5         3.3579        21.5569
     704             0               18         3.0677        21.3533
     705             0               15         3.2915        21.6257
     706             0               20         3.2460        20.4787
     707             0               17         3.1571        20.5583
     708             0               10         3.3139        20.7499
     709             0               11         3.2307        20.7361
     710             0               23         3.1024        20.5656
     711             0                7         3.3418        21.4629
     712             0                6         3.5012        21.3485
     713             0               15         3.2377        21.0999
     714             0               20         3.1665        20.7006
     715             0               17         3.0481        20.2951
     716             0               10         2.9552        20.8878
     717             0               12         3.2818        20.9898
     718             0                4         3.5807        19.7936
     719             0               29         3.0372        20.8026
     720             0               15         3.1508        20.4221
     721             0               14         3.4648        19.9225
     722             0               11         3.2713        20.5146
     723             0               16         3.2143        19.2996
     724             0               16         3.3000        19.9741
     725             0               27         2.9851        19.3506
     726             0               22         3.0921        18.9521
     727             0               23         3.1692        18.9803
     728             0               11         3.0765        17.7324
     729             0               26         2.9798        18.8099
     730             0               14         3.4808        18.8955
     731             0               24         3.1560        18.5592
     732             0               22         3.1585        17.3752
     733             0               13         3.4293        19.5544
     734             0               20         3.0733        19.4255
     735             0               30         3.1628        20.9488
     736             0               26         3.1677        21.1555
     737             0               14         3.2536        19.3665
     738             0               19         3.4478        19.3516
     739             0               31         3.1300        20.1943
     740             0               39         3.0450        18.9321
     741             0               19         3.4204        19.4128
     742             0               29         3.0985        20.0564
     743             0               15         3.1464        20.4084
     744             0               29         3.1426        20.7220
     745             0               14         3.3433        21.2768
     746             0               18         3.2529        21.1840
     747             0               14         3.4536        21.4406
     748             0                9         3.5296        21.7700
     749             0               11         3.3679        22.1249
     750             0               15         3.2268        20.8030
     751             0               16         3.2706        21.7165
     752             0                9         3.2281        21.8988
     753             0                7         3.6109        21.9174
     754             0                7         3.7845        21.4818
     755             0               17         3.2704        21.5178
     756             0               25         3.2507        20.9219
     757             0               16         3.5243        21.3628
     758             0               18         3.3668        20.4305
     759             0               19         3.1482        20.9363
     760             0               19         3.3679        21.1194
     761             0               32         3.1383        21.1579
     762             0               22         3.0150        21.7775
     763             0               22         3.4330        22.2904
     764             0               30         3.1904        21.8529
     765             0               24         3.3879        21.5820
     766             0               32         3.1473        21.1393
     767             0               15         3.0138        21.8411
     768             0               14         3.2537        21.5999
     769             0                8         3.1663        22.4174
     770             0               14         3.1467        21.9727
     771             0               10         3.2205        21.9086
     772             0                6         3.4791        21.3872
     773             0               15         3.1282        21.4742
     774             0               26         3.2623        21.6524
     775             0               30         3.1587        20.9950
     776             0               19         3.3582        21.7574
     777             0               27         3.1462        20.9605
     778             0               23         3.3397        21.5106
     779             0               20         3.3469        21.3312
     780             0               18         3.2529        21.8489
     781             0               18         3.4660        21.5074
     782             0               41         3.2637        21.1758
     783             0               45         3.2449        20.7623
     784             0               28         3.2846        20.9612
     785             0               21         3.3809        20.7923
     786             0               19         3.2568        20.8073
     787             0               16         3.2682        21.0112
     788             0               18         3.5349        21.2627
     789             0               26         2.9960        21.1097
     790             0               29         3.0808        20.8428
     791             0               26         3.1714        21.4547
     792             0               17         3.3549        19.6705
     793             0               28         2.9413        21.4132
     794             0               32         3.1525        21.2118
     795             0               25         3.0627        20.6683
     796             0               24         3.4267        21.2948
     797             0               21         3.1196        21.2909
     798             0               26         3.1817        20.9156
     799             0               26         3.1771        20.9508
     800             0               23         3.3676        21.4823
     801             0               33         3.2215        21.7607
     802             0               17         3.3026        21.7076
     803             0               32         3.0481        21.0544
     804             0               22         3.1923        21.6972
     805             0               27         3.2330        20.9335
     806             0               28         3.0111        21.3799
     807             0               17         3.5084        20.6503
     808             0               20         3.0537        20.3574
     809             0               28         3.1717        20.6439
     810             0               12         3.4922        21.3713
     811             0               31         2.8389        20.7434
     812             0               43         2.9353        20.0148
     813             0               36         3.0460        20.7663
     814             0               29         3.3307        21.1596
     815             0               33         3.3453        20.6670
     816             0               17         3.6438        21.7744
     817             0               34         3.3836        21.5210
     818             0               34         3.1873        21.3483
     819             0               35         3.0393        20.7860
     820             0               25         3.2882        20.7721
     821             0               16         3.4730        21.0321
     822             0               37         3.1010        20.9271
     823             0               21         3.1890        21.5327
     824             0               33         3.0954        20.6079
     825             0               30         3.1728        21.2169
     826             0               31         3.2277        20.6675
     827             0               29         3.2430        20.8476
     828             0               27         3.0447        21.3839
     829             0               25         3.2017        21.1305
     830             0               25         3.3186        21.9266
     831             0               29         3.2736        20.9663
     832             0               13         3.4628        21.5163
     833             0               29         3.3522        23.2409
     834             0               21         3.4688        21.8082
     835             0               28         2.9872        21.5864
     836             0               34         2.8134        21.6165
     837             0               25         2.9927        20.8245
     838             0               24         2.9491        21.8160
     839             0               20         3.2675        21.1569
     840             0               23         3.0502        21.2671
     841             0               16         2.9876        21.7577
     842             0               23         3.2925        20.6377
     843             0               41         3.0285        21.4010
     844             0               26         3.0774        20.1104
     845             0               16         3.1632        20.8287
     846             0               21         3.1501        20.5120
     847             0               30         3.0525        20.0852
     848             0               17         2.9916        19.6900
     849             0               10         3.3354        19.9713
     850             0               36         3.0055        20.8166
     851             0                9         3.1420        20.2561
     852             0               14         3.1876        19.8171
     853             0               23         3.0085        20.4574
     854             0                6         3.8182        20.3781
     855             0               24         3.2892        20.8358
     856             0               21         3.1899        21.1786
     857             0               32         3.3521        21.3922
     858             0               26         3.1354        22.0113
     859             0               23         3.1089        22.0640
     860             0               19         3.2932        20.7779
     861             0               18         3.4156        20.2508
     862             0               37         3.1592        20.1810
     863             0               13         3.4678        20.5198
     864             0               31         3.2150        20.3154
     865             0               46         3.0372        20.3544
     866             0               23         3.5775        19.6749
     867             0               31         3.1692        20.7861
     868             0               21         3.4803        20.7722
     869             0               23         3.4474        20.5459
     870             0               34         2.9554        20.4361
     871             0               26         3.2195        20.7789
     872             0               25         3.4382        20.0294
     873             0               27         3.2163        19.8728
     874             0               14         3.1476        19.9317
     875             0               21         3.1523        19.5044
     876             0               18         3.1115        19.6386
     877             0               11         3.2093        20.3201
     878             0               18         3.4731        20.2144
     879             0                7         3.4789        20.6085
     880             0               20         3.0334        20.6598
     881             0               38         3.1841        20.9567
     882             0               33         3.3625        20.2991
     883             0               25         3.5419        20.5873
     884             0               20         3.4005        19.9526
     885             0               32         3.3703        20.3261
     886             0               23         3.4929        20.5996
     887             0               35         3.1726        20.9611
     888             0               37         3.0516        19.9020
     889             0               39         3.3909        20.0329
     890             0               37         2.9287        19.9890
     891             0               37         3.2051        20.4620
     892             0               37         3.2761        19.2817
     893             0               30         3.4115        19.8766
     894             0               35         3.2428        20.1565
     895             0               29         2.9542        19.6709
     896             0               17         3.1904        20.1336
     897             0               35         2.7862        18.7833
     898             0               22         2.9348        20.0407
     899             0               42         2.8005        20.0226
     900             0               29         2.9897        19.9540
     901             0               33         3.1781        20.0699
     902             0               21         2.8803        19.9388
     903             0               33         2.9353        20.2026
     904             0               25         3.1312        20.1910
     905             0               28         2.8522        19.9672
     906             0               20         3.1950        20.0131
     907             0               38         2.9084        20.3783
     908             0               36         2.9514        20.2070
     909             0               43         2.8589        20.4518
     910             0               31         2.8592        20.3261
     911             0               30         3.3222        20.8966
     912             0               24         3.2217        21.4821
     913             0               19         2.8285        20.6172
     914             0                7         3.4075        21.1779
     915             0               28         3.1702        21.4453
     916             0               38         2.9988        21.9912
     917             0               26         3.5265        21.5832
     918             0               40         3.2093        21.7349
     919             0               38         3.1722        21.7963
     920             0               23         2.9866        22.3575
     921             0               17         3.2970        23.9638
     922             0               14         3.3586        23.2836
     923             0               29         3.1317        20.9891
     924             0               18         2.8301        21.7118
     925             0               27         3.1332        21.6204
     926             0               18         3.3051        21.8784
     927             0               23         3.1641        20.9384
     928             0               24         3.1322        20.9326
     929             0               12         3.4410        21.0572
     930             0               18         3.4502        19.0645
     931             0               12         3.5459        17.3711
     932             0               19         3.4170        18.5266
     933             0               25         3.3879        20.4737
     934             0               17         3.4249        19.8021
     935             0               17         3.3049        20.1265
     936             0               10         3.5437        21.0084
     937             0               17         3.3112        20.8020
     938             0               24         2.9412        19.8219
     939             0               18         3.4485        20.1890
     940             0               13         3.1453        19.5721
     941             0               24         3.4646        20.0416
     942             0               18         3.2615        21.8659
     943             0               16         3.1061        21.5607
     944             0               22         3.2126        20.3845
     945             0               10         3.3840        20.7840
     946             0               17         3.1159        18.8901
     947             0               26         2.8437        19.3647
     948             0               29         3.1708        20.0170
     949             0                9         3.1920        20.3596
     950             0               10         3.3891        20.2479
     951             0               29         3.2848        21.4075
     952             0               46         3.1900        20.5731
     953             0               29         3.3084        20.0307
     954             0               43         3.0981        20.7423
     955             0               31         3.2752        20.3995
     956             0               26         3.2316        20.4711
     957             0               28         3.2790        20.1973
     958             0               34         3.1501        20.3770
     959             0               22         2.9753        20.1547
     960             0               29         3.0613        20.1319
     961             0               10         3.6001        19.7450
     962             0               31         3.3556        20.2506
     963             0               22         2.8705        20.8034
     964             0               27         3.0840        19.3549
     965             0               13         3.2074        19.6484
     966             0               21         3.0377        20.0933
     967             0               17         3.1901        18.8479
     968             0               36         3.0266        17.4998
     969             0               37         3.1306        17.9538
     970             0               19         3.2848        18.1651
     971             0               27         3.2132        19.1160
     972             0               15         3.3427        18.0825
     973             0               25         3.2284        17.5357
     974             0               27         3.1560        17.7322
     975             0               38         2.9407        18.6683
     976             0               32         3.2622        18.8913
     977             0               23         3.1393        17.6023
     978             0               17         2.9040        17.3395
     979             0               29         2.8162        17.8252
     980             0               26         2.9451        18.2055
     981             0               28         3.1275        18.5511
     982             0               11         3.0618        18.6627
     983             0               18         3.0650        18.5508
     984             0               11         3.1284        17.2885
     985             0               21         3.2202        18.2202
     986             0               28         3.0882        18.9049
     987             0                5         3.7552        19.5096
     988             0               10         3.6226        19.0192
     989             0               27         3.2496        18.8225
     990             0               28         3.2198        18.7261
     991             0               33         3.0357        19.3002
     992             0               12         3.4856        18.5106
     993             0               17         3.3568        19.9934
     994             0               33         3.1330        19.3009
     995             0               11         3.1862        21.1733
     996             0               22         3.3732        20.7795
     997             0               31         2.9606        20.1617
     998             0               21         3.1518        20.6729
     999             0               25         3.3746        20.0444
    1000             0               55         3.2520        19.8731
    1001             0               17         3.4100        20.8983
    1002             0               29         3.0361        20.9596
    1003             0               27         3.0658        20.8349
    1004             0               28         3.0349        20.4680
    1005             0               36         3.0863        20.0804
    1006             0               13         3.3934        19.0403
    1007             0               30         3.0963        19.9230
    1008             0               37         3.0423        19.5084
    1009             0               24         3.2411        20.0372
    1010             0               31         3.1889        18.5550
    1011             0               43         3.1208        17.8134
    1012             0               40         3.2690        19.2736
    1013             0               39         3.2539        19.9255
    1014             0               31         3.2423        20.2685
    1015             0               37         3.2559        19.2300
    1016             0               48         3.0303        19.6909
    1017             0               43         3.1449        19.6446
    1018             0               32         3.2312        20.4088
    1019             0               53         3.1147        20.3742
    1020             0               31         3.3661        20.8410
    1021             0               49         3.1924        20.6707
    1022             0               46         2.9029        21.0887
    1023             0               40         3.2489        20.5367
    1024             0               35         3.0942        20.5599
    1025             0               28         3.1296        20.6673
    1026             0               37         3.3202        20.3490
    1027             0               36         3.2203        19.5778
    1028             0               19         3.2531        21.1135
    1029             0               25         3.1814        20.6651
    1030             0                9         3.3726        19.9729
    1031             0               15         3.0469        19.6637
    1032             0               21         3.1861        19.7470
    1033             0               30         3.3177        20.6964
    1034             0               16         3.4015        20.3819
    1035             0               37         3.2541        20.4398
    1036             0               38         3.0825        20.3539
    1037             0               34         2.9329        20.6565
    1038             0               27         3.0652        20.4750
    1039             0               32         2.9020        20.5327
    1040             0               21         3.1920        20.6782
    1041             0               13         3.4310        20.8460
    1042             0               13         3.3912        20.9599
    1043             0                9         3.6522        20.9338
    1044             0               25         3.1116        20.7230
    1045             0               19         3.4025        20.5345
    1046             0                7         3.6782        20.2209
    1047             0               22         3.1691        20.1480
    1048             0                9         3.6792        20.0993
    1049             0               23         3.1237        20.0150
    1050             0               18         3.0649        20.6614
    1051             0               24         3.4760        20.2529
    1052             0               26         3.2223        19.8902
    1053             0               14         3.3856        21.1407
    1054             0               23         3.4532        21.3591
    1055             0                8         3.2755        21.9154
    1056             0               15         3.3747        20.8463
    1057             0               22         3.4459        20.7238
    1058             0               15         3.1564        20.8447
    1059             0               26         3.3574        20.9234
    1060             0               25         2.7648        20.0737
    1061             0               39         2.9877        19.5919
    1062             0               34         3.4332        17.9454
    1063             0               13         3.5321        19.2151
    1064             0               25         3.2837        20.1026
    1065             0               17         3.4627        19.5746
    1066             0               22         3.1393        18.6785
    1067             0               24         3.0451        19.6643
    1068             0               31         3.0956        18.9607
    1069             0               30         3.2729        19.9194
    1070             0               22         3.0200        18.0583
    1071             0               37         3.1090        17.1988
    1072             0                3         3.8274        18.7939
    1073             0                6         3.7590        17.5393
    1074             0               36         3.0671        17.6697
    1075             0               39         3.1228        18.6007
    1076             0               23         3.4438        17.9341
    1077             0               46         3.2070        17.6818
    1078             0               46         3.1602        17.9447
    1079             0               15         3.5133        18.5746
    1080             0               27         3.1656        18.9543
    1081             0               36         3.2752        18.5479
    1082             0               18         3.4837        18.9707
    1083             0               30         3.3557        18.9377
    1084             0               27         3.0982        18.3619
    1085             0               26         3.3778        18.7848
    1086             0               18         3.4886        19.5819
    1087             0               30         3.0980        19.0166
    1088             0               26         3.3578        19.6690
    1089             0               16         3.3187        21.5648
    1090             0               16         3.2256        21.0678
    1091             0               21         2.8741        21.6771
    1092             0               20         3.1668        21.7389
    1093             0               20         3.4591        21.6260
    1094             0               13         3.3387        22.2832
    1095             0               28         3.1932        22.0352
    1096             0               26         3.4008        21.7231
    1097             0               28         3.1361        19.9915
    1098             0               38         3.0823        20.4941
    1099             0               34         3.2837        20.6503
    1100             0               24         3.2434        20.6851
    1101             0               36         3.0687        20.4650
    1102             0               46         3.4213        20.1588
    1103             0               46         3.1650        20.3433
    1104             0               28         3.3800        19.5119
    1105             0               36         3.0280        20.8860
    1106             0               37         3.2012        20.4735
    1107             0               34         3.1954        19.8072
    1108             0               48         2.9965        19.6515
    1109             0               30         3.3152        19.9244
    1110             0               37         3.1925        19.7867
    1111             0               40         3.2703        19.6396
    1112             0               44         3.3049        19.9272
    1113             0               25         3.1724        19.5479
    1114             0               42         3.3306        19.9513
    1115             0               24         3.3164        21.2735
    1116             0               16         3.1620        20.2151
    1117             0               21         3.5380        20.3433
    1118             0               40         2.9831        20.3566
    1119             0               39         3.2032        20.1065
    1120             0               24         3.0567        21.3951
    1121             0               15         3.4028        22.8799
    1122             0               16         3.1713        21.5729
    1123             0               18         3.4842        22.2433
    1124             0               26         3.2693        20.9045
    1125             0               19         3.4893        20.8771
    1126             0               21         3.3149        20.7877
    1127             0               18         3.2005        21.1853
    1128             0                3         3.6092        21.0607
    1129             0                7         3.6834        20.1476
    1130             0               22         3.4572        20.0594
    1131             0               11         3.3394        20.3655
    1132             0               16         3.2913        20.5248
    1133             0               14         3.6407        20.5677
    1134             0               18         3.1353        20.2183
    1135             0               22         3.1587        19.7328
    1136             0               14         3.2997        18.9678
    1137             0               21         3.2780        21.5021
    1138             0               25         3.5320        19.9439
    1139             0               15         3.4371        20.1742
    1140             0               23         3.3987        19.9202
    1141             0               17         3.5169        20.2994
    1142             0               24         2.9700        20.2117
    1143             0               24         3.2390        19.6825
    1144             0               24         3.4535        19.1867
    1145             0               16         3.2907        20.0515
    1146             0               13         3.4455        19.8422
    1147             0               25         3.2326        19.7898
    1148             0               18         3.5928        19.8751
    1149             0               18         3.2352        20.0916
    1150             0               30         2.9612        20.5277
    1151             0               32         3.2351        19.3810
    1152             0               29         3.1350        20.1065
    1153             0               11         3.5460        20.7662
    1154             0               16         3.3108        20.9304
    1155             0               17         3.5911        20.5259
    1156             0               22         3.4600        20.4508
    1157             0               17         3.2061        21.2484
    1158             0               14         3.3579        20.6002
    1159             0               12         3.4185        20.0750
    1160             0               11         3.5555        20.9320
    1161             0               19         3.3483        20.0157
    1162             0               28         3.0472        21.1630
    1163             0               17         3.5886        20.5821
    1164             0               17         3.5183        21.7923
    1165             0               19         3.2752        22.6870
    1166             0               14         3.2911        21.3345
    1167             0               13         3.1530        21.7417
    1168             0               20         3.4036        21.3014
    1169             0               25         3.1402        20.4396
    1170             0               24         3.2098        21.0183
    1171             0               17         3.3269        21.0332
    1172             0               25         3.3817        20.8295
    1173             0                8         3.3389        19.9970
    1174             0               26         3.3271        19.4974
    1175             0               14         3.2605        18.7763
    1176             0               25         3.3247        19.4635
    1177             0               22         3.3832        19.0760
    1178             0                8         3.8333        19.3178
    1179             0               20         3.4383        18.5334
    1180             0               21         2.9739        18.7190
    1181             0               14         3.2813        20.4012
    1182             0               14         3.2786        18.0114
    1183             0               24         3.0656        18.5888
    1184             0               13         3.5616        17.3923
    1185             0               16         3.3950        17.8723
    1186             0               27         3.4112        18.8744
    1187             0               25         3.2303        19.8426
    1188             0                5         3.4941        19.3658
    1189             0               14         3.0174        19.3942
    1190             0               19         3.0786        19.9409
    1191             0               21         3.2125        21.1842
    1192             0               29         3.2827        20.9078
    1193             0               15         3.5810        20.4262
    1194             0               37         2.9365        20.2478
    1195             0               35         3.2126        20.8176
    1196             0               18         3.1133        19.8633
    1197             0               18         3.2278        19.0643
    1198             0               25         3.0962        18.5791
    1199             0               18         3.3620        20.2249
    1200             0               11         3.6707        19.2713
    1201             0               27         2.9800        19.5651
    1202             0               33         3.2274        18.6299
    1203             0                5         3.2662        19.6416
    1204             0               22         3.0614        19.1155
    1205             0               29         3.1879        18.3868
    1206             0               26         3.4159        20.4495
    1207             0               30         3.0737        20.3622
    1208             0               18         3.3923        21.1862
    1209             0               25         3.3816        21.3731
    1210             0               20         3.3011        21.0801
    1211             0               18         3.3433        21.2255
    1212             0               19         3.1891        20.2300
    1213             0               18         2.8056        20.8421
    1214             0               21         3.0996        20.6295
    1215             0               19         3.0438        19.9275
    1216             0               10         3.0633        20.1327
    1217             0               24         3.2508        20.2330
    1218             0               28         3.1461        19.7316
    1219             0               36         2.9850        19.5737
    1220             0               20         2.9634        19.8874
    1221             0               17         3.1789        19.5660
    1222             0               26         3.2717        19.3732
    1223             0               25         3.2858        19.9593
    1224             0               37         3.1950        19.8303
    1225             0               10         3.2378        19.6077
    1226             0               35         3.0160        19.6209
    1227             0                8         3.0175        19.0797
    1228             0               26         3.2216        19.6631
    1229             0               32         3.2647        18.9928
    1230             0               21         3.3845        19.1163
    1231             0               15         3.3440        18.6183
    1232             0               24         3.3596        19.0287
    1233             0               22         3.0050        20.1951
    1234             0               18         2.8395        20.1333
    1235             0               19         3.1669        20.0443
    1236             0               17         3.0916        20.2136
    1237             0               19         3.4294        18.7983
    1238             0               20         3.2394        19.9354
    1239             0               10         3.5034        19.4904
    1240             0               25         2.9682        19.9987
    1241             0               10         3.2422        18.9021
    1242             0               18         3.3786        18.9209
    1243             0               15         3.5718        18.8797
    1244             0                7         3.3334        18.4726
    1245             0               15         3.2471        19.0969
    1246             0               17         3.2494        18.6816
    1247             0               23         3.3172        18.5553
    1248             0               20         3.1211        18.2876
    1249             0               11         3.4340        17.8405
    1250             0               12         3.2359        19.4206
    1251             0               17         3.4349        19.8289
    1252             0               33         3.0671        20.1781
    1253             0               28         3.1479        20.8395
    1254             0                5         3.5304        20.5954
    1255             0               34         3.2831        20.4258
    1256             0               28         3.1942        21.0881
    1257             0               17         3.4265        20.8114
    1258             0               35         3.2508        20.3453
    1259             0               18         3.2515        21.0338
    1260             0               30         3.2465        20.6227
    1261             0               20         3.5890        20.6810
    1262             0               17         3.3104        20.5273
    1263             0               14         3.4365        20.2131
    1264             0               21         3.3050        21.0732
    1265             0               33         3.0237        21.5288
    1266             0               12         3.2481        21.3720
    1267             0               33         3.3670        21.7560
    1268             0               44         3.1860        21.2562
    1269             0               34         3.2329        21.0519
    1270             0               30         3.3912        19.7882
    1271             0               32         3.1182        20.5701
    1272             0               19         3.3596        21.2141
    1273             0               29         2.9916        20.7046
    1274             0               16         2.9661        21.5233
    1275             0               24         3.3930        21.3482
    1276             0               12         3.3083        20.9041
    1277             0               28         3.1931        21.6255
    1278             0               26         3.1783        20.5377
    1279             0               36         3.1368        20.5813
    1280             0               20         3.4875        19.7824
    1281             0               32         3.2891        19.9196
    1282             0               23         3.3462        20.5299
    1283             0               23         3.2663        20.7129
    1284             0               22         3.4109        21.1005
    1285             0               24         3.3660        21.1791
    1286             0               41         3.1473        19.8349
    1287             0               30         3.1606        21.4227
    1288             0               22         3.1780        20.5244
    1289             0               28         3.1904        21.2660
    1290             0               24         3.3340        21.1822
    1291             0               24         3.2868        21.0120
    1292             0               39         3.2360        19.7309
    1293             0               23         3.3378        20.9857
    1294             0               29         3.2195        19.9013
    1295             0               36         3.0838        20.1654
    1296             0               13         3.2271        20.0727
    1297             0               18         3.4118        20.0015
    1298             0               22         3.0210        18.9342
    1299             0                8         3.3327        19.6202
    1300             0               26         3.0517        19.3170
    1301             0               14         3.1601        19.4700
    1302             0                7         3.1638        19.0983
    1303             0               20         3.5554        18.9643
    1304             0               13         3.6002        19.8391
    1305             0               28         3.3594        18.5922
    1306             0                8         3.3241        19.7943
    1307             0               40         3.1844        21.2338
    1308             0               42         3.2408        20.1875
    1309             0               38         3.3679        19.9611
    1310             0               50         3.1238        20.0908
    1311             0               17         3.1726        20.9400
    1312             0               28         3.1924        20.2366
    1313             0               18         3.4358        19.4793
    1314             0               20         3.2049        20.5086
    1315             0               31         3.0554        20.7416
    1316             0               28         3.3133        20.3788
    1317             0               36         3.0240        19.6714
    1318             0               30         3.1623        20.7910
    1319             0               36         3.2331        20.7398
    1320             0               39         3.0390        21.3505
    1321             0               30         3.1547        20.7811
    1322             0               12         3.4649        20.5526
    1323             0               42         3.2013        21.8762
    1324             0               34         3.2836        21.1919
    1325             0               22         3.1001        20.0465
    1326             0               26         3.1612        20.0920
    1327             0               47         3.0577        19.8262
    1328             0               41         3.2234        20.0532
    1329             0               32         3.2121        20.5108
    1330             0               15         3.2376        21.0153
    1331             0               10         3.4267        21.0378
    1332             0               20         3.2738        22.2810
    1333             0               16         3.1600        21.5418
    1334             0               10         3.5094        23.1161
    1335             0               22         3.3582        22.4755
    1336             0               14         3.4033        23.1121
    1337             0               16         3.2770        23.9698
    1338             0               18         3.2930        22.2679
    1339             0               18         3.2898        21.7273
    1340             0               18         3.3487        23.1517
    1341             0               23         3.4912        22.2433
    1342             0               18         3.3951        21.1411
    1343             0               17         2.7817        22.1136
    1344             0               16         3.3312        20.9141
    1345             0               13         3.1887        21.3490
    1346             0               21         2.9421        21.7953
    1347             0               22         3.0405        21.3951
    1348             0               19         3.0437        21.0125
    1349             0               10         3.1971        22.1361
    1350             0               14         2.8917        20.8885
    1351             0               27         3.2510        21.7276
    1352             0               26         3.2685        21.9730
    1353             0               13         3.3631        20.9065
    1354             0               15         3.0619        20.9021
    1355             0               18         3.1072        20.4672
    1356             0               25         3.0500        21.4142
    1357             0               14         3.0629        21.8040
    1358             0               22         3.4554        22.2736
    1359             0               18         3.2533        22.1080
    1360             0               12         3.3457        21.6984
    1361             0               19         3.1030        21.1454
    1362             0                8         3.4070        22.2746
    1363             0               13         3.3518        22.1505
    1364             0               22         3.2282        22.6787
    1365             0               24         3.3594        22.2157
    1366             0               20         3.2339        21.9010
    1367             0               25         3.1279        21.3606
    1368             0               25         3.2072        22.9311
    1369             0               30         3.0145        22.3990
    1370             0               14         3.4731        22.7939
    1371             0               24         3.0709        22.1138
    1372             0               23         3.3431        21.0031
    1373             0                5         3.6021        21.5105
    1374             0                8         3.1318        20.8528
    1375             0               14         3.5494        20.5222
    1376             0               32         3.3443        20.2225
    1377             0               30         3.4562        21.1944
    1378             0               16         3.4618        20.4332
    1379             0               12         3.4435        21.8619
    1380             0                2         3.7979        21.5289
    1381             0               14         3.2823        21.2468
    1382             0               14         3.3270        21.0315
    1383             0               16         3.2913        19.8565
    1384             0               13         3.4739        19.6667
    1385             0               17         3.3138        21.0078
    1386             0               13         3.1517        19.3923
    1387             0               13         3.5611        20.3501
    1388             0                5         3.7624        19.7883
    1389             0               14         3.3514        21.3083
    1390             0               15         3.4415        20.6962
    1391             0               14         3.2943        22.3331
    1392             0                5         3.4367        21.9601
    1393             0               14         3.4117        21.3422
    1394             0               15         3.4597        21.1100
    1395             0               16         3.2979        20.9215
    1396             0               15         3.5486        21.4565
    1397             0               10         3.4369        22.2149
    1398             0                5         3.6011        20.5410
    1399             0               10         3.5176        20.6268
    1400             0               23         3.3522        21.5566
    1401             0               16         3.2690        22.5315
    1402             0               23         3.1780        21.8704
    1403             0               23         2.9220        21.3462
    1404             0               12         3.3010        20.6348
    1405             0                9         3.1868        20.4129
    1406             0               30         3.0802        21.1989
    1407             0               26         2.9930        21.2038
    1408             0               20         3.3000        20.0756
    1409             0               13         3.4118        20.7390
    1410             0                6         3.5036        21.0784
    1411             0                7         3.1556        21.2532
    1412             0               21         3.3059        21.6159
    1413             0               26         3.3467        21.0570
    1414             0               24         3.2964        20.6998
    1415             0               10         3.2449        20.2260
    1416             0               12         3.4917        20.1405
    1417             0                6         3.1369        19.0657
    1418             0               10         2.9513        19.7914
    1419             0               19         3.1686        19.9246
    1420             0                8         3.3176        19.3693
    1421             0               14         3.2921        19.5589
    1422             0               20         3.2012        19.3477
    1423             1                9         3.3466        19.2987
    1424             1                6         3.4109        19.6224
    1425             0                6         3.5401        20.2021
    1426             0               12         3.2795        19.7979
    1427             0               12         3.0222        20.2483
    1428             0               11         3.4677        19.7296
    1429             0               15         3.2488        19.2265
    1430             0               19         3.0654        19.0813
    1431             0               27         3.2243        17.3295
    1432             0               20         3.1200        17.5790
    1433             0               17         3.2273        17.6736
    1434             0               23         3.0650        18.4963
    1435             0               17         3.3607        17.3225
    1436             0                5         3.4956        17.8544
    1437             0               17         3.1506        16.7160
    1438             0               13         3.2232        17.2825
    1439             0                3         3.7867        17.3715
    1440             0                3         3.3407        17.4534
    1441             0                4         3.5899        17.0290
    1442             0                8         3.1710        17.2024
    1443             0               17         3.4437        16.3232
    1444             0               20         3.2974        16.6239
    1445             0               18         3.1552        17.4689
    1446             0               12         3.0962        16.8061
    1447             0                6         3.1816        16.8204
    1448             0               13         3.1240        16.1361
    1449             0               11         2.7159        16.9367
    1450             0               17         2.9427        14.6492
    1451             0               21         3.2691        15.5172
    1452             0               13         3.4290        14.6794
    1453             0               21         3.1990        14.5950
    1454             0               16         3.1873        15.5820
    1455             0               18         3.2030        15.7259
    1456             0               14         3.1178        15.2509
    1457             0               17         3.3543        15.1587
    1458             0               15         3.3945        15.4457
    1459             0               28         3.1255        15.4102
    1460             0               39         3.1434        14.8809
    1461             0               32         3.3753        15.1016
    1462             0               22         3.1692        15.2050
    1463             0               15         3.2540        15.7610
    1464             0               16         3.2803        16.3325
    1465             0               15         3.5042        14.8667
    1466             0               27         3.3042        15.3416
    1467             0               34         3.2360        14.8220
    1468             0               26         3.1416        14.8676
    1469             0               22         3.3349        15.3277
    1470             0               19         3.5136        15.1980
    1471             0               12         3.3133        15.9188
    1472             0               11         2.9386        16.1079
    1473             0               13         2.9809        16.4707
    1474             0               13         3.5985        17.4651
    1475             0               10         3.1217        17.0319
    1476             0               32         3.1382        17.4462
    1477             0               23         3.0118        19.0693
    1478             0               19         2.9398        18.9952
    1479             0                7         3.4915        18.7220
    1480             0               16         3.2730        18.8813
    1481             0               19         3.1760        18.4837
    1482             0               14         3.2392        17.8911
    1483             0               19         3.4108        18.9228
    1484             0               24         3.1613        17.5859
    1485             0               31         3.2436        18.7250
    1486             0               21         3.0847        18.2471
    1487             0               12         3.6029        18.5512
    1488             0               23         3.0937        18.2034
    1489             0               25         3.2056        18.2691
    1490             0               10         3.5736        18.0319
    1491             0               17         3.1377        19.1640
    1492             0               10         3.3968        19.1308
    1493             0               27         3.0796        19.0899
    1494             0               25         3.3096        19.6661
    1495             0               25         3.2226        20.2558
    1496             0               22         3.2638        19.5414
    1497             0               22         3.5547        19.6407
    1498             0               33         2.8783        18.2548
    1499             0               12         3.1871        19.2088
    1500             0               24         3.0615        18.8074
    1501             0               29         3.2960        19.0083
    1502             0               28         3.1645        19.1809
    1503             0               20         3.4078        19.5463
    1504             0               12         3.1898        19.4029
    1505             0                9         3.2392        19.4537
    1506             0               15         3.3029        19.4603
    1507             0                3         3.6514        20.2299
    1508             0                4         3.7806        19.6957
    1509             0                2         3.8191        20.2660
    1510             0                9         3.1022        19.8499
    1511             0               18         3.3909        18.9592
    1512             0               19         3.1380        19.9104
    1513             0               11         3.2366        19.0859
    1514             0               15         3.1789        18.9923
    1515             0               15         3.4330        18.7056
    1516             0               23         3.2177        18.7638
    1517             0               12         3.4861        18.5699
    1518             0                9         3.5472        18.9777
    1519             0                8         3.2006        18.8183
    1520             0                9         3.4740        18.9566
    1521             0                7         3.4696        18.5387
    1522             0               10         3.0571        18.8970
    1523             0               13         3.2491        18.4242
    1524             0               10         3.2888        18.8413
    1525             0                8         3.3135        19.2365
    1526             0                9         3.1706        18.8321
    1527             0                8         3.0530        18.5806
    1528             0                6         3.3314        19.5315
    1529             0               14         3.3561        20.0666
    1530             0               18         3.2655        19.8935
    1531             0                5         3.8323        20.1161
    1532             0               10         3.0619        19.7020
    1533             0               12         3.3594        19.6989
    1534             0               18         3.3295        20.0567
    1535             0               17         3.2078        19.4565
    1536             0               10         3.2665        19.7026
    1537             0               17         3.4355        17.7659
    1538             0               16         3.2758        17.1964
    1539             0               23         3.1665        16.5592
    1540             0                3         3.6703        17.0235
    1541             0               21         3.2194        19.0079
    1542             0               17         3.4321        18.4947
    1543             0               18         3.5102        18.2259
    1544             0               10         3.5695        17.7785
    1545             0                9         3.5164        18.1486
    1546             0               15         3.4488        18.3122
    1547             0               17         3.3050        16.4986
    1548             0               24         3.2325        17.0437
    1549             0               13         3.5920        16.5323
    1550             0               31         3.0993        17.2948
    1551             0               19         3.2487        17.1544
    1552             0               28         3.1266        16.1528
    1553             0               28         3.3005        16.1983
    1554             0               16         3.3249        15.7342
    1555             0               12         3.0818        16.6096
    1556             0               19         3.4151        16.0159
    1557             0                5         3.4056        16.7438
    1558             0               25         2.7880        16.5268
    1559             0               21         3.4035        16.6756
    1560             0               18         3.3591        17.8793
    1561             0               19         3.0090        18.3211
    1562             0               18         3.4058        18.7598
    1563             0                4         3.6326        18.4081
    1564             0               12         3.1918        18.8457
    1565             0                9         3.4013        18.5080
    1566             0               11         3.4629        18.9939
    1567             0               17         3.2794        18.3607
    1568             0                0         4.0897        18.4745
    1569             0               18         3.1224        18.4955
    1570             0                9         3.4304        17.3273
    1571             0               15         3.2613        18.1685
    1572             0                1         3.9970        19.2755
    1573             0               15         3.1292        18.6958
    1574             0                8         3.5189        17.6903
    1575             0                2         3.8419        19.0182
    1576             0                2         3.8417        18.3071
    1577             0                5         3.1628        17.8899
    1578             0                7         3.5406        17.6209
    1579             0                5         3.1118        17.7229
    1580             0                7         3.3027        17.4234
    1581             0                6         3.6501        16.9989
    1582             0                7         3.3934        16.8423
    1583             0                9         3.3089        16.1542
    1584             0                7         2.9924        16.8954
    1585             0                4         3.4423        16.9979
    1586             0               19         3.1949        15.8237
    1587             0               18         3.3048        15.9609
    1588             0                6         3.2888        15.8858
    1589             0               16         3.0105        16.2073
    1590             0               11         3.2780        15.3441
    1591             0               20         3.0925        15.7821
    1592             0               17         2.8955        15.4605
    1593             0               13         3.3209        15.7241
    1594             0               17         3.0492        14.8191
    1595             0                8         3.5304        15.5311
    1596             0               10         3.3402        15.5113
    1597             0                8         3.1789        16.5295
    1598             0               11         3.2175        15.4868
    1599             0                5         3.5869        15.5618
    1600             0               14         3.1977        15.4189
    1601             0                4         3.5454        16.3756
    1602             0               10         3.3059        15.6134
    1603             0                8         3.4458        16.5821
    1604             0               11         3.1678        16.6581
    1605             0               14         3.2494        17.0019
    1606             0                6         3.2784        16.3378
    1607             0                6         3.4463        17.0736
    1608             0                8         3.4978        15.7057
    1609             0                6         3.4718        16.1422
    1610             0                6         3.4313        15.5786
    1611             0               14         3.2624        15.3926
    1612             0                9         3.4671        15.4517
    1613             0                3         3.7231        15.9885
    1614             0                9         3.2226        15.6842
    1615             0                7         3.3711        17.4847
    1616             0                0         4.4472        16.8833
    1617             0                8         3.1016        17.2240
    1618             0                2         3.6780        16.9454
    1619             0                5         3.5952        15.5872
    1620             0                5         3.2385        15.8443
    1621             0               14         3.3143        16.7503
    1622             0               16         3.2255        15.8575
    1623             0                9         3.2692        16.3084
    1624             0               10         3.3249        15.9541
    1625             0                2         3.6691        17.2532
    1626             0                1         3.8941        18.0614
    1627             0                2         3.7916        18.3400
    1628             0                1         3.7769        18.0705
    1629             0                0         6.2563        19.2353
    1630             0                0         7.6544        19.5137
    1631             0                0         7.2927        19.4909
    1632             0                0         7.3662        20.0211
    1633             0                0         8.2295        21.3597
    1634             0                0         7.7285        22.7243
    1635             0                0         6.3639        21.2106
    1636             0                0         5.8991        19.8665
    1637             0                0         6.3663        19.6906
    1638             0                0         6.2097        18.4209
    1639             0                0         6.1252        18.5789
    1640             0                0         4.9926        18.7918
    1641             0                0         4.7737        18.4714
    1642             0                0         6.3646        18.9990
    1643             0                0         6.4105        18.4767
    1644             0                0         6.6000        19.7598
    1645             0                0         6.6197        20.2814
    1646             0                0         5.5518        19.8836
    1647             0                0         5.6879        19.1281
    1648             0                0         6.4638        18.7831
    1649             0                0         4.0324        16.4097
    1650             0                0         5.2936        16.4108
    1651             0                0         5.5528        17.0182
    1652             0                0         5.7530        16.8535
    1653             0                0         6.2014        17.3151
    1654             0                0         6.4863        18.2776
    1655             0                0         6.8936        18.2035
    1656             0                0         6.4944        17.8815
    1657             0                0         6.3210        18.0656
    1658             0                0         6.1170        17.6554
    1659             0                0         6.5749        17.6760
    1660             0                0         5.3297        17.6403
    1661             0                0         5.6881        17.2023
    1662             0                0         5.6867        18.0736
    1663             0                0         5.3326        17.3352
    1664             0                0         6.0358        17.2768
    1665             0                0         5.7164        17.5922
    1666             0                0         5.9841        18.4992
    1667             0                0         5.4173        18.7302
    1668             0                0         4.1079        18.0209
    1669             0                0         4.3549        18.4598
    1670             0                1         3.4570        18.3179
    1671             0                1         3.7818        19.0384
    1672             0                0         4.6372        17.7508
    1673             0                0         5.4130        18.2789
    1674             0                0         6.1333        19.7837
    1675             0                0         6.7624        20.3974
    1676             0                0         5.1279        21.4209
    1677             0                0         5.2647        20.9512
    1678             0                0         5.1677        20.5116
    1679             0                0         6.7284        23.3880
    1680             0                0         5.6091        22.9063
    1681             0                0         6.1657        21.4427
    1682             0                0         6.6841        20.7911
    1683             0                0         6.0445        21.0139
    1684             0                0         5.7690        19.8115
    1685             0                0         6.3660        21.0288
    1686             0                0         6.6827        22.6781
    1687             0                1         3.9922        21.4041
    1688             0                0         4.2887        20.6875
    1689             0                0         4.0845        20.4423
    1690             0                0         4.0789        21.2045
    1691             0                2         3.2009        19.9524
    1692             0                1         3.6113        19.9168
    1693             0                3         3.5355        19.8050
    1694             0                0         4.0321        20.8367
    1695             0                1         3.8576        21.2921
    1696             0                0         4.2200        22.9045
    1697             0                1         3.8435        24.9331
    1698             0                0         4.8764        25.6126
    1699             0                0         5.9805        24.7708
    1700             0                0         7.6997        25.3452
    1701             0                0         7.4402        24.6901
    1702             0                0         8.4446        22.8056
    1703             0                0         7.3745        22.7172
    1704             0                0         5.8759        22.2846
    1705             0                0         6.2532        22.4532
    1706             0                0         7.1372        20.6525
    1707             0                0         6.7537        22.1215
    1708             0                0         7.5187        22.0972
    1709             0                0         6.6197        21.0542
    1710             0                0         7.3181        23.0032
    1711             0                0         7.1326        20.7480
    1712             0                0         6.5070        22.7658
    1713             0                0         6.1760        22.2919
    1714             0                0         7.4646        23.5920
    1715             0                0         9.2582        25.9984
    1716             0                0         8.5322        25.9090
    1717             0                0         7.0707        26.5350
    1718             0                0         8.0452        28.1669
    1719             0                0         7.7258        27.7434
    1720             0                0         8.0809        27.5432
    1721             0                0         6.0311        27.4787
    1722             0                0         6.6609        26.7344
    1723             0                0         7.3098        27.0246
    1724             0                0         8.1713        28.5441
    1725             0                0         6.6924        26.9372
    1726             0                0         6.0302        26.6239
    1727             0                0         5.7443        25.7973
    1728             0                0         6.8357        26.6243
    1729             0                0         7.3442        27.1923
    1730             0                0         6.8348        25.1983
    1731             0                0         6.5970        25.4927
    1732             0                0         7.8984        25.4343
    1733             0                0         8.2962        25.3779
    1734             0                0         7.6963        26.1234
    1735             0                0         7.2129        24.5575
    1736             0                0         6.2511        24.5748
    1737             0                0         6.5969        25.2657
    1738             0                0         6.1477        24.5470
    1739             0                0         5.4480        24.5572
    1740             0                0         5.1894        25.9096
    1741             0                0         4.9228        26.0210
    1742             0                0         5.0779        25.6769
    1743             0                0         4.3995        25.8318
    1744             0                0         4.1602        24.4031
    1745             0                0         4.2151        24.0285
    1746             0                0         5.3143        24.6934
    1747             0                0         4.6924        22.8738
    1748             0                0         5.5053        23.4921
    1749             0                0         5.9569        22.9132
    1750             0                0         7.6245        24.0835
    1751             0                0         6.7130        23.3897
    1752             0                0         6.3408        23.9651
    1753             0                0         6.3105        22.8040
    1754             0                0         5.7562        23.2215
    1755             0                0         4.9701        23.4212
    1756             0                0         4.8851        22.5582
    1757             0                0         4.6721        23.2070
    1758             0                0         4.5554        22.7831
    1759             0                0         5.5489        24.1871
    1760             0                0         5.4184        23.8602
    1761             0                0         5.3964        23.6495
    1762             0                0         5.7433        24.5713
    1763             0                0         6.2144        23.1560
    1764             0                0         5.9879        22.9466
    1765             0                0         5.3382        23.1706
    1766             0                1         3.8101        21.9411
    1767             0                0         4.4568        22.8832
    1768             0                0         5.6411        22.1212
    1769             0                0         6.7219        21.5770
    1770             0                0         6.7207        22.4809
    1771             0                0         6.5192        23.6450
    1772             0                0         7.3468        22.9536
    1773             0                0         6.9271        23.8392
    1774             0                0         7.0886        24.5381
    1775             0                0         7.4594        23.4075
    1776             0                0         8.1639        23.4534
    1777             0                0         7.5119        23.4284
    1778             0                0         7.7204        25.4293
    1779             0                0         6.6832        23.1146
    1780             0                0         6.9524        22.4575
    1781             0                0         6.2744        22.4721
    1782             0                0         6.1713        23.0110
    1783             0                0         7.0263        22.2565
    1784             0                0         7.7788        21.8119
    1785             0                0         7.4791        21.7973
    1786             0                0         7.0717        21.4957
    1787             0                0         7.6318        21.3670
    1788             0                0         7.6438        21.1648
    1789             0                0         7.6424        22.5531
    1790             0                0         7.3656        23.2199
    1791             0                0         6.3661        21.6490
    1792             0                0         7.1642        21.4199
    1793             0                0         7.4114        21.7766
    1794             0                0         7.4779        21.3496
    1795             0                0         9.0304        21.8547
    1796             0                0         8.8788        22.0568
    1797             0                0         9.0683        21.8888
    1798             0                0         8.3796        22.3163
    1799             0                0         7.3239        21.0381
    1800             0                0         8.0716        21.3560
    1801             0                0         8.5975        23.1144
    1802             0                0         8.6463        23.5300
    1803             0                0         9.1934        23.1185
    1804             0                0         9.9816        22.3370
    1805             0                0         9.2186        22.0896
    1806             0                0         9.0091        23.5983
    1807             0                0         8.3252        22.3314
    1808             0                0         9.2072        22.2307
    1809             0                0        10.1869        20.4193
    1810             0                0         9.0572        22.2592
    1811             0                0         8.3477        21.4740
    1812             0                0         8.0804        24.1176
    1813             0                0         8.3442        23.9024
    1814             0                0         8.1892        23.2645
    1815             0                0         9.0558        23.6422
    1816             0                0         9.1544        23.6360
    1817             0                0         9.6422        25.1440
    1818             0                0         8.6053        24.4522
    1819             0                0         9.3746        24.2290
    1820             0                0         9.0983        23.7516
    1821             0                0         8.5280        26.3949
    1822             0                0         9.3371        25.5102
    1823             0                0         9.5831        25.4307
    1824             0                0        10.4761        24.9833
    1825             0                0         9.6812        24.9704
    1826             0                0         9.5115        25.6313
    1827             0                0        10.8793        26.2617
    1828             0                0        10.7454        25.2705
    1829             0                0         9.9024        26.7064
    1830             0                0        11.5550        25.8315
    1831             0                0        10.1743        27.7140
    1832             0                0         8.1539        27.2580
    1833             0                0         8.9889        28.5643
    1834             0                0         9.5783        27.6689
    1835             0                0        10.3730        28.0902
    1836             0                0         9.8671        28.1864
    1837             0                0        11.4906        27.6167
    1838             0                0        11.6482        28.1484
    1839             0                0        12.1027        28.1019
    1840             0                0        12.0252        28.1142
    1841             0                0        12.1215        28.1869
    1842             0                0        12.0296        28.1304
    1843             0                0        12.9362        28.1415
    1844             0                0        11.9622        27.5746
    1845             0                0        12.0711        27.7163
    1846             0                0        11.9350        28.2495
    1847             0                0        11.7587        28.5377
    1848             0                0        11.8312        27.8178
    1849             0                0        11.7823        27.3924
    1850             0                0        12.3248        28.0612
    1851             0                0        12.5671        26.4041
    1852             0                0        11.8976        25.5426
    1853             0                0        13.7775        27.1559
    1854             0                0        13.2928        26.3222
    1855             0                0        14.0586        28.0357
    1856             0                0        15.0324        28.0159
    1857             0                0        12.3785        27.7326
    1858             0                0        13.1703        28.0882
    1859             0                0        13.6757        26.8184
    1860             0                0        12.6356        28.5386
    1861             0                0        12.1102        28.1362
    1862             0                0        12.5340        27.7616
    1863             0                0        12.9373        27.3540
    1864             0                0        11.8637        26.5982
    1865             0                0        12.7688        27.7630
    1866             0                0        12.3934        26.6433
    1867             0                0        12.2121        26.9866
    1868             0                0        11.6344        26.7769
    1869             0                0        12.7358        27.5828
    1870             0                0        12.7279        27.8198
    1871             0                0        11.5258        26.9390
    1872             0                0        12.7407        26.9515
    1873             0                0        11.5194        26.9313
    1874             0                0        11.9266        26.8435
    1875             0                0        12.9371        26.5436
    1876             0                0        13.0557        27.0789
    1877             0                0        13.7899        27.9205
    1878             0                0        12.4969        27.4382
    1879             0                0        13.5897        28.1465
    1880             0                0        12.6734        26.8452
    1881             0                0        12.1210        26.0170
    1882             0                0        11.4019        26.1514
    1883             0                0        10.9818        26.6308
    1884             0                0        11.7681        26.5375
    1885             0                0        11.9018        27.5371
    1886             0                0        11.7942        26.5417
    1887             0                0        12.3717        27.2580
    1888             0                0        12.1793        26.5525
    1889             0                0        12.8822        27.8807
    1890             0                0        13.1726        28.0529
    1891             0                0        13.3460        28.1967
    1892             0                0        14.5642        27.8550
    1893             0                0        12.6628        27.9340
    1894             0                0        11.4831        27.9147
    1895             0                0        12.3512        28.1048
    1896             0                0        12.9793        28.1205
    1897             0                0        11.6849        27.6249
    1898             0                0        13.7190        27.4888
    1899             0                0        12.5182        26.8290
    1900             0                0        12.6880        26.7804
    1901             0                0        12.2447        27.0982
    1902             0                0        13.0547        28.0163
    1903             0                0        13.2817        27.9519
    1904             0                0        12.6516        27.7596
    1905             0                0        12.6027        28.1038
    1906             0                0        12.0825        27.6310
    1907             0                0        12.2082        26.6846
    1908             0                0        14.9439        27.5889
    1909             0                0        13.5286        26.8982
    1910             0                0        13.5546        27.1929
    1911             0                0        12.2472        25.8486
    1912             0                0        11.5233        26.0401
    1913             0                0        12.9380        26.5635
    1914             0                0        14.0352        26.8762
    1915             0                0        13.5087        27.4616
    1916             0                0        13.7648        27.3000
    1917             0                0        12.6633        25.7446
    1918             0                0        11.2099        25.7620
    1919             0                0        10.1350        25.7579
    1920             0                0         8.9853        26.1769
    1921             0                0         9.2591        27.0539
    1922             0                0         9.9684        27.0798
    1923             0                0         9.8780        27.4173
    1924             0                0         9.3842        25.7835
    1925             0                0         9.5446        27.4610
    1926             0                0         8.9682        26.7389
    1927             0                0         9.1802        26.3218
    1928             0                0        10.0146        27.2711
    1929             0                0        10.8384        26.3247
    1930             0                0         9.6035        27.0459
    1931             0                0        10.2770        25.4743
    1932             0                0        11.2290        27.1373
    1933             0                0        11.0228        26.4450
    1934             0                0        10.3664        26.5934
    1935             0                0        11.5335        27.1410
    1936             0                0        11.4976        26.2069
    1937             0                0        12.3922        27.2552
    1938             0                0        14.1300        28.5610
    1939             0                0        12.3448        28.1355
    1940             0                0        12.2897        25.8613
    1941             0                0        13.0004        26.3093
    1942             0                0        14.2573        27.9410
    1943             0                0        15.2670        28.1659
    1944             0                0        13.1546        28.2249
    1945             0                0        12.5770        28.0262
    1946             0                0        14.1214        28.0087
    1947             0                0        12.4861        27.4683
    1948             0                0        12.0884        27.4267
    1949             0                0        12.4204        27.9093
    1950             0                0        13.2960        27.7231
    1951             0                0        13.4434        28.4339
    1952             0                0        13.2886        28.6855
    1953             0                0        12.0999        27.8179
    1954             0                0        12.1533        28.0539
    1955             0                0        11.4507        27.9489
    1956             0                0        11.0323        27.9523
    1957             0                0        10.5788        27.9554
    1958             0                0         9.7530        27.9949
    1959             0                0        11.1912        27.9409
    1960             0                0         9.6949        27.9618
    1961             0                0        11.6579        27.2953
    1962             0                0        11.8676        27.9872
    1963             0                0        13.5379        28.2067
    1964             0                0        13.2173        27.7947
    1965             0                0        12.6336        27.6561
    1966             0                0        13.4905        28.3280
    1967             0                0        13.8058        27.9422
    1968             0                0        14.2282        29.0543
    1969             0                0        13.8659        27.7093
    1970             0                0        13.6290        30.8271
    1971             0                0        14.9291        31.5644
    1972             0                0        14.4382        28.4899
    1973             0                0        14.1385        29.6042
    1974             0                0        13.2658        28.7563
    1975             0                0        12.2030        30.0657
    1976             0                0        12.0498        29.5398
    1977             0                0        12.0028        28.2452
    1978             0                0        11.6843        27.7572
    1979             0                0        12.2924        27.4437
    1980             0                0        11.5925        28.8668
    1981             0                0        11.2140        29.1238
    1982             0                0        11.5594        28.4418
    1983             0                0        12.0197        29.0689
    1984             0                0        11.6065        28.8045
    1985             0                0        11.7297        28.8471
    1986             0                0        11.0140        28.5959
    1987             0                0        10.8492        28.8817
    1988             0                0         9.9302        28.9227
    1989             0                0        12.0639        30.8179
    1990             0                0        11.0342        29.2809
    1991             0                0         9.9679        28.1213
    1992             0                0         9.4026        28.0742
    1993             0                0         9.3800        27.6867
    1994             0                0        10.0897        27.9382
    1995             0                0         9.8801        27.8387
    1996             0                0         8.7255        26.5551
    1997             0                0         8.8863        26.2192
    1998             0                0         8.4977        26.4845
    1999             0                0        10.1245        27.4925
    2000             0                0         9.0297        26.2040
    2001             0                0         8.9757        27.6370
    2002             0                0         7.5983        25.7983
    2003             0                0         8.7856        26.7048
    2004             0                0         9.9607        28.9128
    2005             0                0         8.9374        27.6255
    2006             0                0         8.3095        26.8991
    2007             0                0         7.6216        25.0123
    2008             0                0         7.1150        23.5393
    2009             0                0         6.3832        23.1069
    2010             0                0         6.1395        22.8641
    2011             0                0         7.5284        22.9324
    2012             0                0         6.3354        23.1407
    2013             0                0         6.3939        22.9403
    2014             0                0         6.9666        22.8071
    2015             0                0         6.1800        21.3860
    2016             0                0         6.3157        21.3750
    2017             0                0         6.3848        21.1598
    2018             0                0         7.2675        20.6216
    2019             0                0         7.2429        21.9150
    2020             0                0         5.6256        23.2611
    2021             0                0         6.5794        21.5833
    2022             0                0         6.4665        22.6343
    2023             0                0         6.2630        23.7947
    2024             0                0         6.7225        24.4647
    2025             0                0         6.2122        22.9388
    2026             0                0         7.0752        25.3194
    2027             0                0         5.9367        24.8659
    2028             0                0         7.3830        25.2292
    2029             0                0         6.8017        23.9091
    2030             0                0         6.9299        24.7480
    2031             0                0         8.8926        24.4966
    2032             0                0         9.6401        25.7463
    2033             0                0         9.6919        26.3637
    2034             0                0         9.0038        26.5474
    2035             0                0         9.3468        26.4957
    2036             0                0         8.2805        25.3581
    2037             0                0         8.1215        25.3001
    2038             0                0         7.8380        26.2506
    2039             0                0         8.0860        26.1127
    2040             0                0         8.3621        25.8313
    2041             0                0         7.8555        25.0509
    2042             0                0         7.4044        26.0404
    2043             0                0         8.2488        26.3920
    2044             0                0         7.3207        26.3680
    2045             0                0         9.0194        25.4226
    2046             0                0         6.8590        25.1984
    2047             0                0         6.4849        26.0825
    2048             0                0         6.1727        25.9132
    2049             0                0         6.4647        26.5863
    2050             0                0         7.0254        27.0623
    2051             0                0         7.1370        26.5977
    2052             0                0         7.4672        26.3530
    2053             0                0         7.0601        26.6259
    2054             0                0         7.8945        26.7423
    2055             0                0         7.6914        26.2008
    2056             0                0         8.4178        26.4865
    2057             0                0         8.1036        26.4458
    2058             0                0         8.7014        27.4596
    2059             0                0         9.7456        26.8876
    2060             0                0         9.7504        27.3432
    2061             0                0         9.2094        27.9807
    2062             0                0         8.3055        26.4545
    2063             0                0         6.3798        24.6853
    2064             0                0         8.5100        26.6555
    2065             0                0         9.4942        27.3577
    2066             0                0         9.8062        25.7222
    2067             0                0         9.8700        25.3759
    2068             0                0         9.4376        24.4908
    2069             0                0         9.2999        24.7524
    2070             0                0         7.9825        23.2925
    2071             0                0         6.4167        22.6778
    2072             0                0         6.1420        21.8324
    2073             0                0         6.2389        22.0247
    2074             0                0         6.7271        22.9207
    2075             0                0         6.6772        23.7937
    2076             0                0         8.0021        25.4860
    2077             0                0         7.9448        24.3557
    2078             0                0         6.4877        24.3445
    2079             0                0         7.7370        25.3628
    2080             0                0         9.2221        25.2753
    2081             0                0         8.6410        25.9260
    2082             0                0         7.8403        24.4946
    2083             0                0         8.6781        24.9807
    2084             0                0         8.8891        25.1887
    2085             0                0        10.0188        25.6779
    2086             0                0         8.5125        23.3089
    2087             0                0         8.0832        23.1151
    2088             0                0         7.3117        22.0492
    2089             0                0         6.2870        22.7943
    2090             0                0         8.1189        24.6106
    2091             0                0         8.3167        25.0971
    2092             0                0        10.0626        25.4409
    2093             0                0        10.0541        24.8111
    2094             0                0         9.2938        25.3713
    2095             0                0        10.0155        26.1005
    2096             0                0         9.6391        26.2547
    2097             0                0        10.0457        25.2541
    2098             0                0         9.2369        25.2118
    2099             0                0        10.5043        25.3282
    2100             0                0        10.1510        26.2753
    2101             0                0        11.7409        26.5369
    2102             0                0        11.5080        26.0484
    2103             0                0        11.6842        25.6273
    2104             0                0        12.5739        24.9303
    2105             0                0        10.7420        24.7554
    2106             0                0        11.3359        25.1181
    2107             0                0        12.0836        24.9923
    2108             0                0        12.4725        25.1031
    2109             0                0        12.0065        25.6661
    2110             0                0        11.6444        25.1217
    2111             0                0        10.8819        23.3669
    2112             0                0         9.4912        23.6823
    2113             0                0        10.5342        24.0083
    2114             0                0        10.6354        23.5794
    2115             0                0        11.8520        24.5796
    2116             0                0        10.1567        25.5698
    2117             0                0        12.1343        24.1232
    2118             0                0        11.7918        24.7140
    2119             0                0        10.3597        24.0338
    2120             0                0        10.1469        24.2751
    2121             0                0        11.0916        25.8000
    2122             0                0        11.7084        25.8039
    2123             0                0        11.1792        25.7130
    2124             0                0        10.7712        26.6766
    2125             0                0        11.3152        26.6540
    2126             0                0        11.8533        26.5476
    2127             0                0        11.5619        25.1619
    2128             0                0        10.6363        26.0233
    2129             0                0        12.1183        26.8867
    2130             0                0        12.4769        26.4025
    2131             0                0        12.0764        26.9076
    2132             0                0        13.3070        26.8095
    2133             0                0        13.6855        27.1541
    2134             0                0        13.3081        26.4497
    2135             0                0        14.9443        26.9142
    2136             0                0        16.5722        27.5547
    2137             0                0        15.4918        27.2870
    2138             0                0        15.4311        26.6129
    2139             0                0        14.7326        27.0420
    2140             0                0        13.9777        26.7707
    2141             0                0        14.3733        26.8529
    2142             0                0        15.3741        26.6703
    2143             0                0        14.8689        27.2261
    2144             0                0        15.6649        27.7206
    2145             0                0        16.1482        27.1816
    2146             0                0        15.2433        26.8838
    2147             0                0        14.8607        26.3362
    2148             0                0        15.1065        26.5418
    2149             0                0        14.2148        26.4986
    2150             0                0        14.2815        26.7782
    2151             0                0        13.9637        27.1320
    2152             0                0        14.0271        26.6466
    2153             0                0        14.9080        27.1447
    2154             0                0        15.7163        26.7452
    2155             0                0        15.4214        26.6144
    2156             0                0        15.2087        26.9373
    2157             0                0        15.0360        26.6629
    2158             0                0        14.5545        26.6392
    2159             0                0        14.7217        27.3551
    2160             0                0        14.1245        27.3911
    2161             0                0        14.4668        26.7102
    2162             0                0        14.7230        26.6554
    2163             0                0        14.4699        26.7057
    2164             0                0        14.4724        27.4558
    2165             0                0        14.2768        27.7164
    2166             0                0        14.2461        27.8609
    2167             0                0        15.0250        27.8400
    2168             0                0        14.8868        26.9831
    2169             0                0        15.1322        27.0490
    2170             0                0        14.7166        27.2744
    2171             0                0        14.9789        26.6321
    2172             0                0        13.4104        27.2123
    2173             0                0        12.4929        26.1311
    2174             0                0        13.8501        27.3102
    2175             0                0        12.1086        26.9786
    2176             0                0        12.9169        26.8862
    2177             0                0        12.9420        25.9442
    2178             0                0        13.5388        26.8916
    2179             0                0        14.9284        26.6350
    2180             0                0        14.8092        26.5854
    2181             0                0        14.5614        26.3200
    2182             0                0        14.0967        26.3489
    2183             0                0        13.0893        26.0392
    2184             0                0        13.2797        26.7782
    2185             0                0        12.9472        25.5257
    2186             0                0        11.8995        25.8446
    2187             0                0        11.8942        25.5272
    2188             0                0        11.4268        25.4015
    2189             0                0        11.5740        25.1618
    2190             0                0        10.7864        24.9381
    2191             0                0        10.3419        25.2017
    2192             0                0        10.8508        24.3772
    2193             0                0         8.7390        23.2714
    2194             0                0         9.2760        22.5207
    2195             0                0         9.5654        21.4587
    2196             0                0         8.5014        22.8617
    2197             0                0         8.2652        23.0303
    2198             0                0         9.2844        21.5419
    2199             0                0         8.5455        20.3173
    2200             0                0         8.8180        20.9628
    2201             0                0        10.3255        21.6389
    2202             0                0         9.9089        22.0281
    2203             0                0        10.5292        22.0091
    2204             0                0        10.8127        21.9002
    2205             0                0         8.9595        21.6633
    2206             0                0         8.1671        21.2461
    2207             0                0         7.5253        21.0373
    2208             0                0         6.7672        21.1191
    2209             0                0         6.5880        22.1419
    2210             0                0         4.1123        21.3455
    2211             0                0         5.7451        22.2203
    2212             0                0         6.0218        21.3097
    2213             0                0         5.6399        21.0830
    2214             0                0         5.8880        21.6115
    2215             0                0         7.1075        20.7294
    2216             0                0         6.3620        20.3474
    2217             0                0         6.2675        20.6820
    2218             0                0         4.9904        21.3763
    2219             0                0         5.3489        21.3856
    2220             0                0         6.2507        20.5140
    2221             0                0         7.0337        20.9070
    2222             0                0         8.2272        22.6074
    2223             0                0         7.5527        22.0704
    2224             0                0         8.0964        21.7448
    2225             0                0         8.2788        22.3081
    2226             0                0         9.0281        22.6563
    2227             0                0        10.0436        21.7513
    2228             0                0        10.4595        21.6619
    2229             0                0        10.1552        21.9595
    2230             0                0        10.9387        21.6244
    2231             0                0        11.0325        21.4083
    2232             0                0        10.4461        22.4276
    2233             0                0         9.9883        23.2833
    2234             0                0        11.0326        26.1461
    2235             0                0        12.3229        25.7421
    2236             0                0        12.3176        25.1391
    2237             0                0        11.8426        26.2097
    2238             0                0        12.9185        26.3811
    2239             0                0        13.0399        26.5759
    2240             0                0        11.9369        26.3709
    2241             0                0        12.3393        26.5177
    2242             0                0        11.1090        26.5232
    2243             0                0        12.3445        26.2656
    2244             0                0        11.9525        26.3209
    2245             0                0        12.9153        26.0071
    2246             0                0        11.8683        26.4680
    2247             0                0        13.3445        26.5499
    2248             0                0        13.3290        25.8336
    2249             0                0        11.9528        26.0434
    2250             0                0        11.9908        25.4107
    2251             0                0        11.1785        24.8768
    2252             0                0        10.4765        24.9464
    2253             0                0        11.1987        25.3737
    2254             0                0        10.0366        24.3284
    2255             0                0        10.9472        25.9612
    2256             0                0         9.8781        25.2200
    2257             0                0         9.3218        25.4320
    2258             0                0        10.1405        25.5807
    2259             0                0         8.4426        25.6372
    2260             0                0         9.5073        24.7300
    2261             0                0        12.2553        23.7921
    2262             0                0         8.8319        24.0186
    2263             0                0        10.0471        23.3472
    2264             0                0         9.9890        24.5582
    2265             0                0        10.2857        24.1120
    2266             0                0         9.0534        24.0396
    2267             0                0        10.1151        24.6475
    2268             0                0         9.6039        23.1571
    2269             0                0        10.3785        22.9078
    2270             0                0        10.4046        23.2190
    2271             0                0         9.7459        20.8833
    2272             0                0        10.6078        22.7503
    2273             0                0         9.9934        21.9463
    2274             0                0        11.5941        22.5453
    2275             0                0         8.5551        21.4406
    2276             0                0        10.6130        22.5825
    2277             0                0        10.2792        22.6152
    2278             0                0         9.5479        21.8093
    2279             0                0        10.3376        20.9004
    2280             0                0         9.3394        20.7719
    2281             0                0         8.3126        20.2071
    2282             0                0         8.7140        20.7814
    2283             0                0         9.4327        21.2225
    2284             0                0         9.0689        21.1161
    2285             0                0         9.2433        21.0171
    2286             0                0         9.3937        20.0740
    2287             0                0        10.7689        21.3276
    2288             0                0        12.3683        23.8167
    2289             0                0        12.7980        23.7122
    2290             0                0        12.9018        25.1823
    2291             0                0        13.6149        24.9053
    2292             0                0        13.3781        22.3873
    2293             0                0        14.1320        23.5912
    2294             0                0        14.9966        25.7897
    2295             0                0        14.3556        26.9126
    2296             0                0        13.4597        27.1390
    2297             0                0        14.4594        28.9866
    2298             0                0        14.5609        29.3773
    2299             0                0        15.0240        28.7886
    2300             0                0        14.2053        28.9520
    2301             0                0        14.5300        28.9598
    2302             0                0        14.0706        29.0022
    2303             0                0        12.6016        28.6006
    2304             0                0        12.7215        28.6369
    2305             0                0        13.3993        27.8330
    2306             0                0        12.8261        27.3255
    2307             0                0        14.4038        28.0930
    2308             0                0        15.9462        28.4871
    2309             0                0        14.2743        28.5070
    2310             0                0        14.1648        27.7546
    2311             0                0        13.9161        27.8404
    2312             0                0        14.3786        27.7747
    2313             0                0        15.1398        28.3873
    2314             0                0        14.4095        27.4680
    2315             0                0        13.4166        26.2240
    2316             0                0        12.2849        26.3215
    2317             0                0        13.5077        26.5065
    2318             0                0        15.0137        26.9794
    2319             0                0        14.7781        26.9430
    2320             0                0        14.4350        26.3171
    2321             0                0        15.1433        26.8294
    2322             0                0        15.2152        26.3890
    2323             0                0        16.2222        26.9762
    2324             0                0        17.6188        26.7173
    2325             0                0        17.4607        26.3557
    2326             0                0        15.4407        26.6638
    2327             0                0        14.7926        26.0869
    2328             0                0        15.3125        26.8889
    2329             0                0        13.8257        25.8984
    2330             0                0        13.0118        27.1591
    2331             0                0        12.8966        27.2399
    2332             0                0        12.2664        27.7419
    2333             0                0        11.2562        26.9392
    2334             0                0        10.8923        26.7366
    2335             0                0        13.5650        26.4317
    2336             0                0        12.8442        26.4263
    2337             0                0        13.1640        26.2666
    2338             0                0         9.5967        26.2419
    2339             0                0        11.6792        26.2323
    2340             0                0        14.0534        25.9829
    2341             0                0        11.7917        24.7781
    2342             0                0        10.8390        26.2502
    2343             0                0         9.6461        25.4712
    2344             0                0         9.2881        24.7415
    2345             0                0         8.8099        23.4129
    2346             0                0         9.1046        24.2058
    2347             0                0         9.9026        23.9761
    2348             0                0         7.5816        21.9089
    2349             0                0         6.3378        22.7712
    2350             0                0         5.7121        21.8453
    2351             0                0         7.2885        21.8684
    2352             0                0         5.9792        23.3687
    2353             0                0         6.7207        23.4725
    2354             0                0         7.3578        22.7135
    2355             0                0         6.7627        22.1251
    2356             0                0         6.4532        23.2650
    2357             0                0         7.2437        20.5437
    2358             0                0         6.3915        20.2661
    2359             0                0         5.6654        22.1891
    2360             0                0         6.3075        21.3133
    2361             0                0         6.2916        23.6460
    2362             0                0         6.7199        21.5395
    2363             0                0         5.9197        22.4508
    2364             0                0         6.3948        21.1697
    2365             0                0         6.0087        21.6961
    2366             0                0         4.3724        20.5703
    2367             0                1         3.7331        20.9893
    2368             0                3         3.3930        22.0184
    2369             0                2         3.6137        20.5855
    2370             0                0         4.4488        21.2032
    2371             0                0         5.8842        22.0535
    2372             0                2         3.6456        21.1594
    2373             0                1         3.9255        20.6896
    2374             0                2         3.4281        18.9489
    2375             0                2         3.5664        18.3983
    2376             0                0         4.1616        19.2627
    2377             0                0         4.1744        19.2533
    2378             0                0         4.5057        20.3675
    2379             0                5         3.1402        21.4144
    2380             0                2         3.8038        22.4664
    2381             0                1         3.7872        20.7805
    2382             0                2         3.7060        21.9648
    2383             0                5         3.3448        21.6370
    2384             0                7         3.2201        21.5565
    2385             0                6         3.6095        21.2395
    2386             0                0         4.1969        21.6340
    2387             0                6         3.5423        20.0492
    2388             0                5         3.5782        20.9363
    2389             0                7         3.4168        20.8672
    2390             0                5         3.3756        19.6989
    2391             0                6         3.5740        20.7914
    2392             0                5         3.4494        20.5618
    2393             0                7         3.6302        20.8081
    2394             0                4         3.5871        20.4951
    2395             0                6         3.6220        20.2790
    2396             0                0         4.8134        21.4102
    2397             0                1         3.9987        21.2045
    2398             0                5         3.1156        19.8662
    2399             0                6         3.5321        19.7193
    2400             0                5         3.3713        20.0535
    2401             0                2         3.7357        20.7421
    2402             0                3         3.5179        20.7570
    2403             0                7         3.3994        20.6018
    2404             0                7         3.3263        19.2654
    2405             0                7         3.4679        19.4168
    2406             0                0         4.0151        19.1983
    2407             0                3         3.7133        18.4202
    2408             0                5         3.4009        17.8797
    2409             0                7         3.3341        16.9615
    2410             0                5         3.0372        17.3568
    2411             0                3         3.4199        17.5654
    2412             0                5         3.2422        17.9319
    2413             0                2         3.3266        18.3214
    2414             0                2         3.8327        17.2393
    2415             0                2         3.3989        17.0128
    2416             0                0         4.5948        18.3633
    2417             0                1         3.5761        17.3754
    2418             0                0         4.4969        17.3692
    2419             0                1         3.7590        17.2108
    2420             0                0         4.8333        17.8895
    2421             0                0         4.5280        19.1956
    2422             0                1         3.7569        17.8943
    2423             0                1         3.6739        15.8652
    2424             0                1         3.7740        16.6458
    2425             0                2         3.3523        16.2178
    2426             0                0         5.2708        18.1495
    2427             0                0         6.4282        19.0456
    2428             0                0         5.9923        19.5871
    2429             0                0         6.3346        22.7118
    2430             0                0         7.0264        20.3914
    2431             0                0         8.6334        21.3802
    2432             0                0         8.9501        20.6870
    2433             0                0         9.0179        22.2316
    2434             0                0         7.6729        21.1580
    2435             0                0         6.6833        23.4273
    2436             0                0         6.6380        22.6433
    2437             0                0         5.8412        23.4852
    2438             0                0         6.7932        22.8792
    2439             0                0         5.0214        22.9968
    2440             0                0         6.9321        23.0454
    2441             0                0         6.5141        21.4320
    2442             0                0         6.0697        20.2743
    2443             0                0         6.5283        19.1355
    2444             0                0         5.9952        20.3285
    2445             0                0         6.9824        19.1663
    2446             0                0         6.6301        18.2304
    2447             0                0         5.3867        18.3174
    2448             0                0         5.5286        19.2808
    2449             0                0         5.4263        19.8975
    2450             0                1         3.3755        18.2876
    2451             0                0         6.2335        19.7055
    2452             0                0         6.0716        20.2943
    2453             0                0         6.2132        18.4928
    2454             0                0         7.5149        18.2438
    2455             0                0         7.1561        18.8896
    2456             0                0         6.3259        16.3109
    2457             0                0         5.8798        17.7789
    2458             0                0         6.6347        18.3404
    2459             0                0         5.4978        16.1044
    2460             0                0         5.6029        18.1401
    2461             0                0         6.2630        17.4825
    2462             0                0         6.8492        18.1538
    2463             0                0         5.5532        19.8969
    2464             0                0         5.7134        18.3348
    2465             0                0         7.5579        19.2882
    2466             0                0         6.7052        17.8683
    2467             0                0         6.9514        18.3404
    2468             0                0         6.1072        16.8758
    2469             0                0         5.5336        17.8486
    2470             0                0         5.8628        19.1397
    2471             0                0         6.1737        18.6528
    2472             0                0         4.8987        18.5604
    2473             0                0         5.9504        18.3834
    2474             0                0         5.8928        18.5896
    2475             0                0         5.2001        18.1529
    2476             0                0         5.5428        19.0095
    2477             0                0         7.1965        19.1776
    2478             0                0         6.7189        19.3329
    2479             0                0         6.6232        18.7843
    2480             0                0         7.0296        19.0928
    2481             0                0         7.3779        19.1645
    2482             0                0         5.3152        18.9952
    2483             0                0         5.3916        18.7228
    2484             0                0         4.8800        18.4609
    2485             0                0         5.3370        18.6025
    2486             0                0         4.8464        18.2401
    2487             0                0         5.5692        18.8892
    2488             0                0         5.9329        18.7951
    2489             0                0         4.1083        18.3996
    2490             0                0         4.3864        16.8342
    2491             0                1         3.9727        16.1730
    2492             0                2         3.7553        16.6115
    2493             0                3         3.8874        17.3893
    2494             0                4         3.6461        16.0702
    2495             0                3         3.6735        17.1553
    2496             0                2         3.6114        16.3320
    2497             0                0         4.4461        16.2009
    2498             0                0         4.3405        15.0469
    2499             0                3         3.4438        15.0242
    2500             0                2         3.8687        14.5801
    2501             0               11         3.3646        15.0267
    2502             0                6         3.3093        15.2600
    2503             0                4         3.3843        16.3225
    2504             0                3         3.7063        16.7663
    2505             0                2         3.7268        17.0278
    2506             0                1         3.7851        16.7296
    2507             0                0         4.0953        17.1828
    2508             0                3         3.4183        16.8382
    2509             0                0         5.0304        17.5223
    2510             0                1         3.9934        17.3296
    2511             0                1         3.5759        17.8862
    2512             0                0         4.9606        17.2281
    2513             0                0         4.1925        17.1287
    2514             0                2         3.7866        17.6194
    2515             0                1         3.8824        19.1967
    2516             0                0         4.1384        18.8379
    2517             0                1         3.5004        18.2658
    2518             0                0         4.3901        18.1632
    2519             0                0         5.1976        18.7426
    2520             0                0         4.0022        18.0102
    2521             0                0         4.1417        18.5985
    2522             0                0         5.0557        19.4781
    2523             0                0         4.0366        18.3546
    2524             0                1         3.7573        18.7552
    2525             0                0         4.4036        17.8888
    2526             0                1         3.5592        17.3486
    2527             0                1         3.8251        17.7838
    2528             0                0         7.1180        17.4468
    2529             0                0         7.0385        17.6248
    2530             0                0         6.6177        16.7958
    2531             0                0         6.0028        17.0964
    2532             0                1         3.5869        16.8916
    2533             0                0         6.0686        18.3313
    2534             0                0         6.2877        18.7621
    2535             0                0         7.1070        18.5775
    2536             0                0         7.0108        18.5733
    2537             0                0         6.5070        19.6703
    2538             0                0         6.9436        18.8087
    2539             0                0         6.9355        18.8011
    2540             0                0         5.6743        18.9913
    2541             0                0         5.1285        19.0637
    2542             0                0         6.0224        17.6938
    2543             0                0         6.5170        18.6077
    2544             0                0         7.2057        19.2910
    2545             0                0         6.5512        19.5501
    2546             0                0         5.9370        19.0939
    2547             0                0         6.7712        20.4306
    2548             0                0         6.7522        20.6532
    2549             0                0         6.2875        19.6883
    2550             0                0         6.7773        19.5201
    2551             0                0         5.7646        19.0405
    2552             0                0         6.8666        19.0857
    2553             0                0         6.2826        19.5412
    2554             0                0         5.0306        18.7037
    2555             0                0         5.1301        18.7776
    2556             0                0         5.1582        18.9569
    2557             0                0         5.0802        19.3756
    2558             0                0         5.0503        19.4566
    2559             0                0         4.6517        18.1278
    2560             0                2         3.8229        18.6418
    2561             0                0         4.0544        18.3056
    2562             0                0         5.8380        19.6989
    2563             0                0         6.6357        20.7371
    2564             0                0         6.6101        20.6170
    2565             0                0         7.6840        21.2708
    2566             0                0         6.7456        21.5491
    2567             0                0         5.9393        20.2371
    2568             0                0         8.0969        21.9003
    2569             0                0         6.6147        20.9295
    2570             0                0         6.8196        20.6725
    2571             0                0         8.2302        21.6188
    2572             0                0         7.2344        22.6689
    2573             0                0         7.8027        22.9972
    2574             0                0         9.8120        22.9256
    2575             0                0         8.2518        23.3529
    2576             0                0         9.1895        23.9344
    2577             0                0         9.5536        24.8361
    2578             0                0         8.3322        23.4985
    2579             0                0         8.0150        23.8350
    2580             0                0         8.3562        24.1310
    2581             0                0         9.3811        23.8541
    2582             0                0        10.1941        24.9351
    2583             0                0        10.5895        24.5498
    2584             0                0        10.9807        26.0966
    2585             0                0         8.9000        25.9071
    2586             0                0         8.9505        26.4109
    2587             0                0         7.6886        26.4547
    2588             0                0         7.9203        25.2698
    2589             0                0         8.4295        24.9695
    2590             0                0        10.5623        25.3793
    2591             0                0        10.1841        23.2539
    2592             0                0        10.7367        23.0168
    2593             0                0         9.8237        23.4235
    2594             0                0         9.5755        22.8598
    2595             0                0        10.3516        23.2874
    2596             0                0         9.5423        23.8654
    2597             0                0         9.3845        22.7982
    2598             0                0         9.0921        22.1016
    2599             0                0         8.2770        21.8901
    2600             0                0         8.0538        22.5950
    2601             0                0         7.4109        23.0847
    2602             0                0         8.4380        22.5203
    2603             0                0         7.5025        22.3374
    2604             0                0         6.4238        21.4546
    2605             0                0         6.4832        21.3464
    2606             0                0         6.9796        22.9115
    2607             0                0         7.7903        21.8399
    2608             0                0         6.9385        21.8556
    2609             0                0         7.5750        22.5686
    2610             0                0         8.0024        22.0191
    2611             0                0         8.9052        22.6291
    2612             0                0         8.8291        22.6124
    2613             0                0         8.0580        21.9752
    2614             0                0         9.3145        23.2258
    2615             0                0         9.4705        24.5410
    2616             0                0        10.2743        24.8234
    2617             0                0         8.5703        24.8422
    2618             0                0         9.6291        24.7423
    2619             0                0         9.4763        24.2488
    2620             0                0        10.1430        24.9044
    2621             0                0         9.7488        25.8296
    2622             0                0        10.2722        26.9088
    2623             0                0        10.7778        27.4742
    2624             0                0        11.1998        26.7862
    2625             0                0        11.5386        26.2763
    2626             0                0        12.3197        26.2890
    2627             0                0        13.0574        27.8217
    2628             0                0        13.6938        27.7282
    2629             0                0        14.3653        28.2470
    2630             0                0        12.8355        28.1048
    2631             0                0        12.8731        28.8241
    2632             0                0        11.9341        28.1230
    2633             0                0         9.6707        28.4689
    2634             0                0        10.6771        29.7903
    2635             0                0        11.5229        29.4392
    2636             0                0        11.2637        30.2153
    2637             0                0        10.8796        29.8298
    2638             0                0        11.7226        30.7937
    2639             0                0        10.6566        30.4902
    2640             0                0        13.3693        31.3646
    2641             0                0        12.6970        30.4310
    2642             0                0        15.0407        31.3255
    2643             0                0        14.4061        31.4728
    2644             0                0        14.4610        31.0909
    2645             0                0        14.7995        31.4903
    2646             0                0        13.5307        30.5922
    2647             0                0        12.2403        30.1472
    2648             0                0        11.3977        31.1643
    2649             0                0        11.3727        30.1294
    2650             0                0        11.0234        31.1634
    2651             0                0        12.3896        32.6400
    2652             0                0        11.9537        32.1069
    2653             0                0        10.7001        31.4848
    2654             0                0         9.5075        30.1796
    2655             0                0        10.4889        30.8423
    2656             0                0        10.5454        31.7700
    2657             0                0        11.5604        31.0679
    2658             0                0        11.2730        31.0275
    2659             0                0         9.6162        32.0513
    2660             0                0        10.8307        31.2074
    2661             0                0        11.5681        30.8675
    2662             0                0        12.2753        30.8129
    2663             0                0        11.7473        30.9364
    2664             0                0        12.7215        31.0212
    2665             0                0        13.2264        31.5128
    2666             0                0        13.3532        30.9153
    2667             0                0        14.3201        30.9580
    2668             0                0        13.3428        31.4416
    2669             0                0        14.0814        31.4838
    2670             0                0        14.4629        32.2605
    2671             0                0        15.0363        32.5004
    2672             0                0        13.4614        32.3250
    2673             0                0        14.8741        32.6917
    2674             0                0        15.6536        32.9905
    2675             0                0        16.0509        33.4277
    2676             0                0        15.5569        32.7430
    2677             0                0        14.7699        32.2815
    2678             0                0        16.5129        32.7924
    2679             0                0        15.1198        32.1219
    2680             0                0        15.1857        32.6857
    2681             0                0        15.6824        32.4382
    2682             0                0        15.1302        32.2560
    2683             0                0        16.0192        31.3331
    2684             0                0        16.5276        32.3173
    2685             0                0        17.1784        31.7800
    2686             0                0        18.6423        31.6224
    2687             0                0        18.0981        32.9217
    2688             0                0        17.7889        32.9959
    2689             0                0        19.1127        33.0901
    2690             0                0        20.3223        33.2954
    2691             0                0        20.9632        33.0653
    2692             0                0        18.4906        33.0414
    2693             0                0        18.0290        33.3631
    2694             0                0        18.8494        32.9561
    2695             0                0        19.3671        33.0101
    2696             0                0        19.3872        33.1759
    2697             0                0        19.2529        32.9303
    2698             0                0        17.3323        33.3569
    2699             0                0        18.2029        33.4769
    2700             0                0        19.7610        33.0451
    2701             0                0        20.2354        32.8329
    2702             0                0        19.5329        32.1818
    2703             0                0        20.1270        32.4542
    2704             0                0        20.0091        32.7616
    2705             0                0        18.8669        31.8638
    2706             0                0        16.0577        31.7958
    2707             0                0        16.5261        32.5264
    2708             0                0        15.8558        31.6752
    2709             0                0        18.1179        33.0301
    2710             0                0        15.3075        32.6429
    2711             0                0        16.0785        32.9627
    2712             0                0        14.7662        33.1366
    2713             0                0        15.3312        32.8938
    2714             0                0        14.7008        33.5177
    2715             0                0        16.2691        31.8745
    2716             0                0        16.1158        32.3032
    2717             0                0        17.5180        32.2226
    2718             0                0        16.9198        32.0256
    2719             0                0        18.7624        31.5115
    2720             0                0        18.1530        31.3551
    2721             0                0        17.5931        30.8574
    2722             0                0        20.6804        32.2109
    2723             0                0        20.1039        32.7227
    2724             0                0        20.5364        33.5711
    2725             0                0        20.8747        33.0426
    2726             0                0        20.1018        33.3131
    2727             0                0        19.3818        33.1128
    2728             0                0        18.7897        32.7052
    2729             0                0        17.7958        33.3024
    2730             0                0        18.8635        33.3425
    2731             0                0        17.9947        32.7944
    2732             0                0        17.1189        33.0923
    2733             0                0        16.9033        32.5896
    2734             0                0        18.6734        32.1532
    2735             0                0        18.8568        33.0965
    2736             0                0        18.4975        32.8409
    2737             0                0        17.8653        33.0269
    2738             0                0        19.1710        33.1691
    2739             0                0        20.9750        33.0691
    2740             0                0        20.2422        32.7395
    2741             0                0        20.7572        32.9104
    2742             0                0        21.5487        33.3772
    2743             0                0        21.1757        32.9319
    2744             0                0        20.2124        33.4061
    2745             0                0        19.1602        33.0316
    2746             0                0        21.2288        33.1684
    2747             0                0        20.9076        33.0334
    2748             0                0        21.2044        33.0348
    2749             0                0        21.5435        32.8570
    2750             0                0        21.7312        32.6088
    2751             0                0        21.4629        32.9943
    2752             0                0        21.2995        33.1810
    2753             0                0        20.5443        33.0966
    2754             0                0        20.4349        33.3049
    2755             0                0        19.7908        32.9902
    2756             0                0        19.5868        32.8928
    2757             0                0        20.3887        33.1645
    2758             0                0        18.8567        33.1481
    2759             0                0        17.1048        33.1828
    2760             0                0        16.5834        33.1130
    2761             0                0        15.6933        33.0580
    2762             0                0        14.6103        32.0001
    2763             0                0        14.4742        31.2021
    2764             0                0        14.0118        30.8558
    2765             0                0        13.6532        30.5479
    2766             0                0        14.7309        31.2177
    2767             0                0        15.4220        31.6440
    2768             0                0        14.6039        30.7318
    2769             0                0        15.2094        30.9806
    2770             0                0        14.7235        30.5397
    2771             0                0        16.2692        31.1780
    2772             0                0        17.5640        31.4540
    2773             0                0        17.3649        31.1014
    2774             0                0        15.7872        31.0760
    2775             0                0        16.6652        32.4307
    2776             0                0        17.3384        33.0593
    2777             0                0        18.9414        32.1816
    2778             0                0        17.2671        30.5937
    2779             0                0        18.0440        30.9310
    2780             0                0        17.4822        30.5319
    2781             0                0        16.9878        30.6334
    2782             0                0        17.3927        30.9144
    2783             0                0        16.6737        29.8853
    2784             0                0        15.5998        30.3382
    2785             0                0        16.1798        31.0036
    2786             0                0        15.5147        30.4348
    2787             0                0        13.4868        30.1216
    2788             0                0        14.1811        29.3366
    2789             0                0        13.2803        29.0645
    2790             0                0        13.1440        28.5365
    2791             0                0        10.6342        28.2311
    2792             0                0        11.9113        28.8529
    2793             0                0        12.4513        28.1317
    2794             0                0        14.1963        29.0524
    2795             0                0        13.9831        28.3992
    2796             0                0        13.4490        28.2598
    2797             0                0        14.4109        28.2704
    2798             0                0        13.8375        27.8820
    2799             0                0        15.4362        28.0513
    2800             0                0        14.0437        28.2450
    2801             0                0        14.5782        28.5812
    2802             0                0        16.3915        28.5753
    2803             0                0        14.9351        28.4677
    2804             0                0        16.2136        28.1932
    2805             0                0        15.4195        28.3250
    2806             0                0        16.8944        29.3496
    2807             0                0        16.5521        28.4135
    2808             0                0        16.0439        28.2579
    2809             0                0        13.6781        28.4360
    2810             0                0        13.7410        28.2902
    2811             0                0        14.6142        28.9587
    2812             0                0        15.5926        28.9107
    2813             0                0        17.4004        28.3885
    2814             0                0        18.0530        28.7701
    2815             0                0        17.1325        29.3436
    2816             0                0        15.8618        29.3121
    2817             0                0        13.6990        30.0343
    2818             0                0        14.0609        30.2834
    2819             0                0        13.0771        29.1159
    2820             0                0        14.1528        30.2001
    2821             0                0        13.6079        30.4883
    2822             0                0        13.2432        30.3130
    2823             0                0        12.2591        31.5303
    2824             0                0        11.7704        30.6872
    2825             0                0        12.2732        30.9685
    2826             0                0        12.9713        31.3702
    2827             0                0        12.5795        31.6878
    2828             0                0        13.8698        32.4131
    2829             0                0        12.6139        31.8865
    2830             0                0        13.0663        30.8073
    2831             0                0        12.2483        31.0944
    2832             0                0         8.8572        30.8794
    2833             0                0         9.9161        33.3181
    2834             0                0        13.2342        33.0816
    2835             0                0        12.0832        33.2078
    2836             0                0        12.2703        31.7112
    2837             0                0        13.3202        32.5815
    2838             0                0        12.8235        30.1966
    2839             0                0        10.8351        30.6656
    2840             0                0        12.2409        30.8193
    2841             0                0        11.1551        31.5550
    2842             0                0        12.0001        30.3719
    2843             0                0        10.5106        30.7135
    2844             0                0        11.1656        30.2984
    2845             0                0        10.1204        29.5521
    2846             0                0         9.3146        30.0557
    2847             0                0        11.6341        30.2552
    2848             0                0        12.0320        29.4680
    2849             0                0        13.9985        28.7328
    2850             0                0        11.4976        28.6405
    2851             0                0        12.7866        28.6616
    2852             0                0        12.6671        29.4915
    2853             0                0        14.2963        29.7292
    2854             0                0        15.4209        30.4291
    2855             0                0        13.7005        29.6771
    2856             0                0        15.2965        28.3034
    2857             0                0        16.6976        28.9563
    2858             0                0        17.0145        29.2086
    2859             0                0        17.2089        29.5376
    2860             0                0        16.4199        29.9374
    2861             0                0        15.5091        30.4165
    2862             0                0        16.0266        30.3163
    2863             0                0        16.8008        32.4329
    2864             0                0        16.0503        31.4636
    2865             0                0        17.5028        28.7850
    2866             0                0        17.3479        31.4945
    2867             0                0        16.0426        31.0419
    2868             0                0        17.8550        31.0395
    2869             0                0        16.9425        29.5306
    2870             0                0        14.9923        30.1755
    2871             0                0        15.4247        29.1156
    2872             0                0        15.8909        30.2739
    2873             0                0        15.5617        30.2987
    2874             0                0        15.8738        29.7546
    2875             0                0        14.6402        29.8950
    2876             0                0        12.7399        30.0162
    2877             0                0        12.7872        29.7809
    2878             0                0        12.0069        29.2818
    2879             0                0        11.4454        28.9050
    2880             0                0        14.2816        28.7235
    2881             0                0        13.1485        29.0632
    2882             0                0        14.1734        30.7911
    2883             0                0        15.3541        31.0534
    2884             0                0        14.6908        30.5454
    2885             0                0        13.7674        28.1570
    2886             0                0        14.6635        26.5879
    2887             0                0        13.9548        26.2408
    2888             0                0        14.5034        29.2650
    2889             0                0        14.1108        30.6430
    2890             0                0        14.6720        30.5457
    2891             0                0        15.7191        31.2362
    2892             0                0        15.3742        30.6183
    2893             0                0        14.7644        31.6565
    2894             0                0        14.9063        33.2850
    2895             0                0        16.1426        31.3163
    2896             0                0        15.9708        31.5276
    2897             0                0        15.8312        31.2117
    2898             0                0        17.1979        30.9534
    2899             0                0        15.3307        30.3998
    2900             0                0        16.6699        29.9707
    2901             0                0        17.0761        31.6256
    2902             0                0        14.9956        30.0707
    2903             0                0        15.3795        29.2024
    2904             0                0        14.7046        30.4508
    2905             0                0        15.1602        30.1893
    2906             0                0        16.3858        30.0363
    2907             0                0        14.4327        28.4666
    2908             0                0        13.7777        28.5635
    2909             0                0        12.8738        28.3487
    2910             0                0        14.6301        28.1581
    2911             0                0        12.1073        28.0429
    2912             0                0        13.1268        28.0600
    2913             0                0        13.2938        28.0222
    2914             0                0        13.4671        28.6459
    2915             0                0        11.2041        28.7008
    2916             0                0        12.6217        29.6033
    2917             0                0        10.9174        28.0432
    2918             0                0        11.1188        28.9894
    2919             0                0        11.4720        29.5108
    2920             0                0        12.1207        29.4935
    2921             0                0        14.2114        28.1019
    2922             0                0        13.5520        27.6642
    2923             0                0        13.9589        27.8237
    2924             0                0        12.1870        27.9948
    2925             0                0        12.5300        29.8624
    2926             0                0        13.6449        30.4832
    2927             0                0        13.3232        30.6425
    2928             0                0        14.2421        30.5095
    2929             0                0        13.0653        30.5818
    2930             0                0        14.4104        31.3630
    2931             0                0        12.4571        30.7087
    2932             0                0        13.8386        33.0088
    2933             0                0        13.7458        30.8628
    2934             0                0        13.0338        30.3792
    2935             0                0        12.2996        30.1921
    2936             0                0        11.5683        30.5257
    2937             0                0        12.5915        30.7744
    2938             0                0        11.7327        31.1817
    2939             0                0        11.4780        30.5044
    2940             0                0        14.0138        29.1081
    2941             0                0        13.8230        28.6117
    2942             0                0        14.5292        29.7297
    2943             0                0        12.8587        27.8699
    2944             0                0        13.0760        28.2158
    2945             0                0        12.6777        29.0874
    2946             0                0        11.6890        29.9383
    2947             0                0        11.0127        30.4413
    2948             0                0        12.1152        29.1966
    2949             0                0         9.7834        29.5426
    2950             0                0        10.6425        30.2007
    2951             0                0        11.0003        28.5443
    2952             0                0        11.2942        30.8630
    2953             0                0        12.4551        30.7188
    2954             0                0        11.7116        29.5323
    2955             0                0         9.4919        29.0871
    2956             0                0        10.3152        28.6616
    2957             0                0         8.6584        28.5480
    2958             0                0         8.9662        27.8517
    2959             0                0         8.1469        28.2840
    2960             0                0        11.3841        27.8114
    2961             0                0        11.4348        27.3008
    2962             0                0        11.0980        27.1699
    2963             0                0        10.7965        27.0604
    2964             0                0        10.7051        27.3300
    2965             0                0         9.6100        26.8770
    2966             0                0        10.9446        28.2193
    2967             0                0        10.0125        28.2850
    2968             0                0         9.6458        27.7181
    2969             0                0         8.1393        27.9499
    2970             0                0         8.9069        27.3303
    2971             0                0         8.7131        27.6245
    2972             0                0         6.6626        26.9843
    2973             0                0         8.0484        26.7015
    2974             0                0         8.4023        27.3341
    2975             0                0        10.4186        27.4714
    2976             0                0        10.9597        26.8335
    2977             0                0        11.3170        28.0654
    2978             0                0        12.2331        27.4255
    2979             0                0        12.3011        27.5835
    2980             0                0        11.2353        27.3983
    2981             0                0        13.6917        27.0815
    2982             0                0        14.9514        25.9685
    2983             0                0        16.6831        27.7289
    2984             0                0        16.6614        28.8376
    2985             0                0        17.9392        27.1925
    2986             0                0        16.1799        26.6999
    2987             0                0        16.2191        26.9869
    2988             0                0        17.7252        27.2834
    2989             0                0        16.8988        28.1356
    2990             0                0        15.6758        27.6750
    2991             0                0        15.8719        29.0535
    2992             0                0        14.2422        27.6800
    2993             0                0        12.0246        26.6905
    2994             0                0         9.4885        25.6945
    2995             0                0        10.2754        26.1000
    2996             0                0        12.7197        25.7321
    2997             0                0        13.6117        27.0142
    2998             0                0        13.9242        28.5644
    2999             0                0        12.9560        27.3770
    3000             0                0        12.6234        26.2320
    3001             0                0        11.0841        24.7929
    3002             0                0        11.6369        24.5426
    3003             0                0        11.8772        24.9503
    3004             0                0        10.3268        23.9585
    3005             0                0        10.5234        26.3997
    3006             0                0        12.4091        26.0771
    3007             0                0        13.0874        26.6015
    3008             0                0        12.4724        27.7419
    3009             0                0        13.2457        27.6913
    3010             0                0        13.1887        27.5036
    3011             0                0        12.6133        27.2425
    3012             0                0        13.1060        27.9995
    3013             0                0        13.1818        28.5269
    3014             0                0        12.1027        27.2537
    3015             0                0        11.5783        27.9529
    3016             0                0        15.2213        29.2124
    3017             0                0        15.2957        29.7188
    3018             0                0        14.8530        30.5175
    3019             0                0        13.9455        29.8387
    3020             0                0        15.2784        29.9678
    3021             0                0        15.1132        30.7791
    3022             0                0        16.3571        30.0817
    3023             0                0        17.1011        31.5201
    3024             0                0        15.9877        30.6568
    3025             0                0        15.3208        30.1993
    3026             0                0        15.2048        29.8777
    3027             0                0        13.5308        29.5299
    3028             0                0        13.2518        29.4862
    3029             0                0        14.9652        29.4591
    3030             0                0        14.9557        29.7302
    3031             0                0        13.0867        26.9966
    3032             0                0        11.9181        27.1100
    3033             0                0        11.4165        27.1470
    3034             0                0        11.7841        26.8432
    3035             0                0        10.9556        27.1210
    3036             0                0        10.9027        25.5266
    3037             0                0         9.6184        25.6466
    3038             0                0         9.3743        24.9788
    3039             0                0        10.4476        25.4658
    3040             0                0        11.3588        25.9353
    3041             0                0        11.3579        27.1529
    3042             0                0         9.3756        25.3454
    3043             0                0         9.7964        26.7466
    3044             0                0         7.7908        26.2462
    3045             0                0         7.4001        26.4818
    3046             0                0         8.1665        25.1878
    3047             0                0         8.3771        25.8506
    3048             0                0         7.2119        24.8998
    3049             0                0         6.8353        24.8233
    3050             0                0         5.1987        23.5895
    3051             0                0         4.1812        23.7559
    3052             0                0         5.3256        23.1183
    3053             0                0         5.9054        24.0766
    3054             0                0         5.5227        23.4812
    3055             0                0         5.0312        23.3543
    3056             0                0         5.4563        24.5027
    3057             0                0         5.6559        23.8513
    3058             0                0         5.9801        23.4555
    3059             0                0         6.0774        23.9551
    3060             0                0         6.1760        23.8277
    3061             0                0         5.8289        23.4954
    3062             0                0         7.6004        24.9567
    3063             0                0         6.6716        25.2901
    3064             0                0         7.8032        25.5196
    3065             0                0         7.4249        27.0903
    3066             0                0         5.7955        25.4502
    3067             0                0         7.7992        27.5540
    3068             0                0         7.3018        24.9428
    3069             0                0         6.4641        25.6960
    3070             0                0         5.7988        25.6616
    3071             0                0         6.1815        25.4924
    3072             0                0         6.1674        27.6960
    3073             0                0         7.7085        28.0702
    3074             0                0         8.6269        28.0262
    3075             0                0         8.4109        27.6625
    3076             0                0         9.2702        27.1110
    3077             0                0        10.8678        25.8290
    3078             0                0         9.5644        27.3279
    3079             0                0        10.5807        27.6491
    3080             0                0        11.8381        27.8463
    3081             0                0        12.4709        28.0489
    3082             0                0        11.4525        28.3581
    3083             0                0        10.5615        28.0070
    3084             0                0        11.7681        28.3881
    3085             0                0        10.3113        29.5896
    3086             0                0        12.0596        27.2441
    3087             0                0        13.1045        29.7031
    3088             0                0        10.3673        27.3779
    3089             0                0        10.8040        27.2058
    3090             0                0        11.6050        28.0908
    3091             0                0        12.5435        27.0601
    3092             0                0        11.6646        30.5746
    3093             0                0        10.8343        30.5248
    3094             0                0        12.9182        30.3392
    3095             0                0        13.4503        30.2471
    3096             0                0        12.2726        30.5208
    3097             0                0        10.3869        30.7141
    3098             0                0        10.7712        29.7706
    3099             0                0        11.5440        31.5593
    3100             0                0        12.6494        32.9412
    3101             0                0        12.0605        32.0938
    3102             0                0        13.3846        32.2138
    3103             0                0        16.4978        32.1098
    3104             0                0        13.4229        32.8263
    3105             0                0        14.1403        32.3570
    3106             0                0        13.6760        31.9586
    3107             0                0        13.4573        31.3235
    3108             0                0        15.7906        30.9793
    3109             0                0        16.6725        31.4174
    3110             0                0        17.7606        32.4318
    3111             0                0        15.6014        31.5305
    3112             0                0        13.2249        31.3135
    3113             0                0        12.0558        29.4721
    3114             0                0        11.7041        29.8686
    3115             0                0        10.9556        31.7810
    3116             0                0         9.5153        31.1407
    3117             0                0        10.6349        33.2501
    3118             0                0        11.9703        32.7433
    3119             0                0        12.2319        33.4719
    3120             0                0        11.5653        32.8235
    3121             0                0        15.3544        32.8163
    3122             0                0        13.8313        32.7873
    3123             0                0        13.9985        32.0421
    3124             0                0        14.8389        31.6970
    3125             0                0        16.3855        31.7106
    3126             0                0        15.7870        32.2669
    3127             0                0        18.9655        32.9040
    3128             0                0        17.8827        33.4078
    3129             0                0        17.1654        32.3074
    3130             0                0        18.9697        31.4775
    3131             0                0        18.5196        30.9683
    3132             0                0        17.2128        30.6268
    3133             0                0        18.2262        31.0948
    3134             0                0        16.2019        30.8736
    3135             0                0        17.5809        32.9781
    3136             0                0        18.1401        31.5781
    3137             0                0        16.8544        31.4119
    3138             0                0        19.7651        32.0259
    3139             0                0        19.9531        32.1427
    3140             0                0        17.4345        32.0123
    3141             0                0        16.5192        30.4247
    3142             0                0        16.3528        29.0525
    3143             0                0        16.1141        29.1183
    3144             0                0        16.7418        31.2296
    3145             0                0        16.9917        29.9209
    3146             0                0        16.7047        31.0074
    3147             0                0        16.1952        30.5891
    3148             0                0        17.9323        31.8244
    3149             0                0        20.4588        32.4127
    3150             0                0        20.9288        32.5105
    3151             0                0        20.7998        31.9229
    3152             0                0        20.4445        33.3745
    3153             0                0        19.6561        31.2052
    3154             0                0        20.4814        31.6245
    3155             0                0        20.8347        32.1776
    3156             0                0        20.8558        32.5496
    3157             0                0        17.5245        31.9082
    3158             0                0        17.2087        32.9650
    3159             0                0        18.4100        32.7206
    3160             0                0        17.7125        33.1735
    3161             0                0        19.3132        33.3003
    3162             0                0        20.4635        33.1807
    3163             0                0        22.1266        33.2825
    3164             0                0        21.8869        33.2654
    3165             0                0        22.5547        32.7521
    3166             0                0        23.0832        32.7711
    3167             0                0        22.9426        33.0553
    3168             0                0        20.1604        32.7693
    3169             0                0        20.7601        33.1865
    3170             0                0        21.6161        33.2734
    3171             0                0        20.7847        32.0024
    3172             0                0        19.7245        32.6416
    3173             0                0        21.4300        32.9913
    3174             0                0        21.6036        32.9072
    3175             0                0        20.9132        32.2703
    3176             0                0        19.4788        32.8976
    3177             0                0        20.1901        33.0560
    3178             0                0        21.5894        32.8346
    3179             0                0        20.8436        32.9264
    3180             0                0        19.2557        33.2053
    3181             0                0        19.4335        32.9332
    3182             0                0        19.5283        33.1518
    3183             0                0        18.9027        33.2553
    3184             0                0        20.6275        32.9573
    3185             0                0        21.5521        32.7033
    3186             0                0        21.8720        33.1405
    3187             0                0        22.5715        32.4257
    3188             0                0        21.3777        32.7868
    3189             0                0        20.6049        32.8926
    3190             0                0        20.9619        33.1345
    3191             0                0        21.7203        33.3227
    3192             0                0        21.9141        33.0770
    3193             0                0        20.8588        33.0922
    3194             0                0        22.5188        33.3599
    3195             0                0        20.6370        32.9533
    3196             0                0        23.6609        32.8840
    3197             0                0        21.6077        32.8809
    3198             0                0        20.7985        32.9938
    3199             0                0        22.3694        33.0172
    3200             0                0        21.9549        32.5517
    3201             0                0        20.6053        32.8898
    3202             0                0        22.1161        32.6539
    3203             0                0        19.0449        33.3919
    3204             0                0        19.7016        32.0707
    3205             0                0        17.8514        32.2787
    3206             0                0        17.0169        33.4042
    3207             0                0        17.3416        33.2461
    3208             0                0        17.4992        32.5087
    3209             0                0        18.9838        32.9839
    3210             0                0        19.5458        32.6736
    3211             0                0        17.3713        33.2293
    3212             0                0        20.0124        32.8742
    3213             0                0        19.4131        33.1213
    3214             0                0        19.2976        33.0512
    3215             0                0        20.1038        33.3400
    3216             0                0        20.4084        32.9786
    3217             0                0        20.3109        33.2879
    3218             0                0        20.7830        33.3418
    3219             0                0        20.6159        33.3832
    3220             0                0        19.2104        33.4166
    3221             0                0        18.6537        32.7603
    3222             0                0        18.9572        32.3620
    3223             0                0        19.9339        32.1816
    3224             0                0        19.7174        33.1349
    3225             0                0        18.6085        31.1211
    3226             0                0        18.5396        31.5066
    3227             0                0        19.2510        31.7847
    3228             0                0        18.5421        29.4412
    3229             0                0        18.0390        31.1064
    3230             0                0        17.8535        31.4156
    3231             0                0        17.3743        31.1765
    3232             0                0        15.4099        31.5274
    3233             0                0        14.5325        30.5510
    3234             0                0        16.0085        30.7426
    3235             0                0        16.2646        30.9986
    3236             0                0        17.3616        30.5762
    3237             0                0        17.4665        31.9376
    3238             0                0        18.4442        32.1547
    3239             0                0        18.8925        30.7311
    3240             0                0        18.2944        30.7099
    3241             0                0        18.0743        29.9277
    3242             0                0        18.9197        30.8388
    3243             0                0        19.4468        32.2581
    3244             0                0        17.1773        31.8252
    3245             0                0        19.2561        30.5258
    3246             0                0        20.8111        30.8332
    3247             0                0        20.9524        30.8497
    3248             0                0        19.4629        31.0622
    3249             0                0        20.8907        32.4506
    3250             0                0        19.8753        32.0305
    3251             0                0        21.1089        31.8768
    3252             0                0        21.4264        31.6321
    3253             0                0        19.1589        32.2679
    3254             0                0        20.9999        31.7006
    3255             0                0        21.1123        31.4442
    3256             0                0        21.0246        32.3966
    3257             0                0        20.0961        31.7467
    3258             0                0        19.3824        31.8508
    3259             0                0        22.1129        32.8383
    3260             0                0        20.6566        32.9643
    3261             0                0        20.3409        32.7732
    3262             0                0        21.6518        32.9381
    3263             0                0        20.7451        33.0617
    3264             0                0        20.3050        33.1722
    3265             0                0        18.8119        33.1606
    3266             0                0        18.8803        33.2479
    3267             0                0        19.8302        32.8650
    3268             0                0        18.4623        31.8637
    3269             0                0        17.8351        31.5941
    3270             0                0        16.6062        31.8820
    3271             0                0        17.1177        31.8784
    3272             0                0        17.3967        31.5869
    3273             0                0        16.4308        31.9341
    3274             0                0        17.4755        31.8316
    3275             0                0        18.2087        33.1254
    3276             0                0        20.4794        32.0707
    3277             0                0        18.1642        32.7259
    3278             0                0        17.4478        33.1157
    3279             0                0        18.5501        31.6771
    3280             0                0        15.7734        31.3703
    3281             0                0        15.3106        31.6958
    3282             0                0        17.2319        31.8185
    3283             0                0        15.4311        30.5526
    3284             0                0        15.2160        30.0767
    3285             0                0        16.2809        30.8863
    3286             0                0        15.0911        30.5211
    3287             0                0        14.7067        29.6833
    3288             0                0        15.0226        30.9053
    3289             0                0        15.2530        31.1818
    3290             0                0        15.7509        31.8828
    3291             0                0        16.3788        32.2455
    3292             0                0        17.8627        31.7183
    3293             0                0        16.9780        33.0128
    3294             0                0        15.7333        32.8423
    3295             0                0        16.7699        32.8613
    3296             0                0        15.2600        33.1661
    3297             0                0        15.0925        32.8878
    3298             0                0        14.6884        33.1364
    3299             0                0        15.9334        33.2072
    3300             0                0        17.4873        33.1058
    3301             0                0        16.9941        32.5316
    3302             0                0        16.0268        32.3717
    3303             0                0        15.8646        32.0867
    3304             0                0        16.9314        32.8649
    3305             0                0        17.6430        32.3408
    3306             0                0        18.4763        33.3338
    3307             0                0        21.1877        33.0753
    3308             0                0        19.7805        33.3386
    3309             0                0        18.9323        33.2448
    3310             0                0        19.5735        33.4782
    3311             0                0        18.8565        33.1382
    3312             0                0        20.3507        32.4483
    3313             0                0        19.4637        32.9219
    3314             0                0        19.5946        32.3948
    3315             0                0        19.9095        32.2742
    3316             0                0        18.3306        32.6196
    3317             0                0        18.4780        33.0521
    3318             0                0        17.9432        33.1593
    3319             0                0        17.9382        32.6222
    3320             0                0        16.8733        32.7365
    3321             0                0        18.7374        32.8942
    3322             0                0        18.3482        31.7615
    3323             0                0        16.6659        32.8018
    3324             0                0        16.3033        32.8674
    3325             0                0        15.0793        32.0598
    3326             0                0        15.8662        31.9997
    3327             0                0        14.0389        33.1790
    3328             0                0        15.1025        32.2797
    3329             0                0        15.1500        31.3239
    3330             0                0        15.2599        32.7183
    3331             0                0        14.6979        32.0212
    3332             0                0        14.2761        31.0559
    3333             0                0        14.6640        31.6091
    3334             0                0        14.9058        31.3097
    3335             0                0        15.5009        30.9820
    3336             0                0        15.6054        30.2012
    3337             0                0        15.0496        31.9611
    3338             0                0        13.2625        31.9486
    3339             0                0        14.3711        31.2304
    3340             0                0        14.2545        30.9343
    3341             0                0        14.2662        31.7054
    3342             0                0        14.4602        31.2500
    3343             0                0        14.3848        32.2615
    3344             0                0        13.6737        31.4527
    3345             0                0        14.2855        32.9600
    3346             0                0        15.3818        32.3782
    3347             0                0        17.2931        32.6886
    3348             0                0        15.0555        32.5564
    3349             0                0        15.2120        31.0375
    3350             0                0        14.3372        31.4342
    3351             0                0        15.0143        30.3873
    3352             0                0        16.3041        31.9147
    3353             0                0        14.9988        32.0872
    3354             0                0        15.3726        33.0598
    3355             0                0        16.1393        32.9665
    3356             0                0        16.8677        32.3341
    3357             0                0        17.2535        32.2828
    3358             0                0        14.9513        31.2540
    3359             0                0        15.0044        30.1717
    3360             0                0        15.4091        31.8610
    3361             0                0        14.5121        31.7079
    3362             0                0        14.1953        32.8568
    3363             0                0        12.8334        31.9885
    3364             0                0        12.5813        32.2356
    3365             0                0        12.4004        31.7668
    3366             0                0        12.1340        32.0362
    3367             0                0        12.6889        31.1963
    3368             0                0        12.5892        30.7545
    3369             0                0        12.2827        31.7357
    3370             0                0        11.1639        31.8372
    3371             0                0        10.5700        30.5880
    3372             0                0        11.2979        29.4405
    3373             0                0        13.2029        30.3696
    3374             0                0        12.2227        29.9160
    3375             0                0        12.4343        29.6877
    3376             0                0        13.2950        28.1732
    3377             0                0        12.0911        27.2265
    3378             0                0        12.8911        26.7385
    3379             0                0        11.4784        26.9447
    3380             0                0        12.2846        26.6949
    3381             0                0        11.5324        26.6549
    3382             0                0        11.5224        26.0461
    3383             0                0        12.4848        26.1583
    3384             0                0        11.6514        27.0763
    3385             0                0        11.0536        27.5302
    3386             0                0         9.1330        27.6750
    3387             0                0         7.3951        27.1671
    3388             0                0         8.8252        26.8553
    3389             0                0         8.2319        25.6400
    3390             0                0         7.9405        26.3894
    3391             0                0         8.9141        26.5100
    3392             0                0         8.9520        25.3654
    3393             0                0         9.9629        26.6867
    3394             0                0        11.9938        26.2149
    3395             0                0        13.9677        25.9380
    3396             0                0        15.1707        27.0503
    3397             0                0        13.2577        26.2316
    3398             0                0        13.8221        27.0532
    3399             0                0        15.2963        26.3348
    3400             0                0        15.5799        25.4083
    3401             0                0        15.5826        25.3898
    3402             0                0        15.9759        25.4273
    3403             0                0        13.8332        24.0747
    3404             0                0        13.0597        25.4292
    3405             0                0        11.9057        25.0485
    3406             0                0        13.2025        24.6086
    3407             0                0        14.1775        25.3113
    3408             0                0        12.8533        25.3065
    3409             0                0        12.5170        23.9273
    3410             0                0        12.5247        23.2661
    3411             0                0        11.7955        23.4444
    3412             0                0        13.4730        24.8168
    3413             0                0        15.2291        26.5264
    3414             0                0        14.0379        25.7766
    3415             0                0        13.3202        25.5776
    3416             0                0        12.3076        25.9118
    3417             0                0        11.9143        25.9124
    3418             0                0        13.3019        26.6193
    3419             0                0        12.1034        26.7879
    3420             0                0        10.5932        25.5523
    3421             0                0        10.0919        26.3424
    3422             0                0        10.9004        26.2711
    3423             0                0        10.7959        25.5029
    3424             0                0        11.0293        26.5591
    3425             0                0        11.2600        26.7341
    3426             0                0        10.0247        26.7178
    3427             0                0        10.4835        27.5226
    3428             0                0        10.4414        27.7197
    3429             0                0         9.6977        26.5447
    3430             0                0        10.5215        26.2053
    3431             0                0         8.8103        25.0473
    3432             0                0         8.4948        25.4212
    3433             0                0         9.9588        23.1848
    3434             0                0        10.0554        24.2346
    3435             0                0        10.5921        23.9310
    3436             0                0        11.0015        24.2110
    3437             0                0         9.8302        24.9085
    3438             0                0         9.7579        24.8697
    3439             0                0         8.5456        25.3244
    3440             0                0         8.9216        24.8976
    3441             0                0         8.3069        25.0385
    3442             0                0         8.2148        25.2382
    3443             0                0        10.3740        25.1274
    3444             0                0         9.2608        25.4804
    3445             0                0         8.5921        25.2420
    3446             0                0         8.4318        25.2388
    3447             0                0         7.4907        25.8921
    3448             0                0         8.0500        26.5399
    3449             0                0         8.3513        26.2730
    3450             0                0         6.2846        25.7093
    3451             0                0         7.0070        25.7751
    3452             0                0         8.0194        25.4132
    3453             0                0         8.8214        26.6057
    3454             0                0         8.7381        27.9984
    3455             0                0         8.8878        27.3536
    3456             0                0         9.4250        28.0309
    3457             0                0        11.3897        29.6613
    3458             0                0        10.5030        30.0510
    3459             0                0        11.7328        26.8728
    3460             0                0        12.1236        27.1317
    3461             0                0        12.8035        27.4902
    3462             0                0        11.7675        27.9434
    3463             0                0        11.4086        27.8613
    3464             0                0         9.5689        27.2752
    3465             0                0         7.6598        26.7014
    3466             0                0         9.2077        29.1172
    3467             0                0        10.6553        29.9506
    3468             0                0        10.2722        30.2462
    3469             0                0         7.6465        31.2545
    3470             0                0         9.4568        30.6138
    3471             0                0        10.4417        29.8411
    3472             0                0         8.7347        30.9899
    3473             0                0        10.2580        31.7977
    3474             0                0         8.7846        30.1665
    3475             0                0         8.8363        29.3638
    3476             0                0        10.0501        31.0446
    3477             0                0         9.9459        29.4921
    3478             0                0         9.9653        30.2886
    3479             0                0         9.3751        29.1066
    3480             0                0         8.4512        28.2310
    3481             0                0         8.0103        28.9748
    3482             0                0         9.2389        27.8544
    3483             0                0         8.1067        29.9125
    3484             0                0         9.0035        29.0253
    3485             0                0         9.9825        27.7677
    3486             0                0        10.5766        26.8274
    3487             0                0         9.2752        27.3421
    3488             0                0         9.4470        24.7753
    3489             0                0        10.0898        25.4348
    3490             0                0        13.1159        26.2660
    3491             0                0        11.4794        26.2166
    3492             0                0        14.2976        25.7851
    3493             0                0        12.7796        26.1804
    3494             0                0        14.7289        27.6124
    3495             0                0        14.6248        26.5266
    3496             0                0        14.8529        26.5469
    3497             0                0        14.4415        25.7062
    3498             0                0        11.3929        27.3597
    3499             0                0        12.5134        28.1211
    3500             0                0        12.9545        27.4704
    3501             0                0        12.6827        27.1330
    3502             0                0        14.4290        27.1299
    3503             0                0        13.2172        27.3255
    3504             0                0        12.6417        27.6606
    3505             0                0        12.9893        25.8249
    3506             0                0        13.1086        26.2314
    3507             0                0        14.6718        25.3669
    3508             0                0        13.7804        26.1895
    3509             0                0        13.0002        25.3112
    3510             0                0        14.0910        26.3833
    3511             0                0        13.6685        24.5132
    3512             0                0        12.5009        24.7491
    3513             0                0        11.7678        25.7153
    3514             0                0        11.1540        25.0303
    3515             0                0         9.1565        24.7444
    3516             0                0         8.4181        22.4915
    3517             0                0         8.5378        23.8215
    3518             0                0         7.0519        23.5656
    3519             0                0         8.2559        23.1412
    3520             0                0         7.5873        23.3129
    3521             0                0         7.8975        24.2530
    3522             0                0         6.8668        25.3455
    3523             0                0         7.0913        22.5264
    3524             0                0         7.5401        22.8383
    3525             0                0         8.1406        22.8002
    3526             0                0         7.1465        23.5801
    3527             0                0         6.2834        22.9690
    3528             0                0         6.2705        23.0644
    3529             0                0         5.5921        23.2149
    3530             0                0         6.0798        22.8229
    3531             0                0         6.5680        24.7900
    3532             0                1         3.5787        25.3691
    3533             0                0         5.0582        24.3198
    3534             0                0         4.8202        24.7794
    3535             0                0         5.6158        25.7775
    3536             0                0         5.9718        25.0355
    3537             0                0         6.8169        24.7133
    3538             0                0         5.8149        24.8015
    3539             0                0         5.5526        23.4636
    3540             0                0         5.6320        24.6150
    3541             0                0         7.7956        25.7003
    3542             0                0         7.7513        25.4954
    3543             0                0         7.5827        23.4834
    3544             0                0         6.3546        21.9395
    3545             0                0         6.3632        23.1470
    3546             0                0         5.3729        24.2431
    3547             0                0         6.8293        24.5147
    3548             0                0         7.8111        24.2225
    3549             0                0         9.1525        23.9341
    3550             0                0         7.8890        21.6387
    3551             0                0         7.6827        22.2536
    3552             0                0         9.5150        24.2500
    3553             0                0         9.1760        24.5984
    3554             0                0         7.4824        25.0933
    3555             0                0         7.1949        23.5494
    3556             0                0         8.1198        23.2674
    3557             0                0         6.9601        23.9959
    3558             0                0         6.5957        24.6093
    3559             0                0         8.2723        22.7970
    3560             0                0         9.3998        23.3216
    3561             0                0         9.7885        24.1943
    3562             0                0         9.9504        25.9012
    3563             0                0         9.9845        25.2434
    3564             0                0        10.6463        26.6180
    3565             0                0        10.8027        25.0948
    3566             0                0         9.6891        25.4709
    3567             0                0        11.0017        24.7626
    3568             0                0        12.2508        23.0403
    3569             0                0        10.5133        23.5887
    3570             0                0        11.8536        23.0389
    3571             0                0        10.1782        23.0255
    3572             0                0         9.4663        25.4107
    3573             0                0         9.1739        25.4410
    3574             0                0         9.7306        24.0150
    3575             0                0         8.8672        23.7347
    3576             0                0         7.4398        22.5492
    3577             0                0         9.0988        23.2645
    3578             0                0         9.6364        23.6067
    3579             0                0         9.7105        23.5663
    3580             0                0         9.0617        23.7791
    3581             0                0         7.8897        23.3198
    3582             0                0         7.6130        22.9674
    3583             0                0         6.6468        22.5509
    3584             0                0         6.2932        22.1103
    3585             0                0         4.6556        20.8380
    3586             0                2         3.6672        21.7124
    3587             0                2         3.3468        21.3382
    3588             0                4         3.2904        21.2949
    3589             0                2         3.2667        21.4246
    3590             0                0         4.2453        20.9310
    3591             0                0         4.3190        20.6422
    3592             0                0         4.6547        21.2368
    3593             0                0         5.4459        21.2502
    3594             0                0         6.3242        20.6366
    3595             0                0         7.8281        21.1086
    3596             0                0         8.6070        21.5031
    3597             0                0         7.3346        20.3305
    3598             0                0         8.3481        20.8314
    3599             0                0         8.0328        19.8854
    3600             0                0         9.1076        19.5949
    3601             0                0         7.7818        19.8181
    3602             0                0         7.6673        19.7599
    3603             0                0         6.4515        19.3275
    3604             0                0         6.7761        20.9724
    3605             0                0         7.1746        20.7613
    3606             0                0         6.3013        19.3930
    3607             0                0         5.6144        20.1133
    3608             0                0         6.0250        20.2891
    3609             0                0         5.9411        18.2140
    3610             0                0         7.0247        20.4314
    3611             0                0         6.4117        21.5795
    3612             0                0         6.1150        21.8154
    3613             0                0         5.5947        22.6565
    3614             0                0         4.0023        22.4671
    3615             0                0         4.1120        23.1203
    3616             0                1         3.1865        20.6546
    3617             0                2         3.2763        21.0067
    3618             0                3         3.4608        21.3910
    3619             0                3         3.0579        21.3593
    3620             0                1         3.8017        21.7679
    3621             0                1         3.9335        21.7135
    3622             0                2         3.8124        21.8182
    3623             0                2         3.6577        20.6437
    3624             0                1         3.8371        21.2808
    3625             0                0         4.1636        22.1430
    3626             0                2         3.7743        23.0791
    3627             0                4         3.2026        22.7457
    3628             0                3         2.5030        21.7427
    3629             0                2         3.1710        22.7878
    3630             0                1         3.8964        23.3659
    3631             0                0         4.4521        23.5609
    3632             0                0         6.8859        24.6166
    3633             0                0         6.6823        24.1747
    3634             0                0         5.7519        24.4966
    3635             0                0         6.1342        23.3622
    3636             0                0         4.6745        24.2297
    3637             0                0         4.7504        22.6734
    3638             0                0         5.0744        22.5313
    3639             0                0         5.7781        22.8128
    3640             0                0         7.5570        22.1472
    3641             0                0         7.6494        23.1670
    3642             0                0         8.7791        22.3789
    3643             0                0         9.9426        22.2289
    3644             0                0        10.8736        23.1211
    3645             0                0        10.5144        22.5936
    3646             0                0        10.6960        23.2878
    3647             0                0        11.0212        23.0392
    3648             0                0        11.4190        22.8185
    3649             0                0        11.6681        23.5678
    3650             0                0        11.1676        22.8861
    3651             0                0        12.0500        22.8751
    3652             0                0        12.0803        23.5388
    3653             0                0        13.0594        23.7299
    3654             0                0        13.1993        23.0464
    3655             0                0        10.8089        23.3082
    3656             0                0        11.3264        22.7511
    3657             0                0        11.9046        23.1945
    3658             0                0        13.2065        23.8485
    3659             0                0        12.3247        23.9409
    3660             0                0        13.3472        24.5575
    3661             0                0        13.2378        23.6331
    3662             0                0        14.3190        23.6177
    3663             0                0        14.1715        24.0819
    3664             0                0        14.1301        23.7545
    3665             0                0        13.0261        23.5586
    3666             0                0        11.7154        23.4873
    3667             0                0        10.5959        23.2570
    3668             0                0         9.2399        22.9743
    3669             0                0         9.6009        22.2257
    3670             0                0         6.9585        23.7314
    3671             0                0         7.9366        22.8996
    3672             0                0         7.7881        22.2367
    3673             0                0         7.3222        22.4200
    3674             0                0         7.6114        24.5691
    3675             0                0         7.3604        23.8627
    3676             0                0         7.9613        22.5953
    3677             0                0         7.5644        24.3865
    3678             0                0         8.1511        24.9722
    3679             0                0         9.0369        23.7387
    3680             0                0         8.5173        24.1452
    3681             0                0         7.5670        23.3113
    3682             0                0         7.9066        23.7838
    3683             0                0         8.7667        24.3858
    3684             0                0         8.8461        23.4170
    3685             0                0         7.9354        23.9492
    3686             0                0         8.6404        24.1014
    3687             0                0         8.0549        23.5994
    3688             0                0         6.7012        24.8020
    3689             0                0         6.9257        23.1860
    3690             0                0         5.1202        23.0942
    3691             0                0         6.1707        24.2864
    3692             0                0         6.3467        26.5131
    3693             0                0         8.2249        26.3018
    3694             0                0         6.1913        24.8286
    3695             0                0         6.5923        24.7017
    3696             0                0         6.6654        24.8998
    3697             0                0         7.4099        24.4960
    3698             0                0         6.4178        23.5456
    3699             0                0         5.8747        24.2947
    3700             0                0         6.8202        24.7442
    3701             0                0         6.0540        25.3680
    3702             0                0         6.2532        25.0518
    3703             0                0         6.3312        26.1675
    3704             0                0         6.8890        25.5292
    3705             0                0         5.7918        24.8424
    3706             0                0         6.1156        25.6738
    3707             0                0         6.3495        25.7559
    3708             0                0         6.8022        26.0597
    3709             0                0         6.6442        26.9105
    3710             0                0         7.6235        27.3690
    3711             0                0         8.6504        27.9272
    3712             0                0         7.1732        26.9941
    3713             0                0         7.6103        25.7859
    3714             0                0         7.1452        26.7954
    3715             0                0         6.7184        25.6944
    3716             0                0         8.7787        26.1227
    3717             0                0         8.6695        26.7638
    3718             0                0         8.4228        26.5382
    3719             0                0         9.1249        27.0841
    3720             0                0        10.3550        26.3403
    3721             0                0        10.3097        26.8970
    3722             0                0        10.6667        26.0920
    3723             0                0        12.3816        26.8040
    3724             0                0        11.0318        25.7154
    3725             0                0        13.0833        27.5665
    3726             0                0        11.9881        27.5509
    3727             0                0        10.4471        26.2090
    3728             0                0        11.7463        27.6122
    3729             0                0        12.8144        26.3910
    3730             0                0        12.5186        27.7152
    3731             0                0        12.4317        26.5005
    3732             0                0        11.5474        26.2552
    3733             0                0        10.4241        26.5081
    3734             0                0        10.8073        26.8904
    3735             0                0         8.5185        26.4189
    3736             0                0         9.6522        26.5845
    3737             0                0         9.8648        26.8960
    3738             0                0        11.3126        26.0856
    3739             0                0        12.3018        26.5997
    3740             0                0        11.8067        27.1365
    3741             0                0        11.3591        27.5183
    3742             0                0        10.4813        26.7795
    3743             0                0        13.2637        26.7838
    3744             0                0        13.9513        27.2054
    3745             0                0        14.4397        26.8215
    3746             0                0        12.8025        25.9096
    3747             0                0        14.4097        25.6740
    3748             0                0        15.3073        25.4589
    3749             0                0        14.7849        25.6846
    3750             0                0        13.0314        25.0369
    3751             0                0        12.5808        24.9596
    3752             0                0        10.7068        24.5648
    3753             0                0        11.7364        24.8003
    3754             0                0        11.5204        24.0016
    3755             0                0        12.5408        25.0071
    3756             0                0        12.6077        25.8150
    3757             0                0        10.8721        25.8959
    3758             0                0        11.2496        26.0097
    3759             0                0        11.0444        26.2716
    3760             0                0        11.4384        25.9973
    3761             0                0        13.1071        26.3615
    3762             0                0        14.5571        27.2117
    3763             0                0        12.9888        24.6547
    3764             0                0        12.4230        24.5278
    3765             0                0        12.4992        24.6464
    3766             0                0        11.3319        23.8858
    3767             0                0        10.6854        24.8059
    3768             0                0        10.5276        25.0245
    3769             0                0        10.9441        24.8795
    3770             0                0        13.3989        25.6898
    3771             0                0        12.8519        27.6005
    3772             0                0        10.9323        27.9250
    3773             0                0        10.9711        27.2640
    3774             0                0        10.0664        28.1707
    3775             0                0         9.8656        27.5438
    3776             0                0        10.3935        26.6196
    3777             0                0        11.9048        25.4335
    3778             0                0         8.8596        25.7780
    3779             0                0         7.3430        24.5075
    3780             0                0         7.5367        23.8206
    3781             0                0         8.9544        24.9038
    3782             0                0         9.9961        25.1967
    3783             0                0         9.1929        25.6865
    3784             0                0         9.7153        27.6736
    3785             0                0        10.5218        28.2370
    3786             0                0         9.4384        27.5381
    3787             0                0        11.8374        28.1885
    3788             0                0        12.7709        27.9174
    3789             0                0        14.3409        27.9940
    3790             0                0        13.9863        28.0762
    3791             0                0        14.6092        29.0954
    3792             0                0        13.6553        28.3432
    3793             0                0        12.2770        28.3378
    3794             0                0        12.8286        28.4384
    3795             0                0        10.7718        28.6734
    3796             0                0        11.8715        28.5650
    3797             0                0        12.2113        28.8770
    3798             0                0        11.5886        28.7370
    3799             0                0        11.4642        29.2100
    3800             0                0        10.9341        27.7393
    3801             0                0         8.3134        28.0076
    3802             0                0         6.9326        29.0206
    3803             0                0         8.3212        28.4823
    3804             0                0         6.2238        28.2312
    3805             0                0         7.0500        26.9800
    3806             0                0         6.6324        26.6731
    3807             0                0         7.1396        26.4876
    3808             0                0         5.5894        25.6499
    3809             0                0         4.9690        26.0453
    3810             0                1         3.9214        25.4523
    3811             0                0         4.5050        25.6092
    3812             0                2         3.7575        25.6019
    3813             0                5         3.4794        24.8255
    3814             0                0         4.1995        25.5692
    3815             0                4         3.8295        25.5490
    3816             0                3         3.5601        26.6646
    3817             0                5         3.8149        25.1477
    3818             0                1         3.9764        25.5152
    3819             0                9         3.1583        26.6376
    3820             0                3         3.3768        26.8037
    3821             0                4         3.7111        26.2083
    3822             0                7         3.3398        27.0340
    3823             0                0         4.9157        26.7544
    3824             0                0         5.5170        28.2037
    3825             0                0         5.8038        27.8360
    3826             0                0         7.5802        27.9412
    3827             0                0         5.8542        27.8100
    3828             0                0         5.6467        28.0078
    3829             0                0         6.2389        27.3511
    3830             0                0         7.4808        27.7947
    3831             0                0         7.7164        26.2985
    3832             0                0         8.4303        25.8238
    3833             0                0         7.1561        25.1467
    3834             0                0         7.2172        25.3029
    3835             0                0         6.5022        26.4931
    3836             0                0         8.3115        27.9186
    3837             0                0         4.7026        27.3070
    3838             0                0         6.9323        27.8434
    3839             0                0         9.7180        27.9036
    3840             0                0        10.5641        27.9065
    3841             0                0        10.9224        27.1964
    3842             0                0        11.8186        28.2846
    3843             0                0        11.0443        27.6890
    3844             0                0        12.9572        28.4292
    3845             0                0        14.2110        27.7733
    3846             0                0        14.8213        28.0219
    3847             0                0        18.6784        29.9816
    3848             0                0        18.7202        30.2522
    3849             0                0        17.7126        30.5392
    3850             0                0        15.6553        27.9329
    3851             0                0        15.5312        27.4032
    3852             0                0        16.3107        28.3097
    3853             0                0        14.7443        27.3415
    3854             0                0        13.8565        26.2445
    3855             0                0        13.2618        26.3655
    3856             0                0        13.1979        26.9446
    3857             0                0        14.1733        26.3546
    3858             0                0        13.5314        26.2799
    3859             0                0        14.2767        27.9437
    3860             0                0        13.5119        26.3935
    3861             0                0        13.6893        27.6908
    3862             0                0        13.3445        28.9836
    3863             0                0        10.8835        26.6811
    3864             0                0        11.1839        25.8262
    3865             0                0        11.5371        26.3186
    3866             0                0        13.0666        27.2003
    3867             0                0        11.9351        25.9697
    3868             0                0        11.4377        25.6987
    3869             0                0        11.9706        26.5813
    3870             0                0        10.9546        25.3763
    3871             0                0        11.2697        26.3548
    3872             0                0        12.2574        28.2153
    3873             0                0        12.3334        28.3042
    3874             0                0        12.1030        28.3154
    3875             0                0        12.3196        28.2333
    3876             0                0        14.3217        27.9698
    3877             0                0        15.0125        28.1550
    3878             0                0        14.3556        27.8804
    3879             0                0        13.8790        27.5207
    3880             0                0        13.3688        25.3080
    3881             0                0        14.7423        27.0881
    3882             0                0        15.8230        27.9037
    3883             0                0        14.2161        27.6177
    3884             0                0        17.4265        30.5158
    3885             0                0        16.4231        30.8981
    3886             0                0        18.3563        31.5974
    3887             0                0        16.8247        30.9601
    3888             0                0        16.6456        31.1001
    3889             0                0        17.4160        30.4288
    3890             0                0        17.7032        30.2280
    3891             0                0        17.7385        30.1118
    3892             0                0        15.0263        28.9536
    3893             0                0        15.3399        28.9609
    3894             0                0        13.6364        28.4575
    3895             0                0        14.0446        27.5447
    3896             0                0        12.6489        26.7053
    3897             0                0        12.1607        27.4787
    3898             0                0         8.9833        27.3546
    3899             0                0        10.6944        29.5777
    3900             0                0        12.7560        30.3337
    3901             0                0        14.8950        29.7007
    3902             0                0        15.5437        30.0564
    3903             0                0        15.6323        30.6361
    3904             0                0        15.3607        30.1327
    3905             0                0        13.8984        30.2997
    3906             0                0        13.3343        30.6458
    3907             0                0        14.2390        31.4951
    3908             0                0        15.1444        31.1855
    3909             0                0        15.8142        29.5073
    3910             0                0        15.1366        29.9401
    3911             0                0        14.4026        28.8096
    3912             0                0        14.7468        29.0228
    3913             0                0        16.1912        31.3573
    3914             0                0        15.1982        30.3640
    3915             0                0        15.4170        30.4349
    3916             0                0        15.2184        30.3008
    3917             0                0        16.0204        31.1810
    3918             0                0        13.6249        30.8880
    3919             0                0        13.4890        30.1551
    3920             0                0        14.8890        29.4974
    3921             0                0        14.3043        28.5651
    3922             0                0        13.8921        28.3514
    3923             0                0        12.4914        28.0319
    3924             0                0        11.7331        28.5226
    3925             0                0        10.7000        28.9347
    3926             0                0         9.3186        27.4781
    3927             0                0         8.6746        28.5527
    3928             0                0         8.2301        29.2178
    3929             0                0         8.4472        28.2591
    3930             0                0         7.0624        28.7500
    3931             0                0         7.4567        28.4153
    3932             0                0         7.7041        27.7001
    3933             0                0         6.5711        26.6729
    3934             0                0         5.7616        26.1534
    3935             0                0         4.2254        25.4081
    3936             0                0         5.7569        26.1285
    3937             0                0         7.9248        27.6721
    3938             0                0         9.4019        27.4350
    3939             0                0         9.3595        28.4226
    3940             0                0         9.4980        28.2850
    3941             0                0         9.6561        28.1398
    3942             0                0         8.8494        27.2643
    3943             0                0         9.6866        27.4368
    3944             0                0        12.1417        27.8266
    3945             0                0        12.1740        28.4485
    3946             0                0        13.7922        28.0536
    3947             0                0        12.5645        28.9373
    3948             0                0        10.7290        25.4658
    3949             0                0        12.8523        26.1781
    3950             0                0        12.2813        29.0105
    3951             0                0        11.0312        27.2014
    3952             0                0        10.6710        26.6708
    3953             0                0        11.0215        25.7353
    3954             0                0        11.1293        27.5612
    3955             0                0        11.4626        25.9222
    3956             0                0        11.4064        26.3034
    3957             0                0        11.3570        26.9985
    3958             0                0        12.0797        27.7330
    3959             0                0        13.0753        27.0695
    3960             0                0        12.5356        26.6466
    3961             0                0        12.0184        26.8206
    3962             0                0        13.0657        25.2592
    3963             0                0        13.7438        25.7771
    3964             0                0        13.6514        27.0997
    3965             0                0        14.6717        27.8581
    3966             0                0        13.2921        27.3890
    3967             0                0        15.1543        27.8825
    3968             0                0        15.9206        29.2408
    3969             0                0        16.3321        29.9433
    3970             0                0        17.4833        30.1091
    3971             0                0        16.9506        30.3236
    3972             0                0        16.8232        30.3540
    3973             0                0        17.1676        30.3148
    3974             0                0        15.9940        31.0232
    3975             0                0        13.1723        30.3856
    3976             0                0        14.3415        30.9024
    3977             0                0        13.2809        30.2407
    3978             0                0        12.8540        30.8320
    3979             0                0        13.7704        30.0909
    3980             0                0        12.9799        30.4972
    3981             0                0        11.1796        29.8825
    3982             0                0        11.9845        30.0759
    3983             0                0        12.0450        29.6913
    3984             0                0         9.0619        28.4684
    3985             0                0         8.2901        29.2785
    3986             0                0         6.9090        28.7385
    3987             0                0         6.0875        28.3022
    3988             0                0         6.4733        28.6229
    3989             0                0         8.0679        29.2350
    3990             0                0         9.1136        28.5302
    3991             0                0         9.3875        29.2052
    3992             0                0         9.5010        28.2789
    3993             0                0         9.2403        29.4196
    3994             0                0        10.9087        30.0029
    3995             0                0         9.7374        28.8076
    3996             0                0         6.1869        27.0725
    3997             0                0         9.3701        28.9507
    3998             0                0        10.3407        29.5759
    3999             0                0         9.5369        28.3319
    4000             0                0         8.7057        29.3052
    4001             0                0        10.5279        29.3088
    4002             0                0        10.7861        29.2144
    4003             0                0        10.2646        27.9507
    4004             0                0         9.2761        27.8379
    4005             0                0        10.5376        29.7569
    4006             0                0         9.9236        29.7689
    4007             0                0        11.5165        29.8009
    4008             0                0        14.1804        30.7887
    4009             0                0        13.4250        30.7425
    4010             0                0        15.5184        29.5070
    4011             0                0        15.8238        30.5997
    4012             0                0        15.7445        31.3867
    4013             0                0        16.1674        30.6296
    4014             0                0        17.4429        31.4687
    4015             0                0        14.9401        30.8143
    4016             0                0        14.3905        32.2040
    4017             0                0        15.2177        32.1602
    4018             0                0        16.6109        30.5338
    4019             0                0        14.4705        31.3469
    4020             0                0        14.1615        31.9786
    4021             0                0        15.0068        30.1108
    4022             0                0        14.3136        28.9852
    4023             0                0        13.3502        27.7698
    4024             0                0        12.5347        28.1668
    4025             0                0        12.5855        27.8549
    4026             0                0        12.0625        28.0510
    4027             0                0        10.4047        25.1013
    4028             0                0         8.9989        23.8483
    4029             0                0         9.9277        26.0499
    4030             0                0        10.1312        24.5354
    4031             0                0        10.4700        24.3747
    4032             0                0        10.8705        25.5642
    4033             0                0        11.7718        25.6025
    4034             0                0        11.6121        26.2810
    4035             0                0        11.7540        25.3649
    4036             0                0         7.6772        25.3789
    4037             0                0         9.8898        26.3685
    4038             0                0        12.2242        26.3762
    4039             0                0        11.6426        26.5818
    4040             0                0        10.2070        25.7093
    4041             0                0        11.7918        25.5585
    4042             0                0        10.9444        26.2066
    4043             0                0        11.3478        26.3055
    4044             0                0        10.8861        25.5886
    4045             0                0        11.0613        25.9325
    4046             0                0         9.6333        26.8656
    4047             0                0        12.0910        26.1855
    4048             0                0        11.3262        27.1245
    4049             0                0        10.6676        25.0223
    4050             0                0        10.6716        25.6421
    4051             0                0        12.2172        26.0438
    4052             0                0        11.7570        26.6419
    4053             0                0        11.7994        25.6653
    4054             0                0        12.9383        25.7670
    4055             0                0        12.7154        25.9284
    4056             0                0        10.1306        25.0932
    4057             0                0         9.5412        26.0758
    4058             0                0         9.8306        26.7268
    4059             0                0         8.6611        25.7329
    4060             0                0         8.7653        26.7393
    4061             0                0         9.1330        27.1841
    4062             0                0         9.4162        27.2053
    4063             0                0         8.0165        25.7310
    4064             0                0         7.1074        25.7767
    4065             0                0         6.7419        26.6172
    4066             0                0         7.8644        26.8835
    4067             0                0         8.4743        25.3599
    4068             0                0         8.9340        25.4867
    4069             0                0         9.5344        23.9829
    4070             0                0         7.5162        24.5004
    4071             0                0         6.8005        23.3181
    4072             0                0         6.0258        23.2837
    4073             0                0         7.1933        24.8394
    4074             0                0         7.2269        25.2471
    4075             0                0         5.5822        25.6444
    4076             0                0         5.6235        27.0456
    4077             0                0         6.6466        24.8900
    4078             0                0         6.3247        27.6146
    4079             0                0         8.2678        29.0352
    4080             0                0         7.7786        28.8490
    4081             0                0         8.6636        27.0510
    4082             0                0         9.1358        25.4975
    4083             0                0         8.7210        25.5227
    4084             0                0        11.3671        26.7379
    4085             0                0        11.3412        27.6490
    4086             0                0        11.4882        27.2860
    4087             0                0        10.1170        30.1192
    4088             0                0        12.5932        29.1883
    4089             0                0        13.9370        30.4479
    4090             0                0        13.1022        28.3785
    4091             0                0        14.4607        26.7582
    4092             0                0        15.4981        26.8944
    4093             0                0        13.7802        25.6575
    4094             0                0        15.2377        25.3006
    4095             0                0        15.1205        25.8857
    4096             0                0        14.7497        25.8542
    4097             0                0        15.3485        25.9464
    4098             0                0        13.8048        27.4584
    4099             0                0        16.2006        27.4271
    4100             0                0        14.2236        26.8756
    4101             0                0        12.3459        26.6876
    4102             0                0        14.8510        25.7127
    4103             0                0        12.8931        26.2937
    4104             0                0        13.5619        26.3974
    4105             0                0        14.0800        26.9470
    4106             0                0        13.9864        28.0931
    4107             0                0        10.4489        28.9429
    4108             0                0        10.4121        28.7885
    4109             0                0        11.7214        28.7892
    4110             0                0        11.6007        29.0676
    4111             0                0        12.6242        29.7399
    4112             0                0        11.4320        28.3084
    4113             0                0        11.0424        28.4861
    4114             0                0        13.7580        27.3573
    4115             0                0         9.9558        27.2477
    4116             0                0        11.5252        27.2749
    4117             0                0        11.9774        26.8909
    4118             0                0        12.2578        26.7992
    4119             0                0        13.0590        27.2864
    4120             0                0        14.0150        27.9142
    4121             0                0        12.7419        27.1673
    4122             0                0        13.0036        25.9248
    4123             0                0        11.3327        25.3721
    4124             0                0        11.4007        25.4526
    4125             0                0        11.1734        25.1882
    4126             0                0        10.7383        24.5955
    4127             0                0        12.1165        27.5318
    4128             0                0        13.2161        27.7661
    4129             0                0        12.6624        27.8127
    4130             0                0        13.8907        27.4900
    4131             0                0        12.6774        25.4850
    4132             0                0        12.4733        25.7933
    4133             0                0        12.3583        26.9445
    4134             0                0        10.4901        27.4979
    4135             0                0        10.9098        26.9912
    4136             0                0        10.2207        27.4307
    4137             0                0         8.7139        27.0328
    4138             0                0         6.5858        27.5049
    4139             0                0         8.0658        27.5487
    4140             0                0         8.8035        27.1486
    4141             0                0         8.6381        26.6690
    4142             0                0         7.0077        25.8975
    4143             0                0         8.3879        26.1200
    4144             0                0         8.6858        26.2165
    4145             0                0         7.9962        26.0462
    4146             0                0         8.3303        27.0901
    4147             0                0         7.4281        25.7086
    4148             0                0         9.7429        27.3077
    4149             0                0         9.9209        26.3941
    4150             0                0         8.9282        25.6689
    4151             0                0        10.0947        26.3266
    4152             0                0        10.6158        26.6322
    4153             0                0        11.4087        26.6507
    4154             0                0        11.6078        25.6853
    4155             0                0        12.3436        27.0377
    4156             0                0        11.9517        26.8076
    4157             0                0        10.7724        26.7237
    4158             0                0        10.4240        26.2373
    4159             0                0         9.6614        26.1433
    4160             0                0         9.3038        26.2835
    4161             0                0        11.5352        26.5041
    4162             0                0        11.9662        26.8395
    4163             0                0        12.8032        26.9528
    4164             0                0        12.6451        25.7632
    4165             0                0        10.8864        25.0536
    4166             0                0         9.4712        24.3425
    4167             0                0         9.7449        24.7520
    4168             0                0        10.0302        23.4675
    4169             0                0        10.6196        22.8701
    4170             0                0        11.6797        23.6558
    4171             0                0        12.3295        23.6145
    4172             0                0        13.8906        23.2020
    4173             0                0        12.4444        22.6993
    4174             0                0        13.1149        22.6522
    4175             0                0         9.8652        23.5237
    4176             0                0        10.9628        23.4610
    4177             0                0        10.9797        23.5964
    4178             0                0        10.7464        22.9530
    4179             0                0         9.7972        23.5755
    4180             0                0         8.9119        23.0223
    4181             0                0         9.8719        22.9564
    4182             0                0         9.3338        23.3662
    4183             0                0         8.6948        24.1804
    4184             0                0         9.6794        23.4235
    4185             0                0         9.5432        23.6713
    4186             0                0         7.6006        23.3689
    4187             0                0         8.2971        23.9772
    4188             0                0         8.9533        23.3594
    4189             0                0         9.4399        22.7066
    4190             0                0         8.5022        23.9209
    4191             0                0         7.7455        23.1334
    4192             0                0         8.0694        22.7182
    4193             0                0         8.6757        23.4562
    4194             0                0         9.0270        22.5550
    4195             0                0         9.1821        23.3242
    4196             0                0         9.2785        22.9694
    4197             0                0         8.9263        23.0004
    4198             0                0         8.8678        23.3579
    4199             0                0         9.5036        23.7014
    4200             0                0         9.5231        22.7628
    4201             0                0         8.8429        23.5706
    4202             0                0         9.1172        23.1303
    4203             0                0         8.8993        24.1401
    4204             0                0         9.7296        23.3507
    4205             0                0        10.9316        24.6742
    4206             0                0        10.5484        22.7597
    4207             0                0        10.5945        22.7830
    4208             0                0         8.4685        23.7855
    4209             0                0         7.3089        23.3520
    4210             0                0         7.5812        23.3273
    4211             0                0         8.3248        23.5313
    4212             0                0         8.5202        23.0264
    4213             0                0         9.7646        22.4032
    4214             0                0         7.1198        22.7231
    4215             0                0         6.2124        23.2526
    4216             0                0         6.6310        22.8042
    4217             0                0         6.0230        22.6677
    4218             0                0         7.0185        22.9167
    4219             0                0         7.6486        22.5132
    4220             0                0         6.5862        22.4746
    4221             0                0         6.9815        22.3238
    4222             0                0         6.7392        22.0471
    4223             0                0         6.6997        22.7281
    4224             0                0         5.7800        22.6228
    4225             0                0         6.3641        23.1097
    4226             0                0         5.8624        22.5054
    4227             0                0         6.1204        22.4274
    4228             0                0         6.2374        22.5107
    4229             0                0         6.1088        22.3630
    4230             0                0         5.7949        22.5559
    4231             0                0         6.4342        22.1406
    4232             0                0         6.2053        23.5250
    4233             0                0         7.4264        23.3218
    4234             0                0         6.3677        23.2120
    4235             0                0         6.1331        23.3336
    4236             0                0         6.1221        23.5235
    4237             0                0         5.6312        23.0851
    4238             0                0         6.1919        23.2157
    4239             0                1         3.7621        23.6362
    4240             0                0         6.8908        23.6022
    4241             0                0         5.9774        22.7634
    4242             0                0         5.8238        22.8445
    4243             0                0         5.7660        23.7659
    4244             0                0         9.0862        24.9674
    4245             0                0         9.1662        24.5013
    4246             0                0         8.3325        24.0608
    4247             0                0         7.3606        24.0408
    4248             0                0         8.9365        25.2451
    4249             0                0         8.7765        25.2017
    4250             0                0         9.4133        25.5584
    4251             0                0         9.6648        24.8061
    4252             0                0        10.4021        24.4594
    4253             0                0         9.4420        25.0734
    4254             0                0         9.8941        23.8733
    4255             0                0        10.4181        24.8471
    4256             0                0         8.9430        24.2923
    4257             0                0        10.4111        25.6764
    4258             0                0        11.5895        26.5598
    4259             0                0        11.7106        26.7796
    4260             0                0        12.0965        26.2925
    4261             0                0        12.4614        27.0668
    4262             0                0        12.8695        26.4262
    4263             0                0        12.8780        28.3750
    4264             0                0        12.9739        27.8873
    4265             0                0        12.1727        28.0210
    4266             0                0        13.5366        28.6997
    4267             0                0        12.2362        27.2464
    4268             0                0        11.7230        27.3974
    4269             0                0        12.8860        28.1195
    4270             0                0        12.1155        28.0445
    4271             0                0        10.7322        27.4278
    4272             0                0        12.0292        27.6215
    4273             0                0        11.0315        26.4315
    4274             0                0        10.2882        25.4534
    4275             0                0        11.0554        25.5542
    4276             0                0         9.8995        25.2314
    4277             0                0         8.8426        25.3796
    4278             0                0         9.3062        25.2367
    4279             0                0        10.0591        24.6670
    4280             0                0        10.8961        23.3484
    4281             0                0        11.4988        24.0728
    4282             0                0        10.6182        24.4869
    4283             0                0        10.6825        23.4167
    4284             0                0         9.2219        23.6780
    4285             0                0         7.6988        23.4126
    4286             0                0         7.9759        24.4236
    4287             0                0         8.1610        23.3308
    4288             0                0         7.0108        24.1054
    4289             0                0         7.8277        22.4862
    4290             0                0         8.8430        22.8668
    4291             0                0         9.7165        21.9945
    4292             0                0         8.5453        22.1620
    4293             0                0         9.1350        23.2102
    4294             0                0         7.8747        23.5962
    4295             0                0         6.4879        22.6613
    4296             0                0         6.9892        22.4865
    4297             0                0         6.2621        22.5471
    4298             0                0         6.6134        23.5600
    4299             0                0         6.7479        22.8204
    4300             0                0         6.3309        22.9337
    4301             0                0         6.7622        23.5185
    4302             0                0         6.7643        25.0149
    4303             0                0         8.0033        25.5304
    4304             0                0         9.8185        26.2451
    4305             0                0        11.3658        26.9632
    4306             0                0         7.9408        25.4922
    4307             0                0         8.0691        27.1469
    4308             0                0         9.0655        27.2497
    4309             0                0         9.7532        27.4237
    4310             0                0        10.5813        28.0096
    4311             0                0        11.0475        27.2132
    4312             0                0         9.5800        27.2178
    4313             0                0        11.4245        27.6500
    4314             0                0        12.5129        26.6048
    4315             0                0        10.7728        27.9507
    4316             0                0        12.4696        27.0446
    4317             0                0        12.6485        27.2223
    4318             0                0        13.6321        27.3734
    4319             0                0        12.5361        28.0834
    4320             0                0        12.8338        27.7976
    4321             0                0        13.4902        28.1751
    4322             0                0        14.4160        27.9705
    4323             0                0        15.4622        28.0485
    4324             0                0        16.2155        28.0708
    4325             0                0        16.6392        27.2590
    4326             0                0        16.3666        28.9283
    4327             0                0        15.6598        28.8395
    4328             0                0        15.3795        28.3235
    4329             0                0        15.1234        28.8908
    4330             0                0        13.0165        28.6502
    4331             0                0        13.4048        28.3364
    4332             0                0        15.0232        29.3747
    4333             0                0        16.1186        28.6357
    4334             0                0        15.3925        28.9365
    4335             0                0        15.2789        28.1910
    4336             0                0        14.8304        28.1267
    4337             0                0        14.6056        27.8749
    4338             0                0        13.3294        27.1434
    4339             0                0        12.4589        26.0574
    4340             0                0        11.3743        25.3283
    4341             0                0        10.4040        24.1614
    4342             0                0         9.8566        25.7481
    4343             0                0         9.4851        26.3562
    4344             0                0         7.9844        25.4094
    4345             0                0        10.2780        25.4213
    4346             0                0        11.4748        27.6544
    4347             0                0        10.0298        26.6860
    4348             0                0         9.3451        26.2306
    4349             0                0         9.4199        25.3235
    4350             0                0         7.5771        25.2257
    4351             0                0        10.6199        25.1495
    4352             0                0        11.2547        24.9520
    4353             0                0        11.5805        26.7830
    4354             0                0        11.7932        27.4315
    4355             0                0        12.3325        28.9702
    4356             0                0        14.2215        28.4588
    4357             0                0        14.2086        28.2525
    4358             0                0        12.5494        27.5886
    4359             0                0        12.0199        26.7824
    4360             0                0        12.2727        26.4541
    4361             0                0        11.1810        25.9104
    4362             0                0        11.7755        26.3234
    4363             0                0        11.4439        27.6977
    4364             0                0         9.4529        26.5182
    4365             0                0         8.0081        25.5608
    4366             0                0         7.7864        24.6734
    4367             0                0        10.8963        24.0772
    4368             0                0         9.3340        23.7404
    4369             0                0         8.8182        22.7721
    4370             0                0         8.0191        21.6620
    4371             0                0         6.6705        21.5880
    4372             0                0         5.5055        22.8336
    4373             0                0         7.1167        21.9726
    4374             0                0         6.7827        22.3091
    4375             0                0         7.0477        22.4306
    4376             0                0         7.5584        22.5111
    4377             0                0         7.4838        21.4782
    4378             0                0         9.5909        21.4918
    4379             0                0         8.2244        21.2450
    4380             0                0         7.9692        22.2128
    4381             0                0         9.6625        23.8412
    4382             0                0         9.7504        23.4258
    4383             0                0         9.8784        23.1384
    4384             0                0        10.4133        23.9534
    4385             0                0        10.0412        23.2960
    4386             0                0        12.0055        23.8136
    4387             0                0        12.1623        22.7202
    4388             0                0        11.7633        22.9798
    4389             0                0        10.0694        22.7934
    4390             0                0         8.4611        23.1625
    4391             0                0        10.4769        23.3683
    4392             0                0         8.3773        22.8041
    4393             0                0         7.7557        22.7041
    4394             0                0         7.5466        22.4257
    4395             0                0         8.7425        23.8161
    4396             0                0         8.0543        23.0356
    4397             0                0         6.9845        23.3757
    4398             0                0         7.6941        23.6254
    4399             0                0        10.0999        24.7410
    4400             0                0        10.8670        26.3264
    4401             0                0        10.0825        25.8760
    4402             0                0        10.6006        24.9444
    4403             0                0        10.1897        25.6837
    4404             0                0         8.2971        25.8049
    4405             0                0         8.0784        25.2607
    4406             0                0         7.0958        24.2774
    4407             0                0         9.9079        25.5018
    4408             0                0         7.8868        25.2891
    4409             0                0         7.8915        23.7573
    4410             0                0         7.0717        23.3422
    4411             0                0         7.8451        23.0762
    4412             0                0         6.7724        23.7156
    4413             0                0         6.4307        23.4723
    4414             0                0         5.2022        22.0349
    4415             0                0         5.1796        22.2164
    4416             0                0         5.2689        24.3469
    4417             0                0         5.3975        24.1960
    4418             0                0         5.6379        23.9271
    4419             0                0         6.0228        23.2977
    4420             0                0         5.1585        22.7930
    4421             0                0         6.7428        22.7377
    4422             0                0         4.5251        23.5545
    4423             0                0         5.2544        23.0030
    4424             0                0         7.3053        25.2566
    4425             0                0         6.5947        25.4887
    4426             0                0         5.7010        25.2309
    4427             0                0         7.1295        23.1789
    4428             0                0         9.7857        24.2414
    4429             0                0         9.9167        25.7008
    4430             0                0         9.9536        26.9260
    4431             0                0         8.3367        23.7596
    4432             0                0         7.7674        22.7694
    4433             0                0         5.8990        22.8499
    4434             0                0         7.2519        24.1099
    4435             0                0         8.3666        26.1960
    4436             0                0        10.5845        27.0832
    4437             0                0        10.6863        27.8833
    4438             0                0        11.9193        29.1440
    4439             0                0        10.8840        27.2014
    4440             0                0        12.3409        27.6437
    4441             0                0        14.4172        29.0380
    4442             0                0        12.7591        28.5053
    4443             0                0        11.9859        28.4281
    4444             0                0        10.5986        27.5723
    4445             0                0        12.6331        26.8440
    4446             0                0        13.1235        27.8629
    4447             0                0        10.0211        26.7321
    4448             0                0        10.6790        25.6991
    4449             0                0        11.9897        24.8304
    4450             0                0         9.6550        23.6178
    4451             0                0        11.1155        25.0298
    4452             0                0        10.2564        24.6037
    4453             0                0         9.7161        23.2213
    4454             0                0         9.8254        24.9916
    4455             0                0        10.2031        24.6650
    4456             0                0        10.5872        25.3057
    4457             0                0        11.6964        25.8754
    4458             0                0        10.4266        25.4525
    4459             0                0        10.5820        25.2993
    4460             0                0        10.3852        26.4664
    4461             0                0        10.7486        25.2752
    4462             0                0        10.7598        24.8602
    4463             0                0         9.2304        23.3450
    4464             0                0         7.4616        22.3558
    4465             0                0         7.7126        23.2413
    4466             0                0         8.7536        24.1893
    4467             0                0         8.9688        23.4786
    4468             0                0         9.2089        24.7819
    4469             0                0         8.4810        24.3012
    4470             0                0         9.5178        22.7986
    4471             0                0         8.5284        21.9567
    4472             0                0         6.8672        24.4923
    4473             0                0         6.5908        23.6676
    4474             0                0         5.8859        24.4466
    4475             0                0         6.7130        24.2158
    4476             0                0         7.6885        25.6475
    4477             0                0         9.4729        26.2416
    4478             0                0         9.7988        26.0777
    4479             0                0         8.4327        26.0348
    4480             0                0         9.3477        25.5665
    4481             0                0         9.2743        25.6407
    4482             0                0        10.9247        26.3911
    4483             0                0        11.6191        26.3541
    4484             0                0        10.2262        26.2650
    4485             0                0         9.7319        26.2742
    4486             0                0        11.2263        28.3780
    4487             0                0         7.8379        27.3433
    4488             0                0         6.8749        27.4852
    4489             0                0         8.1983        26.3182
    4490             0                0         8.5578        27.7391
    4491             0                0         7.7705        27.2969
    4492             0                0         7.9576        25.6223
    4493             0                0         9.9475        25.1148
    4494             0                0        10.3382        24.7867
    4495             0                0        11.4872        24.5561
    4496             0                0        10.9112        24.0031
    4497             0                0        11.9266        24.6129
    4498             0                0        12.3597        25.7559
    4499             0                0        12.8418        26.1576
    4500             0                0        13.6236        27.1374
    4501             0                0        15.4358        25.9091
    4502             0                0        15.4265        26.4486
    4503             0                0        15.5241        26.8787
    4504             0                0        13.1258        26.1803
    4505             0                0        13.4656        25.7373
    4506             0                0        14.9054        26.6995
    4507             0                0        15.6441        26.5950
    4508             0                0        13.8751        27.0509
    4509             0                0        12.6314        26.5735
    4510             0                0        13.6170        26.8833
    4511             0                0        13.5983        27.5702
    4512             0                0        10.8204        28.2147
    4513             0                0        10.6865        27.7172
    4514             0                0        11.8212        28.3042
    4515             0                0        12.1832        28.6882
    4516             0                0        12.6566        28.6444
    4517             0                0        14.0551        29.7242
    4518             0                0        15.3416        30.3677
    4519             0                0        14.8490        30.1036
    4520             0                0        14.9664        30.3052
    4521             0                0        15.6683        31.7313
    4522             0                0        15.9370        31.4764
    4523             0                0        16.1661        33.1727
    4524             0                0        15.3236        32.2860
    4525             0                0        14.5440        31.3561
    4526             0                0        15.1537        30.2960
    4527             0                0        15.6353        30.5367
    4528             0                0        14.0268        29.2543
    4529             0                0        15.2049        30.4813
    4530             0                0        16.2260        31.2026
    4531             0                0        15.2874        30.5617
    4532             0                0        16.1816        31.2713
    4533             0                0        15.9399        31.2490
    4534             0                0        15.8278        31.5513
    4535             0                0        16.8320        30.9655
    4536             0                0        15.9990        31.7243
    4537             0                0        15.5885        31.0019
    4538             0                0        14.6367        30.9000
    4539             0                0        13.7939        30.8148
    4540             0                0        15.0061        31.5701
    4541             0                0        15.9860        31.4886
    4542             0                0        16.5850        30.5994
    4543             0                0        14.1580        29.8405
    4544             0                0        15.0613        29.6886
    4545             0                0        13.8230        29.1706
    4546             0                0        13.4310        29.1724
    4547             0                0        14.5859        28.7380
    4548             0                0        13.8238        27.6559
    4549             0                0        15.2258        27.4700
    4550             0                0        13.9007        27.6890
    4551             0                0        11.8688        28.4082
    4552             0                0        11.5291        26.6803
    4553             0                0        13.4975        26.5144
    4554             0                0        15.0387        26.8293
    4555             0                0        13.1451        25.9930
    4556             0                0        14.2921        26.7213
    4557             0                0        14.5185        26.7459
    4558             0                0        13.6981        27.4291
    4559             0                0        13.8200        27.2078
    4560             0                0        12.8333        24.5477
    4561             0                0        13.2336        24.6226
    4562             0                0        14.6575        25.2828
    4563             0                0        14.1750        25.1710
    4564             0                0        13.1783        25.7951
    4565             0                0        13.3471        24.0983
    4566             0                0        12.8380        23.7441
    4567             0                0        11.3285        23.2861
    4568             0                0        10.6844        25.5413
    4569             0                0        13.3483        25.2530
    4570             0                0        12.3998        24.7264
    4571             0                0        12.1414        25.2384
    4572             0                0        11.4933        24.7489
    4573             0                0         9.9961        24.4542
    4574             0                0         8.6142        23.2532
    4575             0                0         8.7628        24.9981
    4576             0                0         9.1246        24.9422
    4577             0                0         9.2697        24.9543
    4578             0                0        12.0865        25.3050
    4579             0                0        12.1031        26.3853
    4580             0                0        14.2179        27.0451
    4581             0                0        14.0008        26.3205
    4582             0                0        12.1867        27.4027
    4583             0                0        12.8574        26.2669
    4584             0                0        11.1637        26.2599
    4585             0                0        12.1714        28.0667
    4586             0                0        13.6216        28.2114
    4587             0                0        14.3243        27.5907
    4588             0                0        15.1298        28.4885
    4589             0                0        15.1124        28.6103
    4590             0                0        15.6244        29.1780
    4591             0                0        15.7956        29.9539
    4592             0                0        15.6222        28.8148
    4593             0                0        15.0438        29.0441
    4594             0                0        15.6192        28.6931
    4595             0                0        16.3726        29.5751
    4596             0                0        16.3755        29.9718
    4597             0                0        17.8918        29.3225
    4598             0                0        16.3532        30.4277
    4599             0                0        18.0486        31.0539
    4600             0                0        16.4576        31.1553
    4601             0                0        18.9036        29.5480
    4602             0                0        17.1844        29.8707
    4603             0                0        16.0745        30.6537
    4604             0                0        17.9768        31.2450
    4605             0                0        15.8770        29.8443
    4606             0                0        15.2266        29.8947
    4607             0                0        14.7930        29.5776
    4608             0                0        15.0880        29.4872
    4609             0                0        16.2931        30.3986
    4610             0                0        14.0225        29.4800
    4611             0                0        15.1762        28.7137
    4612             0                0        13.9968        28.7970
    4613             0                0        13.1290        26.5173
    4614             0                0        14.0354        28.0419
    4615             0                0        14.3090        29.7706
    4616             0                0        13.4111        29.7318
    4617             0                0        15.2092        30.3089
    4618             0                0        16.0350        29.4823
    4619             0                0        14.9163        28.4984
    4620             0                0        15.7324        28.6619
    4621             0                0        13.7569        27.1119
    4622             0                0        15.8307        27.9699
    4623             0                0        15.3630        28.1350
    4624             0                0        17.5526        27.5745
    4625             0                0        17.7684        28.5663
    4626             0                0        17.0923        29.1763
    4627             0                0        17.2452        30.7198
    4628             0                0        17.9989        30.8887
    4629             0                0        17.6506        30.0837
    4630             0                0        17.6285        29.3299
    4631             0                0        16.4749        29.3380
    4632             0                0        15.7424        30.4744
    4633             0                0        16.6423        30.8454
    4634             0                0        17.2644        30.6888
    4635             0                0        16.9481        29.9803
    4636             0                0        17.9363        29.4867
    4637             0                0        18.8987        31.1881
    4638             0                0        19.0321        30.8488
    4639             0                0        18.8348        31.9518
    4640             0                0        19.5704        30.6141
    4641             0                0        17.9172        29.5005
    4642             0                0        18.9301        29.5594
    4643             0                0        17.5541        29.5680
    4644             0                0        18.0388        30.9758
    4645             0                0        19.5422        29.9412
    4646             0                0        18.5504        31.1311
    4647             0                0        18.7566        30.8478
    4648             0                0        18.9454        30.3873
    4649             0                0        18.4522        29.0680
    4650             0                0        19.1568        29.8415
    4651             0                0        19.0305        30.4682
    4652             0                0        18.8519        30.4966
    4653             0                0        19.1649        31.5042
    4654             0                0        17.6905        30.5373
    4655             0                0        14.3003        30.2936
    4656             0                0        14.4796        32.6722
    4657             0                0        15.0249        31.9871
    4658             0                0        14.7575        32.3329
    4659             0                0        16.4670        33.1194
    4660             0                0        16.8169        32.9323
    4661             0                0        16.8576        33.0973
    4662             0                0        16.2991        33.1153
    4663             0                0        16.3130        33.0820
    4664             0                0        16.9766        33.1296
    4665             0                0        14.5532        32.4285
    4666             0                0        15.7196        33.2265
    4667             0                0        14.9187        32.8351
    4668             0                0        14.2653        31.6211
    4669             0                0        14.3774        31.6252
    4670             0                0        14.5284        32.3428
    4671             0                0        13.6686        31.8792
    4672             0                0        14.3849        31.1549
    4673             0                0        14.5641        31.9851
    4674             0                0        14.5146        32.3418
    4675             0                0        15.0427        31.5854
    4676             0                0        14.3655        31.3091
    4677             0                0        14.5953        30.6738
    4678             0                0        14.7161        30.8946
    4679             0                0        13.8047        30.4315
    4680             0                0        12.3316        29.8321
    4681             0                0        12.7232        29.3247
    4682             0                0        10.7254        28.9343
    4683             0                0        12.7848        28.8425
    4684             0                0        11.2096        27.4677
    4685             0                0        11.7220        27.6954
    4686             0                0        12.0311        27.0523
    4687             0                0        10.6261        26.3460
    4688             0                0        11.6297        26.0240
    4689             0                0        11.3747        25.3407
    4690             0                0         9.4369        25.0535
    4691             0                0         9.7771        23.9851
    4692             0                0         9.8061        24.0202
    4693             0                0        10.4231        24.6085
    4694             0                0         9.2638        23.7186
    4695             0                0        10.7527        23.8877
    4696             0                0        11.7197        24.0169
    4697             0                0        11.5076        24.0152
    4698             0                0        10.9501        24.5602
    4699             0                0        10.9833        23.8101
    4700             0                0        10.2671        24.1623
    4701             0                0        10.6475        23.1682
    4702             0                0        11.3574        24.4721
    4703             0                0        10.9533        23.6016
    4704             0                0        10.5051        23.9776
    4705             0                0        11.0550        25.2412
    4706             0                0        11.1062        23.6070
    4707             0                0        11.2867        24.5614
    4708             0                0        11.8457        24.9103
    4709             0                0        14.4132        25.4242
    4710             0                0        12.8615        26.1964
    4711             0                0        13.8547        27.5665
    4712             0                0        11.5432        27.2375
    4713             0                0         9.6311        26.9082
    4714             0                0         9.5954        25.4039
    4715             0                0        10.1592        26.6790
    4716             0                0         8.4884        26.2832
    4717             0                0         9.2537        26.5983
    4718             0                0         9.1890        26.5927
    4719             0                0        10.6815        26.7938
    4720             0                0         8.8788        26.7141
    4721             0                0         9.1900        26.5344
    4722             0                0        10.3223        27.0004
    4723             0                0        11.8617        26.7244
    4724             0                0        12.9800        26.5611
    4725             0                0        12.3276        26.8022
    4726             0                0        11.1388        27.1845
    4727             0                0        11.4092        26.8205
    4728             0                0        11.4671        27.5005
    4729             0                0        12.5793        27.0972
    4730             0                0        12.4840        26.5361
    4731             0                0        11.2003        26.2510
    4732             0                0        12.5175        27.0092
    4733             0                0        10.9752        27.2250
    4734             0                0        11.4822        26.0027
    4735             0                0        11.6712        26.6320
    4736             0                0         9.6144        26.9335
    4737             0                0        11.1684        27.3203
    4738             0                0        11.4133        27.1531
    4739             0                0        12.4987        27.2934
    4740             0                0        12.2517        26.9686
    4741             0                0        13.5389        26.7388
    4742             0                0        12.7969        26.4443
    4743             0                0        11.4776        26.4193
    4744             0                0        12.7306        26.5177
    4745             0                0        11.6441        26.8675
    4746             0                0        12.6979        26.8430
    4747             0                0        12.6601        26.5502
    4748             0                0        13.7660        26.6300
    4749             0                0        13.0782        26.3486
    4750             0                0        13.5682        26.5644
    4751             0                0        13.5481        26.7273
    4752             0                0        14.9882        26.6406
    4753             0                0        14.4349        26.9636
    4754             0                0        12.8507        27.2562
    4755             0                0        11.3157        27.0949
    4756             0                0        11.1070        27.1221
    4757             0                0        10.8868        28.7104
    4758             0                0        11.6250        29.4938
    4759             0                0        11.3259        27.8627
    4760             0                0        10.3428        28.2387
    4761             0                0         9.8187        27.8580
    4762             0                0        11.0124        27.8956
    4763             0                0        12.7809        29.2903
    4764             0                0        14.7664        29.6043
    4765             0                0        16.0346        28.8368
    4766             0                0        15.9325        28.9113
    4767             0                0        16.0829        29.6944
    4768             0                0        18.2094        30.3005
    4769             0                0        18.1191        30.8060
    4770             0                0        16.8846        28.4349
    4771             0                0        17.4152        31.6323
    4772             0                0        18.9685        32.9052
    4773             0                0        17.2120        32.9702
    4774             0                0        15.7536        32.5186
    4775             0                0        15.3207        31.5683
    4776             0                0        16.3895        29.8185
    4777             0                0        16.4402        29.2544
    4778             0                0        17.1214        29.7700
    4779             0                0        17.7406        30.5389
    4780             0                0        18.3455        30.2983
    4781             0                0        17.9588        29.8221
    4782             0                0        18.1436        29.9094
    4783             0                0        13.6497        28.1929
    4784             0                0        14.0591        29.0231
    4785             0                0        15.8669        30.5580
    4786             0                0        15.9093        30.3818
    4787             0                0        15.9371        30.9659
    4788             0                0        15.5393        28.2758
    4789             0                0        15.7101        28.7493
    4790             0                0        16.2804        28.0237
    4791             0                0        16.6382        27.8738
    4792             0                0        16.1229        27.1934
    4793             0                0        16.3038        27.1513
    4794             0                0        16.7470        29.0358
    4795             0                0        16.5249        27.6150
    4796             0                0        15.9332        27.4637
    4797             0                0        15.6204        26.6179
    4798             0                0        16.2692        26.5538
    4799             0                0        13.0595        25.7463
    4800             0                0        14.4105        26.9251
    4801             0                0        12.3880        25.6677
    4802             0                0        11.3138        27.4618
    4803             0                0        10.6305        28.8540
    4804             0                0         9.9040        28.1738
    4805             0                0         8.8802        27.6996
    4806             0                0         7.5906        28.9822
    4807             0                0         7.1486        26.8949
    4808             0                0         5.7931        28.1263
    4809             0                0         6.9997        26.5199
    4810             0                0         7.5298        28.1350
    4811             0                0         6.3637        28.3843
    4812             0                0         6.3643        28.3290
    4813             0                0         6.0298        29.0469
    4814             0                0         6.7479        27.4859
    4815             0                0         7.2209        27.0400
    4816             0                0         6.9376        26.9094
    4817             0                0         5.9982        26.9720
    4818             0                0         6.9629        27.3245
    4819             0                0         7.3865        27.4842
    4820             0                0         5.7986        27.8152
    4821             0                0         7.8993        26.2215
    4822             0                0         8.5520        26.0033
    4823             0                0         9.6350        25.5655
    4824             0                0         8.3529        26.0721
    4825             0                0        11.1669        24.5145
    4826             0                0        11.3705        23.8539
    4827             0                0         9.5484        23.7651
    4828             0                0        11.2278        25.0238
    4829             0                0        10.9928        25.3862
    4830             0                0         8.9338        25.8680
    4831             0                0         6.8854        25.0845
    4832             0                0         8.4141        23.0668
    4833             0                0         9.0624        23.1623
    4834             0                0         9.3274        24.0252
    4835             0                0        10.2228        23.6545
    4836             0                0        10.8748        24.3800
    4837             0                0        10.1764        25.1896
    4838             0                0        11.3490        25.1885
    4839             0                0        10.7181        25.5358
    4840             0                0        11.5291        26.7696
    4841             0                0         9.9276        26.4031
    4842             0                0        10.2048        26.0764
    4843             0                0         8.7923        26.6477
    4844             0                0        10.0422        26.3396
    4845             0                0        10.7544        26.0689
    4846             0                0         9.7422        27.2797
    4847             0                0         8.9661        26.2602
    4848             0                0         8.7360        26.7704
    4849             0                0         9.9972        26.2374
    4850             0                0        10.1681        26.8208
    4851             0                0         9.4692        26.6788
    4852             0                0         9.4221        26.8160
    4853             0                0        10.2729        29.4268
    4854             0                0         9.7631        27.7177
    4855             0                0        11.2258        28.3288
    4856             0                0        13.3549        27.5125
    4857             0                0        14.3694        27.3865
    4858             0                0        12.8121        28.4079
    4859             0                0        11.2764        29.3558
    4860             0                0        10.3103        29.0870
    4861             0                0        10.5433        28.7892
    4862             0                0        12.0959        28.6546
    4863             0                0        12.6022        28.6455
    4864             0                0        11.9255        27.6095
    4865             0                0        11.6301        27.0465
    4866             0                0        10.7553        28.0371
    4867             0                0        11.0561        27.8539
    4868             0                0        11.3712        27.9715
    4869             0                0         9.7859        27.8233
    4870             0                0        10.2194        27.5617
    4871             0                0        10.0787        28.3107
    4872             0                0        10.8170        27.7300
    4873             0                0         9.9786        27.7229
    4874             0                0        11.1770        27.6459
    4875             0                0        10.5377        29.1902
    4876             0                0         9.6333        28.6760
    4877             0                0         9.5293        29.8196
    4878             0                0         9.3493        29.0060
    4879             0                0        10.1238        28.0251
    4880             0                0        10.5249        28.1580
    4881             0                0        10.1108        28.1750
    4882             0                0         9.4027        27.5284
    4883             0                0        10.3006        28.0079
    4884             0                0        10.4021        27.1100
    4885             0                0        11.4964        27.1845
    4886             0                0        11.8692        27.5201
    4887             0                0        12.4004        27.0752
    4888             0                0        14.3961        27.7710
    4889             0                0        15.6352        27.7953
    4890             0                0        15.4124        27.9037
    4891             0                0        16.7369        28.5217
    4892             0                0        16.7140        28.9066
    4893             0                0        15.8072        29.1802
    4894             0                0        14.6209        28.5776
    4895             0                0        14.2475        28.8071
    4896             0                0        14.0410        29.9192
    4897             0                0        15.0240        28.8919
    4898             0                0        14.9647        26.9114
    4899             0                0        15.8864        26.8515
    4900             0                0        16.8826        28.7725
    4901             0                0        15.0197        27.8583
    4902             0                0        15.9922        28.9249
    4903             0                0        16.4320        28.3685
    4904             0                0        14.8042        28.2159
    4905             0                0        14.4140        29.3664
    4906             0                0        13.3731        29.0734
    4907             0                0        12.5733        28.7093
    4908             0                0        13.8353        27.7948
    4909             0                0        12.1805        27.8028
    4910             0                0        12.3470        28.0091
    4911             0                0        12.0037        28.1418
    4912             0                0        11.7427        27.3809
    4913             0                0        10.5556        27.7467
    4914             0                0         9.4366        25.8686
    4915             0                0         8.4188        26.0284
    4916             0                0         7.0486        24.5833
    4917             0                0         6.1607        23.9899
    4918             0                0         7.0646        24.6180
    4919             0                0         5.6307        24.1835
    4920             0                0         5.7433        23.4436
    4921             0                0         6.5711        23.6853
    4922             0                0         7.8589        23.2289
    4923             0                0         9.1060        23.9718
    4924             0                0         9.9009        24.3490
    4925             0                0         8.6259        26.2107
    4926             0                0         9.7684        25.2818
    4927             0                0        10.4041        26.4773
    4928             0                0         9.6184        26.2034
    4929             0                0        11.2334        26.7276
    4930             0                0        10.6737        27.3988
    4931             0                0        11.1085        25.1712
    4932             0                0        11.2434        24.9617
    4933             0                0        10.1834        26.0698
    4934             0                0        10.6616        26.0654
    4935             0                0         8.8879        24.3786
    4936             0                0         8.4124        23.6403
    4937             0                0         8.7924        24.0738
    4938             0                0         8.6475        23.4822
    4939             0                0         8.2656        23.4262
    4940             0                0         5.5936        21.5459
    4941             0                0         6.0299        21.4769
    4942             0                0         7.0167        23.0105
    4943             0                0         8.7973        23.2056
    4944             0                0         7.3361        22.3708
    4945             0                0         9.3374        22.6126
    4946             0                0         9.6555        23.5804
    4947             0                0         8.4149        22.7044
    4948             0                0         7.6673        23.1393
    4949             0                0         8.0198        24.3587
    4950             0                0         8.6844        25.5013
    4951             0                0         9.6969        24.9069
    4952             0                0         8.8501        23.7654
    4953             0                0         9.2766        24.2324
    4954             0                0         9.8871        23.4505
    4955             0                0        11.2861        23.9475
    4956             0                0         9.7589        23.5522
    4957             0                0        12.1667        24.8089
    4958             0                0        10.5181        25.9753
    4959             0                0        11.9258        24.9516
    4960             0                0        12.4297        25.2854
    4961             0                0        11.2543        24.1326
    4962             0                0        10.5927        22.5510
    4963             0                0        11.3468        23.4336
    4964             0                0        11.8611        23.3954
    4965             0                0        10.4573        25.0382
    4966             0                0        10.8264        23.3410
    4967             0                0         9.7693        24.7752
    4968             0                0        10.4203        25.2599
    4969             0                0         8.1725        25.4464
    4970             0                0         8.5426        23.7975
    4971             0                0         6.3185        24.3814
    4972             0                0         5.9636        24.8472
    4973             0                0         5.4604        24.9058
    4974             0                0         5.7953        24.7218
    4975             0                0         6.7819        24.3778
    4976             0                0         5.7356        22.7411
    4977             0                0         4.3907        22.1631
    4978             0                0         4.7403        21.7817
    4979             0                0         4.5481        23.3004
    4980             0                0         6.8253        23.8480
    4981             0                0         5.1832        23.2484
    4982             0                0         5.9551        22.4277
    4983             0                0         7.0067        22.9628
    4984             0                0         6.2523        23.1403
    4985             0                0         6.9350        24.2294
    4986             0                0         5.7275        22.0952
    4987             0                0         5.4210        21.1161
    4988             0                0         4.5777        20.9880
    4989             0                0         5.2886        21.7718
    4990             0                0         5.2234        21.8232
    4991             0                0         5.7877        22.5788
    4992             0                0         6.1110        20.5052
    4993             0                0         6.3554        20.7197
    4994             0                0         6.4104        20.1548
    4995             0                0         6.0228        21.4557
    4996             0                0         6.6385        21.3064
    4997             0                0         8.6943        21.9234
    4998             0                0         7.8822        21.5709
    4999             0                0         7.2113        22.0113
    5000             0                0         7.4633        21.9636
