#Time_ns State SLAHS_mindist_A LVTKL_mindist_A
0.00 D 3.2741 3.0478
0.01 D 3.1428 3.3941
0.02 D 3.2624 3.0464
0.03 D 3.0350 3.1895
0.04 D 3.3313 3.2119
0.05 D 3.2207 3.1158
0.06 D 3.1338 3.1509
0.07 D 3.1523 3.2436
0.08 D 3.5024 3.2375
0.09 D 2.9911 3.2572
0.10 D 2.9390 3.0987
0.11 D 3.1856 3.4177
0.12 D 3.2184 3.1963
0.13 D 3.0851 3.3312
0.14 D 3.0824 3.4335
0.15 D 3.3162 3.1388
0.16 D 3.1689 3.5332
0.17 D 3.3249 3.4528
0.18 D 3.1123 3.4957
0.19 D 3.5111 3.2770
0.20 D 3.3800 3.3775
0.21 D 3.4351 3.2172
0.22 D 3.2175 3.3530
0.23 D 3.0438 3.0723
0.24 D 3.2928 3.3279
0.25 D 3.2112 3.1751
0.26 D 3.0852 3.2893
0.27 D 2.9942 3.3299
0.28 D 3.0883 3.5872
0.29 D 3.1840 2.9827
0.30 D 3.8510 3.3266
0.31 D 2.9505 3.2435
0.32 D 3.2287 3.0386
0.33 D 3.0593 3.2730
0.34 D 3.3022 3.3708
0.35 D 3.0254 3.1111
0.36 D 3.0940 2.9007
0.37 D 3.1027 2.9831
0.38 D 3.0176 3.3632
0.39 D 2.9901 3.6203
0.40 D 3.1281 3.1179
0.41 D 3.0417 3.0799
0.42 D 3.2727 3.3238
0.43 D 3.2084 2.9972
0.44 D 3.0301 3.1714
0.45 D 3.1396 2.9754
0.46 D 3.1847 3.4778
0.47 D 3.0164 2.8685
0.48 D 3.3125 3.2516
0.49 D 3.3773 3.2138
0.50 D 3.3181 3.2182
0.51 D 3.3017 3.2687
0.52 D 3.3354 3.0917
0.53 D 3.2132 3.3843
0.54 D 3.1769 3.3023
0.55 D 3.6444 3.5901
0.56 D 3.4399 3.0903
0.57 D 3.3416 3.2092
0.58 D 3.2279 3.4292
0.59 D 3.5148 3.3186
0.60 D 3.1086 3.3638
0.61 D 3.4508 3.1509
0.62 D 2.9585 3.6158
0.63 D 2.9533 3.1412
0.64 D 3.1312 3.2811
0.65 D 3.2892 3.0596
0.66 D 3.0963 3.2694
0.67 D 3.5066 3.4782
0.68 D 3.2098 3.1833
0.69 D 3.3558 3.3135
0.70 D 3.1880 3.3578
0.71 D 3.0124 3.3472
0.72 D 3.1541 3.3078
0.73 D 3.2760 3.4078
0.74 D 2.8369 3.2220
0.75 D 2.7994 3.0044
0.76 D 3.0884 3.1761
0.77 D 3.3789 3.4349
0.78 D 3.1545 3.4939
0.79 D 3.3069 3.3117
0.80 D 3.6733 3.2165
0.81 D 3.1652 3.2282
0.82 D 3.5016 3.3721
0.83 D 3.1077 3.1460
0.84 D 3.0649 3.0202
0.85 D 3.0302 2.9017
0.86 D 3.3213 3.4906
0.87 D 3.2073 3.2908
0.88 D 3.4851 3.2346
0.89 D 3.0228 3.0707
0.90 D 3.3497 3.3382
0.91 D 3.1180 3.3641
0.92 D 3.1620 3.0962
0.93 D 3.0922 2.9766
0.94 D 3.1287 3.0654
0.95 D 3.0066 3.4816
0.96 D 3.5257 3.0353
0.97 D 3.5292 3.3393
0.98 D 3.1121 3.3621
0.99 D 2.9645 3.3020
1.00 D 2.9470 3.3374
1.01 D 2.8383 2.9334
1.02 D 3.1708 3.1581
1.03 D 3.0240 3.2997
1.04 D 3.2084 3.2378
1.05 D 3.2741 3.3567
1.06 D 3.0864 3.5769
1.07 D 3.2153 3.2250
1.08 D 2.9107 3.3179
1.09 D 3.1556 3.4819
1.10 D 3.2155 3.2600
1.11 D 3.2298 3.1313
1.12 D 3.2530 3.2778
1.13 D 3.3164 3.6332
1.14 D 3.2666 3.1000
1.15 D 3.2905 3.2870
1.16 D 3.5078 3.3622
1.17 D 3.1802 3.3578
1.18 D 2.8262 3.2472
1.19 D 3.2736 3.2391
1.20 D 3.4030 3.1895
1.21 D 3.4655 3.0588
1.22 D 3.2619 2.9060
1.23 D 3.2877 3.1302
1.24 D 3.1397 3.1809
1.25 D 3.1377 3.1965
1.26 D 2.9140 3.1580
1.27 D 3.0567 3.2485
1.28 D 3.3746 3.4620
1.29 D 3.2184 3.3504
1.30 D 3.1864 3.2115
1.31 D 2.8299 3.3068
1.32 D 2.7725 3.1751
1.33 D 2.9450 3.2018
1.34 D 3.1025 3.1178
1.35 D 3.2460 3.1905
1.36 D 3.0702 3.1686
1.37 D 2.9881 3.1778
1.38 D 3.0575 3.2580
1.39 D 2.8488 3.1462
1.40 D 2.9783 3.2489
1.41 D 2.8868 3.4995
1.42 D 3.1529 3.2508
1.43 D 3.2696 2.9888
1.44 D 3.2012 3.4209
1.45 D 3.2144 3.4495
1.46 D 2.9842 3.3785
1.47 D 3.1306 3.5594
1.48 D 3.0406 3.2727
1.49 D 3.5562 3.3290
1.50 D 3.2529 3.2186
1.51 D 3.4129 3.1870
1.52 D 3.1572 3.2615
1.53 D 3.0382 3.2072
1.54 D 3.1576 3.5478
1.55 D 3.3573 3.1568
1.56 D 3.0689 3.0156
1.57 D 3.2654 3.1227
1.58 D 3.1611 3.1905
1.59 D 3.1620 3.3046
1.60 D 3.0267 3.0036
1.61 D 3.0561 3.3202
1.62 D 2.9438 3.1444
1.63 D 3.1152 3.4021
1.64 D 3.1091 3.2678
1.65 D 3.4638 3.2016
1.66 D 3.1491 3.3173
1.67 D 2.9833 3.3736
1.68 D 3.0706 3.4720
1.69 D 3.5807 3.3485
1.70 D 3.0664 3.3820
1.71 D 3.1900 3.0582
1.72 D 3.9313 3.4477
1.73 D 3.6077 3.3606
1.74 D 3.3078 3.3907
1.75 D 3.0923 3.0021
1.76 D 3.1893 3.0935
1.77 D 3.0747 3.3180
1.78 D 3.2385 2.8832
1.79 D 3.4373 3.3579
1.80 D 3.1133 3.2032
1.81 D 3.1846 3.3099
1.82 D 3.6994 3.0442
1.83 D 3.1292 3.0334
1.84 D 3.3037 2.8774
1.85 D 3.0900 3.4835
1.86 D 3.2749 3.2954
1.87 D 3.0858 3.0139
1.88 D 2.8008 3.1322
1.89 D 3.2419 3.3306
1.90 D 3.1885 3.2674
1.91 D 3.0825 3.4767
1.92 D 2.9749 3.3590
1.93 D 3.3925 3.2604
1.94 D 3.1027 3.6725
1.95 D 3.0920 3.3669
1.96 D 3.1289 3.4537
1.97 D 2.9392 3.5334
1.98 D 3.2398 3.5116
1.99 D 2.9905 3.1899
2.00 D 3.1204 3.4112
2.01 D 3.1912 3.2115
2.02 D 3.0991 3.2264
2.03 D 3.2672 3.1592
2.04 D 3.2977 3.4075
2.05 D 3.2070 3.3511
2.06 D 3.0857 3.3332
2.07 D 3.2837 3.2781
2.08 D 3.2585 3.2328
2.09 D 3.1539 3.2192
2.10 D 3.1528 3.1397
2.11 D 3.1394 3.2739
2.12 D 3.2104 3.2547
2.13 D 3.3389 3.6769
2.14 D 3.4348 3.3341
2.15 D 2.8441 3.9459
2.16 D 2.9804 3.2839
2.17 D 3.1097 3.0194
2.18 D 3.0240 3.0601
2.19 D 2.9998 3.4577
2.20 D 3.0523 3.4432
2.21 D 3.1509 3.7390
2.22 D 3.2524 3.3775
2.23 D 3.0745 3.2987
2.24 D 2.9539 3.3563
2.25 D 3.2539 3.5884
2.26 D 2.8544 3.5486
2.27 D 3.0327 3.6488
2.28 D 3.1849 3.2051
2.29 D 3.2287 3.1387
2.30 D 3.0781 3.4708
2.31 D 3.3059 3.3536
2.32 D 3.3120 3.5067
2.33 D 3.0679 3.6237
2.34 D 3.3733 3.4237
2.35 D 3.3569 3.3304
2.36 D 3.1568 3.0902
2.37 D 3.0904 2.9412
2.38 D 3.2605 3.1744
2.39 D 3.0785 3.0073
2.40 D 2.8867 3.2921
2.41 D 3.1614 2.9310
2.42 D 3.3003 2.8442
2.43 D 3.4888 2.6101
2.44 D 3.3022 2.6375
2.45 D 2.7580 3.0006
2.46 D 3.1171 2.6816
2.47 D 3.4434 2.7286
2.48 D 3.3543 3.1441
2.49 D 3.0471 3.4377
2.50 D 3.1997 2.9289
2.51 D 3.4859 2.8100
2.52 D 3.4010 3.4488
2.53 D 3.3077 2.7966
2.54 D 3.2600 2.8133
2.55 D 3.5988 3.1235
2.56 D 2.8188 3.6404
2.57 D 3.1435 3.3937
2.58 D 3.2903 3.0323
2.59 D 3.1707 3.4652
2.60 D 3.1271 3.2383
2.61 D 3.0145 3.3072
2.62 D 3.4191 2.9634
2.63 D 3.3865 3.2050
2.64 D 3.3547 2.9124
2.65 D 3.3031 3.0883
2.66 D 3.2730 2.9335
2.67 D 3.1710 3.3565
2.68 D 3.2647 3.3604
2.69 D 3.0074 3.3749
2.70 D 3.0306 3.2460
2.71 D 3.1609 3.2772
2.72 D 3.3630 2.9848
2.73 D 3.2413 3.1689
2.74 D 3.2390 2.9316
2.75 D 3.2679 3.1627
2.76 D 3.2117 2.9902
2.77 D 2.8172 3.1511
2.78 D 3.1919 3.2238
2.79 D 3.2677 3.0417
2.80 D 2.8757 2.9657
2.81 D 2.8308 3.3722
2.82 D 2.8532 3.2490
2.83 D 3.3023 3.5367
2.84 D 3.3354 3.3915
2.85 D 3.0404 3.5321
2.86 D 3.3470 3.2399
2.87 D 3.2862 2.8734
2.88 D 3.6176 3.1452
2.89 D 3.4905 2.7817
2.90 D 3.3360 3.0423
2.91 D 3.0470 3.0898
2.92 D 3.2082 2.8912
2.93 D 3.3141 3.3280
2.94 D 2.8486 3.4652
2.95 D 3.4723 3.2708
2.96 D 3.2572 3.4636
2.97 D 3.1073 3.4136
2.98 D 3.2879 3.2930
2.99 D 3.2309 3.2378
3.00 D 3.0544 2.7288
3.01 D 3.2285 3.2036
3.02 D 3.0636 2.9576
3.03 D 3.3500 3.1046
3.04 D 3.3386 3.1955
3.05 D 2.8602 3.1927
3.06 D 3.4675 3.1572
3.07 D 3.0262 3.5334
3.08 D 3.0861 3.3178
3.09 D 3.4502 3.5215
3.10 D 3.1229 3.2133
3.11 D 3.5650 3.3266
3.12 D 3.0738 2.9531
3.13 D 3.1218 3.6795
3.14 D 3.4677 3.4788
3.15 D 3.4731 3.2119
3.16 D 3.4857 3.1850
3.17 D 3.3841 2.8356
3.18 D 3.3280 2.9559
3.19 D 3.4284 3.4852
3.20 D 2.9694 2.8558
3.21 D 3.0391 3.1241
3.22 D 3.1737 2.9022
3.23 D 3.7595 2.9376
3.24 D 3.5058 2.7584
3.25 D 3.2844 3.3332
3.26 D 3.5573 3.1282
3.27 D 3.3789 2.8776
3.28 D 3.3293 3.0252
3.29 D 3.0604 2.8906
3.30 D 3.2616 3.2881
3.31 D 3.4278 2.9565
3.32 D 3.4069 2.7338
3.33 D 3.1902 2.9934
3.34 D 2.8572 3.0779
3.35 D 3.6143 3.4102
3.36 D 3.5553 3.5489
3.37 D 3.1711 3.1868
3.38 D 3.0062 3.6276
3.39 D 3.0625 3.4664
3.40 D 3.6563 3.3719
3.41 D 3.1133 3.5028
3.42 D 3.2844 3.3224
3.43 D 3.4430 3.1731
3.44 D 3.0765 3.4230
3.45 D 3.4147 3.2447
3.46 D 3.2956 3.2575
3.47 D 3.0510 3.1423
3.48 D 2.9777 3.2450
3.49 D 3.0621 3.2371
3.50 D 3.3040 3.2275
3.51 D 2.9519 3.3377
3.52 D 3.5184 3.1831
3.53 D 3.2393 3.2652
3.54 D 3.1054 3.2737
3.55 D 3.3224 3.3237
3.56 D 3.3291 3.4114
3.57 D 3.2825 3.4810
3.58 D 3.1060 3.4208
3.59 D 3.2785 3.1974
3.60 D 3.2017 3.4825
3.61 D 3.3438 3.2025
3.62 D 3.6913 2.8410
3.63 D 3.4904 3.1358
3.64 D 3.1790 2.7906
3.65 D 3.0353 2.9648
3.66 D 3.3436 2.6145
3.67 D 3.3893 3.3824
3.68 D 3.2607 3.0447
3.69 D 3.1835 3.1709
3.70 D 3.4358 3.1026
3.71 D 3.7616 3.4237
3.72 D 3.6266 2.8808
3.73 D 3.5372 3.0413
3.74 D 3.5111 3.1138
3.75 D 3.5173 2.7450
3.76 D 3.3025 3.1867
3.77 D 3.6144 3.2130
3.78 D 3.5396 3.2113
3.79 D 3.6841 2.7845
3.80 D 3.2771 2.9734
3.81 D 3.5711 3.0474
3.82 D 3.6273 3.0462
3.83 D 3.1631 3.2542
3.84 D 3.4863 2.9115
3.85 D 3.1720 3.0324
3.86 D 3.4357 3.0562
3.87 D 3.7292 3.1681
3.88 D 3.1695 2.9570
3.89 D 3.2510 2.9257
3.90 D 3.6501 2.9645
3.91 D 3.4648 2.7170
3.92 D 3.5386 3.5161
3.93 D 3.4903 2.6487
3.94 D 3.6985 3.2534
3.95 D 3.3751 3.3554
3.96 D 3.4621 2.9061
3.97 D 3.4916 2.9730
3.98 L 4.4470 2.9339
3.99 D 3.7041 2.8780
4.00 D 3.2990 3.0703
4.01 D 3.4856 3.0031
4.02 D 3.3714 2.8846
4.03 D 3.5855 2.8815
4.04 D 3.5089 2.8371
4.05 D 3.9921 3.1187
4.06 D 3.5193 2.7013
4.07 L 4.8965 3.1292
4.08 L 4.5013 2.7893
4.09 D 3.7390 3.0838
4.10 D 3.7740 3.1527
4.11 D 3.4556 2.8795
4.12 D 3.6418 2.9259
4.13 D 3.5446 2.9062
4.14 D 3.4827 2.7990
4.15 D 3.6030 2.9164
4.16 D 3.5559 2.8667
4.17 D 3.7023 3.0099
4.18 D 3.7408 3.0222
4.19 D 3.7104 3.0588
4.20 D 3.2965 2.6643
4.21 D 3.5286 3.0870
4.22 D 3.4467 3.2643
4.23 D 3.4194 2.9746
4.24 D 3.5286 3.1081
4.25 D 3.5378 3.0138
4.26 D 3.5179 3.0135
4.27 D 3.7406 2.9135
4.28 D 3.5449 2.9186
4.29 D 3.7973 3.1488
4.30 D 3.4909 2.9262
4.31 D 3.7494 3.1476
4.32 D 3.4521 2.9473
4.33 D 3.3690 2.7605
4.34 L 4.1440 3.1231
4.35 D 3.6338 3.0562
4.36 D 3.3809 3.0380
4.37 D 3.5320 3.0850
4.38 D 3.4500 2.9220
4.39 D 3.3864 2.9009
4.40 D 3.7823 3.1266
4.41 D 3.4501 3.0189
4.42 D 3.5795 2.8422
4.43 D 3.2499 2.9320
4.44 D 3.8920 2.9822
4.45 D 3.5552 3.4604
4.46 D 3.5331 3.0146
4.47 D 3.4133 3.2797
4.48 D 3.5117 3.1517
4.49 D 3.8290 2.9175
4.50 L 4.1292 2.9416
4.51 L 4.0805 2.7479
4.52 D 3.7166 2.7561
4.53 D 3.9981 3.0472
4.54 D 3.6020 3.1378
4.55 D 3.7927 2.9087
4.56 D 3.9761 2.8783
4.57 D 3.7563 2.8109
4.58 D 3.5031 2.8607
4.59 L 4.0818 3.0592
4.60 D 3.8519 3.0806
4.61 D 3.5323 2.8133
4.62 D 3.8854 2.7589
4.63 D 3.7455 2.9331
4.64 D 3.9016 2.9844
4.65 D 3.6257 3.0771
4.66 L 4.5367 3.0056
4.67 L 4.0479 2.9289
4.68 D 3.8896 3.0212
4.69 D 3.8856 2.7851
4.70 D 3.4923 2.7702
4.71 D 3.3774 2.7644
4.72 L 4.1441 2.7954
4.73 D 3.7559 2.8971
4.74 L 4.2760 2.6178
4.75 L 4.2205 2.9405
4.76 L 5.1300 2.7486
4.77 L 4.9515 2.8157
4.78 D 3.7842 2.8526
4.79 L 4.2339 2.9361
4.80 D 3.9413 3.0309
4.81 D 3.6256 3.0607
4.82 D 3.5300 3.0951
4.83 D 3.8718 2.8671
4.84 D 3.8047 3.0413
4.85 D 3.3466 3.1582
4.86 D 3.5952 2.7460
4.87 D 3.6196 2.9143
4.88 D 3.5405 3.1142
4.89 L 4.1552 2.9397
4.90 D 3.6722 2.9427
4.91 D 3.4690 2.9658
4.92 L 4.9639 2.9558
4.93 L 5.7255 2.8022
4.94 L 4.4128 3.1143
4.95 L 5.2891 2.7132
4.96 L 4.9044 2.8965
4.97 L 4.9082 2.9097
4.98 L 5.5297 3.0614
4.99 L 4.9013 2.8658
5.00 L 5.1324 3.0096
5.01 L 4.1630 2.9729
5.02 L 4.1264 2.9507
5.03 L 4.7222 2.7745
5.04 L 4.8768 2.9969
5.05 L 6.2240 2.7901
5.06 L 5.5388 2.7964
5.07 L 6.1348 2.7726
5.08 L 5.8799 2.8906
5.09 L 4.8743 2.8533
5.10 L 6.0092 3.3497
5.11 D 3.7557 3.0570
5.12 L 4.6299 2.7941
5.13 L 4.9594 2.9622
5.14 L 4.2859 2.9075
5.15 D 3.6294 2.8182
5.16 D 3.9747 2.8737
5.17 D 3.9351 2.9611
5.18 D 3.5430 2.8467
5.19 D 3.5093 2.8067
5.20 D 3.9302 2.9849
5.21 D 3.4403 2.9704
5.22 L 4.1815 2.6313
5.23 D 3.7522 3.0138
5.24 D 3.8480 3.1109
5.25 D 3.9667 2.7756
5.26 D 3.3080 2.5966
5.27 D 3.8185 2.8115
5.28 L 4.1812 2.9379
5.29 D 3.5210 2.7201
5.30 D 3.5841 2.8320
5.31 D 3.8280 2.8627
5.32 D 3.3606 2.8484
5.33 D 3.8409 2.7568
5.34 D 3.8606 3.0670
5.35 L 4.3271 2.7914
5.36 D 3.6141 2.6492
5.37 D 3.6233 2.8824
5.38 D 3.8994 2.7349
5.39 D 3.2918 2.8371
5.40 D 3.2752 2.8994
5.41 D 3.7562 2.8109
5.42 D 3.2192 2.7570
5.43 D 3.4068 2.9812
5.44 D 3.5193 2.9326
5.45 D 3.4959 2.7643
5.46 D 3.3604 3.0686
5.47 D 3.4853 2.7687
5.48 D 3.3773 3.0633
5.49 D 3.3650 2.9136
5.50 D 3.5805 2.8908
5.51 D 3.2764 2.8830
5.52 D 3.7820 2.7738
5.53 D 3.3641 2.7225
5.54 D 3.6159 2.7716
5.55 D 3.3099 2.8049
5.56 D 3.3498 2.9310
5.57 D 3.3240 2.7699
5.58 D 3.6899 2.9231
5.59 D 3.2152 2.9300
5.60 D 3.2411 2.8827
5.61 D 3.2670 2.7397
5.62 D 3.3914 2.8184
5.63 D 3.2444 2.9388
5.64 D 3.2730 3.1186
5.65 D 3.2481 2.8662
5.66 D 3.1800 2.7428
5.67 D 3.5078 2.8343
5.68 D 3.7429 3.0448
5.69 D 3.2976 2.9308
5.70 D 3.3986 3.0715
5.71 D 3.7109 2.7700
5.72 D 3.3810 2.9305
5.73 D 3.2415 2.7966
5.74 D 3.6865 2.9609
5.75 D 3.4344 2.7320
5.76 D 3.4735 2.8584
5.77 D 3.1386 2.8828
5.78 D 3.2730 2.8369
5.79 D 3.3787 2.7353
5.80 D 3.2949 2.9811
5.81 D 3.4504 2.8192
5.82 D 3.4150 2.8129
5.83 D 3.3776 2.8195
5.84 D 3.5949 2.7134
5.85 D 3.1965 2.8273
5.86 D 3.5489 2.6515
5.87 D 3.4481 2.7076
5.88 D 3.2359 3.1083
5.89 D 3.2424 3.0207
5.90 D 3.3087 2.9635
5.91 D 3.0605 3.0421
5.92 D 3.1818 2.8781
5.93 D 3.1863 2.9522
5.94 D 3.1717 3.1926
5.95 D 3.1238 2.8408
5.96 D 3.0523 2.9102
5.97 D 3.1930 2.7598
5.98 D 3.0757 2.8271
5.99 D 3.2052 3.0191
6.00 D 3.3372 3.0913
6.01 D 3.5154 2.6926
6.02 D 3.4318 2.9051
6.03 D 3.3703 2.8622
6.04 D 3.6946 2.7081
6.05 D 3.4601 3.4577
6.06 D 3.3549 3.1479
6.07 D 3.1248 3.0753
6.08 D 3.3739 2.7740
6.09 D 3.2850 2.8677
6.10 D 3.0254 3.0401
6.11 D 3.1053 2.6875
6.12 D 3.3632 2.8570
6.13 D 3.3541 2.6752
6.14 D 3.0557 2.8875
6.15 D 3.1604 2.7924
6.16 D 3.5039 2.8249
6.17 D 3.3902 2.7709
6.18 D 3.4105 3.0961
6.19 D 3.6010 2.8214
6.20 D 3.4197 2.8270
6.21 D 3.3699 2.8149
6.22 D 3.3320 2.8383
6.23 D 3.1695 2.9615
6.24 D 3.3104 2.8898
6.25 D 3.2865 2.8015
6.26 D 3.2440 2.7567
6.27 D 3.3928 2.8798
6.28 D 3.1492 2.8333
6.29 D 3.4655 2.8930
6.30 D 3.3949 2.7913
6.31 D 3.0814 2.7333
6.32 D 3.5708 3.0197
6.33 D 3.6541 2.7867
6.34 D 3.4422 2.7493
6.35 D 3.2482 2.9193
6.36 D 3.2398 2.7402
6.37 D 3.4837 2.7542
6.38 D 2.9671 2.9442
6.39 D 3.5801 2.7663
6.40 D 3.2233 2.8081
6.41 D 3.5677 2.9156
6.42 D 3.5170 2.6997
6.43 D 3.7541 2.8394
6.44 D 3.6632 2.9076
6.45 D 3.7057 2.9694
6.46 D 3.4639 2.7931
6.47 D 3.2736 2.7550
6.48 D 3.5759 2.9940
6.49 D 3.1770 2.7630
6.50 D 3.2152 3.1834
6.51 D 3.5833 2.7143
6.52 D 3.1901 2.8649
6.53 D 3.2902 2.8615
6.54 D 3.2174 2.7787
6.55 D 3.0992 2.8560
6.56 D 3.2522 2.8461
6.57 D 3.3209 2.7594
6.58 D 3.3625 2.5636
6.59 D 3.0817 2.8291
6.60 D 3.0447 2.8113
6.61 D 3.5528 3.1185
6.62 D 3.3425 2.7526
6.63 D 3.1939 2.8066
6.64 D 3.4815 2.9614
6.65 D 3.4589 2.8102
6.66 D 3.4860 2.8920
6.67 D 3.1315 2.8559
6.68 D 3.3237 2.7780
6.69 D 3.8307 2.7722
6.70 D 3.2635 2.7467
6.71 D 3.8963 2.8835
6.72 D 3.5008 3.0802
6.73 D 3.1281 2.7796
6.74 D 3.4132 2.7973
6.75 D 3.3868 2.9093
6.76 D 3.1491 2.9500
6.77 D 3.5997 2.6687
6.78 D 3.2582 2.9983
6.79 D 3.2975 2.8210
6.80 D 3.3964 2.9508
6.81 D 3.2780 2.9143
6.82 D 3.2444 2.8407
6.83 D 2.9814 3.1276
6.84 D 3.1040 2.8249
6.85 D 3.4262 2.8123
6.86 D 3.1556 2.9311
6.87 D 3.0960 3.1236
6.88 D 3.3268 3.0079
6.89 D 3.0008 2.8456
6.90 D 3.0569 2.9053
6.91 D 2.9292 2.8364
6.92 D 3.1069 2.8265
6.93 D 3.3962 2.8079
6.94 D 3.0933 2.7329
6.95 D 2.9295 2.8682
6.96 D 3.0634 2.8034
6.97 D 3.1518 2.8413
6.98 D 3.3095 2.7490
6.99 D 3.3373 3.0448
7.00 D 3.3194 3.0373
7.01 D 3.3448 3.0168
7.02 D 3.3579 2.8341
7.03 D 3.0677 2.8410
7.04 D 3.2915 3.0270
7.05 D 3.2460 3.3038
7.06 D 3.1571 3.3680
7.07 D 3.3139 2.9905
7.08 D 3.2307 3.2885
7.09 D 3.1024 3.2899
7.10 D 3.3418 3.2780
7.11 D 3.5012 3.3190
7.12 D 3.2377 3.2604
7.13 D 3.1665 3.1835
7.14 D 3.0481 3.2087
7.15 D 2.9552 3.2375
7.16 D 3.2818 2.8299
7.17 D 3.5807 3.1372
7.18 D 3.0372 2.9043
7.19 D 3.1508 3.5488
7.20 D 3.4648 3.3141
7.21 D 3.2713 3.3786
7.22 D 3.2143 2.8786
7.23 D 3.3000 2.8207
7.24 D 2.9851 2.7731
7.25 D 3.0921 2.8888
7.26 D 3.1692 2.9823
7.27 D 3.0765 2.8481
7.28 D 2.9798 2.7681
7.29 D 3.4808 2.7931
7.30 D 3.1560 2.8445
7.31 D 3.1585 2.8417
7.32 D 3.4293 2.7665
7.33 D 3.0733 2.9503
7.34 D 3.1628 2.7776
7.35 D 3.1677 2.7964
7.36 D 3.2536 2.8342
7.37 D 3.4478 2.8144
7.38 D 3.1300 2.8729
7.39 D 3.0450 2.8037
7.40 D 3.4204 2.9121
7.41 D 3.0985 2.8552
7.42 D 3.1464 2.9537
7.43 D 3.1426 2.9336
7.44 D 3.3433 3.0024
7.45 D 3.2529 2.8627
7.46 D 3.4536 2.7699
7.47 D 3.5296 3.1069
7.48 D 3.3679 2.7158
7.49 D 3.2268 2.9633
7.50 D 3.2706 2.8696
7.51 D 3.2281 2.7237
7.52 D 3.6109 2.7229
7.53 D 3.7845 2.7565
7.54 D 3.2704 2.8409
7.55 D 3.2507 2.9820
7.56 D 3.5243 2.8476
7.57 D 3.3668 2.7999
7.58 D 3.1482 2.9058
7.59 D 3.3679 2.7536
7.60 D 3.1383 2.8382
7.61 D 3.0150 3.0960
7.62 D 3.4330 2.7268
7.63 D 3.1904 2.7096
7.64 D 3.3879 3.0811
7.65 D 3.1473 2.7225
7.66 D 3.0138 2.8797
7.67 D 3.2537 2.8250
7.68 D 3.1663 3.0093
7.69 D 3.1467 3.0351
7.70 D 3.2205 2.8122
7.71 D 3.4791 2.7560
7.72 D 3.1282 2.6529
7.73 D 3.2623 2.8942
7.74 D 3.1587 3.0291
7.75 D 3.3582 2.8078
7.76 D 3.1462 2.7361
7.77 D 3.3397 2.8875
7.78 D 3.3469 2.7564
7.79 D 3.2529 2.6953
7.80 D 3.4660 2.8767
7.81 D 3.2637 2.7642
7.82 D 3.2449 2.9995
7.83 D 3.2846 2.7915
7.84 D 3.3809 2.9885
7.85 D 3.2568 2.7014
7.86 D 3.2682 2.8194
7.87 D 3.5349 2.7786
7.88 D 2.9960 2.7836
7.89 D 3.0808 2.6730
7.90 D 3.1714 3.1824
7.91 D 3.3549 2.9851
7.92 D 2.9413 2.8821
7.93 D 3.1525 2.9275
7.94 D 3.0627 3.0186
7.95 D 3.4267 2.8088
7.96 D 3.1196 2.8072
7.97 D 3.1817 2.9845
7.98 D 3.1771 3.1956
7.99 D 3.3676 3.3357
8.00 D 3.2215 3.1201
8.01 D 3.3026 3.0594
8.02 D 3.0481 2.8365
8.03 D 3.1923 2.8403
8.04 D 3.2330 2.8480
8.05 D 3.0111 2.6842
8.06 D 3.5084 2.7531
8.07 D 3.0537 2.5844
8.08 D 3.1717 2.8278
8.09 D 3.4922 2.8038
8.10 D 2.8389 2.6638
8.11 D 2.9353 2.8147
8.12 D 3.0460 2.9382
8.13 D 3.3307 2.8488
8.14 D 3.3453 2.8301
8.15 D 3.6438 2.9270
8.16 D 3.3836 3.1298
8.17 D 3.1873 2.8745
8.18 D 3.0393 2.9522
8.19 D 3.2882 3.0751
8.20 D 3.4730 2.8225
8.21 D 3.1010 2.8388
8.22 D 3.1890 3.1734
8.23 D 3.0954 2.8853
8.24 D 3.1728 2.8451
8.25 D 3.2277 2.8393
8.26 D 3.2430 2.9587
8.27 D 3.0447 3.3579
8.28 D 3.2017 2.6347
8.29 D 3.3186 3.0198
8.30 D 3.2736 2.8200
8.31 D 3.4628 2.8014
8.32 D 3.3522 2.7597
8.33 D 3.4688 3.2969
8.34 D 2.9872 3.1501
8.35 D 2.8134 2.7310
8.36 D 2.9927 2.8319
8.37 D 2.9491 2.7126
8.38 D 3.2675 2.8502
8.39 D 3.0502 2.8075
8.40 D 2.9876 2.9759
8.41 D 3.2925 2.8672
8.42 D 3.0285 2.6260
8.43 D 3.0774 2.8368
8.44 D 3.1632 2.7145
8.45 D 3.1501 2.6523
8.46 D 3.0525 2.9217
8.47 D 2.9916 2.8465
8.48 D 3.3354 2.7811
8.49 D 3.0055 2.8662
8.50 D 3.1420 3.0906
8.51 D 3.1876 3.1830
8.52 D 3.0085 2.7114
8.53 D 3.8182 2.6763
8.54 D 3.2892 2.9523
8.55 D 3.1899 2.6423
8.56 D 3.3521 2.9933
8.57 D 3.1354 2.8473
8.58 D 3.1089 2.7735
8.59 D 3.2932 3.3258
8.60 D 3.4156 3.0368
8.61 D 3.1592 2.9692
8.62 D 3.4678 3.1036
8.63 D 3.2150 2.9553
8.64 D 3.0372 3.0848
8.65 D 3.5775 3.2320
8.66 D 3.1692 3.0653
8.67 D 3.4803 2.6830
8.68 D 3.4474 2.6554
8.69 D 2.9554 3.0030
8.70 D 3.2195 2.7953
8.71 D 3.4382 2.7793
8.72 D 3.2163 3.2099
8.73 D 3.1476 2.7574
8.74 D 3.1523 3.0398
8.75 D 3.1115 2.7156
8.76 D 3.2093 3.0761
8.77 D 3.4731 2.8220
8.78 D 3.4789 2.8508
8.79 D 3.0334 2.8216
8.80 D 3.1841 2.9075
8.81 D 3.3625 3.1119
8.82 D 3.5419 3.0553
8.83 D 3.4005 2.7788
8.84 D 3.3703 2.9788
8.85 D 3.4929 2.8728
8.86 D 3.1726 2.8011
8.87 D 3.0516 2.8373
8.88 D 3.3909 2.9093
8.89 D 2.9287 2.9319
8.90 D 3.2051 2.8365
8.91 D 3.2761 2.7876
8.92 D 3.4115 3.1630
8.93 D 3.2428 3.0534
8.94 D 2.9542 2.8012
8.95 D 3.1904 2.8283
8.96 D 2.7862 2.9695
8.97 D 2.9348 2.7220
8.98 D 2.8005 2.7980
8.99 D 2.9897 2.8721
9.00 D 3.1781 2.8353
9.01 D 2.8803 2.6745
9.02 D 2.9353 2.7031
9.03 D 3.1312 2.9630
9.04 D 2.8522 2.7054
9.05 D 3.1950 2.8629
9.06 D 2.9084 2.7356
9.07 D 2.9514 2.9287
9.08 D 2.8589 2.9448
9.09 D 2.8592 2.8144
9.10 D 3.3222 2.7708
9.11 D 3.2217 2.9381
9.12 D 2.8285 2.8751
9.13 D 3.4075 2.9707
9.14 D 3.1702 2.8134
9.15 D 2.9988 2.9585
9.16 D 3.5265 2.9659
9.17 D 3.2093 2.8253
9.18 D 3.1722 2.7135
9.19 D 2.9866 2.8533
9.20 D 3.2970 2.8448
9.21 D 3.3586 2.9682
9.22 D 3.1317 2.8778
9.23 D 2.8301 3.1629
9.24 D 3.1332 2.9608
9.25 D 3.3051 2.6953
9.26 D 3.1641 2.7702
9.27 D 3.1322 3.1629
9.28 D 3.4410 2.8675
9.29 D 3.4502 2.8372
9.30 D 3.5459 2.7919
9.31 D 3.4170 2.8653
9.32 D 3.3879 2.8804
9.33 D 3.4249 3.0207
9.34 D 3.3049 2.6142
9.35 D 3.5437 2.8828
9.36 D 3.3112 2.8101
9.37 D 2.9412 2.6806
9.38 D 3.4485 2.8952
9.39 D 3.1453 3.1776
9.40 D 3.4646 2.8980
9.41 D 3.2615 2.8099
9.42 D 3.1061 2.8629
9.43 D 3.2126 2.9198
9.44 D 3.3840 2.7657
9.45 D 3.1159 2.9112
9.46 D 2.8437 2.7246
9.47 D 3.1708 2.8914
9.48 D 3.1920 2.6822
9.49 D 3.3891 2.7987
9.50 D 3.2848 2.8807
9.51 D 3.1900 2.9664
9.52 D 3.3084 2.9162
9.53 D 3.0981 2.7355
9.54 D 3.2752 2.7078
9.55 D 3.2316 2.8423
9.56 D 3.2790 2.8263
9.57 D 3.1501 3.0740
9.58 D 2.9753 2.8996
9.59 D 3.0613 2.8826
9.60 D 3.6001 2.9371
9.61 D 3.3556 2.9082
9.62 D 2.8705 3.0011
9.63 D 3.0840 2.7940
9.64 D 3.2074 3.1108
9.65 D 3.0377 2.7791
9.66 D 3.1901 2.7220
9.67 D 3.0266 2.7334
9.68 D 3.1306 2.8039
9.69 D 3.2848 2.7980
9.70 D 3.2132 2.9302
9.71 D 3.3427 2.8260
9.72 D 3.2284 2.6770
9.73 D 3.1560 2.7528
9.74 D 2.9407 2.9023
9.75 D 3.2622 3.1764
9.76 D 3.1393 2.9619
9.77 D 2.9040 2.6370
9.78 D 2.8162 2.9748
9.79 D 2.9451 2.8502
9.80 D 3.1275 2.7543
9.81 D 3.0618 2.9592
9.82 D 3.0650 3.0031
9.83 D 3.1284 2.9905
9.84 D 3.2202 2.9037
9.85 D 3.0882 2.9285
9.86 D 3.7552 3.0819
9.87 D 3.6226 3.0653
9.88 D 3.2496 3.1796
9.89 D 3.2198 2.8118
9.90 D 3.0357 3.1814
9.91 D 3.4856 3.0083
9.92 D 3.3568 2.7914
9.93 D 3.1330 2.8703
9.94 D 3.1862 3.0507
9.95 D 3.3732 3.0543
9.96 D 2.9606 3.2761
9.97 D 3.1518 3.4751
9.98 D 3.3746 3.0569
9.99 D 3.2520 2.9956
10.00 D 3.4100 3.1408
10.01 D 3.0361 2.9727
10.02 D 3.0658 3.6815
10.03 D 3.0349 3.2395
10.04 D 3.0863 2.9108
10.05 D 3.3934 3.4489
10.06 D 3.0963 3.1951
10.07 D 3.0423 2.7839
10.08 D 3.2411 2.6474
10.09 D 3.1889 2.9423
10.10 D 3.1208 2.8855
10.11 D 3.2690 2.9151
10.12 D 3.2539 2.7064
10.13 D 3.2423 2.8419
10.14 D 3.2559 3.2166
10.15 D 3.0303 3.1949
10.16 D 3.1449 2.8623
10.17 D 3.2312 2.7852
10.18 D 3.1147 2.8811
10.19 D 3.3661 2.8594
10.20 D 3.1924 3.2745
10.21 D 2.9029 3.1865
10.22 D 3.2489 3.5794
10.23 D 3.0942 3.3365
10.24 D 3.1296 3.2271
10.25 D 3.3202 3.2767
10.26 D 3.2203 3.1699
10.27 D 3.2531 3.2847
10.28 D 3.1814 3.5390
10.29 D 3.3726 3.1395
10.30 D 3.0469 2.9459
10.31 D 3.1861 3.2815
10.32 D 3.3177 3.2225
10.33 D 3.4015 3.0140
10.34 D 3.2541 3.0635
10.35 D 3.0825 2.9417
10.36 D 2.9329 3.4349
10.37 D 3.0652 3.0766
10.38 D 2.9020 3.1299
10.39 D 3.1920 3.4572
10.40 D 3.4310 3.2315
10.41 D 3.3912 3.1286
10.42 D 3.6522 3.0349
10.43 D 3.1116 3.2989
10.44 D 3.4025 2.9386
10.45 D 3.6782 2.8114
10.46 D 3.1691 3.0452
10.47 D 3.6792 2.9917
10.48 D 3.1237 3.2702
10.49 D 3.0649 3.1952
10.50 D 3.4760 3.1039
10.51 D 3.2223 2.8300
10.52 D 3.3856 3.2921
10.53 D 3.4532 2.7268
10.54 D 3.2755 3.0486
10.55 D 3.3747 2.8297
10.56 D 3.4459 3.0263
10.57 D 3.1564 3.2819
10.58 D 3.3574 3.0227
10.59 D 2.7648 2.8956
10.60 D 2.9877 2.8977
10.61 D 3.4332 2.9369
10.62 D 3.5321 2.8361
10.63 D 3.2837 2.9683
10.64 D 3.4627 3.0560
10.65 D 3.1393 2.7131
10.66 D 3.0451 2.7724
10.67 D 3.0956 3.1434
10.68 D 3.2729 3.1933
10.69 D 3.0200 2.8993
10.70 D 3.1090 2.8421
10.71 D 3.8274 2.9412
10.72 D 3.7590 3.0201
10.73 D 3.0671 2.9079
10.74 D 3.1228 2.8101
10.75 D 3.4438 3.0271
10.76 D 3.2070 3.1111
10.77 D 3.1602 3.0468
10.78 D 3.5133 3.0262
10.79 D 3.1656 3.1069
10.80 D 3.2752 2.7387
10.81 D 3.4837 3.2493
10.82 D 3.3557 3.1688
10.83 D 3.0982 3.1111
10.84 D 3.3778 2.8558
10.85 D 3.4886 2.7751
10.86 D 3.0980 3.0996
10.87 D 3.3578 3.2740
10.88 D 3.3187 2.9545
10.89 D 3.2256 2.9235
10.90 D 2.8741 3.3297
10.91 D 3.1668 3.0019
10.92 D 3.4591 2.9274
10.93 D 3.3387 3.2150
10.94 D 3.1932 3.2964
10.95 D 3.4008 2.8167
10.96 D 3.1361 3.4653
10.97 D 3.0823 2.8938
10.98 D 3.2837 3.2480
10.99 D 3.2434 3.4312
11.00 D 3.0687 3.3703
11.01 D 3.4213 3.1396
11.02 D 3.1650 3.2979
11.03 D 3.3800 3.5066
11.04 D 3.0280 3.3292
11.05 D 3.2012 3.3871
11.06 D 3.1954 3.4343
11.07 D 2.9965 3.3715
11.08 D 3.3152 3.3392
11.09 D 3.1925 3.1941
11.10 D 3.2703 3.0963
11.11 D 3.3049 2.9356
11.12 D 3.1724 2.9741
11.13 D 3.3306 2.9839
11.14 D 3.3164 2.9435
11.15 D 3.1620 2.9050
11.16 D 3.5380 2.9647
11.17 D 2.9831 3.1491
11.18 D 3.2032 3.0886
11.19 D 3.0567 3.5579
11.20 D 3.4028 3.0799
11.21 D 3.1713 2.8658
11.22 D 3.4842 2.9366
11.23 D 3.2693 2.8412
11.24 D 3.4893 3.1913
11.25 D 3.3149 3.1585
11.26 D 3.2005 3.1660
11.27 D 3.6092 3.5486
11.28 D 3.6834 2.9221
11.29 D 3.4572 3.3619
11.30 D 3.3394 3.0745
11.31 D 3.2913 3.4522
11.32 D 3.6407 3.0649
11.33 D 3.1353 2.8631
11.34 D 3.1587 3.3680
11.35 D 3.2997 2.8168
11.36 D 3.2780 3.0410
11.37 D 3.5320 3.0825
11.38 D 3.4371 2.9818
11.39 D 3.3987 2.7951
11.40 D 3.5169 3.1918
11.41 D 2.9700 3.2935
11.42 D 3.2390 3.1947
11.43 D 3.4535 3.1921
11.44 D 3.2907 2.8977
11.45 D 3.4455 3.1804
11.46 D 3.2326 3.1218
11.47 D 3.5928 2.8777
11.48 D 3.2352 3.4497
11.49 D 2.9612 2.8559
11.50 D 3.2351 2.9960
11.51 D 3.1350 3.1626
11.52 D 3.5460 3.0695
11.53 D 3.3108 3.1396
11.54 D 3.5911 3.1324
11.55 D 3.4600 3.0391
11.56 D 3.2061 2.9021
11.57 D 3.3579 3.4110
11.58 D 3.4185 2.9540
11.59 D 3.5555 3.2405
11.60 D 3.3483 2.8504
11.61 D 3.0472 2.8835
11.62 D 3.5886 3.2012
11.63 D 3.5183 3.4132
11.64 D 3.2752 3.0545
11.65 D 3.2911 3.0652
11.66 D 3.1530 2.8483
11.67 D 3.4036 3.1131
11.68 D 3.1402 3.2676
11.69 D 3.2098 2.7603
11.70 D 3.3269 2.9120
11.71 D 3.3817 3.2468
11.72 D 3.3389 3.0574
11.73 D 3.3271 3.1848
11.74 D 3.2605 2.9319
11.75 D 3.3247 3.1078
11.76 D 3.3832 3.0824
11.77 D 3.8333 3.1942
11.78 D 3.4383 3.0855
11.79 D 2.9739 3.1100
11.80 D 3.2813 2.7606
11.81 D 3.2786 2.8289
11.82 D 3.0656 2.8420
11.83 D 3.5616 3.1925
11.84 D 3.3950 2.8054
11.85 D 3.4112 3.0432
11.86 D 3.2303 3.0121
11.87 D 3.4941 3.1702
11.88 D 3.0174 2.8202
11.89 D 3.0786 3.0234
11.90 D 3.2125 3.3109
11.91 D 3.2827 3.0094
11.92 D 3.5810 3.0546
11.93 D 2.9365 2.8552
11.94 D 3.2126 3.1634
11.95 D 3.1133 3.4937
11.96 D 3.2278 3.0794
11.97 D 3.0962 3.1789
11.98 D 3.3620 3.2667
11.99 D 3.6707 3.2730
12.00 D 2.9800 3.0121
12.01 D 3.2274 3.1253
12.02 D 3.2662 3.2842
12.03 D 3.0614 2.9715
12.04 D 3.1879 2.6656
12.05 D 3.4159 3.1130
12.06 D 3.0737 2.9319
12.07 D 3.3923 3.0310
12.08 D 3.3816 3.1330
12.09 D 3.3011 3.0093
12.10 D 3.3433 2.7621
12.11 D 3.1891 2.8808
12.12 D 2.8056 2.9806
12.13 D 3.0996 3.2123
12.14 D 3.0438 3.2544
12.15 D 3.0633 2.9883
12.16 D 3.2508 2.9459
12.17 D 3.1461 3.1018
12.18 D 2.9850 3.1086
12.19 D 2.9634 3.1120
12.20 D 3.1789 3.0564
12.21 D 3.2717 3.1259
12.22 D 3.2858 2.8686
12.23 D 3.1950 2.8568
12.24 D 3.2378 2.9409
12.25 D 3.0160 3.0060
12.26 D 3.0175 2.8617
12.27 D 3.2216 3.3287
12.28 D 3.2647 2.7521
12.29 D 3.3845 2.7960
12.30 D 3.3440 3.2280
12.31 D 3.3596 3.2097
12.32 D 3.0050 2.9521
12.33 D 2.8395 3.2949
12.34 D 3.1669 3.1100
12.35 D 3.0916 3.2666
12.36 D 3.4294 3.2025
12.37 D 3.2394 3.5883
12.38 D 3.5034 2.9927
12.39 D 2.9682 3.2021
12.40 D 3.2422 3.4826
12.41 D 3.3786 2.9639
12.42 D 3.5718 3.0340
12.43 D 3.3334 2.9408
12.44 D 3.2471 2.8108
12.45 D 3.2494 3.1734
12.46 D 3.3172 3.2278
12.47 D 3.1211 2.8610
12.48 D 3.4340 2.7809
12.49 D 3.2359 2.9262
12.50 D 3.4349 2.8715
12.51 D 3.0671 3.0445
12.52 D 3.1479 2.8715
12.53 D 3.5304 2.9496
12.54 D 3.2831 3.0576
12.55 D 3.1942 2.8774
12.56 D 3.4265 3.2083
12.57 D 3.2508 3.2229
12.58 D 3.2515 3.0328
12.59 D 3.2465 2.9914
12.60 D 3.5890 3.0352
12.61 D 3.3104 2.8991
12.62 D 3.4365 2.7620
12.63 D 3.3050 2.9269
12.64 D 3.0237 3.0222
12.65 D 3.2481 3.3905
12.66 D 3.3670 2.9589
12.67 D 3.1860 2.9642
12.68 D 3.2329 3.3327
12.69 D 3.3912 3.0627
12.70 D 3.1182 3.0991
12.71 D 3.3596 2.8805
12.72 D 2.9916 3.0506
12.73 D 2.9661 3.1407
12.74 D 3.3930 3.1037
12.75 D 3.3083 3.2794
12.76 D 3.1931 3.2384
12.77 D 3.1783 2.9398
12.78 D 3.1368 2.9851
12.79 D 3.4875 3.1497
12.80 D 3.2891 2.8536
12.81 D 3.3462 2.8880
12.82 D 3.2663 3.0815
12.83 D 3.4109 2.9965
12.84 D 3.3660 2.9050
12.85 D 3.1473 3.0954
12.86 D 3.1606 2.9651
12.87 D 3.1780 2.9373
12.88 D 3.1904 2.9149
12.89 D 3.3340 3.1811
12.90 D 3.2868 3.4209
12.91 D 3.2360 3.3240
12.92 D 3.3378 3.0665
12.93 D 3.2195 3.3063
12.94 D 3.0838 2.9855
12.95 D 3.2271 2.8567
12.96 D 3.4118 3.0057
12.97 D 3.0210 3.1369
12.98 D 3.3327 3.0288
12.99 D 3.0517 2.9558
13.00 D 3.1601 3.1505
13.01 D 3.1638 3.2265
13.02 D 3.5554 3.4335
13.03 D 3.6002 3.1614
13.04 D 3.3594 3.1970
13.05 D 3.3241 3.4795
13.06 D 3.1844 3.1438
13.07 D 3.2408 3.1762
13.08 D 3.3679 3.0802
13.09 D 3.1238 3.0838
13.10 D 3.1726 3.3652
13.11 D 3.1924 3.0233
13.12 D 3.4358 2.7873
13.13 D 3.2049 3.2102
13.14 D 3.0554 3.0947
13.15 D 3.3133 2.7909
13.16 D 3.0240 3.0139
13.17 D 3.1623 3.1313
13.18 D 3.2331 3.3212
13.19 D 3.0390 2.9666
13.20 D 3.1547 2.9149
13.21 D 3.4649 3.1139
13.22 D 3.2013 3.2697
13.23 D 3.2836 3.2014
13.24 D 3.1001 2.8489
13.25 D 3.1612 3.3404
13.26 D 3.0577 3.3839
13.27 D 3.2234 3.2318
13.28 D 3.2121 2.9923
13.29 D 3.2376 3.2327
13.30 D 3.4267 3.2486
13.31 D 3.2738 3.2043
13.32 D 3.1600 3.1782
13.33 D 3.5094 3.0046
13.34 D 3.3582 3.3643
13.35 D 3.4033 3.1386
13.36 D 3.2770 2.8941
13.37 D 3.2930 3.4453
13.38 D 3.2898 2.9613
13.39 D 3.3487 3.3681
13.40 D 3.4912 2.9175
13.41 D 3.3951 3.2529
13.42 D 2.7817 3.2770
13.43 D 3.3312 3.1412
13.44 D 3.1887 3.1516
13.45 D 2.9421 3.3066
13.46 D 3.0405 3.3577
13.47 D 3.0437 3.2024
13.48 D 3.1971 2.8732
13.49 D 2.8917 3.0398
13.50 D 3.2510 2.9207
13.51 D 3.2685 2.9317
13.52 D 3.3631 3.0915
13.53 D 3.0619 3.0871
13.54 D 3.1072 3.2511
13.55 D 3.0500 3.1341
13.56 D 3.0629 3.1634
13.57 D 3.4554 2.7405
13.58 D 3.2533 3.2055
13.59 D 3.3457 3.1974
13.60 D 3.1030 3.0406
13.61 D 3.4070 3.1724
13.62 D 3.3518 2.8086
13.63 D 3.2282 3.0583
13.64 D 3.3594 3.2104
13.65 D 3.2339 3.0482
13.66 D 3.1279 3.3588
13.67 D 3.2072 3.0790
13.68 D 3.0145 3.2264
13.69 D 3.4731 3.0222
13.70 D 3.0709 3.1156
13.71 D 3.3431 2.9542
13.72 D 3.6021 3.0005
13.73 D 3.1318 3.2391
13.74 D 3.5494 2.8693
13.75 D 3.3443 3.0136
13.76 D 3.4562 3.2274
13.77 D 3.4618 2.8573
13.78 D 3.4435 3.0676
13.79 D 3.7979 2.7982
13.80 D 3.2823 2.8578
13.81 D 3.3270 3.0571
13.82 D 3.2913 2.9390
13.83 D 3.4739 2.8923
13.84 D 3.3138 2.9441
13.85 D 3.1517 2.9832
13.86 D 3.5611 3.0491
13.87 D 3.7624 2.8972
13.88 D 3.3514 3.0903
13.89 D 3.4415 3.3171
13.90 D 3.2943 3.1104
13.91 D 3.4367 2.7939
13.92 D 3.4117 3.2504
13.93 D 3.4597 3.0346
13.94 D 3.2979 2.7994
13.95 D 3.5486 3.2705
13.96 D 3.4369 3.0973
13.97 D 3.6011 3.2010
13.98 D 3.5176 3.3816
13.99 D 3.3522 2.9999
14.00 D 3.2690 2.9674
14.01 D 3.1780 3.0729
14.02 D 2.9220 3.3433
14.03 D 3.3010 3.3348
14.04 D 3.1868 2.9651
14.05 D 3.0802 3.1898
14.06 D 2.9930 3.1609
14.07 D 3.3000 2.9452
14.08 D 3.4118 3.3622
14.09 D 3.5036 3.1155
14.10 D 3.1556 3.2965
14.11 D 3.3059 3.0796
14.12 D 3.3467 2.8388
14.13 D 3.2964 3.1357
14.14 D 3.2449 2.9816
14.15 D 3.4917 3.2157
14.16 D 3.1369 3.0598
14.17 D 2.9513 3.3180
14.18 D 3.1686 3.5634
14.19 D 3.3176 3.0085
14.20 D 3.2921 3.1934
14.21 D 3.2012 3.1850
14.22 D 3.3466 2.9923
14.23 D 3.4109 3.4066
14.24 D 3.5401 2.9813
14.25 D 3.2795 2.8676
14.26 D 3.0222 2.8466
14.27 D 3.4677 3.3719
14.28 D 3.2488 3.1168
14.29 D 3.0654 2.8550
14.30 D 3.2243 2.8957
14.31 D 3.1200 2.8550
14.32 D 3.2273 2.7704
14.33 D 3.0650 2.8008
14.34 D 3.3607 2.8206
14.35 D 3.4956 2.9659
14.36 D 3.1506 2.8670
14.37 D 3.2232 2.8959
14.38 D 3.7867 2.7320
14.39 D 3.3407 2.8714
14.40 D 3.5899 2.7226
14.41 D 3.1710 2.8566
14.42 D 3.4437 2.9501
14.43 D 3.2974 3.2142
14.44 D 3.1552 2.9258
14.45 D 3.0962 3.0267
14.46 D 3.1816 2.8488
14.47 D 3.1240 3.1850
14.48 D 2.7159 2.8457
14.49 D 2.9427 3.1661
14.50 D 3.2691 2.8700
14.51 D 3.4290 2.8000
14.52 D 3.1990 3.0280
14.53 D 3.1873 3.2094
14.54 D 3.2030 3.0878
14.55 D 3.1178 3.2938
14.56 D 3.3543 2.9993
14.57 D 3.3945 3.0894
14.58 D 3.1255 3.2170
14.59 D 3.1434 3.2393
14.60 D 3.3753 3.1638
14.61 D 3.1692 3.2543
14.62 D 3.2540 3.2969
14.63 D 3.2803 3.2727
14.64 D 3.5042 3.0703
14.65 D 3.3042 2.8879
14.66 D 3.2360 3.3681
14.67 D 3.1416 2.9444
14.68 D 3.3349 2.9686
14.69 D 3.5136 2.9067
14.70 D 3.3133 3.0055
14.71 D 2.9386 3.2749
14.72 D 2.9809 2.8808
14.73 D 3.5985 3.1967
14.74 D 3.1217 3.2987
14.75 D 3.1382 3.1815
14.76 D 3.0118 2.9138
14.77 D 2.9398 3.3458
14.78 D 3.4915 2.9647
14.79 D 3.2730 3.0985
14.80 D 3.1760 3.2005
14.81 D 3.2392 3.1069
14.82 D 3.4108 3.3844
14.83 D 3.1613 3.3152
14.84 D 3.2436 3.3341
14.85 D 3.0847 3.2350
14.86 D 3.6029 3.4843
14.87 D 3.0937 3.2409
14.88 D 3.2056 3.1993
14.89 D 3.5736 3.0878
14.90 D 3.1377 3.3961
14.91 D 3.3968 3.2986
14.92 D 3.0796 3.2256
14.93 D 3.3096 3.1957
14.94 D 3.2226 3.0591
14.95 D 3.2638 3.1313
14.96 D 3.5547 3.3032
14.97 D 2.8783 3.1823
14.98 D 3.1871 3.1197
14.99 D 3.0615 3.1110
15.00 D 3.2960 2.9139
15.01 D 3.1645 2.7994
15.02 D 3.4078 3.0046
15.03 D 3.1898 3.1994
15.04 D 3.2392 2.9518
15.05 D 3.3029 3.0345
15.06 D 3.6514 3.1647
15.07 D 3.7806 3.0463
15.08 D 3.8191 3.0698
15.09 D 3.1022 3.4228
15.10 D 3.3909 2.9073
15.11 D 3.1380 3.1845
15.12 D 3.2366 3.1626
15.13 D 3.1789 2.9949
15.14 D 3.4330 2.8839
15.15 D 3.2177 2.8877
15.16 D 3.4861 3.0461
15.17 D 3.5472 2.9737
15.18 D 3.2006 3.0794
15.19 D 3.4740 3.2306
15.20 D 3.4696 3.1469
15.21 D 3.0571 3.2356
15.22 D 3.2491 2.9093
15.23 D 3.2888 3.1755
15.24 D 3.3135 2.9525
15.25 D 3.1706 2.7456
15.26 D 3.0530 3.3155
15.27 D 3.3314 3.0742
15.28 D 3.3561 3.0858
15.29 D 3.2655 3.2455
15.30 D 3.8323 2.9669
15.31 D 3.0619 3.3781
15.32 D 3.3594 2.8472
15.33 D 3.3295 2.9344
15.34 D 3.2078 3.1966
15.35 D 3.2665 2.8809
15.36 D 3.4355 3.3005
15.37 D 3.2758 3.1675
15.38 D 3.1665 3.0834
15.39 D 3.6703 2.8285
15.40 D 3.2194 3.3892
15.41 D 3.4321 3.0812
15.42 D 3.5102 3.2175
15.43 D 3.5695 3.0625
15.44 D 3.5164 2.7517
15.45 D 3.4488 3.1825
15.46 D 3.3050 2.8519
15.47 D 3.2325 2.8401
15.48 D 3.5920 2.6769
15.49 D 3.0993 3.1917
15.50 D 3.2487 2.9948
15.51 D 3.1266 3.0645
15.52 D 3.3005 2.8660
15.53 D 3.3249 3.1262
15.54 D 3.0818 2.8133
15.55 D 3.4151 3.2261
15.56 D 3.4056 2.9329
15.57 D 2.7880 2.9351
15.58 D 3.4035 3.0649
15.59 D 3.3591 3.0827
15.60 D 3.0090 3.2142
15.61 D 3.4058 3.1132
15.62 D 3.6326 3.1507
15.63 D 3.1918 2.9489
15.64 D 3.4013 3.1084
15.65 D 3.4629 2.9558
15.66 D 3.2794 3.3162
15.67 L 4.0897 3.1700
15.68 D 3.1224 3.1365
15.69 D 3.4304 3.0515
15.70 D 3.2613 3.0599
15.71 D 3.9970 3.0689
15.72 D 3.1292 2.9096
15.73 D 3.5189 3.4669
15.74 D 3.8419 2.8293
15.75 D 3.8417 3.1368
15.76 D 3.1628 2.8543
15.77 D 3.5406 3.3208
15.78 D 3.1118 3.2549
15.79 D 3.3027 3.1729
15.80 D 3.6501 3.3203
15.81 D 3.3934 3.0626
15.82 D 3.3089 2.9626
15.83 D 2.9924 3.0400
15.84 D 3.4423 3.5817
15.85 D 3.1949 3.1432
15.86 D 3.3048 2.9778
15.87 D 3.2888 3.1463
15.88 D 3.0105 2.9395
15.89 D 3.2780 3.2422
15.90 D 3.0925 3.1755
15.91 D 2.8955 3.0442
15.92 D 3.3209 3.0969
15.93 D 3.0492 3.2282
15.94 D 3.5304 2.9131
15.95 D 3.3402 3.0099
15.96 D 3.1789 3.1283
15.97 D 3.2175 3.0702
15.98 D 3.5869 3.3776
15.99 D 3.1977 3.5019
16.00 D 3.5454 2.9159
16.01 D 3.3059 3.0178
16.02 D 3.4458 3.3885
16.03 D 3.1678 3.1458
16.04 D 3.2494 2.9066
16.05 D 3.2784 3.2191
16.06 D 3.4463 3.1434
16.07 D 3.4978 2.8761
16.08 D 3.4718 3.1984
16.09 D 3.4313 3.0887
16.10 D 3.2624 3.1976
16.11 D 3.4671 3.0169
16.12 D 3.7231 3.0659
16.13 D 3.2226 3.0387
16.14 D 3.3711 3.2395
16.15 L 4.4472 2.9784
16.16 D 3.1016 3.4402
16.17 D 3.6780 2.9935
16.18 D 3.5952 3.4456
16.19 D 3.2385 2.9256
16.20 D 3.3143 3.0847
16.21 D 3.2255 3.1693
16.22 D 3.2692 2.9547
16.23 D 3.3249 2.9708
16.24 D 3.6691 3.2759
16.25 D 3.8941 3.3414
16.26 D 3.7916 3.1397
16.27 D 3.7769 2.8523
16.28 L 6.2563 3.0923
16.29 L 7.6544 3.0860
16.30 L 7.2927 3.0470
16.31 L 7.3662 3.1049
16.32 L 8.2295 2.9984
16.33 L 7.7285 2.8441
16.34 L 6.3639 3.0943
16.35 L 5.8991 2.8200
16.36 L 6.3663 2.9243
16.37 L 6.2097 3.2330
16.38 L 6.1252 2.9011
16.39 L 4.9926 3.0516
16.40 L 4.7737 2.9010
16.41 L 6.3646 2.8983
16.42 L 6.4105 2.8822
16.43 L 6.6000 3.1352
16.44 L 6.6197 3.2204
16.45 L 5.5518 3.2430
16.46 L 5.6879 3.0970
16.47 L 6.4638 3.2843
16.48 L 4.0324 2.9692
16.49 L 5.2936 3.0594
16.50 L 5.5528 3.1399
16.51 L 5.7530 3.1061
16.52 L 6.2014 2.8440
16.53 L 6.4863 3.2449
16.54 L 6.8936 3.3386
16.55 L 6.4944 3.2382
16.56 L 6.3210 2.9429
16.57 L 6.1170 3.2972
16.58 L 6.5749 3.2197
16.59 L 5.3297 3.1206
16.60 L 5.6881 3.2130
16.61 L 5.6867 3.3478
16.62 L 5.3326 2.9746
16.63 L 6.0358 2.9618
16.64 L 5.7164 2.6609
16.65 L 5.9841 3.0043
16.66 L 5.4173 3.1343
16.67 L 4.1079 2.8821
16.68 L 4.3549 3.4091
16.69 D 3.4570 3.0618
16.70 D 3.7818 3.1537
16.71 L 4.6372 3.1838
16.72 L 5.4130 2.8296
16.73 L 6.1333 3.2296
16.74 L 6.7624 2.8743
16.75 L 5.1279 3.0215
16.76 L 5.2647 3.2010
16.77 L 5.1677 2.9561
16.78 L 6.7284 3.2007
16.79 L 5.6091 3.0747
16.80 L 6.1657 3.2760
16.81 L 6.6841 3.3556
16.82 L 6.0445 2.9527
16.83 L 5.7690 3.1589
16.84 L 6.3660 3.4650
16.85 L 6.6827 2.9792
16.86 D 3.9922 3.0087
16.87 L 4.2887 3.0106
16.88 L 4.0845 3.2606
16.89 L 4.0789 3.4967
16.90 D 3.2009 3.4652
16.91 D 3.6113 3.3006
16.92 D 3.5355 3.6269
16.93 L 4.0321 3.3007
16.94 D 3.8576 3.6794
16.95 L 4.2200 3.4458
16.96 D 3.8435 3.1699
16.97 L 4.8764 2.8910
16.98 L 5.9805 3.0104
16.99 L 7.6997 3.0696
17.00 L 7.4402 2.7884
17.01 L 8.4446 2.8356
17.02 L 7.3745 3.3283
17.03 L 5.8759 3.0448
17.04 L 6.2532 2.8777
17.05 L 7.1372 2.9095
17.06 L 6.7537 3.0532
17.07 L 7.5187 2.7634
17.08 L 6.6197 3.0673
17.09 L 7.3181 2.8538
17.10 L 7.1326 2.9153
17.11 L 6.5070 3.0883
17.12 L 6.1760 2.7145
17.13 L 7.4646 3.3633
17.14 L 9.2582 3.2092
17.15 L 8.5322 3.5260
17.16 L 7.0707 3.1514
17.17 L 8.0452 2.9741
17.18 L 7.7258 3.1517
17.19 L 8.0809 3.5643
17.20 L 6.0311 2.8620
17.21 L 6.6609 2.7778
17.22 L 7.3098 3.0513
17.23 L 8.1713 3.3495
17.24 L 6.6924 3.0951
17.25 L 6.0302 3.0959
17.26 L 5.7443 2.7815
17.27 L 6.8357 2.8713
17.28 L 7.3442 2.7621
17.29 L 6.8348 2.7909
17.30 L 6.5970 2.8146
17.31 L 7.8984 2.8123
17.32 L 8.2962 2.8332
17.33 L 7.6963 2.8862
17.34 L 7.2129 2.6783
17.35 L 6.2511 2.8295
17.36 L 6.5969 2.6605
17.37 L 6.1477 3.0433
17.38 L 5.4480 2.9117
17.39 L 5.1894 2.7226
17.40 L 4.9228 2.8443
17.41 L 5.0779 3.1943
17.42 L 4.3995 2.8493
17.43 L 4.1602 2.9669
17.44 L 4.2151 3.0288
17.45 L 5.3143 2.8211
17.46 L 4.6924 3.3748
17.47 L 5.5053 2.9448
17.48 L 5.9569 2.6673
17.49 L 7.6245 2.8822
17.50 L 6.7130 2.8279
17.51 L 6.3408 3.1104
17.52 L 6.3105 2.9234
17.53 L 5.7562 3.0031
17.54 L 4.9701 2.8935
17.55 L 4.8851 3.0944
17.56 L 4.6721 3.2506
17.57 L 4.5554 3.1440
17.58 L 5.5489 2.9707
17.59 L 5.4184 3.2064
17.60 L 5.3964 2.8237
17.61 L 5.7433 3.0072
17.62 L 6.2144 3.0820
17.63 L 5.9879 3.4537
17.64 L 5.3382 3.3481
17.65 D 3.8101 3.1710
17.66 L 4.4568 2.8881
17.67 L 5.6411 2.9102
17.68 L 6.7219 3.0413
17.69 L 6.7207 2.9277
17.70 L 6.5192 2.8214
17.71 L 7.3468 2.9451
17.72 L 6.9271 3.1304
17.73 L 7.0886 3.0541
17.74 L 7.4594 3.2454
17.75 L 8.1639 3.1880
17.76 L 7.5119 3.0682
17.77 L 7.7204 3.1758
17.78 L 6.6832 3.0197
17.79 L 6.9524 3.0558
17.80 L 6.2744 3.0347
17.81 L 6.1713 3.1677
17.82 L 7.0263 3.3248
17.83 L 7.7788 2.9579
17.84 L 7.4791 3.1816
17.85 L 7.0717 3.1327
17.86 L 7.6318 2.8238
17.87 L 7.6438 3.0340
17.88 L 7.6424 2.9674
17.89 L 7.3656 3.0923
17.90 L 6.3661 3.2464
17.91 L 7.1642 3.2359
17.92 L 7.4114 3.1197
17.93 L 7.4779 3.2311
17.94 L 9.0304 3.0403
17.95 L 8.8788 3.0725
17.96 L 9.0683 2.8787
17.97 L 8.3796 3.1047
17.98 L 7.3239 2.9407
17.99 L 8.0716 3.4218
18.00 L 8.5975 3.2440
18.01 L 8.6463 3.1749
18.02 L 9.1934 3.3937
18.03 L 9.9816 3.0008
18.04 L 9.2186 2.8773
18.05 L 9.0091 2.8610
18.06 L 8.3252 2.9608
18.07 L 9.2072 2.8407
18.08 L 10.1869 2.9668
18.09 L 9.0572 2.8214
18.10 L 8.3477 2.8148
18.11 L 8.0804 2.8579
18.12 L 8.3442 2.9150
18.13 L 8.1892 3.0794
18.14 L 9.0558 3.1948
18.15 L 9.1544 3.2800
18.16 L 9.6422 3.1395
18.17 L 8.6053 3.0310
18.18 L 9.3746 3.2270
18.19 L 9.0983 3.4102
18.20 L 8.5280 3.1824
18.21 L 9.3371 2.9284
18.22 L 9.5831 3.0944
18.23 L 10.4761 3.1324
18.24 L 9.6812 3.1485
18.25 L 9.5115 3.1826
18.26 L 10.8793 2.9944
18.27 L 10.7454 2.9810
18.28 L 9.9024 3.1481
18.29 L 11.5550 3.1183
18.30 L 10.1743 2.9544
18.31 L 8.1539 2.9564
18.32 L 8.9889 3.1130
18.33 L 9.5783 2.9989
18.34 L 10.3730 3.1052
18.35 L 9.8671 3.1715
18.36 L 11.4906 3.1301
18.37 L 11.6482 3.0539
18.38 L 12.1027 2.8730
18.39 L 12.0252 2.9642
18.40 L 12.1215 3.0859
18.41 L 12.0296 3.2600
18.42 L 12.9362 3.1871
18.43 L 11.9622 3.2609
18.44 L 12.0711 3.1793
18.45 L 11.9350 2.9259
18.46 L 11.7587 3.1720
18.47 L 11.8312 3.0173
18.48 L 11.7823 3.3257
18.49 L 12.3248 2.9701
18.50 L 12.5671 3.3705
18.51 L 11.8976 2.8926
18.52 L 13.7775 3.2904
18.53 L 13.2928 2.9080
18.54 L 14.0586 3.3096
18.55 L 15.0324 3.1972
18.56 L 12.3785 3.4330
18.57 L 13.1703 2.8061
18.58 L 13.6757 3.0555
18.59 L 12.6356 3.2167
18.60 L 12.1102 2.9575
18.61 L 12.5340 3.3783
18.62 L 12.9373 3.2218
18.63 L 11.8637 3.2184
18.64 L 12.7688 3.0701
18.65 L 12.3934 3.0170
18.66 L 12.2121 3.2302
18.67 L 11.6344 3.0029
18.68 L 12.7358 3.1145
18.69 L 12.7279 3.0355
18.70 L 11.5258 3.3498
18.71 L 12.7407 2.9538
18.72 L 11.5194 3.2963
18.73 L 11.9266 2.9361
18.74 L 12.9371 3.5914
18.75 L 13.0557 3.0431
18.76 L 13.7899 3.2180
18.77 L 12.4969 3.1964
18.78 L 13.5897 3.2951
18.79 L 12.6734 2.9314
18.80 L 12.1210 2.9446
18.81 L 11.4019 3.1668
18.82 L 10.9818 3.4838
18.83 L 11.7681 2.9509
18.84 L 11.9018 2.9590
18.85 L 11.7942 3.2147
18.86 L 12.3717 3.1342
18.87 L 12.1793 3.1446
18.88 L 12.8822 3.1403
18.89 L 13.1726 3.2331
18.90 L 13.3460 3.0255
18.91 L 14.5642 3.1983
18.92 L 12.6628 3.1833
18.93 L 11.4831 3.0242
18.94 L 12.3512 3.4933
18.95 L 12.9793 2.9894
18.96 L 11.6849 2.9114
18.97 L 13.7190 3.1276
18.98 L 12.5182 3.0274
18.99 L 12.6880 3.3922
19.00 L 12.2447 3.1158
19.01 L 13.0547 3.1146
19.02 L 13.2817 3.1136
19.03 L 12.6516 3.2403
19.04 L 12.6027 3.2525
19.05 L 12.0825 3.0401
19.06 L 12.2082 2.9296
19.07 L 14.9439 2.9104
19.08 L 13.5286 3.1750
19.09 L 13.5546 3.0566
19.10 L 12.2472 3.0898
19.11 L 11.5233 3.2648
19.12 L 12.9380 3.1744
19.13 L 14.0352 3.1617
19.14 L 13.5087 3.3644
19.15 L 13.7648 2.8497
19.16 L 12.6633 3.2382
19.17 L 11.2099 3.0193
19.18 L 10.1350 3.1209
19.19 L 8.9853 3.0793
19.20 L 9.2591 2.9510
19.21 L 9.9684 3.2940
19.22 L 9.8780 2.9695
19.23 L 9.3842 2.9925
19.24 L 9.5446 3.3847
19.25 L 8.9682 2.9752
19.26 L 9.1802 3.2684
19.27 L 10.0146 3.1746
19.28 L 10.8384 3.4739
19.29 L 9.6035 3.3951
19.30 L 10.2770 2.8690
19.31 L 11.2290 2.8725
19.32 L 11.0228 3.1300
19.33 L 10.3664 3.0818
19.34 L 11.5335 3.0287
19.35 L 11.4976 3.0494
19.36 L 12.3922 3.2644
19.37 L 14.1300 3.1321
19.38 L 12.3448 3.1660
19.39 L 12.2897 3.0821
19.40 L 13.0004 2.9682
19.41 L 14.2573 2.9666
19.42 L 15.2670 2.8881
19.43 L 13.1546 2.9230
19.44 L 12.5770 3.2808
19.45 L 14.1214 2.7589
19.46 L 12.4861 3.0134
19.47 L 12.0884 3.0976
19.48 L 12.4204 3.1869
19.49 L 13.2960 3.2482
19.50 L 13.4434 2.8597
19.51 L 13.2886 2.7717
19.52 L 12.0999 3.1770
19.53 L 12.1533 3.3976
19.54 L 11.4507 2.9929
19.55 L 11.0323 3.4760
19.56 L 10.5788 3.0817
19.57 L 9.7530 2.9886
19.58 L 11.1912 3.1587
19.59 L 9.6949 3.0423
19.60 L 11.6579 3.1424
19.61 L 11.8676 3.1069
19.62 L 13.5379 2.8461
19.63 L 13.2173 3.2747
19.64 L 12.6336 3.1761
19.65 L 13.4905 3.0436
19.66 L 13.8058 3.1317
19.67 L 14.2282 2.9845
19.68 L 13.8659 3.1986
19.69 L 13.6290 3.3628
19.70 L 14.9291 2.9933
19.71 L 14.4382 3.0478
19.72 L 14.1385 3.2168
19.73 L 13.2658 2.8192
19.74 L 12.2030 2.7905
19.75 L 12.0498 3.2356
19.76 L 12.0028 3.1393
19.77 L 11.6843 3.1619
19.78 L 12.2924 2.8516
19.79 L 11.5925 3.1234
19.80 L 11.2140 2.8867
19.81 L 11.5594 3.0213
19.82 L 12.0197 3.1671
19.83 L 11.6065 3.0756
19.84 L 11.7297 3.0338
19.85 L 11.0140 3.0394
19.86 L 10.8492 3.1744
19.87 L 9.9302 3.1026
19.88 L 12.0639 3.1826
19.89 L 11.0342 3.2316
19.90 L 9.9679 3.0842
19.91 L 9.4026 2.6696
19.92 L 9.3800 2.8002
19.93 L 10.0897 3.0333
19.94 L 9.8801 2.8541
19.95 L 8.7255 3.1891
19.96 L 8.8863 3.1420
19.97 L 8.4977 3.0443
19.98 L 10.1245 3.2937
19.99 L 9.0297 3.1826
20.00 L 8.9757 2.9941
20.01 L 7.5983 3.3079
20.02 L 8.7856 3.0838
20.03 L 9.9607 3.0163
20.04 L 8.9374 3.0044
20.05 L 8.3095 3.2200
20.06 L 7.6216 2.9547
20.07 L 7.1150 2.9664
20.08 L 6.3832 3.1589
20.09 L 6.1395 3.1171
20.10 L 7.5284 2.8282
20.11 L 6.3354 3.2348
20.12 L 6.3939 2.9877
20.13 L 6.9666 3.1371
20.14 L 6.1800 3.1877
20.15 L 6.3157 3.2068
20.16 L 6.3848 3.1571
20.17 L 7.2675 2.7943
20.18 L 7.2429 2.9064
20.19 L 5.6256 3.0207
20.20 L 6.5794 3.0588
20.21 L 6.4665 3.0623
20.22 L 6.2630 3.2268
20.23 L 6.7225 3.1311
20.24 L 6.2122 2.9363
20.25 L 7.0752 3.0645
20.26 L 5.9367 2.8803
20.27 L 7.3830 3.0264
20.28 L 6.8017 2.9509
20.29 L 6.9299 3.0995
20.30 L 8.8926 3.0995
20.31 L 9.6401 2.9731
20.32 L 9.6919 2.9270
20.33 L 9.0038 2.8934
20.34 L 9.3468 2.8540
20.35 L 8.2805 2.9325
20.36 L 8.1215 3.1283
20.37 L 7.8380 2.9817
20.38 L 8.0860 2.9524
20.39 L 8.3621 2.8999
20.40 L 7.8555 3.3132
20.41 L 7.4044 3.1305
20.42 L 8.2488 3.1942
20.43 L 7.3207 3.0125
20.44 L 9.0194 2.9790
20.45 L 6.8590 3.3496
20.46 L 6.4849 2.6367
20.47 L 6.1727 3.1117
20.48 L 6.4647 2.9112
20.49 L 7.0254 3.0559
20.50 L 7.1370 3.0329
20.51 L 7.4672 3.0468
20.52 L 7.0601 3.0002
20.53 L 7.8945 3.0484
20.54 L 7.6914 3.2978
20.55 L 8.4178 3.1662
20.56 L 8.1036 3.2217
20.57 L 8.7014 2.9614
20.58 L 9.7456 3.1330
20.59 L 9.7504 2.9403
20.60 L 9.2094 3.0436
20.61 L 8.3055 3.0735
20.62 L 6.3798 3.2553
20.63 L 8.5100 3.4448
20.64 L 9.4942 3.0152
20.65 L 9.8062 3.2086
20.66 L 9.8700 2.8887
20.67 L 9.4376 2.9009
20.68 L 9.2999 3.1714
20.69 L 7.9825 3.3163
20.70 L 6.4167 3.1563
20.71 L 6.1420 3.3741
20.72 L 6.2389 3.0541
20.73 L 6.7271 3.0810
20.74 L 6.6772 3.1948
20.75 L 8.0021 3.1294
20.76 L 7.9448 3.0639
20.77 L 6.4877 3.0253
20.78 L 7.7370 2.9047
20.79 L 9.2221 2.7505
20.80 L 8.6410 2.9759
20.81 L 7.8403 2.9867
20.82 L 8.6781 3.1829
20.83 L 8.8891 3.0590
20.84 L 10.0188 3.0362
20.85 L 8.5125 3.0836
20.86 L 8.0832 3.2050
20.87 L 7.3117 3.2126
20.88 L 6.2870 2.8694
20.89 L 8.1189 3.3735
20.90 L 8.3167 2.9146
20.91 L 10.0626 3.4002
20.92 L 10.0541 3.3193
20.93 L 9.2938 3.1866
20.94 L 10.0155 2.9754
20.95 L 9.6391 3.0382
20.96 L 10.0457 3.0646
20.97 L 9.2369 3.1266
20.98 L 10.5043 3.2583
20.99 L 10.1510 2.9986
21.00 L 11.7409 2.8162
21.01 L 11.5080 2.9095
21.02 L 11.6842 2.9004
21.03 L 12.5739 3.2460
21.04 L 10.7420 2.7480
21.05 L 11.3359 3.1664
21.06 L 12.0836 3.0384
21.07 L 12.4725 3.0181
21.08 L 12.0065 3.3691
21.09 L 11.6444 3.0350
21.10 L 10.8819 3.0896
21.11 L 9.4912 3.2184
21.12 L 10.5342 3.0575
21.13 L 10.6354 3.0493
21.14 L 11.8520 2.7560
21.15 L 10.1567 3.0733
21.16 L 12.1343 3.1256
21.17 L 11.7918 3.0654
21.18 L 10.3597 2.8928
21.19 L 10.1469 3.3035
21.20 L 11.0916 2.9440
21.21 L 11.7084 3.0184
21.22 L 11.1792 3.1329
21.23 L 10.7712 2.9999
21.24 L 11.3152 3.1800
21.25 L 11.8533 2.9130
21.26 L 11.5619 3.0383
21.27 L 10.6363 2.8632
21.28 L 12.1183 3.0762
21.29 L 12.4769 3.2090
21.30 L 12.0764 3.1291
21.31 L 13.3070 2.9074
21.32 L 13.6855 2.9304
21.33 L 13.3081 2.9357
21.34 L 14.9443 3.1209
21.35 L 16.5722 2.8632
21.36 L 15.4918 3.0781
21.37 L 15.4311 3.0018
21.38 L 14.7326 3.2753
21.39 L 13.9777 3.2547
21.40 L 14.3733 3.1890
21.41 L 15.3741 3.1701
21.42 L 14.8689 3.1324
21.43 L 15.6649 3.0451
21.44 L 16.1482 3.4960
21.45 L 15.2433 2.8528
21.46 L 14.8607 2.9127
21.47 L 15.1065 2.9993
21.48 L 14.2148 3.2150
21.49 L 14.2815 2.8945
21.50 L 13.9637 3.0338
21.51 L 14.0271 2.9815
21.52 L 14.9080 3.2884
21.53 L 15.7163 3.1807
21.54 L 15.4214 2.9118
21.55 L 15.2087 2.9032
21.56 L 15.0360 2.8170
21.57 L 14.5545 3.2756
21.58 L 14.7217 3.2032
21.59 L 14.1245 3.3642
21.60 L 14.4668 3.0083
21.61 L 14.7230 3.4472
21.62 L 14.4699 3.1455
21.63 L 14.4724 3.0363
21.64 L 14.2768 3.1967
21.65 L 14.2461 3.1493
21.66 L 15.0250 3.0012
21.67 L 14.8868 2.9728
21.68 L 15.1322 3.3514
21.69 L 14.7166 2.9450
21.70 L 14.9789 2.9274
21.71 L 13.4104 2.8718
21.72 L 12.4929 3.2480
21.73 L 13.8501 3.3561
21.74 L 12.1086 3.2525
21.75 L 12.9169 3.0429
21.76 L 12.9420 3.2227
21.77 L 13.5388 2.9218
21.78 L 14.9284 2.9428
21.79 L 14.8092 2.8902
21.80 L 14.5614 3.1588
21.81 L 14.0967 2.8938
21.82 L 13.0893 3.0063
21.83 L 13.2797 2.8701
21.84 L 12.9472 3.0798
21.85 L 11.8995 2.9743
21.86 L 11.8942 3.2581
21.87 L 11.4268 3.2164
21.88 L 11.5740 2.9173
21.89 L 10.7864 3.0422
21.90 L 10.3419 3.2024
21.91 L 10.8508 2.9773
21.92 L 8.7390 3.2073
21.93 L 9.2760 2.9578
21.94 L 9.5654 2.9558
21.95 L 8.5014 2.9120
21.96 L 8.2652 3.0087
21.97 L 9.2844 3.1974
21.98 L 8.5455 3.0241
21.99 L 8.8180 2.9935
22.00 L 10.3255 2.9673
22.01 L 9.9089 3.1787
22.02 L 10.5292 3.3011
22.03 L 10.8127 3.3899
22.04 L 8.9595 3.3035
22.05 L 8.1671 3.1671
22.06 L 7.5253 2.9786
22.07 L 6.7672 2.9975
22.08 L 6.5880 2.9444
22.09 L 4.1123 3.1672
22.10 L 5.7451 3.2493
22.11 L 6.0218 3.2341
22.12 L 5.6399 3.3015
22.13 L 5.8880 2.8060
22.14 L 7.1075 3.0290
22.15 L 6.3620 3.0165
22.16 L 6.2675 3.1516
22.17 L 4.9904 2.8639
22.18 L 5.3489 3.0458
22.19 L 6.2507 2.8410
22.20 L 7.0337 3.0355
22.21 L 8.2272 3.2999
22.22 L 7.5527 2.8830
22.23 L 8.0964 3.1724
22.24 L 8.2788 3.1135
22.25 L 9.0281 2.8539
22.26 L 10.0436 3.3046
22.27 L 10.4595 2.9452
22.28 L 10.1552 2.9927
22.29 L 10.9387 3.3231
22.30 L 11.0325 3.1261
22.31 L 10.4461 3.1653
22.32 L 9.9883 2.8694
22.33 L 11.0326 2.9776
22.34 L 12.3229 2.9518
22.35 L 12.3176 3.1185
22.36 L 11.8426 3.1463
22.37 L 12.9185 2.9773
22.38 L 13.0399 3.0501
22.39 L 11.9369 3.0544
22.40 L 12.3393 3.0742
22.41 L 11.1090 3.4899
22.42 L 12.3445 3.2312
22.43 L 11.9525 2.8922
22.44 L 12.9153 3.0238
22.45 L 11.8683 2.9352
22.46 L 13.3445 3.1355
22.47 L 13.3290 2.6840
22.48 L 11.9528 3.0999
22.49 L 11.9908 2.8514
22.50 L 11.1785 3.1771
22.51 L 10.4765 3.3678
22.52 L 11.1987 3.0669
22.53 L 10.0366 3.0257
22.54 L 10.9472 2.8913
22.55 L 9.8781 2.8287
22.56 L 9.3218 3.0064
22.57 L 10.1405 3.2248
22.58 L 8.4426 3.0196
22.59 L 9.5073 2.8721
22.60 L 12.2553 3.3096
22.61 L 8.8319 2.9462
22.62 L 10.0471 3.3079
22.63 L 9.9890 3.3503
22.64 L 10.2857 3.3457
22.65 L 9.0534 2.9328
22.66 L 10.1151 3.2539
22.67 L 9.6039 3.1077
22.68 L 10.3785 2.8940
22.69 L 10.4046 3.0290
22.70 L 9.7459 3.1242
22.71 L 10.6078 3.2221
22.72 L 9.9934 3.5626
22.73 L 11.5941 3.2249
22.74 L 8.5551 3.2172
22.75 L 10.6130 3.2087
22.76 L 10.2792 3.2716
22.77 L 9.5479 3.3457
22.78 L 10.3376 2.9126
22.79 L 9.3394 2.9389
22.80 L 8.3126 3.3808
22.81 L 8.7140 2.9764
22.82 L 9.4327 3.0681
22.83 L 9.0689 3.0562
22.84 L 9.2433 3.1781
22.85 L 9.3937 3.2516
22.86 L 10.7689 3.2672
22.87 L 12.3683 3.2103
22.88 L 12.7980 2.9807
22.89 L 12.9018 2.9856
22.90 L 13.6149 3.1846
22.91 L 13.3781 3.0553
22.92 L 14.1320 3.0560
22.93 L 14.9966 2.8958
22.94 L 14.3556 3.1621
22.95 L 13.4597 3.1398
22.96 L 14.4594 3.2723
22.97 L 14.5609 3.2120
22.98 L 15.0240 3.1893
22.99 L 14.2053 2.9061
23.00 L 14.5300 3.2293
23.01 L 14.0706 2.9542
23.02 L 12.6016 2.9903
23.03 L 12.7215 3.0691
23.04 L 13.3993 2.8356
23.05 L 12.8261 2.8734
23.06 L 14.4038 3.2124
23.07 L 15.9462 2.8394
23.08 L 14.2743 3.0430
23.09 L 14.1648 3.4199
23.10 L 13.9161 2.9917
23.11 L 14.3786 3.2098
23.12 L 15.1398 2.9220
23.13 L 14.4095 3.1712
23.14 L 13.4166 3.2595
23.15 L 12.2849 2.9472
23.16 L 13.5077 2.9114
23.17 L 15.0137 3.1722
23.18 L 14.7781 2.8788
23.19 L 14.4350 2.8680
23.20 L 15.1433 3.1554
23.21 L 15.2152 3.0749
23.22 L 16.2222 3.3993
23.23 L 17.6188 3.1064
23.24 L 17.4607 2.8960
23.25 L 15.4407 3.0573
23.26 L 14.7926 3.1816
23.27 L 15.3125 3.1690
23.28 L 13.8257 3.0138
23.29 L 13.0118 3.1065
23.30 L 12.8966 3.0554
23.31 L 12.2664 2.9252
23.32 L 11.2562 3.0875
23.33 L 10.8923 3.0401
23.34 L 13.5650 2.8633
23.35 L 12.8442 2.8471
23.36 L 13.1640 3.1719
23.37 L 9.5967 3.1585
23.38 L 11.6792 3.2873
23.39 L 14.0534 3.3691
23.40 L 11.7917 3.4485
23.41 L 10.8390 2.9205
23.42 L 9.6461 3.0611
23.43 L 9.2881 3.1797
23.44 L 8.8099 3.2550
23.45 L 9.1046 2.9349
23.46 L 9.9026 2.8355
23.47 L 7.5816 2.9312
23.48 L 6.3378 2.8326
23.49 L 5.7121 2.8623
23.50 L 7.2885 3.0905
23.51 L 5.9792 2.9711
23.52 L 6.7207 2.9012
23.53 L 7.3578 3.1646
23.54 L 6.7627 2.8571
23.55 L 6.4532 2.9621
23.56 L 7.2437 3.1906
23.57 L 6.3915 2.9516
23.58 L 5.6654 2.8913
23.59 L 6.3075 3.0213
23.60 L 6.2916 2.9314
23.61 L 6.7199 2.9777
23.62 L 5.9197 3.0683
23.63 L 6.3948 2.9303
23.64 L 6.0087 3.0680
23.65 L 4.3724 3.1982
23.66 D 3.7331 3.1253
23.67 D 3.3930 3.0520
23.68 D 3.6137 3.0981
23.69 L 4.4488 3.0233
23.70 L 5.8842 2.9994
23.71 D 3.6456 3.0301
23.72 D 3.9255 3.0128
23.73 D 3.4281 3.0712
23.74 D 3.5664 3.0486
23.75 L 4.1616 2.8454
23.76 L 4.1744 3.3815
23.77 L 4.5057 3.1687
23.78 D 3.1402 3.2500
23.79 D 3.8038 3.5841
23.80 D 3.7872 3.1243
23.81 D 3.7060 3.3287
23.82 D 3.3448 2.9670
23.83 D 3.2201 3.0739
23.84 D 3.6095 2.9885
23.85 L 4.1969 3.0173
23.86 D 3.5423 3.1075
23.87 D 3.5782 2.8042
23.88 D 3.4168 2.9310
23.89 D 3.3756 3.3354
23.90 D 3.5740 3.1088
23.91 D 3.4494 2.9552
23.92 D 3.6302 3.4710
23.93 D 3.5871 2.9933
23.94 D 3.6220 3.0723
23.95 L 4.8134 2.9366
23.96 D 3.9987 3.0464
23.97 D 3.1156 2.9917
23.98 D 3.5321 3.3136
23.99 D 3.3713 3.1939
24.00 D 3.7357 2.7828
24.01 D 3.5179 3.0109
24.02 D 3.3994 2.9105
24.03 D 3.3263 3.0418
24.04 D 3.4679 2.8817
24.05 L 4.0151 2.8693
24.06 D 3.7133 3.1940
24.07 D 3.4009 2.7939
24.08 D 3.3341 3.1187
24.09 D 3.0372 2.8496
24.10 D 3.4199 2.8261
24.11 D 3.2422 2.8808
24.12 D 3.3266 3.0503
24.13 D 3.8327 2.7115
24.14 D 3.3989 3.2906
24.15 L 4.5948 3.4295
24.16 D 3.5761 3.1643
24.17 L 4.4969 2.8823
24.18 D 3.7590 3.2110
24.19 L 4.8333 3.1426
24.20 L 4.5280 2.8570
24.21 D 3.7569 3.2795
24.22 D 3.6739 3.5179
24.23 D 3.7740 3.4822
24.24 D 3.3523 3.2663
24.25 L 5.2708 3.0033
24.26 L 6.4282 3.2497
24.27 L 5.9923 2.8907
24.28 L 6.3346 3.2372
24.29 L 7.0264 2.8405
24.30 L 8.6334 3.1022
24.31 L 8.9501 2.8959
24.32 L 9.0179 3.0513
24.33 L 7.6729 3.0177
24.34 L 6.6833 3.3189
24.35 L 6.6380 3.4540
24.36 L 5.8412 3.0685
24.37 L 6.7932 3.2744
24.38 L 5.0214 3.1975
24.39 L 6.9321 3.2312
24.40 L 6.5141 3.4390
24.41 L 6.0697 3.0550
24.42 L 6.5283 2.9982
24.43 L 5.9952 2.6668
24.44 L 6.9824 2.8832
24.45 L 6.6301 2.7789
24.46 L 5.3867 2.7621
24.47 L 5.5286 2.6802
24.48 L 5.4263 3.2647
24.49 D 3.3755 3.3143
24.50 L 6.2335 3.1969
24.51 L 6.0716 3.4305
24.52 L 6.2132 3.3179
24.53 L 7.5149 3.2562
24.54 L 7.1561 3.3442
24.55 L 6.3259 3.0922
24.56 L 5.8798 3.2497
24.57 L 6.6347 3.5215
24.58 L 5.4978 3.2559
24.59 L 5.6029 3.1627
24.60 L 6.2630 2.9844
24.61 L 6.8492 2.8980
24.62 L 5.5532 3.1166
24.63 L 5.7134 3.1037
24.64 L 7.5579 3.0324
24.65 L 6.7052 3.1527
24.66 L 6.9514 3.0985
24.67 L 6.1072 3.2626
24.68 L 5.5336 3.2617
24.69 L 5.8628 2.8224
24.70 L 6.1737 2.9106
24.71 L 4.8987 3.1704
24.72 L 5.9504 3.2800
24.73 L 5.8928 3.0559
24.74 L 5.2001 2.9931
24.75 L 5.5428 3.1212
24.76 L 7.1965 3.1538
24.77 L 6.7189 3.0877
24.78 L 6.6232 3.2509
24.79 L 7.0296 3.4910
24.80 L 7.3779 3.0333
24.81 L 5.3152 3.3191
24.82 L 5.3916 3.2806
24.83 L 4.8800 3.1485
24.84 L 5.3370 3.1005
24.85 L 4.8464 3.1588
24.86 L 5.5692 2.9437
24.87 L 5.9329 3.1743
24.88 L 4.1083 3.3175
24.89 L 4.3864 3.3911
24.90 D 3.9727 3.4738
24.91 D 3.7553 3.3142
24.92 D 3.8874 3.1215
24.93 D 3.6461 2.9949
24.94 D 3.6735 3.2269
24.95 D 3.6114 3.3230
24.96 L 4.4461 2.9676
24.97 L 4.3405 3.2518
24.98 D 3.4438 3.2877
24.99 D 3.8687 3.4260
25.00 D 3.3646 3.0205
25.01 D 3.3093 2.8846
25.02 D 3.3843 2.9091
25.03 D 3.7063 2.8935
25.04 D 3.7268 3.0173
25.05 D 3.7851 2.9317
25.06 L 4.0953 3.1252
25.07 D 3.4183 3.3583
25.08 L 5.0304 3.6297
25.09 D 3.9934 3.2730
25.10 D 3.5759 3.5315
25.11 L 4.9606 3.0821
25.12 L 4.1925 2.7264
25.13 D 3.7866 2.8769
25.14 D 3.8824 2.8158
25.15 L 4.1384 3.2701
25.16 D 3.5004 3.6521
25.17 L 4.3901 2.9717
25.18 L 5.1976 2.8093
25.19 L 4.0022 2.9006
25.20 L 4.1417 2.7787
25.21 L 5.0557 3.4237
25.22 L 4.0366 2.9581
25.23 D 3.7573 3.3956
25.24 L 4.4036 3.2075
25.25 D 3.5592 2.9728
25.26 D 3.8251 2.8146
25.27 L 7.1180 3.1518
25.28 L 7.0385 2.9915
25.29 L 6.6177 3.2814
25.30 L 6.0028 2.9529
25.31 D 3.5869 3.0998
25.32 L 6.0686 3.3036
25.33 L 6.2877 3.1399
25.34 L 7.1070 2.7658
25.35 L 7.0108 3.3758
25.36 L 6.5070 2.9892
25.37 L 6.9436 3.1086
25.38 L 6.9355 3.0225
25.39 L 5.6743 2.7499
25.40 L 5.1285 3.1025
25.41 L 6.0224 3.3669
25.42 L 6.5170 3.1848
25.43 L 7.2057 3.2309
25.44 L 6.5512 3.0760
25.45 L 5.9370 3.0051
25.46 L 6.7712 3.1116
25.47 L 6.7522 3.3840
25.48 L 6.2875 3.0552
25.49 L 6.7773 3.1730
25.50 L 5.7646 3.3519
25.51 L 6.8666 2.9700
25.52 L 6.2826 3.0795
25.53 L 5.0306 3.4190
25.54 L 5.1301 3.2174
25.55 L 5.1582 3.2400
25.56 L 5.0802 3.1575
25.57 L 5.0503 3.3169
25.58 L 4.6517 2.8339
25.59 D 3.8229 3.1253
25.60 L 4.0544 2.8870
25.61 L 5.8380 3.4360
25.62 L 6.6357 3.2285
25.63 L 6.6101 3.0941
25.64 L 7.6840 2.9386
25.65 L 6.7456 3.1692
25.66 L 5.9393 3.4619
25.67 L 8.0969 2.8771
25.68 L 6.6147 3.6467
25.69 L 6.8196 3.1856
25.70 L 8.2302 2.9820
25.71 L 7.2344 3.1684
25.72 L 7.8027 3.2408
25.73 L 9.8120 3.3220
25.74 L 8.2518 2.9375
25.75 L 9.1895 3.0220
25.76 L 9.5536 3.2631
25.77 L 8.3322 3.3641
25.78 L 8.0150 3.1715
25.79 L 8.3562 3.2818
25.80 L 9.3811 3.1770
25.81 L 10.1941 3.2054
25.82 L 10.5895 3.0153
25.83 L 10.9807 3.1736
25.84 L 8.9000 3.2036
25.85 L 8.9505 3.0260
25.86 L 7.6886 3.0517
25.87 L 7.9203 3.1287
25.88 L 8.4295 2.9877
25.89 L 10.5623 3.5581
25.90 L 10.1841 3.0171
25.91 L 10.7367 3.1571
25.92 L 9.8237 3.1930
25.93 L 9.5755 3.6574
25.94 L 10.3516 3.4411
25.95 L 9.5423 3.1908
25.96 L 9.3845 3.1616
25.97 L 9.0921 3.4158
25.98 L 8.2770 3.4737
25.99 L 8.0538 3.3135
26.00 L 7.4109 3.4045
26.01 L 8.4380 3.7552
26.02 L 7.5025 3.4324
26.03 L 6.4238 3.3914
26.04 L 6.4832 3.2616
26.05 L 6.9796 3.5115
26.06 L 7.7903 3.3198
26.07 L 6.9385 3.4366
26.08 L 7.5750 3.1724
26.09 L 8.0024 3.4573
26.10 L 8.9052 3.4581
26.11 L 8.8291 3.5896
26.12 L 8.0580 3.5540
26.13 L 9.3145 3.6634
26.14 L 9.4705 3.4027
26.15 L 10.2743 3.2591
26.16 L 8.5703 3.4118
26.17 L 9.6291 3.2057
26.18 L 9.4763 3.5542
26.19 L 10.1430 3.4388
26.20 L 9.7488 3.5301
26.21 L 10.2722 3.3197
26.22 L 10.7778 3.5209
26.23 L 11.1998 3.6068
26.24 L 11.5386 3.1187
26.25 L 12.3197 3.7685
26.26 L 13.0574 3.1323
26.27 L 13.6938 3.3424
26.28 L 14.3653 3.5431
26.29 L 12.8355 3.6918
26.30 L 12.8731 3.6835
26.31 L 11.9341 3.6798
26.32 L 9.6707 3.2813
26.33 L 10.6771 3.3543
26.34 L 11.5229 3.3080
26.35 L 11.2637 3.4117
26.36 L 10.8796 3.1270
26.37 L 11.7226 3.6977
26.38 L 10.6566 3.5478
26.39 L 13.3693 3.2712
26.40 L 12.6970 3.1888
26.41 L 15.0407 3.8206
26.42 L 14.4061 3.7987
26.43 L 14.4610 3.6957
26.44 L 14.7995 3.4592
26.45 L 13.5307 3.4192
26.46 L 12.2403 3.3186
26.47 L 11.3977 3.3143
26.48 L 11.3727 3.7424
26.49 L 11.0234 3.1714
26.50 L 12.3896 3.6163
26.51 L 11.9537 3.1871
26.52 L 10.7001 3.5507
26.53 L 9.5075 3.6561
26.54 L 10.4889 3.0831
26.55 L 10.5454 3.4970
26.56 L 11.5604 3.6902
26.57 L 11.2730 3.5073
26.58 L 9.6162 3.5215
26.59 L 10.8307 3.2795
26.60 L 11.5681 3.6142
26.61 L 12.2753 3.5317
26.62 L 11.7473 3.1473
26.63 L 12.7215 3.1344
26.64 L 13.2264 3.4023
26.65 L 13.3532 3.3297
26.66 L 14.3201 3.1043
26.67 L 13.3428 3.2733
26.68 L 14.0814 3.3299
26.69 L 14.4629 3.4224
26.70 L 15.0363 3.6002
26.71 L 13.4614 3.4740
26.72 L 14.8741 3.4755
26.73 L 15.6536 3.2048
26.74 L 16.0509 3.6830
26.75 L 15.5569 2.9803
26.76 L 14.7699 3.7192
26.77 L 16.5129 3.5708
26.78 L 15.1198 3.2079
26.79 L 15.1857 3.2075
26.80 L 15.6824 3.5512
26.81 L 15.1302 3.5964
26.82 L 16.0192 3.4222
26.83 L 16.5276 3.7804
26.84 L 17.1784 3.6719
26.85 L 18.6423 3.6303
26.86 L 18.0981 3.3339
26.87 L 17.7889 3.4752
26.88 N 19.1127 4.0123
26.89 L 20.3223 3.3460
26.90 L 20.9632 3.9289
26.91 L 18.4906 3.5920
26.92 L 18.0290 3.1316
26.93 L 18.8494 3.6835
26.94 L 19.3671 3.7119
26.95 L 19.3872 3.5522
26.96 L 19.2529 3.5576
26.97 L 17.3323 3.6318
26.98 L 18.2029 3.3498
26.99 L 19.7610 3.3662
27.00 L 20.2354 3.4183
27.01 L 19.5329 3.5180
27.02 L 20.1270 3.5383
27.03 L 20.0091 3.9376
27.04 N 18.8669 4.0357
27.05 L 16.0577 3.9113
27.06 L 16.5261 3.7281
27.07 L 15.8558 3.7943
27.08 L 18.1179 3.6567
27.09 L 15.3075 3.3767
27.10 L 16.0785 3.5890
27.11 L 14.7662 3.5148
27.12 L 15.3312 3.2854
27.13 L 14.7008 3.3962
27.14 L 16.2691 3.3784
27.15 L 16.1158 3.6145
27.16 L 17.5180 3.8171
27.17 L 16.9198 3.6016
27.18 L 18.7624 3.5142
27.19 L 18.1530 3.2820
27.20 L 17.5931 3.3704
27.21 L 20.6804 3.7015
27.22 L 20.1039 3.4764
27.23 L 20.5364 3.2589
27.24 L 20.8747 3.3002
27.25 L 20.1018 3.6945
27.26 L 19.3818 3.7895
27.27 L 18.7897 3.4204
27.28 L 17.7958 3.6383
27.29 L 18.8635 3.5573
27.30 L 17.9947 3.8335
27.31 N 17.1189 4.2893
27.32 L 16.9033 3.7111
27.33 L 18.6734 3.7911
27.34 L 18.8568 3.4069
27.35 L 18.4975 3.5851
27.36 L 17.8653 3.5991
27.37 L 19.1710 3.6008
27.38 L 20.9750 3.5640
27.39 L 20.2422 3.5626
27.40 L 20.7572 3.5780
27.41 L 21.5487 3.3136
27.42 L 21.1757 3.4319
27.43 L 20.2124 3.5943
27.44 L 19.1602 3.2622
27.45 L 21.2288 3.8727
27.46 L 20.9076 3.6015
27.47 N 21.2044 4.0085
27.48 L 21.5435 3.5426
27.49 L 21.7312 3.5021
27.50 L 21.4629 3.4932
27.51 L 21.2995 3.5063
27.52 L 20.5443 3.5815
27.53 L 20.4349 3.5082
27.54 L 19.7908 3.4174
27.55 L 19.5868 3.8255
27.56 L 20.3887 3.1932
27.57 L 18.8567 3.7214
27.58 L 17.1048 3.4091
27.59 L 16.5834 3.1784
27.60 L 15.6933 3.5039
27.61 L 14.6103 3.4237
27.62 L 14.4742 3.5606
27.63 L 14.0118 3.8679
27.64 L 13.6532 3.3619
27.65 L 14.7309 3.4141
27.66 L 15.4220 3.4699
27.67 L 14.6039 3.8372
27.68 L 15.2094 3.5772
27.69 L 14.7235 3.6258
27.70 L 16.2692 3.6544
27.71 L 17.5640 3.6552
27.72 L 17.3649 3.4459
27.73 L 15.7872 3.3919
27.74 L 16.6652 3.5364
27.75 L 17.3384 3.1746
27.76 L 18.9414 2.7672
27.77 L 17.2671 3.0621
27.78 L 18.0440 3.1525
27.79 L 17.4822 3.5726
27.80 L 16.9878 3.5585
27.81 L 17.3927 2.8682
27.82 L 16.6737 3.2836
27.83 L 15.5998 2.9091
27.84 L 16.1798 3.0849
27.85 L 15.5147 3.1367
27.86 L 13.4868 2.9567
27.87 L 14.1811 2.9443
27.88 L 13.2803 3.0358
27.89 L 13.1440 2.7814
27.90 L 10.6342 3.1730
27.91 L 11.9113 3.4224
27.92 L 12.4513 3.4822
27.93 L 14.1963 3.4904
27.94 L 13.9831 3.4679
27.95 L 13.4490 3.3514
27.96 L 14.4109 3.5448
27.97 L 13.8375 3.2886
27.98 L 15.4362 3.5054
27.99 L 14.0437 3.7102
28.00 L 14.5782 3.9780
28.01 L 16.3915 3.4154
28.02 L 14.9351 3.6426
28.03 N 16.2136 4.1719
28.04 L 15.4195 3.1799
28.05 L 16.8944 3.2942
28.06 L 16.5521 3.5738
28.07 L 16.0439 3.6615
28.08 L 13.6781 3.6867
28.09 L 13.7410 3.6471
28.10 L 14.6142 3.5429
28.11 L 15.5926 3.3036
28.12 L 17.4004 3.3342
28.13 L 18.0530 3.3835
28.14 L 17.1325 3.7443
28.15 N 15.8618 5.0894
28.16 N 13.6990 6.2850
28.17 N 14.0609 6.1676
28.18 N 13.0771 7.0189
28.19 N 14.1528 6.7033
28.20 N 13.6079 5.1134
28.21 N 13.2432 6.1797
28.22 N 12.2591 6.6693
28.23 N 11.7704 6.7503
28.24 N 12.2732 6.6118
28.25 N 12.9713 6.7169
28.26 N 12.5795 6.8482
28.27 N 13.8698 7.9465
28.28 N 12.6139 7.5453
28.29 N 13.0663 7.5337
28.30 N 12.2483 9.6187
28.31 N 8.8572 10.1855
28.32 N 9.9161 9.8271
28.33 N 13.2342 7.9491
28.34 N 12.0832 8.0800
28.35 N 12.2703 8.8527
28.36 N 13.3202 9.5044
28.37 N 12.8235 9.8473
28.38 N 10.8351 10.7422
28.39 N 12.2409 10.1235
28.40 N 11.1551 8.6783
28.41 N 12.0001 9.1442
28.42 N 10.5106 9.9720
28.43 N 11.1656 8.8911
28.44 N 10.1204 9.7072
28.45 N 9.3146 8.4914
28.46 N 11.6341 7.3033
28.47 N 12.0320 8.1324
28.48 N 13.9985 7.5563
28.49 N 11.4976 9.0255
28.50 N 12.7866 7.5933
28.51 N 12.6671 9.4454
28.52 N 14.2963 8.8104
28.53 N 15.4209 10.4027
28.54 N 13.7005 10.0650
28.55 N 15.2965 9.4994
28.56 N 16.6976 9.2671
28.57 N 17.0145 8.6848
28.58 N 17.2089 8.5116
28.59 N 16.4199 9.0748
28.60 N 15.5091 9.5932
28.61 N 16.0266 10.3756
28.62 N 16.8008 9.9039
28.63 N 16.0503 8.0011
28.64 N 17.5028 6.8760
28.65 N 17.3479 8.2279
28.66 N 16.0426 8.9010
28.67 N 17.8550 9.0481
28.68 N 16.9425 7.1154
28.69 N 14.9923 7.9475
28.70 N 15.4247 6.7642
28.71 N 15.8909 6.5329
28.72 N 15.5617 6.9287
28.73 N 15.8738 6.7731
28.74 N 14.6402 7.8058
28.75 N 12.7399 7.9061
28.76 N 12.7872 8.2478
28.77 N 12.0069 7.7742
28.78 N 11.4454 7.4299
28.79 N 14.2816 6.8215
28.80 N 13.1485 8.4240
28.81 N 14.1734 8.2211
28.82 N 15.3541 8.2119
28.83 N 14.6908 7.7474
28.84 N 13.7674 9.4067
28.85 N 14.6635 10.6825
28.86 N 13.9548 11.1290
28.87 N 14.5034 10.3008
28.88 N 14.1108 10.4914
28.89 N 14.6720 10.7038
28.90 N 15.7191 11.1369
28.91 N 15.3742 10.1231
28.92 N 14.7644 10.0776
28.93 N 14.9063 10.9871
28.94 N 16.1426 10.1363
28.95 N 15.9708 9.4448
28.96 N 15.8312 9.3808
28.97 N 17.1979 8.4195
28.98 N 15.3307 11.4238
28.99 N 16.6699 11.1580
29.00 N 17.0761 10.7575
29.01 N 14.9956 13.3880
29.02 N 15.3795 14.8015
29.03 N 14.7046 12.6723
29.04 N 15.1602 12.4923
29.05 N 16.3858 12.4062
29.06 N 14.4327 13.6086
29.07 N 13.7777 14.1341
29.08 N 12.8738 13.9874
29.09 N 14.6301 12.6369
29.10 N 12.1073 12.2858
29.11 N 13.1268 11.9945
29.12 N 13.2938 13.2729
29.13 N 13.4671 15.5392
29.14 N 11.2041 16.9958
29.15 N 12.6217 13.2865
29.16 N 10.9174 14.3866
29.17 N 11.1188 12.5075
29.18 N 11.4720 12.8566
29.19 N 12.1207 12.4628
29.20 N 14.2114 12.2141
29.21 N 13.5520 13.9101
29.22 N 13.9589 14.7121
29.23 N 12.1870 14.4296
29.24 N 12.5300 13.1091
29.25 N 13.6449 10.6710
29.26 N 13.3232 11.0567
29.27 N 14.2421 10.4160
29.28 N 13.0653 10.0881
29.29 N 14.4104 10.6768
29.30 N 12.4571 9.7898
29.31 N 13.8386 10.0811
29.32 N 13.7458 10.7113
29.33 N 13.0338 9.7118
29.34 N 12.2996 9.8822
29.35 N 11.5683 8.0169
29.36 N 12.5915 9.6050
29.37 N 11.7327 9.0425
29.38 N 11.4780 10.0977
29.39 N 14.0138 10.4514
29.40 N 13.8230 13.2038
29.41 N 14.5292 11.2189
29.42 N 12.8587 12.8914
29.43 N 13.0760 11.6264
29.44 N 12.6777 10.2641
29.45 N 11.6890 9.8419
29.46 N 11.0127 10.0067
29.47 N 12.1152 10.7754
29.48 N 9.7834 8.1406
29.49 N 10.6425 7.2950
29.50 N 11.0003 7.4111
29.51 N 11.2942 7.4029
29.52 N 12.4551 7.8331
29.53 N 11.7116 9.4880
29.54 N 9.4919 6.6495
29.55 N 10.3152 8.5132
29.56 N 8.6584 8.8597
29.57 N 8.9662 8.7105
29.58 N 8.1469 8.5300
29.59 N 11.3841 9.3297
29.60 N 11.4348 9.5475
29.61 N 11.0980 8.8341
29.62 N 10.7965 8.6619
29.63 N 10.7051 9.2972
29.64 N 9.6100 10.0945
29.65 N 10.9446 7.0519
29.66 N 10.0125 9.0137
29.67 N 9.6458 8.8010
29.68 N 8.1393 9.3569
29.69 N 8.9069 9.3527
29.70 N 8.7131 10.5421
29.71 N 6.6626 10.0605
29.72 N 8.0484 9.4243
29.73 N 8.4023 9.7685
29.74 N 10.4186 10.5898
29.75 N 10.9597 9.4677
29.76 N 11.3170 8.7382
29.77 N 12.2331 10.7398
29.78 N 12.3011 12.3056
29.79 N 11.2353 12.6461
29.80 N 13.6917 12.1773
29.81 N 14.9514 12.4770
29.82 N 16.6831 10.9503
29.83 N 16.6614 9.5196
29.84 N 17.9392 11.4418
29.85 N 16.1799 9.9382
29.86 N 16.2191 10.2578
29.87 N 17.7252 11.3120
29.88 N 16.8988 10.0638
29.89 N 15.6758 10.8144
29.90 N 15.8719 11.7792
29.91 N 14.2422 8.7289
29.92 N 12.0246 9.2942
29.93 N 9.4885 8.2679
29.94 N 10.2754 7.4446
29.95 N 12.7197 7.1154
29.96 N 13.6117 6.4240
29.97 N 13.9242 5.5828
29.98 N 12.9560 8.0655
29.99 N 12.6234 8.1512
30.00 N 11.0841 9.6381
30.01 N 11.6369 8.5979
30.02 N 11.8772 8.2105
30.03 N 10.3268 9.1681
30.04 N 10.5234 8.9490
30.05 N 12.4091 10.2034
30.06 N 13.0874 8.1280
30.07 N 12.4724 10.3401
30.08 N 13.2457 8.2848
30.09 N 13.1887 10.6174
30.10 N 12.6133 10.4999
30.11 N 13.1060 11.8382
30.12 N 13.1818 11.3974
30.13 N 12.1027 9.5280
30.14 N 11.5783 9.8475
30.15 N 15.2213 9.2016
30.16 N 15.2957 10.0750
30.17 N 14.8530 8.9245
30.18 N 13.9455 9.5375
30.19 N 15.2784 8.9708
30.20 N 15.1132 10.0761
30.21 N 16.3571 9.0700
30.22 N 17.1011 7.3157
30.23 N 15.9877 8.8722
30.24 N 15.3208 9.2636
30.25 N 15.2048 10.3181
30.26 N 13.5308 10.8411
30.27 N 13.2518 10.8713
30.28 N 14.9652 11.2177
30.29 N 14.9557 12.5479
30.30 N 13.0867 13.1056
30.31 N 11.9181 12.4460
30.32 N 11.4165 11.3889
30.33 N 11.7841 11.7749
30.34 N 10.9556 12.4350
30.35 N 10.9027 12.0790
30.36 N 9.6184 11.8583
30.37 N 9.3743 12.8700
30.38 N 10.4476 12.6043
30.39 N 11.3588 12.7781
30.40 N 11.3579 12.4235
30.41 N 9.3756 12.0285
30.42 N 9.7964 11.1629
30.43 N 7.7908 10.6975
30.44 N 7.4001 11.6488
30.45 N 8.1665 10.3286
30.46 N 8.3771 14.0563
30.47 N 7.2119 11.8348
30.48 N 6.8353 13.2473
30.49 N 5.1987 14.2374
30.50 N 4.1812 13.2253
30.51 N 5.3256 13.4365
30.52 N 5.9054 10.6149
30.53 N 5.5227 12.3957
30.54 N 5.0312 12.2437
30.55 N 5.4563 14.4631
30.56 N 5.6559 13.0126
30.57 N 5.9801 13.9768
30.58 N 6.0774 13.8518
30.59 N 6.1760 13.2662
30.60 N 5.8289 13.6123
30.61 N 7.6004 12.8557
30.62 N 6.6716 12.0812
30.63 N 7.8032 11.3621
30.64 N 7.4249 10.5283
30.65 N 5.7955 11.0318
30.66 N 7.7992 11.0115
30.67 N 7.3018 11.4447
30.68 N 6.4641 13.1674
30.69 N 5.7988 13.7799
30.70 N 6.1815 13.3410
30.71 N 6.1674 15.0647
30.72 N 7.7085 13.8416
30.73 N 8.6269 13.7995
30.74 N 8.4109 12.9139
30.75 N 9.2702 12.1052
30.76 N 10.8678 11.5146
30.77 N 9.5644 12.1970
30.78 N 10.5807 10.9349
30.79 N 11.8381 12.0739
30.80 N 12.4709 10.8545
30.81 N 11.4525 8.7371
30.82 N 10.5615 10.6118
30.83 N 11.7681 8.9121
30.84 N 10.3113 9.4196
30.85 N 12.0596 9.3172
30.86 N 13.1045 9.8029
30.87 N 10.3673 11.6542
30.88 N 10.8040 12.5084
30.89 N 11.6050 12.1629
30.90 N 12.5435 11.4461
30.91 N 11.6646 11.9392
30.92 N 10.8343 10.6479
30.93 N 12.9182 11.0199
30.94 N 13.4503 12.6534
30.95 N 12.2726 10.2231
30.96 N 10.3869 9.7689
30.97 N 10.7712 10.5811
30.98 N 11.5440 9.7609
30.99 N 12.6494 8.4504
31.00 N 12.0605 8.2538
31.01 N 13.3846 8.2240
31.02 N 16.4978 6.3096
31.03 N 13.4229 8.4823
31.04 N 14.1403 7.9021
31.05 N 13.6760 6.9579
31.06 N 13.4573 6.7541
31.07 N 15.7906 7.7769
31.08 N 16.6725 6.7184
31.09 N 17.7606 6.7393
31.10 N 15.6014 7.4822
31.11 N 13.2249 11.7809
31.12 N 12.0558 12.1704
31.13 N 11.7041 12.2939
31.14 N 10.9556 11.6441
31.15 N 9.5153 12.6209
31.16 N 10.6349 12.5337
31.17 N 11.9703 10.9821
31.18 N 12.2319 9.3666
31.19 N 11.5653 11.1948
31.20 N 15.3544 11.0890
31.21 N 13.8313 9.7212
31.22 N 13.9985 9.3632
31.23 N 14.8389 10.1391
31.24 N 16.3855 10.1861
31.25 N 15.7870 10.2820
31.26 N 18.9655 9.5167
31.27 N 17.8827 9.7026
31.28 N 17.1654 11.3988
31.29 N 18.9697 9.6743
31.30 N 18.5196 10.9047
31.31 N 17.2128 13.2738
31.32 N 18.2262 12.4103
31.33 N 16.2019 12.1953
31.34 N 17.5809 12.6941
31.35 N 18.1401 11.8232
31.36 N 16.8544 12.1994
31.37 N 19.7651 14.2133
31.38 N 19.9531 15.4604
31.39 N 17.4345 14.9892
31.40 N 16.5192 16.9551
31.41 N 16.3528 16.3782
31.42 N 16.1141 15.3094
31.43 N 16.7418 13.8675
31.44 N 16.9917 11.5021
31.45 N 16.7047 11.7892
31.46 N 16.1952 11.9498
31.47 N 17.9323 12.1533
31.48 N 20.4588 14.4159
31.49 N 20.9288 14.2170
31.50 N 20.7998 14.0593
31.51 N 20.4445 13.4961
31.52 N 19.6561 14.0691
31.53 N 20.4814 14.6417
31.54 N 20.8347 14.6660
31.55 N 20.8558 16.0212
31.56 N 17.5245 15.5662
31.57 N 17.2087 15.4126
31.58 N 18.4100 13.3390
31.59 N 17.7125 15.1054
31.60 N 19.3132 14.8784
31.61 N 20.4635 12.2539
31.62 N 22.1266 11.2817
31.63 N 21.8869 13.4476
31.64 N 22.5547 13.0335
31.65 N 23.0832 12.6714
31.66 N 22.9426 12.9994
31.67 N 20.1604 13.7224
31.68 N 20.7601 13.0867
31.69 N 21.6161 14.0423
31.70 N 20.7847 15.5954
31.71 N 19.7245 16.5377
31.72 N 21.4300 16.0564
31.73 N 21.6036 14.7409
31.74 N 20.9132 16.6648
31.75 N 19.4788 15.3828
31.76 N 20.1901 14.3913
31.77 N 21.5894 12.4097
31.78 N 20.8436 14.2274
31.79 N 19.2557 15.1847
31.80 N 19.4335 14.4241
31.81 N 19.5283 14.4914
31.82 N 18.9027 14.5388
31.83 N 20.6275 15.5750
31.84 N 21.5521 15.7985
31.85 N 21.8720 13.5069
31.86 N 22.5715 14.1398
31.87 N 21.3777 12.1001
31.88 N 20.6049 13.2333
31.89 N 20.9619 11.4872
31.90 N 21.7203 11.7354
31.91 N 21.9141 11.5531
31.92 N 20.8588 9.9331
31.93 N 22.5188 10.0944
31.94 N 20.6370 9.4963
31.95 N 23.6609 11.1268
31.96 N 21.6077 10.3734
31.97 N 20.7985 10.6629
31.98 N 22.3694 12.0986
31.99 N 21.9549 10.1555
32.00 N 20.6053 10.5789
32.01 N 22.1161 8.9460
32.02 N 19.0449 9.8841
32.03 N 19.7016 10.9993
32.04 N 17.8514 9.8883
32.05 N 17.0169 10.3353
32.06 N 17.3416 10.9057
32.07 N 17.4992 9.0667
32.08 N 18.9838 8.0665
32.09 N 19.5458 7.7001
32.10 N 17.3713 6.7193
32.11 N 20.0124 6.4829
32.12 N 19.4131 8.1977
32.13 N 19.2976 7.5543
32.14 N 20.1038 8.2580
32.15 N 20.4084 9.2029
32.16 N 20.3109 10.3157
32.17 N 20.7830 10.0017
32.18 N 20.6159 10.0843
32.19 N 19.2104 9.4389
32.20 N 18.6537 9.3427
32.21 N 18.9572 8.4038
32.22 N 19.9339 9.9997
32.23 N 19.7174 11.0772
32.24 N 18.6085 12.0925
32.25 N 18.5396 10.7341
32.26 N 19.2510 10.9065
32.27 N 18.5421 11.4674
32.28 N 18.0390 11.1342
32.29 N 17.8535 9.9079
32.30 N 17.3743 9.9873
32.31 N 15.4099 8.2694
32.32 N 14.5325 8.4696
32.33 N 16.0085 9.3592
32.34 N 16.2646 9.0310
32.35 N 17.3616 7.1805
32.36 N 17.4665 7.7488
32.37 N 18.4442 6.5919
32.38 N 18.8925 7.1727
32.39 N 18.2944 7.5124
32.40 N 18.0743 8.5702
32.41 N 18.9197 9.8036
32.42 N 19.4468 10.2399
32.43 N 17.1773 11.5592
32.44 N 19.2561 11.5010
32.45 N 20.8111 12.1295
32.46 N 20.9524 12.2359
32.47 N 19.4629 12.5912
32.48 N 20.8907 12.2811
32.49 N 19.8753 11.9773
32.50 N 21.1089 12.2764
32.51 N 21.4264 12.2007
32.52 N 19.1589 14.6831
32.53 N 20.9999 15.5728
32.54 N 21.1123 14.6257
32.55 N 21.0246 15.3108
32.56 N 20.0961 16.3849
32.57 N 19.3824 15.3357
32.58 N 22.1129 17.0773
32.59 N 20.6566 17.4654
32.60 N 20.3409 17.4996
32.61 N 21.6518 17.5073
32.62 N 20.7451 17.6226
32.63 N 20.3050 17.2112
32.64 N 18.8119 16.2766
32.65 N 18.8803 15.7770
32.66 N 19.8302 17.4202
32.67 N 18.4623 18.9753
32.68 N 17.8351 18.0121
32.69 N 16.6062 17.4918
32.70 N 17.1177 17.5751
32.71 N 17.3967 15.5249
32.72 N 16.4308 15.2184
32.73 N 17.4755 15.4467
32.74 N 18.2087 16.2207
32.75 N 20.4794 18.2102
32.76 N 18.1642 18.9374
32.77 N 17.4478 20.1869
32.78 N 18.5501 19.9947
32.79 N 15.7734 18.8262
32.80 N 15.3106 18.4433
32.81 N 17.2319 18.7883
32.82 N 15.4311 19.1197
32.83 N 15.2160 19.0947
32.84 N 16.2809 17.6612
32.85 N 15.0911 17.0423
32.86 N 14.7067 16.7292
32.87 N 15.0226 14.9635
32.88 N 15.2530 15.3413
32.89 N 15.7509 15.5185
32.90 N 16.3788 15.7433
32.91 N 17.8627 16.1915
32.92 N 16.9780 17.0317
32.93 N 15.7333 18.5170
32.94 N 16.7699 18.2459
32.95 N 15.2600 18.0356
32.96 N 15.0925 19.2230
32.97 N 14.6884 18.7921
32.98 N 15.9334 17.7300
32.99 N 17.4873 17.9762
33.00 N 16.9941 15.9466
33.01 N 16.0268 15.0716
33.02 N 15.8646 13.9486
33.03 N 16.9314 15.4197
33.04 N 17.6430 16.5174
33.05 N 18.4763 16.1010
33.06 N 21.1877 17.0964
33.07 N 19.7805 16.6204
33.08 N 18.9323 16.9231
33.09 N 19.5735 17.8786
33.10 N 18.8565 16.4833
33.11 N 20.3507 16.6568
33.12 N 19.4637 18.2469
33.13 N 19.5946 18.2358
33.14 N 19.9095 18.2115
33.15 N 18.3306 17.6753
33.16 N 18.4780 17.2756
33.17 N 17.9432 15.4496
33.18 N 17.9382 15.6512
33.19 N 16.8733 15.4499
33.20 N 18.7374 16.8703
33.21 N 18.3482 15.3369
33.22 N 16.6659 14.0881
33.23 N 16.3033 13.2684
33.24 N 15.0793 13.4785
33.25 N 15.8662 11.0498
33.26 N 14.0389 10.6810
33.27 N 15.1025 10.4596
33.28 N 15.1500 10.8629
33.29 N 15.2599 10.1783
33.30 N 14.6979 9.1457
33.31 N 14.2761 10.5179
33.32 N 14.6640 9.1195
33.33 N 14.9058 8.6699
33.34 N 15.5009 9.5679
33.35 N 15.6054 7.8917
33.36 N 15.0496 7.3219
33.37 N 13.2625 6.5487
33.38 N 14.3711 6.7803
33.39 N 14.2545 7.2839
33.40 N 14.2662 6.2169
33.41 N 14.4602 6.7172
33.42 N 14.3848 7.0854
33.43 N 13.6737 6.7036
33.44 N 14.2855 5.7228
33.45 N 15.3818 5.8998
33.46 N 17.2931 9.2229
33.47 N 15.0555 8.0068
33.48 N 15.2120 7.3605
33.49 N 14.3372 6.6452
33.50 N 15.0143 7.4153
33.51 N 16.3041 8.8355
33.52 N 14.9988 6.6173
33.53 N 15.3726 7.8372
33.54 N 16.1393 8.1182
33.55 N 16.8677 8.2261
33.56 N 17.2535 9.8181
33.57 N 14.9513 9.4408
33.58 N 15.0044 9.4876
33.59 N 15.4091 8.2208
33.60 N 14.5121 6.7035
33.61 N 14.1953 6.3999
33.62 L 12.8334 3.9408
33.63 N 12.5813 4.6058
33.64 N 12.4004 4.2441
33.65 L 12.1340 3.4974
33.66 L 12.6889 3.9630
33.67 L 12.5892 3.7165
33.68 L 12.2827 3.8734
33.69 L 11.1639 3.8847
33.70 L 10.5700 3.7053
33.71 L 11.2979 3.3717
33.72 N 13.2029 4.1984
33.73 N 12.2227 4.1959
33.74 N 12.4343 4.6486
33.75 N 13.2950 5.3561
33.76 N 12.0911 4.1978
33.77 N 12.8911 4.0852
33.78 L 11.4784 3.7450
33.79 L 12.2846 3.6005
33.80 L 11.5324 3.7544
33.81 L 11.5224 3.9993
33.82 N 12.4848 4.0589
33.83 L 11.6514 3.9939
33.84 L 11.0536 3.3089
33.85 N 9.1330 4.4548
33.86 L 7.3951 3.8697
33.87 N 8.8252 4.0848
33.88 L 8.2319 3.9222
33.89 N 7.9405 4.6738
33.90 N 8.9141 4.8646
33.91 N 8.9520 6.4380
33.92 N 9.9629 6.3647
33.93 N 11.9938 5.8414
33.94 N 13.9677 7.8210
33.95 N 15.1707 7.5012
33.96 N 13.2577 6.4750
33.97 N 13.8221 5.5966
33.98 N 15.2963 8.7459
33.99 N 15.5799 8.2010
34.00 N 15.5826 8.9693
34.01 N 15.9759 8.5526
34.02 N 13.8332 10.4369
34.03 N 13.0597 9.0945
34.04 N 11.9057 9.1206
34.05 N 13.2025 10.0924
34.06 N 14.1775 11.1555
34.07 N 12.8533 10.9044
34.08 N 12.5170 10.8595
34.09 N 12.5247 9.6379
34.10 N 11.7955 10.2880
34.11 N 13.4730 11.5585
34.12 N 15.2291 11.0769
34.13 N 14.0379 10.1731
34.14 N 13.3202 10.8184
34.15 N 12.3076 10.9937
34.16 N 11.9143 10.8221
34.17 N 13.3019 11.6721
34.18 N 12.1034 9.2087
34.19 N 10.5932 8.7051
34.20 N 10.0919 7.8745
34.21 N 10.9004 6.8502
34.22 N 10.7959 6.4616
34.23 N 11.0293 7.1131
34.24 N 11.2600 5.4713
34.25 N 10.0247 7.3546
34.26 N 10.4835 8.2010
34.27 N 10.4414 8.8280
34.28 N 9.6977 8.8060
34.29 N 10.5215 8.6838
34.30 N 8.8103 7.0173
34.31 N 8.4948 8.9736
34.32 N 9.9588 8.3739
34.33 N 10.0554 8.0258
34.34 N 10.5921 9.2949
34.35 N 11.0015 11.9321
34.36 N 9.8302 11.5127
34.37 N 9.7579 11.1001
34.38 N 8.5456 11.3484
34.39 N 8.9216 10.7516
34.40 N 8.3069 9.6705
34.41 N 8.2148 10.4745
34.42 N 10.3740 11.1957
34.43 N 9.2608 12.4859
34.44 N 8.5921 12.8848
34.45 N 8.4318 13.2478
34.46 N 7.4907 12.9694
34.47 N 8.0500 13.9502
34.48 N 8.3513 14.3837
34.49 N 6.2846 12.0241
34.50 N 7.0070 12.8690
34.51 N 8.0194 12.4042
34.52 N 8.8214 13.4031
34.53 N 8.7381 14.7845
34.54 N 8.8878 14.0711
34.55 N 9.4250 14.3070
34.56 N 11.3897 14.1031
34.57 N 10.5030 14.5860
34.58 N 11.7328 16.2282
34.59 N 12.1236 14.7901
34.60 N 12.8035 14.9372
34.61 N 11.7675 14.5396
34.62 N 11.4086 14.6295
34.63 N 9.5689 12.4780
34.64 N 7.6598 10.4566
34.65 N 9.2077 11.6329
34.66 N 10.6553 12.4663
34.67 N 10.2722 11.0633
34.68 N 7.6465 8.8124
34.69 N 9.4568 11.2372
34.70 N 10.4417 10.0738
34.71 N 8.7347 10.3091
34.72 N 10.2580 8.5776
34.73 N 8.7846 8.1725
34.74 N 8.8363 7.6785
34.75 N 10.0501 7.2508
34.76 N 9.9459 8.5519
34.77 N 9.9653 8.1290
34.78 N 9.3751 7.1642
34.79 N 8.4512 6.5746
34.80 N 8.0103 9.8471
34.81 N 9.2389 8.9323
34.82 N 8.1067 9.0788
34.83 N 9.0035 7.4291
34.84 N 9.9825 7.3882
34.85 N 10.5766 7.8212
34.86 N 9.2752 8.6902
34.87 N 9.4470 7.6220
34.88 N 10.0898 6.8196
34.89 N 13.1159 6.0522
34.90 N 11.4794 6.8315
34.91 N 14.2976 6.0670
34.92 N 12.7796 7.7739
34.93 N 14.7289 6.9133
34.94 N 14.6248 6.8565
34.95 N 14.8529 6.8929
34.96 N 14.4415 7.3450
34.97 N 11.3929 5.1892
34.98 N 12.5134 6.1544
34.99 N 12.9545 6.2663
35.00 N 12.6827 6.5733
35.01 N 14.4290 6.4148
35.02 N 13.2172 7.8734
35.03 N 12.6417 8.6205
35.04 N 12.9893 8.9738
35.05 N 13.1086 8.0101
35.06 N 14.6718 8.0692
35.07 N 13.7804 7.4605
35.08 N 13.0002 8.1381
35.09 N 14.0910 8.5609
35.10 N 13.6685 8.1171
35.11 N 12.5009 7.5157
35.12 N 11.7678 4.3627
35.13 N 11.1540 6.1997
35.14 N 9.1565 5.4429
35.15 L 8.4181 3.3462
35.16 L 8.5378 3.5110
35.17 L 7.0519 3.1571
35.18 L 8.2559 3.7778
35.19 L 7.5873 3.8918
35.20 L 7.8975 3.6957
35.21 L 6.8668 3.4209
35.22 L 7.0913 3.3020
35.23 L 7.5401 3.6493
35.24 L 8.1406 3.6237
35.25 N 7.1465 4.0814
35.26 L 6.2834 3.4678
35.27 L 6.2705 3.4768
35.28 L 5.5921 3.4854
35.29 L 6.0798 3.6247
35.30 L 6.5680 3.5177
35.31 D 3.5787 3.6581
35.32 L 5.0582 3.2528
35.33 L 4.8202 3.3325
35.34 N 5.6158 4.0418
35.35 N 5.9718 4.1175
35.36 L 6.8169 3.9766
35.37 L 5.8149 3.6454
35.38 L 5.5526 3.4266
35.39 L 5.6320 3.3156
35.40 L 7.7956 3.7038
35.41 L 7.7513 3.4996
35.42 L 7.5827 3.6367
35.43 L 6.3546 3.5492
35.44 L 6.3632 3.7062
35.45 L 5.3729 3.2088
35.46 L 6.8293 3.4030
35.47 L 7.8111 3.3599
35.48 L 9.1525 3.6900
35.49 L 7.8890 3.4589
35.50 L 7.6827 3.6055
35.51 L 9.5150 3.5156
35.52 L 9.1760 3.3783
35.53 L 7.4824 3.2596
35.54 L 7.1949 3.4389
35.55 L 8.1198 3.9073
35.56 N 6.9601 4.7398
35.57 L 6.5957 3.8337
35.58 N 8.2723 5.1663
35.59 N 9.3998 7.1020
35.60 N 9.7885 5.5259
35.61 N 9.9504 5.9841
35.62 N 9.9845 6.6609
35.63 N 10.6463 6.3145
35.64 N 10.8027 6.0570
35.65 N 9.6891 6.7020
35.66 N 11.0017 6.7342
35.67 N 12.2508 6.5166
35.68 N 10.5133 6.5598
35.69 N 11.8536 6.9505
35.70 N 10.1782 7.7589
35.71 N 9.4663 10.4593
35.72 N 9.1739 10.5975
35.73 N 9.7306 9.4830
35.74 N 8.8672 8.8272
35.75 N 7.4398 8.5237
35.76 N 9.0988 10.1263
35.77 N 9.6364 9.0648
35.78 N 9.7105 9.3751
35.79 N 9.0617 7.9412
35.80 N 7.8897 7.9380
35.81 N 7.6130 7.0284
35.82 N 6.6468 7.2474
35.83 N 6.2932 8.0619
35.84 N 4.6556 6.5795
35.85 S 3.6672 6.5971
35.86 S 3.3468 8.2680
35.87 S 3.2904 7.6822
35.88 S 3.2667 7.8428
35.89 N 4.2453 7.9348
35.90 N 4.3190 7.4242
35.91 N 4.6547 7.0695
35.92 N 5.4459 5.8562
35.93 N 6.3242 7.5256
35.94 N 7.8281 7.6598
35.95 N 8.6070 7.7794
35.96 N 7.3346 9.7625
35.97 N 8.3481 7.8316
35.98 N 8.0328 8.9589
35.99 N 9.1076 9.6663
36.00 N 7.7818 8.6590
36.01 N 7.6673 8.7520
36.02 N 6.4515 8.3552
36.03 N 6.7761 8.8368
36.04 N 7.1746 8.8462
36.05 N 6.3013 8.3294
36.06 N 5.6144 10.2179
36.07 N 6.0250 10.2286
36.08 N 5.9411 7.5610
36.09 N 7.0247 9.8260
36.10 N 6.4117 12.3910
36.11 N 6.1150 11.5376
36.12 N 5.5947 11.1137
36.13 N 4.0023 9.5691
36.14 N 4.1120 10.2811
36.15 S 3.1865 12.1318
36.16 S 3.2763 12.8562
36.17 S 3.4608 11.3539
36.18 S 3.0579 12.0483
36.19 S 3.8017 11.5340
36.20 S 3.9335 12.2820
36.21 S 3.8124 11.3467
36.22 S 3.6577 10.5961
36.23 S 3.8371 10.0142
36.24 N 4.1636 11.2003
36.25 S 3.7743 12.5044
36.26 S 3.2026 11.4585
36.27 S 2.5030 11.7741
36.28 S 3.1710 11.8626
36.29 S 3.8964 10.3230
36.30 N 4.4521 12.7931
36.31 N 6.8859 12.6443
36.32 N 6.6823 12.2736
36.33 N 5.7519 11.7546
36.34 N 6.1342 10.1401
36.35 N 4.6745 9.7491
36.36 N 4.7504 10.0303
36.37 N 5.0744 10.6695
36.38 N 5.7781 10.6816
36.39 N 7.5570 11.8842
36.40 N 7.6494 12.2792
36.41 N 8.7791 13.9204
36.42 N 9.9426 12.9174
36.43 N 10.8736 13.5867
36.44 N 10.5144 14.3301
36.45 N 10.6960 14.5020
36.46 N 11.0212 14.1010
36.47 N 11.4190 14.6301
36.48 N 11.6681 14.1632
36.49 N 11.1676 14.5294
36.50 N 12.0500 12.4279
36.51 N 12.0803 12.2895
36.52 N 13.0594 12.3401
36.53 N 13.1993 10.7965
36.54 N 10.8089 10.2512
36.55 N 11.3264 9.7656
36.56 N 11.9046 8.7294
36.57 N 13.2065 7.8633
36.58 N 12.3247 8.7867
36.59 N 13.3472 8.4811
36.60 N 13.2378 8.6239
36.61 N 14.3190 9.3263
36.62 N 14.1715 10.6052
36.63 N 14.1301 11.3657
36.64 N 13.0261 10.5949
36.65 N 11.7154 10.4337
36.66 N 10.5959 10.7293
36.67 N 9.2399 10.9455
36.68 N 9.6009 11.2737
36.69 N 6.9585 12.0192
36.70 N 7.9366 12.4000
36.71 N 7.7881 12.5365
36.72 N 7.3222 11.7589
36.73 N 7.6114 9.1775
36.74 N 7.3604 10.1656
36.75 N 7.9613 9.5255
36.76 N 7.5644 9.3082
36.77 N 8.1511 10.3395
36.78 N 9.0369 9.2005
36.79 N 8.5173 9.8914
36.80 N 7.5670 11.1244
36.81 N 7.9066 10.6417
36.82 N 8.7667 9.0165
36.83 N 8.8461 8.7313
36.84 N 7.9354 7.9925
36.85 N 8.6404 6.5867
36.86 N 8.0549 6.6355
36.87 N 6.7012 5.1449
36.88 N 6.9257 6.4938
36.89 N 5.1202 4.8822
36.90 N 6.1707 5.8955
36.91 N 6.3467 4.9992
36.92 L 8.2249 3.8997
36.93 N 6.1913 4.0890
36.94 N 6.5923 4.5174
36.95 N 6.6654 4.7712
36.96 N 7.4099 4.2569
36.97 N 6.4178 4.3892
36.98 L 5.8747 3.9247
36.99 N 6.8202 4.9899
37.00 N 6.0540 4.2691
37.01 N 6.2532 4.9958
37.02 N 6.3312 5.0026
37.03 N 6.8890 5.3874
37.04 N 5.7918 4.2492
37.05 N 6.1156 4.6207
37.06 N 6.3495 5.6303
37.07 N 6.8022 5.5430
37.08 N 6.6442 6.3132
37.09 N 7.6235 7.6513
37.10 N 8.6504 8.2005
37.11 N 7.1732 7.9651
37.12 N 7.6103 8.8083
37.13 N 7.1452 9.2551
37.14 N 6.7184 9.3199
37.15 N 8.7787 9.5042
37.16 N 8.6695 9.3581
37.17 N 8.4228 11.4470
37.18 N 9.1249 10.6333
37.19 N 10.3550 9.6753
37.20 N 10.3097 10.8417
37.21 N 10.6667 11.6417
37.22 N 12.3816 11.4484
37.23 N 11.0318 11.8915
37.24 N 13.0833 12.5767
37.25 N 11.9881 11.6764
37.26 N 10.4471 12.2730
37.27 N 11.7463 10.7916
37.28 N 12.8144 11.2047
37.29 N 12.5186 12.0878
37.30 N 12.4317 11.8094
37.31 N 11.5474 11.9974
37.32 N 10.4241 14.4916
37.33 N 10.8073 13.1845
37.34 N 8.5185 10.6374
37.35 N 9.6522 11.7898
37.36 N 9.8648 10.9553
37.37 N 11.3126 12.6052
37.38 N 12.3018 13.1743
37.39 N 11.8067 12.2307
37.40 N 11.3591 11.9037
37.41 N 10.4813 11.9510
37.42 N 13.2637 12.9161
37.43 N 13.9513 12.5832
37.44 N 14.4397 13.2515
37.45 N 12.8025 11.9859
37.46 N 14.4097 12.9907
37.47 N 15.3073 13.1212
37.48 N 14.7849 14.2778
37.49 N 13.0314 13.3382
37.50 N 12.5808 13.3077
37.51 N 10.7068 13.5851
37.52 N 11.7364 11.7453
37.53 N 11.5204 11.3764
37.54 N 12.5408 12.1648
37.55 N 12.6077 9.1859
37.56 N 10.8721 7.6935
37.57 N 11.2496 10.3200
37.58 N 11.0444 10.6926
37.59 N 11.4384 10.1956
37.60 N 13.1071 10.5402
37.61 N 14.5571 9.2723
37.62 N 12.9888 9.5870
37.63 N 12.4230 7.4869
37.64 N 12.4992 6.2932
37.65 N 11.3319 6.6527
37.66 N 10.6854 6.7107
37.67 N 10.5276 7.0272
37.68 N 10.9441 7.5523
37.69 N 13.3989 8.6771
37.70 N 12.8519 8.1086
37.71 N 10.9323 8.9785
37.72 N 10.9711 6.8001
37.73 N 10.0664 7.1442
37.74 N 9.8656 6.9616
37.75 N 10.3935 8.6931
37.76 N 11.9048 10.6303
37.77 N 8.8596 7.5308
37.78 N 7.3430 7.4101
37.79 N 7.5367 7.6648
37.80 N 8.9544 9.0400
37.81 N 9.9961 9.1016
37.82 N 9.1929 8.8736
37.83 N 9.7153 9.1353
37.84 N 10.5218 9.2906
37.85 N 9.4384 7.5828
37.86 N 11.8374 9.8434
37.87 N 12.7709 11.3342
37.88 N 14.3409 11.1314
37.89 N 13.9863 11.5405
37.90 N 14.6092 11.1891
37.91 N 13.6553 10.0247
37.92 N 12.2770 9.1355
37.93 N 12.8286 9.4538
37.94 N 10.7718 8.7460
37.95 N 11.8715 9.3114
37.96 N 12.2113 10.6741
37.97 N 11.5886 11.1582
37.98 N 11.4642 10.8925
37.99 N 10.9341 12.5049
38.00 N 8.3134 10.7454
38.01 N 6.9326 11.3731
38.02 N 8.3212 12.3839
38.03 N 6.2238 10.8567
38.04 N 7.0500 10.6142
38.05 N 6.6324 10.4331
38.06 N 7.1396 7.8923
38.07 N 5.5894 6.9369
38.08 N 4.9690 9.6782
38.09 S 3.9214 7.6055
38.10 N 4.5050 7.2982
38.11 S 3.7575 8.2174
38.12 S 3.4794 6.9428
38.13 N 4.1995 7.0250
38.14 S 3.8295 7.6025
38.15 S 3.5601 6.5659
38.16 S 3.8149 5.7880
38.17 S 3.9764 5.9002
38.18 S 3.1583 8.1201
38.19 S 3.3768 8.0334
38.20 S 3.7111 7.6995
38.21 S 3.3398 8.2046
38.22 N 4.9157 8.7737
38.23 N 5.5170 8.7701
38.24 N 5.8038 7.7853
38.25 N 7.5802 8.9604
38.26 N 5.8542 8.2128
38.27 N 5.6467 7.8405
38.28 N 6.2389 6.3250
38.29 N 7.4808 7.1597
38.30 N 7.7164 6.5444
38.31 N 8.4303 6.2180
38.32 N 7.1561 5.8174
38.33 N 7.2172 6.3789
38.34 N 6.5022 6.4859
38.35 N 8.3115 7.9817
38.36 N 4.7026 8.7096
38.37 N 6.9323 8.4173
38.38 N 9.7180 9.6599
38.39 N 10.5641 9.6134
38.40 N 10.9224 9.7132
38.41 N 11.8186 10.8075
38.42 N 11.0443 10.9312
38.43 N 12.9572 11.9497
38.44 N 14.2110 11.2300
38.45 N 14.8213 12.7315
38.46 N 18.6784 12.7035
38.47 N 18.7202 11.1596
38.48 N 17.7126 10.2995
38.49 N 15.6553 9.7720
38.50 N 15.5312 9.9822
38.51 N 16.3107 9.3187
38.52 N 14.7443 8.5975
38.53 N 13.8565 7.8948
38.54 N 13.2618 7.0104
38.55 N 13.1979 6.6392
38.56 N 14.1733 8.3875
38.57 N 13.5314 7.5128
38.58 N 14.2767 7.6853
38.59 N 13.5119 8.1182
38.60 N 13.6893 7.0810
38.61 N 13.3445 6.8493
38.62 N 10.8835 6.3475
38.63 N 11.1839 6.1569
38.64 N 11.5371 6.2018
38.65 N 13.0666 8.0950
38.66 N 11.9351 8.3928
38.67 N 11.4377 8.2335
38.68 N 11.9706 8.3705
38.69 N 10.9546 6.6517
38.70 N 11.2697 7.0286
38.71 N 12.2574 7.8321
38.72 N 12.3334 9.6098
38.73 N 12.1030 7.1444
38.74 N 12.3196 8.4527
38.75 N 14.3217 9.8759
38.76 N 15.0125 10.8245
38.77 N 14.3556 12.1998
38.78 N 13.8790 11.1405
38.79 N 13.3688 11.3066
38.80 N 14.7423 12.0851
38.81 N 15.8230 12.4257
38.82 N 14.2161 12.3340
38.83 N 17.4265 13.6000
38.84 N 16.4231 14.3172
38.85 N 18.3563 13.0487
38.86 N 16.8247 12.2053
38.87 N 16.6456 12.6160
38.88 N 17.4160 12.2187
38.89 N 17.7032 14.7257
38.90 N 17.7385 14.0727
38.91 N 15.0263 12.2330
38.92 N 15.3399 9.5996
38.93 N 13.6364 10.6482
38.94 N 14.0446 10.3847
38.95 N 12.6489 9.7834
38.96 N 12.1607 9.2278
38.97 N 8.9833 11.2751
38.98 N 10.6944 13.4394
38.99 N 12.7560 12.7401
39.00 N 14.8950 13.0815
39.01 N 15.5437 14.5795
39.02 N 15.6323 14.2921
39.03 N 15.3607 12.9327
39.04 N 13.8984 14.3866
39.05 N 13.3343 14.5017
39.06 N 14.2390 15.1784
39.07 N 15.1444 13.4474
39.08 N 15.8142 13.9603
39.09 N 15.1366 12.8865
39.10 N 14.4026 11.1051
39.11 N 14.7468 11.3532
39.12 N 16.1912 12.3221
39.13 N 15.1982 10.2257
39.14 N 15.4170 10.3769
39.15 N 15.2184 12.8308
39.16 N 16.0204 12.1602
39.17 N 13.6249 15.7423
39.18 N 13.4890 15.5750
39.19 N 14.8890 13.7468
39.20 N 14.3043 13.4540
39.21 N 13.8921 13.2652
39.22 N 12.4914 12.7300
39.23 N 11.7331 13.7951
39.24 N 10.7000 15.0691
39.25 N 9.3186 14.5890
39.26 N 8.6746 13.4087
39.27 N 8.2301 13.3637
39.28 N 8.4472 13.2406
39.29 N 7.0624 11.6170
39.30 N 7.4567 11.0011
39.31 N 7.7041 12.2193
39.32 N 6.5711 10.1734
39.33 N 5.7616 9.1517
39.34 N 4.2254 8.4689
39.35 N 5.7569 10.3458
39.36 N 7.9248 11.0920
39.37 N 9.4019 13.5883
39.38 N 9.3595 12.1132
39.39 N 9.4980 12.3825
39.40 N 9.6561 12.8390
39.41 N 8.8494 14.0257
39.42 N 9.6866 13.9268
39.43 N 12.1417 11.7041
39.44 N 12.1740 13.2667
39.45 N 13.7922 13.4206
39.46 N 12.5645 9.7343
39.47 N 10.7290 10.1115
39.48 N 12.8523 9.8718
39.49 N 12.2813 10.4272
39.50 N 11.0312 10.3648
39.51 N 10.6710 10.0929
39.52 N 11.0215 10.5840
39.53 N 11.1293 10.8430
39.54 N 11.4626 11.7554
39.55 N 11.4064 10.2936
39.56 N 11.3570 9.1827
39.57 N 12.0797 9.9153
39.58 N 13.0753 11.0237
39.59 N 12.5356 11.5197
39.60 N 12.0184 10.5722
39.61 N 13.0657 10.1377
39.62 N 13.7438 11.3491
39.63 N 13.6514 12.1242
39.64 N 14.6717 12.6040
39.65 N 13.2921 12.7754
39.66 N 15.1543 13.7278
39.67 N 15.9206 14.9459
39.68 N 16.3321 14.8174
39.69 N 17.4833 16.7200
39.70 N 16.9506 17.5768
39.71 N 16.8232 16.5145
39.72 N 17.1676 17.4748
39.73 N 15.9940 18.0385
39.74 N 13.1723 17.3207
39.75 N 14.3415 17.1491
39.76 N 13.2809 18.7492
39.77 N 12.8540 18.9668
39.78 N 13.7704 19.2505
39.79 N 12.9799 18.4972
39.80 N 11.1796 18.0881
39.81 N 11.9845 18.7838
39.82 N 12.0450 19.3680
39.83 N 9.0619 16.4046
39.84 N 8.2901 15.8901
39.85 N 6.9090 14.8949
39.86 N 6.0875 12.9647
39.87 N 6.4733 13.0384
39.88 N 8.0679 14.7000
39.89 N 9.1136 13.3956
39.90 N 9.3875 13.2659
39.91 N 9.5010 12.8019
39.92 N 9.2403 12.1085
39.93 N 10.9087 13.1409
39.94 N 9.7374 12.2700
39.95 N 6.1869 8.9633
39.96 N 9.3701 12.6597
39.97 N 10.3407 12.3724
39.98 N 9.5369 12.6864
39.99 N 8.7057 13.3790
40.00 N 10.5279 15.3741
40.01 N 10.7861 15.4337
40.02 N 10.2646 14.8186
40.03 N 9.2761 15.3936
40.04 N 10.5376 16.0325
40.05 N 9.9236 16.5811
40.06 N 11.5165 14.5577
40.07 N 14.1804 15.5719
40.08 N 13.4250 14.6340
40.09 N 15.5184 16.7968
40.10 N 15.8238 16.9279
40.11 N 15.7445 17.6677
40.12 N 16.1674 17.0534
40.13 N 17.4429 17.1685
40.14 N 14.9401 17.9514
40.15 N 14.3905 16.5996
40.16 N 15.2177 17.7181
40.17 N 16.6109 15.2134
40.18 N 14.4705 17.9035
40.19 N 14.1615 16.6850
40.20 N 15.0068 16.5396
40.21 N 14.3136 15.4949
40.22 N 13.3502 14.3376
40.23 N 12.5347 14.1343
40.24 N 12.5855 16.2150
40.25 N 12.0625 16.2068
40.26 N 10.4047 15.8290
40.27 N 8.9989 15.0177
40.28 N 9.9277 16.4411
40.29 N 10.1312 14.7508
40.30 N 10.4700 16.7605
40.31 N 10.8705 17.0667
40.32 N 11.7718 17.5695
40.33 N 11.6121 18.0936
40.34 N 11.7540 17.1047
40.35 N 7.6772 16.9939
40.36 N 9.8898 15.6644
40.37 N 12.2242 15.4739
40.38 N 11.6426 16.7186
40.39 N 10.2070 16.0028
40.40 N 11.7918 16.2182
40.41 N 10.9444 16.3061
40.42 N 11.3478 17.5706
40.43 N 10.8861 15.4523
40.44 N 11.0613 13.7541
40.45 N 9.6333 14.4860
40.46 N 12.0910 15.1292
40.47 N 11.3262 14.1806
40.48 N 10.6676 13.4833
40.49 N 10.6716 12.7174
40.50 N 12.2172 12.5430
40.51 N 11.7570 10.9396
40.52 N 11.7994 11.4423
40.53 N 12.9383 10.7896
40.54 N 12.7154 10.9428
40.55 N 10.1306 11.1552
40.56 N 9.5412 12.3916
40.57 N 9.8306 11.3602
40.58 N 8.6611 11.9645
40.59 N 8.7653 12.2844
40.60 N 9.1330 10.5532
40.61 N 9.4162 11.1925
40.62 N 8.0165 11.8680
40.63 N 7.1074 11.8445
40.64 N 6.7419 13.5277
40.65 N 7.8644 10.3610
40.66 N 8.4743 9.1368
40.67 N 8.9340 8.4740
40.68 N 9.5344 8.9367
40.69 N 7.5162 10.3249
40.70 N 6.8005 9.1709
40.71 N 6.0258 8.6140
40.72 N 7.1933 8.5752
40.73 N 7.2269 10.5574
40.74 N 5.5822 10.6961
40.75 N 5.6235 10.3063
40.76 N 6.6466 8.8048
40.77 N 6.3247 11.9174
40.78 N 8.2678 14.9785
40.79 N 7.7786 15.0993
40.80 N 8.6636 15.7406
40.81 N 9.1358 15.3870
40.82 N 8.7210 14.3933
40.83 N 11.3671 15.8303
40.84 N 11.3412 14.8209
40.85 N 11.4882 15.4152
40.86 N 10.1170 16.0837
40.87 N 12.5932 14.5282
40.88 N 13.9370 16.1787
40.89 N 13.1022 15.0204
40.90 N 14.4607 16.7558
40.91 N 15.4981 16.5797
40.92 N 13.7802 13.9371
40.93 N 15.2377 15.1328
40.94 N 15.1205 16.6664
40.95 N 14.7497 16.4125
40.96 N 15.3485 17.7018
40.97 N 13.8048 18.2269
40.98 N 16.2006 16.8959
40.99 N 14.2236 18.4896
41.00 N 12.3459 16.6389
41.01 N 14.8510 17.8028
41.02 N 12.8931 17.1548
41.03 N 13.5619 17.0273
41.04 N 14.0800 16.3419
41.05 N 13.9864 17.5361
41.06 N 10.4489 16.1950
41.07 N 10.4121 13.5837
41.08 N 11.7214 14.3664
41.09 N 11.6007 15.2832
41.10 N 12.6242 15.9092
41.11 N 11.4320 15.1729
41.12 N 11.0424 16.0066
41.13 N 13.7580 15.9319
41.14 N 9.9558 13.3092
41.15 N 11.5252 14.4778
41.16 N 11.9774 13.5981
41.17 N 12.2578 15.6637
41.18 N 13.0590 16.0872
41.19 N 14.0150 14.9981
41.20 N 12.7419 15.9239
41.21 N 13.0036 14.3685
41.22 N 11.3327 13.1622
41.23 N 11.4007 14.8454
41.24 N 11.1734 14.2560
41.25 N 10.7383 14.1287
41.26 N 12.1165 14.5521
41.27 N 13.2161 14.2719
41.28 N 12.6624 14.6458
41.29 N 13.8907 13.6457
41.30 N 12.6774 12.5082
41.31 N 12.4733 12.7526
41.32 N 12.3583 14.9261
41.33 N 10.4901 14.2233
41.34 N 10.9098 11.1356
41.35 N 10.2207 12.6603
41.36 N 8.7139 11.3468
41.37 N 6.5858 12.4289
41.38 N 8.0658 11.9627
41.39 N 8.8035 11.9321
41.40 N 8.6381 13.4520
41.41 N 7.0077 12.0299
41.42 N 8.3879 13.2881
41.43 N 8.6858 12.2734
41.44 N 7.9962 14.7153
41.45 N 8.3303 15.5003
41.46 N 7.4281 13.9588
41.47 N 9.7429 13.6637
41.48 N 9.9209 15.0656
41.49 N 8.9282 13.9564
41.50 N 10.0947 16.7731
41.51 N 10.6158 17.4003
41.52 N 11.4087 13.2772
41.53 N 11.6078 13.9048
41.54 N 12.3436 13.3547
41.55 N 11.9517 14.4616
41.56 N 10.7724 13.7731
41.57 N 10.4240 15.1400
41.58 N 9.6614 15.2268
41.59 N 9.3038 14.2016
41.60 N 11.5352 12.5757
41.61 N 11.9662 11.1219
41.62 N 12.8032 11.1079
41.63 N 12.6451 12.1377
41.64 N 10.8864 12.2306
41.65 N 9.4712 12.1666
41.66 N 9.7449 12.6100
41.67 N 10.0302 13.2893
41.68 N 10.6196 14.0763
41.69 N 11.6797 14.6972
41.70 N 12.3295 14.8019
41.71 N 13.8906 16.0952
41.72 N 12.4444 15.8898
41.73 N 13.1149 14.9445
41.74 N 9.8652 14.3706
41.75 N 10.9628 13.6960
41.76 N 10.9797 14.1016
41.77 N 10.7464 14.1217
41.78 N 9.7972 15.1515
41.79 N 8.9119 15.2224
41.80 N 9.8719 13.6489
41.81 N 9.3338 15.3950
41.82 N 8.6948 13.8264
41.83 N 9.6794 13.7377
41.84 N 9.5432 15.7983
41.85 N 7.6006 13.8339
41.86 N 8.2971 14.7054
41.87 N 8.9533 14.7694
41.88 N 9.4399 14.0906
41.89 N 8.5022 14.5570
41.90 N 7.7455 13.7646
41.91 N 8.0694 13.0847
41.92 N 8.6757 13.7144
41.93 N 9.0270 13.7971
41.94 N 9.1821 14.6724
41.95 N 9.2785 15.2384
41.96 N 8.9263 15.4661
41.97 N 8.8678 14.4945
41.98 N 9.5036 14.6851
41.99 N 9.5231 14.7312
42.00 N 8.8429 14.2458
42.01 N 9.1172 15.3280
42.02 N 8.8993 14.8392
42.03 N 9.7296 14.6427
42.04 N 10.9316 13.9416
42.05 N 10.5484 14.3455
42.06 N 10.5945 13.1193
42.07 N 8.4685 14.1656
42.08 N 7.3089 12.7469
42.09 N 7.5812 12.7539
42.10 N 8.3248 13.8313
42.11 N 8.5202 13.8776
42.12 N 9.7646 14.3940
42.13 N 7.1198 11.5488
42.14 N 6.2124 11.7820
42.15 N 6.6310 11.3868
42.16 N 6.0230 11.5873
42.17 N 7.0185 12.2388
42.18 N 7.6486 12.5819
42.19 N 6.5862 13.0234
42.20 N 6.9815 13.9348
42.21 N 6.7392 14.0341
42.22 N 6.6997 13.9919
42.23 N 5.7800 11.4051
42.24 N 6.3641 11.1554
42.25 N 5.8624 10.8743
42.26 N 6.1204 11.1297
42.27 N 6.2374 11.8436
42.28 N 6.1088 14.2273
42.29 N 5.7949 14.1166
42.30 N 6.4342 14.0055
42.31 N 6.2053 13.8159
42.32 N 7.4264 14.2734
42.33 N 6.3677 14.0683
42.34 N 6.1331 15.1141
42.35 N 6.1221 12.8750
42.36 N 5.6312 12.8959
42.37 N 6.1919 13.4621
42.38 S 3.7621 12.6409
42.39 N 6.8908 12.9289
42.40 N 5.9774 13.2574
42.41 N 5.8238 13.3170
42.42 N 5.7660 14.0589
42.43 N 9.0862 15.2497
42.44 N 9.1662 15.6458
42.45 N 8.3325 12.6873
42.46 N 7.3606 12.2986
42.47 N 8.9365 11.1922
42.48 N 8.7765 10.3333
42.49 N 9.4133 9.7652
42.50 N 9.6648 9.4250
42.51 N 10.4021 9.0270
42.52 N 9.4420 10.2685
42.53 N 9.8941 10.5825
42.54 N 10.4181 10.5005
42.55 N 8.9430 9.3750
42.56 N 10.4111 10.7159
42.57 N 11.5895 11.9280
42.58 N 11.7106 10.8157
42.59 N 12.0965 10.5306
42.60 N 12.4614 11.9482
42.61 N 12.8695 10.6218
42.62 N 12.8780 10.7837
42.63 N 12.9739 11.4832
42.64 N 12.1727 12.2983
42.65 N 13.5366 11.9239
42.66 N 12.2362 11.8862
42.67 N 11.7230 12.4760
42.68 N 12.8860 12.7043
42.69 N 12.1155 11.7482
42.70 N 10.7322 10.7853
42.71 N 12.0292 12.4821
42.72 N 11.0315 12.7087
42.73 N 10.2882 10.2642
42.74 N 11.0554 10.7221
42.75 N 9.8995 11.0139
42.76 N 8.8426 10.9130
42.77 N 9.3062 11.0938
42.78 N 10.0591 10.5447
42.79 N 10.8961 11.1014
42.80 N 11.4988 11.7241
42.81 N 10.6182 8.7258
42.82 N 10.6825 9.4020
42.83 N 9.2219 11.0901
42.84 N 7.6988 10.1323
42.85 N 7.9759 10.2948
42.86 N 8.1610 10.2148
42.87 N 7.0108 9.0094
42.88 N 7.8277 9.6483
42.89 N 8.8430 11.1459
42.90 N 9.7165 11.7497
42.91 N 8.5453 9.9793
42.92 N 9.1350 9.8343
42.93 N 7.8747 9.8385
42.94 N 6.4879 9.0149
42.95 N 6.9892 8.3920
42.96 N 6.2621 9.4590
42.97 N 6.6134 9.9597
42.98 N 6.7479 9.3234
42.99 N 6.3309 9.3768
43.00 N 6.7622 10.2650
43.01 N 6.7643 8.5434
43.02 N 8.0033 9.0412
43.03 N 9.8185 8.2961
43.04 N 11.3658 9.7447
43.05 N 7.9408 8.5507
43.06 N 8.0691 9.3948
43.07 N 9.0655 8.8165
43.08 N 9.7532 9.6768
43.09 N 10.5813 9.8986
43.10 N 11.0475 9.2442
43.11 N 9.5800 8.9225
43.12 N 11.4245 8.9949
43.13 N 12.5129 8.4246
43.14 N 10.7728 9.4019
43.15 N 12.4696 9.2622
43.16 N 12.6485 9.6819
43.17 N 13.6321 10.0430
43.18 N 12.5361 10.0617
43.19 N 12.8338 10.8966
43.20 N 13.4902 12.0777
43.21 N 14.4160 12.5207
43.22 N 15.4622 11.7510
43.23 N 16.2155 10.7967
43.24 N 16.6392 11.1397
43.25 N 16.3666 12.2282
43.26 N 15.6598 11.4085
43.27 N 15.3795 11.6551
43.28 N 15.1234 12.6366
43.29 N 13.0165 11.3297
43.30 N 13.4048 11.9428
43.31 N 15.0232 13.9939
43.32 N 16.1186 15.7860
43.33 N 15.3925 13.9656
43.34 N 15.2789 15.6871
43.35 N 14.8304 14.6946
43.36 N 14.6056 14.9275
43.37 N 13.3294 13.4125
43.38 N 12.4589 12.7480
43.39 N 11.3743 11.6523
43.40 N 10.4040 10.4317
43.41 N 9.8566 11.5897
43.42 N 9.4851 10.9087
43.43 N 7.9844 11.2537
43.44 N 10.2780 11.0586
43.45 N 11.4748 12.1884
43.46 N 10.0298 12.1683
43.47 N 9.3451 12.5101
43.48 N 9.4199 12.0354
43.49 N 7.5771 9.4966
43.50 N 10.6199 12.5462
43.51 N 11.2547 11.3060
43.52 N 11.5805 10.8354
43.53 N 11.7932 10.6302
43.54 N 12.3325 11.4249
43.55 N 14.2215 13.9210
43.56 N 14.2086 13.1571
43.57 N 12.5494 12.0068
43.58 N 12.0199 13.0128
43.59 N 12.2727 12.2437
43.60 N 11.1810 13.1994
43.61 N 11.7755 12.6550
43.62 N 11.4439 11.6126
43.63 N 9.4529 9.3249
43.64 N 8.0081 7.7742
43.65 N 7.7864 7.3597
43.66 N 10.8963 10.1545
43.67 N 9.3340 8.7499
43.68 N 8.8182 8.8892
43.69 N 8.0191 8.9378
43.70 N 6.6705 9.8051
43.71 N 5.5055 8.6422
43.72 N 7.1167 8.7234
43.73 N 6.7827 8.0981
43.74 N 7.0477 9.1076
43.75 N 7.5584 8.6390
43.76 N 7.4838 10.1299
43.77 N 9.5909 11.5232
43.78 N 8.2244 9.3780
43.79 N 7.9692 9.4668
43.80 N 9.6625 9.5655
43.81 N 9.7504 7.3567
43.82 N 9.8784 9.3972
43.83 N 10.4133 9.3311
43.84 N 10.0412 10.3381
43.85 N 12.0055 10.9753
43.86 N 12.1623 11.9562
43.87 N 11.7633 10.5247
43.88 N 10.0694 10.4050
43.89 N 8.4611 8.3048
43.90 N 10.4769 8.9590
43.91 N 8.3773 9.0371
43.92 N 7.7557 8.9267
43.93 N 7.5466 8.2359
43.94 N 8.7425 9.5573
43.95 N 8.0543 8.8903
43.96 N 6.9845 7.7970
43.97 N 7.6941 7.4876
43.98 N 10.0999 8.1073
43.99 N 10.8670 9.0254
44.00 N 10.0825 9.4163
44.01 N 10.6006 12.0029
44.02 N 10.1897 12.4853
44.03 N 8.2971 11.0737
44.04 N 8.0784 11.5745
44.05 N 7.0958 12.1623
44.06 N 9.9079 11.4981
44.07 N 7.8868 11.4712
44.08 N 7.8915 10.9910
44.09 N 7.0717 11.6206
44.10 N 7.8451 8.7047
44.11 N 6.7724 9.2226
44.12 N 6.4307 10.9651
44.13 N 5.2022 9.5553
44.14 N 5.1796 9.3814
44.15 N 5.2689 9.2326
44.16 N 5.3975 9.3936
44.17 N 5.6379 10.0527
44.18 N 6.0228 9.4829
44.19 N 5.1585 8.5975
44.20 N 6.7428 8.4718
44.21 N 4.5251 8.5525
44.22 N 5.2544 8.1755
44.23 N 7.3053 9.5613
44.24 N 6.5947 9.8764
44.25 N 5.7010 9.0839
44.26 N 7.1295 7.6599
44.27 N 9.7857 9.3171
44.28 N 9.9167 8.4930
44.29 N 9.9536 9.7186
44.30 N 8.3367 8.9549
44.31 N 7.7674 9.4692
44.32 N 5.8990 8.9763
44.33 N 7.2519 11.3355
44.34 N 8.3666 12.2855
44.35 N 10.5845 12.7986
44.36 N 10.6863 13.0726
44.37 N 11.9193 14.3545
44.38 N 10.8840 14.0016
44.39 N 12.3409 14.7399
44.40 N 14.4172 16.9914
44.41 N 12.7591 15.7055
44.42 N 11.9859 15.5058
44.43 N 10.5986 14.2056
44.44 N 12.6331 14.2626
44.45 N 13.1235 17.0941
44.46 N 10.0211 14.8839
44.47 N 10.6790 15.6815
44.48 N 11.9897 15.0158
44.49 N 9.6550 12.9587
44.50 N 11.1155 15.1981
44.51 N 10.2564 14.0619
44.52 N 9.7161 14.6053
44.53 N 9.8254 14.1038
44.54 N 10.2031 14.1964
44.55 N 10.5872 15.1321
44.56 N 11.6964 16.6132
44.57 N 10.4266 14.5367
44.58 N 10.5820 14.7775
44.59 N 10.3852 15.4167
44.60 N 10.7486 15.3680
44.61 N 10.7598 15.5478
44.62 N 9.2304 14.3120
44.63 N 7.4616 13.3220
44.64 N 7.7126 13.3262
44.65 N 8.7536 13.8599
44.66 N 8.9688 14.2657
44.67 N 9.2089 15.5916
44.68 N 8.4810 14.6989
44.69 N 9.5178 14.2135
44.70 N 8.5284 12.6413
44.71 N 6.8672 10.2514
44.72 N 6.5908 9.0446
44.73 N 5.8859 9.5697
44.74 N 6.7130 9.8923
44.75 N 7.6885 10.7899
44.76 N 9.4729 10.8667
44.77 N 9.7988 12.1294
44.78 N 8.4327 11.3736
44.79 N 9.3477 10.6679
44.80 N 9.2743 10.1160
44.81 N 10.9247 10.0893
44.82 N 11.6191 10.4934
44.83 N 10.2262 8.0326
44.84 N 9.7319 9.6938
44.85 N 11.2263 9.9522
44.86 N 7.8379 9.9920
44.87 N 6.8749 10.7556
44.88 N 8.1983 9.7765
44.89 N 8.5578 12.1682
44.90 N 7.7705 11.0842
44.91 N 7.9576 11.4878
44.92 N 9.9475 12.8641
44.93 N 10.3382 13.9434
44.94 N 11.4872 15.2976
44.95 N 10.9112 15.1856
44.96 N 11.9266 14.6563
44.97 N 12.3597 15.9025
44.98 N 12.8418 16.5076
44.99 N 13.6236 14.7102
45.00 N 15.4358 15.7072
45.01 N 15.4265 17.8776
45.02 N 15.5241 18.2291
45.03 N 13.1258 16.5812
45.04 N 13.4656 16.9178
45.05 N 14.9054 18.7051
45.06 N 15.6441 15.1045
45.07 N 13.8751 16.3030
45.08 N 12.6314 16.1806
45.09 N 13.6170 16.1446
45.10 N 13.5983 16.5910
45.11 N 10.8204 13.9405
45.12 N 10.6865 14.3038
45.13 N 11.8212 16.1959
45.14 N 12.1832 15.6529
45.15 N 12.6566 16.4480
45.16 N 14.0551 15.0302
45.17 N 15.3416 13.7775
45.18 N 14.8490 13.1285
45.19 N 14.9664 14.0871
45.20 N 15.6683 15.5276
45.21 N 15.9370 14.5729
45.22 N 16.1661 14.4081
45.23 N 15.3236 15.6445
45.24 N 14.5440 15.9881
45.25 N 15.1537 17.2297
45.26 N 15.6353 14.9368
45.27 N 14.0268 15.6597
45.28 N 15.2049 15.9452
45.29 N 16.2260 17.5093
45.30 N 15.2874 17.3192
45.31 N 16.1816 15.5227
45.32 N 15.9399 14.9413
45.33 N 15.8278 15.1155
45.34 N 16.8320 16.3711
45.35 N 15.9990 14.4664
45.36 N 15.5885 13.6556
45.37 N 14.6367 13.9711
45.38 N 13.7939 12.9788
45.39 N 15.0061 13.8081
45.40 N 15.9860 14.7614
45.41 N 16.5850 13.9514
45.42 N 14.1580 14.3689
45.43 N 15.0613 13.0257
45.44 N 13.8230 11.5183
45.45 N 13.4310 11.4028
45.46 N 14.5859 10.7264
45.47 N 13.8238 10.3804
45.48 N 15.2258 11.3323
45.49 N 13.9007 10.3938
45.50 N 11.8688 11.5056
45.51 N 11.5291 10.4485
45.52 N 13.4975 11.4074
45.53 N 15.0387 11.8553
45.54 N 13.1451 12.2839
45.55 N 14.2921 12.1043
45.56 N 14.5185 11.4842
45.57 N 13.6981 12.5668
45.58 N 13.8200 13.0652
45.59 N 12.8333 10.6191
45.60 N 13.2336 12.1558
45.61 N 14.6575 13.3764
45.62 N 14.1750 14.9609
45.63 N 13.1783 13.6936
45.64 N 13.3471 13.7194
45.65 N 12.8380 12.9005
45.66 N 11.3285 12.5206
45.67 N 10.6844 13.3080
45.68 N 13.3483 13.6907
45.69 N 12.3998 14.4335
45.70 N 12.1414 13.2864
45.71 N 11.4933 14.6593
45.72 N 9.9961 13.1172
45.73 N 8.6142 12.5144
45.74 N 8.7628 13.7731
45.75 N 9.1246 12.8748
45.76 N 9.2697 13.3410
45.77 N 12.0865 11.7558
45.78 N 12.1031 11.6872
45.79 N 14.2179 13.5259
45.80 N 14.0008 13.8021
45.81 N 12.1867 12.7375
45.82 N 12.8574 12.3020
45.83 N 11.1637 11.2699
45.84 N 12.1714 13.3075
45.85 N 13.6216 14.1916
45.86 N 14.3243 16.1886
45.87 N 15.1298 17.2356
45.88 N 15.1124 15.6853
45.89 N 15.6244 16.7427
45.90 N 15.7956 15.5955
45.91 N 15.6222 14.6394
45.92 N 15.0438 14.0084
45.93 N 15.6192 13.1265
45.94 N 16.3726 13.8750
45.95 N 16.3755 14.2893
45.96 N 17.8918 15.4260
45.97 N 16.3532 13.9108
45.98 N 18.0486 15.2981
45.99 N 16.4576 16.2903
46.00 N 18.9036 18.6158
46.01 N 17.1844 19.0539
46.02 N 16.0745 18.1307
46.03 N 17.9768 17.8427
46.04 N 15.8770 17.1525
46.05 N 15.2266 16.2503
46.06 N 14.7930 16.0943
46.07 N 15.0880 15.0163
46.08 N 16.2931 14.7118
46.09 N 14.0225 11.6904
46.10 N 15.1762 12.8286
46.11 N 13.9968 11.7905
46.12 N 13.1290 12.9597
46.13 N 14.0354 14.0587
46.14 N 14.3090 13.2445
46.15 N 13.4111 11.2569
46.16 N 15.2092 14.0677
46.17 N 16.0350 14.9978
46.18 N 14.9163 14.9392
46.19 N 15.7324 15.5722
46.20 N 13.7569 14.9811
46.21 N 15.8307 16.4614
46.22 N 15.3630 15.2536
46.23 N 17.5526 16.6485
46.24 N 17.7684 15.6319
46.25 N 17.0923 17.7268
46.26 N 17.2452 17.6153
46.27 N 17.9989 17.7245
46.28 N 17.6506 18.0996
46.29 N 17.6285 17.8071
46.30 N 16.4749 16.7414
46.31 N 15.7424 17.1291
46.32 N 16.6423 16.9370
46.33 N 17.2644 18.1132
46.34 N 16.9481 17.5969
46.35 N 17.9363 18.8477
46.36 N 18.8987 17.1448
46.37 N 19.0321 17.2992
46.38 N 18.8348 18.5730
46.39 N 19.5704 16.6929
46.40 N 17.9172 16.5205
46.41 N 18.9301 18.7439
46.42 N 17.5541 18.6913
46.43 N 18.0388 16.0977
46.44 N 19.5422 16.1151
46.45 N 18.5504 16.8963
46.46 N 18.7566 19.5298
46.47 N 18.9454 18.9436
46.48 N 18.4522 18.8484
46.49 N 19.1568 18.3690
46.50 N 19.0305 18.7255
46.51 N 18.8519 18.3352
46.52 N 19.1649 18.4849
46.53 N 17.6905 17.9736
46.54 N 14.3003 17.8421
46.55 N 14.4796 18.0603
46.56 N 15.0249 18.8305
46.57 N 14.7575 18.6159
46.58 N 16.4670 19.1389
46.59 N 16.8169 19.0461
46.60 N 16.8576 19.8002
46.61 N 16.2991 20.4360
46.62 N 16.3130 19.7674
46.63 N 16.9766 20.4408
46.64 N 14.5532 18.1302
46.65 N 15.7196 18.0887
46.66 N 14.9187 17.9219
46.67 N 14.2653 17.9021
46.68 N 14.3774 17.5135
46.69 N 14.5284 17.4179
46.70 N 13.6686 17.0424
46.71 N 14.3849 16.4463
46.72 N 14.5641 16.8394
46.73 N 14.5146 16.6439
46.74 N 15.0427 17.4098
46.75 N 14.3655 15.2304
46.76 N 14.5953 14.5339
46.77 N 14.7161 15.3829
46.78 N 13.8047 14.7502
46.79 N 12.3316 15.1653
46.80 N 12.7232 13.6045
46.81 N 10.7254 12.4832
46.82 N 12.7848 13.9001
46.83 N 11.2096 13.0183
46.84 N 11.7220 12.7097
46.85 N 12.0311 13.9215
46.86 N 10.6261 12.4694
46.87 N 11.6297 12.9487
46.88 N 11.3747 12.5668
46.89 N 9.4369 9.2518
46.90 N 9.7771 10.2203
46.91 N 9.8061 11.4397
46.92 N 10.4231 10.9255
46.93 N 9.2638 10.9152
46.94 N 10.7527 12.6506
46.95 N 11.7197 12.7379
46.96 N 11.5076 13.8178
46.97 N 10.9501 11.4656
46.98 N 10.9833 12.0687
46.99 N 10.2671 10.0619
47.00 N 10.6475 10.7060
47.01 N 11.3574 12.2879
47.02 N 10.9533 10.1610
47.03 N 10.5051 9.7118
47.04 N 11.0550 10.4599
47.05 N 11.1062 11.5424
47.06 N 11.2867 12.4760
47.07 N 11.8457 13.4673
47.08 N 14.4132 13.3239
47.09 N 12.8615 14.5087
47.10 N 13.8547 13.8991
47.11 N 11.5432 12.9116
47.12 N 9.6311 11.7779
47.13 N 9.5954 12.0220
47.14 N 10.1592 10.5303
47.15 N 8.4884 10.7030
47.16 N 9.2537 10.3595
47.17 N 9.1890 11.1441
47.18 N 10.6815 13.3495
47.19 N 8.8788 11.6733
47.20 N 9.1900 11.5366
47.21 N 10.3223 12.1554
47.22 N 11.8617 13.5272
47.23 N 12.9800 13.2528
47.24 N 12.3276 13.1018
47.25 N 11.1388 10.6623
47.26 N 11.4092 11.2584
47.27 N 11.4671 10.0046
47.28 N 12.5793 10.9959
47.29 N 12.4840 10.6506
47.30 N 11.2003 9.3363
47.31 N 12.5175 10.3296
47.32 N 10.9752 9.2022
47.33 N 11.4822 9.5135
47.34 N 11.6712 10.4548
47.35 N 9.6144 8.3206
47.36 N 11.1684 9.7119
47.37 N 11.4133 9.4363
47.38 N 12.4987 9.5271
47.39 N 12.2517 8.7464
47.40 N 13.5389 11.2474
47.41 N 12.7969 10.5137
47.42 N 11.4776 8.6809
47.43 N 12.7306 9.7678
47.44 N 11.6441 9.4895
47.45 N 12.6979 11.2110
47.46 N 12.6601 10.8346
47.47 N 13.7660 11.0937
47.48 N 13.0782 10.9473
47.49 N 13.5682 12.0593
47.50 N 13.5481 12.2377
47.51 N 14.9882 12.1016
47.52 N 14.4349 12.4738
47.53 N 12.8507 11.6902
47.54 N 11.3157 10.1324
47.55 N 11.1070 11.0369
47.56 N 10.8868 10.0443
47.57 N 11.6250 10.5303
47.58 N 11.3259 11.5715
47.59 N 10.3428 9.9871
47.60 N 9.8187 9.2033
47.61 N 11.0124 10.3616
47.62 N 12.7809 12.2183
47.63 N 14.7664 13.3623
47.64 N 16.0346 14.0588
47.65 N 15.9325 14.7526
47.66 N 16.0829 14.3698
47.67 N 18.2094 15.8680
47.68 N 18.1191 15.9573
47.69 N 16.8846 14.4775
47.70 N 17.4152 15.6230
47.71 N 18.9685 15.4948
47.72 N 17.2120 15.5837
47.73 N 15.7536 14.0609
47.74 N 15.3207 12.7473
47.75 N 16.3895 14.8090
47.76 N 16.4402 14.1994
47.77 N 17.1214 14.6678
47.78 N 17.7406 14.8579
47.79 N 18.3455 13.5554
47.80 N 17.9588 11.7736
47.81 N 18.1436 12.4488
47.82 N 13.6497 12.4610
47.83 N 14.0591 14.2092
47.84 N 15.8669 12.9623
47.85 N 15.9093 11.9784
47.86 N 15.9371 12.4827
47.87 N 15.5393 9.5889
47.88 N 15.7101 10.4250
47.89 N 16.2804 9.5141
47.90 N 16.6382 10.8909
47.91 N 16.1229 9.7059
47.92 N 16.3038 9.8894
47.93 N 16.7470 9.3762
47.94 N 16.5249 10.1395
47.95 N 15.9332 10.1162
47.96 N 15.6204 9.5754
47.97 N 16.2692 8.3503
47.98 N 13.0595 7.6231
47.99 N 14.4105 7.8741
48.00 N 12.3880 5.1980
48.01 N 11.3138 4.5836
48.02 N 10.6305 4.9582
48.03 N 9.9040 4.0943
48.04 N 8.8802 4.8613
48.05 N 7.5906 4.0821
48.06 N 7.1486 4.5108
48.07 N 5.7931 4.2332
48.08 N 6.9997 4.1653
48.09 N 7.5298 5.7815
48.10 L 6.3637 3.6256
48.11 N 6.3643 4.1575
48.12 L 6.0298 3.7843
48.13 N 6.7479 5.6186
48.14 N 7.2209 6.2446
48.15 N 6.9376 6.1299
48.16 N 5.9982 6.3080
48.17 N 6.9629 6.7043
48.18 N 7.3865 8.3312
48.19 N 5.7986 6.4942
48.20 N 7.8993 6.4179
48.21 N 8.5520 7.0334
48.22 N 9.6350 8.4031
48.23 N 8.3529 6.9822
48.24 N 11.1669 8.8126
48.25 N 11.3705 10.5306
48.26 N 9.5484 8.2137
48.27 N 11.2278 11.1074
48.28 N 10.9928 9.8147
48.29 N 8.9338 9.9192
48.30 N 6.8854 8.5137
48.31 N 8.4141 9.6869
48.32 N 9.0624 10.2846
48.33 N 9.3274 10.2734
48.34 N 10.2228 8.8658
48.35 N 10.8748 9.0332
48.36 N 10.1764 10.8928
48.37 N 11.3490 11.0218
48.38 N 10.7181 10.6534
48.39 N 11.5291 10.4507
48.40 N 9.9276 9.7052
48.41 N 10.2048 10.1193
48.42 N 8.7923 7.7339
48.43 N 10.0422 9.4424
48.44 N 10.7544 10.0997
48.45 N 9.7422 7.8861
48.46 N 8.9661 6.8281
48.47 N 8.7360 8.2029
48.48 N 9.9972 8.7187
48.49 N 10.1681 10.0427
48.50 N 9.4692 9.5680
48.51 N 9.4221 8.0502
48.52 N 10.2729 9.1192
48.53 N 9.7631 8.7449
48.54 N 11.2258 9.3880
48.55 N 13.3549 11.0636
48.56 N 14.3694 10.5928
48.57 N 12.8121 8.9103
48.58 N 11.2764 8.8591
48.59 N 10.3103 8.4227
48.60 N 10.5433 11.2195
48.61 N 12.0959 11.8195
48.62 N 12.6022 11.6431
48.63 N 11.9255 10.5520
48.64 N 11.6301 9.6285
48.65 N 10.7553 7.1363
48.66 N 11.0561 7.0270
48.67 N 11.3712 6.8955
48.68 N 9.7859 6.1409
48.69 N 10.2194 6.5550
48.70 N 10.0787 6.7447
48.71 N 10.8170 7.2279
48.72 N 9.9786 7.2899
48.73 N 11.1770 7.0055
48.74 N 10.5377 7.1650
48.75 N 9.6333 6.6176
48.76 N 9.5293 8.7227
48.77 N 9.3493 6.8538
48.78 N 10.1238 6.7028
48.79 N 10.5249 7.9890
48.80 N 10.1108 7.5045
48.81 N 9.4027 6.7529
48.82 N 10.3006 8.1422
48.83 N 10.4021 9.7283
48.84 N 11.4964 10.8535
48.85 N 11.8692 11.9599
48.86 N 12.4004 10.0845
48.87 N 14.3961 11.5680
48.88 N 15.6352 13.1032
48.89 N 15.4124 12.0120
48.90 N 16.7369 14.4776
48.91 N 16.7140 14.1505
48.92 N 15.8072 14.3471
48.93 N 14.6209 12.6484
48.94 N 14.2475 12.0649
48.95 N 14.0410 11.4069
48.96 N 15.0240 13.5085
48.97 N 14.9647 14.0782
48.98 N 15.8864 14.6872
48.99 N 16.8826 14.5967
49.00 N 15.0197 13.0364
49.01 N 15.9922 12.7222
49.02 N 16.4320 14.6217
49.03 N 14.8042 12.3371
49.04 N 14.4140 12.2571
49.05 N 13.3731 11.5083
49.06 N 12.5733 11.3076
49.07 N 13.8353 12.9656
49.08 N 12.1805 11.4654
49.09 N 12.3470 10.0774
49.10 N 12.0037 9.6622
49.11 N 11.7427 9.2598
49.12 N 10.5556 8.2753
49.13 N 9.4366 8.9555
49.14 N 8.4188 8.2424
49.15 N 7.0486 6.6160
49.16 N 6.1607 6.3799
49.17 N 7.0646 8.9082
49.18 N 5.6307 6.4270
49.19 N 5.7433 7.0583
49.20 N 6.5711 7.3738
49.21 N 7.8589 7.6355
49.22 N 9.1060 5.6975
49.23 N 9.9009 7.1076
49.24 N 8.6259 8.6305
49.25 N 9.7684 8.2807
49.26 N 10.4041 8.4041
49.27 N 9.6184 9.5589
49.28 N 11.2334 12.1425
49.29 N 10.6737 11.1372
49.30 N 11.1085 11.8238
49.31 N 11.2434 12.5102
49.32 N 10.1834 10.8888
49.33 N 10.6616 10.4472
49.34 N 8.8879 9.7644
49.35 N 8.4124 7.7919
49.36 N 8.7924 7.5469
49.37 N 8.6475 6.8351
49.38 N 8.2656 7.4368
49.39 N 5.5936 6.8434
49.40 N 6.0299 7.4938
49.41 N 7.0167 9.1171
49.42 N 8.7973 8.8177
49.43 N 7.3361 8.4172
49.44 N 9.3374 9.3594
49.45 N 9.6555 9.0521
49.46 N 8.4149 9.1019
49.47 N 7.6673 8.2199
49.48 N 8.0198 9.2045
49.49 N 8.6844 9.7755
49.50 N 9.6969 9.5474
49.51 N 8.8501 10.4561
49.52 N 9.2766 11.5188
49.53 N 9.8871 12.4750
49.54 N 11.2861 13.6764
49.55 N 9.7589 11.5677
49.56 N 12.1667 14.2527
49.57 N 10.5181 12.8033
49.58 N 11.9258 13.9575
49.59 N 12.4297 12.6155
49.60 N 11.2543 12.5405
49.61 N 10.5927 11.4328
49.62 N 11.3468 11.3256
49.63 N 11.8611 13.7700
49.64 N 10.4573 13.8362
49.65 N 10.8264 12.1565
49.66 N 9.7693 11.8905
49.67 N 10.4203 12.4829
49.68 N 8.1725 10.4643
49.69 N 8.5426 11.5631
49.70 N 6.3185 9.6231
49.71 N 5.9636 9.2881
49.72 N 5.4604 7.2121
49.73 N 5.7953 7.5395
49.74 N 6.7819 8.0521
49.75 N 5.7356 7.2851
49.76 N 4.3907 8.4996
49.77 N 4.7403 8.3014
49.78 N 4.5481 7.3479
49.79 N 6.8253 8.8910
49.80 N 5.1832 6.2397
49.81 N 5.9551 5.9521
49.82 N 7.0067 7.9197
49.83 N 6.2523 7.1308
49.84 N 6.9350 8.0624
49.85 N 5.7275 6.8859
49.86 N 5.4210 6.2060
49.87 N 4.5777 6.9406
49.88 N 5.2886 8.0713
49.89 N 5.2234 6.8515
49.90 N 5.7877 7.3104
49.91 N 6.1110 8.3148
49.92 N 6.3554 7.2375
49.93 N 6.4104 6.4930
49.94 N 6.0228 6.0664
49.95 N 6.6385 5.3150
49.96 N 8.6943 5.7677
49.97 N 7.8822 6.5262
49.98 N 7.2113 8.2144
49.99 N 7.4633 7.7429
