#Frame   LVTKL[native] LVTKL[nonnative] LVTKL[mindist] LVTKL[maxdist]
       1            23                0         3.0478        16.7559
       2            11                6         3.3941        18.7500
       3            11                5         3.0464        19.0038
       4             8                8         3.1895        17.6525
       5             8                8         3.2119        15.3923
       6             8               17         3.1158        15.4887
       7             6               13         3.1509        16.0306
       8             9               12         3.2436        16.3374
       9            12               18         3.2375        15.9871
      10            11               10         3.2572        17.0193
      11             6               14         3.0987        16.1133
      12             4                3         3.4177        18.3836
      13             6               10         3.1963        17.8776
      14             8               15         3.3312        17.9098
      15             5               30         3.4335        18.3161
      16             4               15         3.1388        17.6380
      17             2               20         3.5332        18.0522
      18             3               16         3.4528        18.2707
      19             2               12         3.4957        18.6269
      20             3               18         3.2770        18.5039
      21             5               18         3.3775        17.9676
      22             0                9         3.2172        17.1633
      23             4               13         3.3530        17.4422
      24             5               28         3.0723        17.4635
      25             5               22         3.3279        18.0862
      26             4               26         3.1751        17.5287
      27             5               27         3.2893        17.1993
      28             3               20         3.3299        17.6639
      29             2               10         3.5872        17.3172
      30             4               22         2.9827        16.9999
      31             4               21         3.3266        17.3617
      32             4               15         3.2435        18.0642
      33             4               20         3.0386        16.9292
      34             3                9         3.2730        17.8665
      35             5               23         3.3708        18.5032
      36             5               27         3.1111        17.6160
      37             2               16         2.9007        18.0266
      38             5               16         2.9831        17.3059
      39             2               19         3.3632        17.0757
      40             2                7         3.6203        17.5356
      41             5               29         3.1179        17.1937
      42             4               15         3.0799        17.9596
      43             2               14         3.3238        18.9199
      44             2                9         2.9972        17.0345
      45             2               13         3.1714        18.0494
      46             4               16         2.9754        18.4875
      47             3               11         3.4778        17.0689
      48             7               14         2.8685        17.6692
      49             6               13         3.2516        17.5836
      50             6                5         3.2138        17.3457
      51             7               29         3.2182        18.1295
      52             4               17         3.2687        18.4854
      53             6               18         3.0917        18.9772
      54             3               14         3.3843        18.8237
      55             6               33         3.3023        18.9919
      56             2                6         3.5901        19.4945
      57             4               24         3.0903        19.6232
      58             4               23         3.2092        18.8497
      59             3               14         3.4292        18.3332
      60             3               13         3.3186        18.0657
      61             4               26         3.3638        18.4802
      62             5               18         3.1509        17.7361
      63             3               17         3.6158        18.5883
      64             5               25         3.1412        17.6068
      65             5               33         3.2811        17.9445
      66             4               27         3.0596        17.8309
      67             2               12         3.2694        16.6153
      68             2               12         3.4782        18.1140
      69             2               10         3.1833        18.0479
      70             5               19         3.3135        18.3139
      71             2               11         3.3578        18.5591
      72             2               14         3.3472        18.0960
      73             6               23         3.3078        17.2161
      74             4               27         3.4078        18.1902
      75             4               23         3.2220        18.6413
      76             6               22         3.0044        17.8770
      77             2               25         3.1761        19.0298
      78             3               11         3.4349        19.1698
      79             4               15         3.4939        19.9844
      80             6                9         3.3117        19.0107
      81             2               11         3.2165        20.2571
      82             8               21         3.2282        19.8049
      83             7               20         3.3721        19.1739
      84             8               13         3.1460        17.7154
      85             5               18         3.0202        19.6445
      86             7               22         2.9017        19.2447
      87             2               12         3.4906        19.4176
      88             5               21         3.2908        17.7192
      89             5               12         3.2346        18.0285
      90             5               22         3.0707        17.7374
      91             3               21         3.3382        17.8112
      92             6               25         3.3641        16.7878
      93             6               22         3.0962        17.5639
      94             4               16         2.9766        17.2405
      95             4               17         3.0654        16.4479
      96             3               12         3.4816        17.5414
      97             3               23         3.0353        17.4816
      98             3                4         3.3393        18.2803
      99             4               22         3.3621        18.4465
     100             3               14         3.3020        18.5067
     101             4               12         3.3374        17.7426
     102             3               18         2.9334        17.7263
     103             4               21         3.1581        18.7570
     104             3               19         3.2997        17.7059
     105             3               29         3.2378        18.0342
     106             4               20         3.3567        17.2133
     107             1                6         3.5769        16.6299
     108             3               10         3.2250        17.4977
     109             3                9         3.3179        19.0620
     110             3               12         3.4819        18.0359
     111             4               27         3.2600        18.2457
     112             6               16         3.1313        19.0794
     113             3               18         3.2778        18.8542
     114             1               11         3.6332        18.6561
     115             5               29         3.1000        18.3901
     116             3               16         3.2870        19.3673
     117             3               11         3.3622        19.4422
     118             5               28         3.3578        18.3124
     119             4               23         3.2472        17.8980
     120             6               13         3.2391        17.9576
     121             4               30         3.1895        18.2020
     122             5               21         3.0588        17.6226
     123             2               25         2.9060        18.2327
     124             5               26         3.1302        18.6410
     125             3               20         3.1809        18.4355
     126             4               22         3.1965        18.4139
     127             4               25         3.1580        18.4675
     128             5               10         3.2485        19.2290
     129             1               15         3.4620        18.8095
     130             3               19         3.3504        18.8806
     131             5               32         3.2115        19.1886
     132             1               13         3.3068        20.2230
     133             2               26         3.1751        20.3087
     134             4               17         3.2018        18.9055
     135             3               19         3.1178        19.3722
     136             4               27         3.1905        18.2655
     137             4               16         3.1686        18.5554
     138             5               18         3.1778        18.8591
     139             5               17         3.2580        18.7421
     140             4               12         3.1462        18.8724
     141             5               22         3.2489        19.0152
     142             2               11         3.4995        20.4840
     143             0               18         3.2508        20.3742
     144             2               19         2.9888        20.5943
     145             0               14         3.4209        20.8198
     146             2               14         3.4495        18.7870
     147             3               19         3.3785        19.0859
     148             2                6         3.5594        18.0291
     149             5               21         3.2727        18.3921
     150             3               19         3.3290        18.0289
     151             4               23         3.2186        17.7542
     152             6               32         3.1870        18.5571
     153             3               21         3.2615        18.5322
     154             3               29         3.2072        18.2690
     155             2               14         3.5478        18.2583
     156             4               28         3.1568        19.4636
     157             4               30         3.0156        17.7335
     158             6               26         3.1227        18.7074
     159             2               16         3.1905        18.8941
     160             4                9         3.3046        18.5201
     161             3               10         3.0036        18.0037
     162             4               11         3.3202        16.7220
     163             4               11         3.1444        17.3173
     164             2                9         3.4021        17.9966
     165             4               13         3.2678        16.6252
     166             5               12         3.2016        16.8462
     167             3               13         3.3173        17.7611
     168             2               15         3.3736        18.7005
     169             2               15         3.4720        17.9863
     170             4               13         3.3485        17.8743
     171             2                9         3.3820        18.2034
     172             4               17         3.0582        18.1655
     173             2                7         3.4477        18.4154
     174             3               19         3.3606        17.6458
     175             2               12         3.3907        16.3158
     176             4               18         3.0021        17.7814
     177             2               16         3.0935        19.0257
     178             2               13         3.3180        18.8897
     179             2               12         2.8832        20.3416
     180             4                6         3.3579        19.2543
     181             3               19         3.2032        18.7449
     182             0               12         3.3099        18.7887
     183             0                9         3.0442        18.4992
     184             0               15         3.0334        18.5070
     185             1               30         2.8774        18.3045
     186             0               21         3.4835        18.8382
     187             0                9         3.2954        19.6813
     188             0               12         3.0139        19.8582
     189             0                7         3.1322        20.6942
     190             0                7         3.3306        19.3956
     191             0                8         3.2674        20.1436
     192             0                8         3.4767        20.3436
     193             0               25         3.3590        19.4410
     194             0               22         3.2604        19.6982
     195             0                8         3.6725        19.6774
     196             0                8         3.3669        21.1596
     197             0                9         3.4537        20.7983
     198             0                4         3.5334        20.5732
     199             0                6         3.5116        19.9561
     200             0               12         3.1899        20.1074
     201             0                8         3.4112        20.0361
     202             0               12         3.2115        19.7464
     203             0                8         3.2264        20.9523
     204             0                5         3.1592        21.1487
     205             0               10         3.4075        20.7249
     206             0               11         3.3511        20.1371
     207             0               11         3.3332        21.1879
     208             1                7         3.2781        19.7884
     209             0               19         3.2328        19.5502
     210             1               23         3.2192        19.6645
     211             1                6         3.1397        20.4143
     212             1                5         3.2739        19.7331
     213             0                7         3.2547        20.2587
     214             0                5         3.6769        20.9585
     215             0               10         3.3341        20.5026
     216             0                2         3.9459        21.2798
     217             0               10         3.2839        20.7164
     218             0               11         3.0194        19.3606
     219             0               13         3.0601        20.0283
     220             0                8         3.4577        19.6235
     221             1                7         3.4432        19.1760
     222             0                2         3.7390        20.0743
     223             0                6         3.3775        19.7090
     224             0                9         3.2987        19.2449
     225             0               12         3.3563        19.9430
     226             0                8         3.5884        20.3241
     227             0                8         3.5486        20.0593
     228             0                4         3.6488        20.2387
     229             0               11         3.2051        19.4887
     230             0               14         3.1387        19.5532
     231             0                7         3.4708        19.2158
     232             0                9         3.3536        19.0489
     233             0                9         3.5067        19.2677
     234             0                5         3.6237        19.7843
     235             0                9         3.4237        18.7481
     236             0                6         3.3304        17.8658
     237             1               17         3.0902        18.6596
     238             2               20         2.9412        19.0610
     239             1               16         3.1744        18.6615
     240             0               13         3.0073        19.5990
     241             1                8         3.2921        18.4445
     242             1                7         2.9310        19.3412
     243             1               15         2.8442        18.6935
     244             3               19         2.6101        17.9217
     245             3               17         2.6375        18.5273
     246             3                9         3.0006        18.5992
     247             3               15         2.6816        17.4186
     248             3                7         2.7286        18.7063
     249             2                7         3.1441        18.3389
     250             1                5         3.4377        19.1404
     251             1               12         2.9289        19.0073
     252             1               16         2.8100        18.7656
     253             1                8         3.4488        18.7473
     254             1               11         2.7966        17.6602
     255             1               11         2.8133        18.5369
     256             3                9         3.1235        17.9620
     257             2                7         3.6404        17.9096
     258             3               11         3.3937        18.3753
     259             4               22         3.0323        16.7764
     260             3               17         3.4652        17.8035
     261             3               16         3.2383        17.6275
     262             4                6         3.3072        18.3718
     263             4               15         2.9634        17.6273
     264             3               11         3.2050        17.6331
     265             3               12         2.9124        18.2786
     266             2               15         3.0883        20.3946
     267             1               12         2.9335        19.3614
     268             1                8         3.3565        19.6555
     269             0               15         3.3604        19.7092
     270             2               13         3.3749        20.3485
     271             1               12         3.2460        20.4947
     272             1               17         3.2772        20.7121
     273             1               13         2.9848        20.0090
     274             1               10         3.1689        19.7201
     275             2               24         2.9316        19.0667
     276             2               30         3.1627        18.9132
     277             3               28         2.9902        18.3448
     278             3               23         3.1511        18.7910
     279             3               27         3.2238        19.2789
     280             2               10         3.0417        19.0483
     281             3               19         2.9657        18.7151
     282             2                7         3.3722        18.5794
     283             4               17         3.2490        18.0255
     284             1               13         3.5367        19.6951
     285             2               19         3.3915        18.7576
     286             2               10         3.5321        18.1366
     287             1                7         3.2399        18.3470
     288             1               14         2.8734        18.7689
     289             1               15         3.1452        18.9024
     290             2               14         2.7817        18.8437
     291             1               15         3.0423        19.3199
     292             1               21         3.0898        19.3603
     293             2               21         2.8912        19.2281
     294             3               15         3.3280        19.6972
     295             2                6         3.4652        19.2682
     296             1               15         3.2708        18.7044
     297             1                6         3.4636        19.5548
     298             0                9         3.4136        20.1818
     299             3               19         3.2930        17.2609
     300             0                6         3.2378        15.4015
     301             3               14         2.7288        17.0285
     302             3               15         3.2036        17.3252
     303             0               12         2.9576        16.7491
     304             3               14         3.1046        17.3871
     305             4               20         3.1955        17.9052
     306             6               18         3.1927        18.1942
     307             4               16         3.1572        17.8319
     308             2                8         3.5334        18.2174
     309             4               12         3.3178        17.4524
     310             2                9         3.5215        18.2080
     311             5               17         3.2133        17.9914
     312             2               18         3.3266        18.0970
     313             4               23         2.9531        17.6943
     314             2                8         3.6795        18.2229
     315             1               11         3.4788        18.6839
     316             0                8         3.2119        19.2105
     317             0               10         3.1850        18.9446
     318             2               15         2.8356        19.9268
     319             0               12         2.9559        20.3929
     320             1               12         3.4852        20.4906
     321             0               18         2.8558        20.7363
     322             1               17         3.1241        20.2105
     323             2               27         2.9022        20.7362
     324             1               16         2.9376        21.3406
     325             1               12         2.7584        19.9728
     326             2               11         3.3332        19.4996
     327             2               15         3.1282        20.4917
     328             1               21         2.8776        21.0506
     329             1               10         3.0252        21.1799
     330             1               24         2.8906        22.0016
     331             1               15         3.2881        21.6024
     332             1               14         2.9565        21.7214
     333             1               20         2.7338        22.9398
     334             0               18         2.9934        22.1145
     335             0               13         3.0779        22.2433
     336             1               11         3.4102        20.1942
     337             0               14         3.5489        18.8605
     338             0               15         3.1868        19.0801
     339             0                6         3.6276        20.1997
     340             0                9         3.4664        19.1590
     341             2                5         3.3719        19.3650
     342             4               11         3.5028        19.4523
     343             1               10         3.3224        19.0777
     344             4               18         3.1731        19.4455
     345             1               13         3.4230        19.7350
     346             3               18         3.2447        19.3262
     347             3               22         3.2575        20.1152
     348             2               10         3.1423        19.4756
     349             3               18         3.2450        19.1007
     350             2               15         3.2371        19.2370
     351             3               18         3.2275        19.3688
     352             3               23         3.3377        20.1065
     353             3               17         3.1831        19.6660
     354             3                9         3.2652        18.7833
     355             3               15         3.2737        19.9107
     356             2               16         3.3237        19.4981
     357             2               14         3.4114        18.8548
     358             2               11         3.4810        18.2897
     359             3               14         3.4208        19.0680
     360             4               19         3.1974        17.4851
     361             1                8         3.4825        18.5873
     362             3               10         3.2025        18.2524
     363             3               14         2.8410        17.5724
     364             3               14         3.1358        17.7250
     365             3               19         2.7906        17.0169
     366             4               14         2.9648        17.1194
     367             4               28         2.6145        16.9935
     368             1               10         3.3824        19.0601
     369             3               12         3.0447        18.2493
     370             3               16         3.1709        18.1935
     371             1               20         3.1026        18.3594
     372             3               15         3.4237        16.8549
     373             6               22         2.8808        15.7829
     374             6               20         3.0413        17.2962
     375             1               27         3.1138        16.2181
     376             1               25         2.7450        16.4276
     377             1               10         3.1867        17.0597
     378             2               33         3.2130        16.1461
     379             1               14         3.2113        15.7162
     380             2               19         2.7845        16.3699
     381             1               15         2.9734        16.6077
     382             3               24         3.0474        16.9240
     383             3               31         3.0462        16.5178
     384             1               23         3.2542        16.2905
     385             4               35         2.9115        17.5134
     386             1               26         3.0324        16.6683
     387             0               15         3.0562        16.2111
     388             0               23         3.1681        15.8146
     389             5               30         2.9570        16.5485
     390             2               24         2.9257        15.9593
     391             7               43         2.9645        17.6060
     392             6               23         2.7170        16.6727
     393             3               14         3.5161        18.2451
     394             2               22         2.6487        16.2534
     395             5               16         3.2534        16.8569
     396             2               31         3.3554        16.7654
     397             7               32         2.9061        17.4419
     398             6               34         2.9730        17.1421
     399             4               23         2.9339        17.0653
     400             6               24         2.8780        17.1764
     401             6               40         3.0703        17.3345
     402             1               22         3.0031        17.5381
     403             3               29         2.8846        17.0605
     404             2               33         2.8815        17.5507
     405             4               27         2.8371        17.3349
     406             3               18         3.1187        17.3849
     407             2               20         2.7013        17.0933
     408             2               18         3.1292        17.3022
     409             6               24         2.7893        17.8828
     410             2               15         3.0838        17.4095
     411             1               19         3.1527        17.6806
     412             1               29         2.8795        17.3165
     413             2               25         2.9259        16.9908
     414             5               18         2.9062        16.6734
     415             5               21         2.7990        16.8473
     416             8               26         2.9164        16.7969
     417             6               27         2.8667        17.0834
     418             1               16         3.0099        17.3283
     419             6               35         3.0222        16.8692
     420             4               23         3.0588        17.2051
     421             3               26         2.6643        16.9201
     422             4               21         3.0870        16.7831
     423             3               27         3.2643        16.0403
     424             4               31         2.9746        17.1821
     425             3               25         3.1081        16.5291
     426             4               18         3.0138        17.1631
     427             7               25         3.0135        17.6430
     428             7               31         2.9135        17.7144
     429             7               27         2.9186        17.1549
     430             4               26         3.1488        16.9213
     431             7               26         2.9262        17.0521
     432             5               20         3.1476        17.7945
     433             3               30         2.9473        17.6128
     434             6               35         2.7605        17.0149
     435             4               33         3.1231        17.6315
     436             4               44         3.0562        17.7209
     437             4               30         3.0380        17.4506
     438             5               34         3.0850        16.9766
     439             4               30         2.9220        17.5128
     440             1               33         2.9009        17.0284
     441             5               23         3.1266        17.1750
     442             4               28         3.0189        17.1146
     443             3               29         2.8422        17.6091
     444             1               16         2.9320        17.8534
     445             1               21         2.9822        16.5799
     446             2               25         3.4604        15.2100
     447             2               42         3.0146        15.0558
     448             1               30         3.2797        16.1878
     449             2               27         3.1517        15.8506
     450             6               38         2.9175        17.6345
     451             1               45         2.9416        17.3896
     452             3               28         2.7479        17.0025
     453             3               28         2.7561        16.9176
     454             1               33         3.0472        17.2667
     455             1               24         3.1378        17.6002
     456             3               30         2.9087        17.4335
     457             4               38         2.8783        17.1135
     458             6               28         2.8109        17.5268
     459             5               38         2.8607        17.0221
     460             6               37         3.0592        17.5807
     461             4               26         3.0806        16.6419
     462             1               37         2.8133        17.4492
     463             2               42         2.7589        17.2961
     464             4               27         2.9331        17.3895
     465             5               26         2.9844        17.8169
     466             7               42         3.0771        17.7266
     467             4               39         3.0056        17.4070
     468             7               39         2.9289        17.5676
     469             6               29         3.0212        17.7384
     470             4               52         2.7851        17.3427
     471             2               42         2.7702        17.0192
     472             2               38         2.7644        17.2954
     473             4               38         2.7954        17.2269
     474             1               34         2.8971        16.6436
     475             1               26         2.6178        15.7292
     476             2               32         2.9405        17.1452
     477             1               28         2.7486        17.0092
     478             1               32         2.8157        17.0357
     479             5               35         2.8526        16.3611
     480             2               40         2.9361        15.5884
     481             5               29         3.0309        15.0792
     482             7               28         3.0607        15.7433
     483             5               26         3.0951        16.0217
     484             8               34         2.8671        15.0114
     485             7               48         3.0413        16.3630
     486             4               46         3.1582        15.7773
     487             5               32         2.7460        16.5329
     488             4               34         2.9143        15.5024
     489             2               34         3.1142        15.4786
     490             2               24         2.9397        16.0602
     491             2               18         2.9427        15.7614
     492             2               17         2.9658        15.9510
     493             2               27         2.9558        16.2048
     494             1               24         2.8022        16.3934
     495             2               29         3.1143        16.1338
     496             1               26         2.7132        15.8005
     497             0               25         2.8965        16.0069
     498             6               48         2.9097        15.8606
     499             4               30         3.0614        15.8141
     500             4               39         2.8658        15.2920
     501             4               38         3.0096        15.1588
     502             6               31         2.9729        15.2123
     503             6               27         2.9507        14.4451
     504             4               40         2.7745        14.5856
     505             4               18         2.9969        14.8614
     506             6               25         2.7901        14.3171
     507             2               21         2.7964        14.2130
     508             6               23         2.7726        13.9713
     509             4               25         2.8906        13.9254
     510             4               19         2.8533        14.9587
     511             3               13         3.3497        14.2663
     512             4               21         3.0570        14.3941
     513             1               16         2.7941        14.5372
     514             3               29         2.9622        14.2070
     515             3               25         2.9075        14.3791
     516             3               27         2.8182        14.3998
     517             3               30         2.8737        14.6558
     518             3               20         2.9611        14.5682
     519             1               12         2.8467        16.5400
     520             0               29         2.8067        16.7061
     521             1               25         2.9849        15.8492
     522             3               35         2.9704        15.0197
     523             3               33         2.6313        14.7741
     524             5               41         3.0138        14.6101
     525             3               26         3.1109        14.7813
     526             2               27         2.7756        14.2691
     527             2               40         2.5966        15.1479
     528             3               37         2.8115        15.0762
     529             2               21         2.9379        15.3114
     530             1               42         2.7201        14.9020
     531             1               39         2.8320        14.6401
     532             4               34         2.8627        14.9138
     533             3               30         2.8484        16.1332
     534             5               40         2.7568        16.0899
     535             5               19         3.0670        15.4046
     536             4               33         2.7914        14.9910
     537             3               23         2.6492        15.3919
     538             5               39         2.8824        15.0079
     539             3               36         2.7349        15.4714
     540             5               43         2.8371        14.9379
     541             4               31         2.8994        14.5321
     542             4               31         2.8109        15.4430
     543             1               22         2.7570        15.2215
     544             2               33         2.9812        15.6003
     545             2               27         2.9326        15.4462
     546             1               37         2.7643        15.2218
     547             2               29         3.0686        15.0575
     548             4               38         2.7687        14.7274
     549             2               34         3.0633        15.5728
     550             2               26         2.9136        15.3552
     551             3               28         2.8908        14.6237
     552             5               28         2.8830        14.9990
     553             5               44         2.7738        15.3686
     554             3               36         2.7225        14.8962
     555             3               46         2.7716        15.3325
     556             3               39         2.8049        15.4810
     557             5               26         2.9310        15.8585
     558             3               28         2.7699        14.6329
     559             4               21         2.9231        15.2720
     560             5               32         2.9300        14.9737
     561             4               41         2.8827        15.3547
     562             3               31         2.7397        14.7231
     563             4               30         2.8184        16.0171
     564             4               27         2.9388        15.8219
     565             4               38         3.1186        15.9114
     566             5               40         2.8662        16.0794
     567             5               34         2.7428        15.6668
     568             2               31         2.8343        15.2630
     569             3               39         3.0448        14.0440
     570             4               36         2.9308        13.9434
     571             3               19         3.0715        14.8042
     572             2               41         2.7700        15.3704
     573             4               45         2.9305        15.1475
     574             0               26         2.7966        15.7851
     575             2               30         2.9609        15.5348
     576             1               45         2.7320        16.2205
     577             2               40         2.8584        15.1853
     578             1               42         2.8828        14.6628
     579             4               28         2.8369        15.7706
     580             2               38         2.7353        15.2927
     581             2               32         2.9811        15.8050
     582             3               27         2.8192        15.3495
     583             2               33         2.8129        15.6805
     584             2               37         2.8195        15.1934
     585             2               31         2.7134        15.6440
     586             3               21         2.8273        14.4414
     587             2               26         2.6515        15.0215
     588             3               36         2.7076        15.0588
     589             2               32         3.1083        15.4159
     590             2               19         3.0207        15.3532
     591             0               32         2.9635        15.7389
     592             1               21         3.0421        15.6403
     593             0               25         2.8781        15.8332
     594             0               24         2.9522        14.8300
     595             1               35         3.1926        15.2370
     596             3               20         2.8408        15.0665
     597             2               30         2.9102        15.5421
     598             0               29         2.7598        16.9434
     599             4               22         2.8271        15.8116
     600             1               36         3.0191        15.2301
     601             0               33         3.0913        15.5437
     602             0               31         2.6926        15.0398
     603             1               30         2.9051        15.6762
     604             3               35         2.8622        15.3429
     605             0               30         2.7081        16.3586
     606             0               15         3.4577        16.5705
     607             3               30         3.1479        15.0724
     608             3               31         3.0753        14.5978
     609             3               28         2.7740        14.6653
     610             1               27         2.8677        15.4295
     611             3               32         3.0401        15.5604
     612             3               34         2.6875        15.2893
     613             4               16         2.8570        14.5777
     614             3               32         2.6752        15.5583
     615             3               31         2.8875        15.2532
     616             3               26         2.7924        14.5086
     617             2               35         2.8249        14.9809
     618             1               21         2.7709        15.4929
     619             2               36         3.0961        15.3860
     620             4               34         2.8214        14.6868
     621             3               34         2.8270        14.8936
     622             4               38         2.8149        15.0592
     623             4               39         2.8383        14.4641
     624             2               45         2.9615        14.9001
     625             3               28         2.8898        16.2555
     626             4               32         2.8015        15.6507
     627             3               46         2.7567        15.0996
     628             3               25         2.8798        14.6901
     629             3               35         2.8333        14.5309
     630             4               39         2.8930        14.8809
     631             4               41         2.7913        15.9853
     632             4               33         2.7333        15.3661
     633             3               29         3.0197        15.0482
     634             4               27         2.7867        14.7490
     635             3               38         2.7493        14.6193
     636             3               26         2.9193        14.6815
     637             2               30         2.7402        15.8113
     638             4               36         2.7542        15.8076
     639             4               35         2.9442        15.3382
     640             4               35         2.7663        15.7844
     641             2               37         2.8081        15.2093
     642             3               24         2.9156        15.1237
     643             2               39         2.6997        15.9846
     644             2               27         2.8394        15.7035
     645             3               36         2.9076        15.4535
     646             2               28         2.9694        14.3039
     647             2               26         2.7931        15.2980
     648             0               30         2.7550        15.7616
     649             2               24         2.9940        15.2482
     650             2               37         2.7630        15.8984
     651             1               37         3.1834        15.2894
     652             3               37         2.7143        14.6743
     653             2               37         2.8649        14.5038
     654             1               29         2.8615        14.9193
     655             0               30         2.7787        15.4557
     656             0               31         2.8560        14.2998
     657             2               30         2.8461        15.1771
     658             3               27         2.7594        15.6815
     659             2               48         2.5636        16.0246
     660             0               23         2.8291        16.4468
     661             0               25         2.8113        16.8441
     662             3               37         3.1185        16.0929
     663             5               38         2.7526        14.9726
     664             5               27         2.8066        14.4857
     665             4               28         2.9614        15.0716
     666             5               22         2.8102        14.7564
     667             5               25         2.8920        15.1264
     668             5               41         2.8559        14.4590
     669             5               34         2.7780        15.2728
     670             5               42         2.7722        15.9122
     671             3               27         2.7467        16.2006
     672             2               38         2.8835        16.4706
     673             4               35         3.0802        16.2764
     674             5               27         2.7796        15.4732
     675             2               34         2.7973        14.9357
     676             3               31         2.9093        14.3365
     677             2               33         2.9500        14.7553
     678             3               36         2.6687        15.7975
     679             1               35         2.9983        15.8017
     680             1               35         2.8210        15.7967
     681             2               41         2.9508        15.1319
     682             0               38         2.9143        15.3286
     683             0               30         2.8407        14.6284
     684             3               37         3.1276        15.4658
     685             1               27         2.8249        15.9479
     686             3               34         2.8123        15.3859
     687             1               38         2.9311        16.2746
     688             1               37         3.1236        16.7995
     689             1               26         3.0079        15.9078
     690             2               30         2.8456        15.5763
     691             5               29         2.9053        14.7316
     692             4               25         2.8364        14.6704
     693             5               27         2.8265        14.6392
     694             5               39         2.8079        14.8749
     695             5               40         2.7329        14.8590
     696             1               26         2.8682        13.9829
     697             4               36         2.8034        15.4182
     698             4               34         2.8413        15.1862
     699             5               36         2.7490        15.5873
     700             3               24         3.0448        15.0845
     701             6               28         3.0373        15.1439
     702             3               21         3.0168        15.1781
     703             5               27         2.8341        15.4769
     704             8               30         2.8410        15.2492
     705             4               20         3.0270        14.5017
     706             2               23         3.3038        14.7463
     707             2               20         3.3680        15.2549
     708             6               29         2.9905        15.5546
     709             6               20         3.2885        15.5773
     710             3               25         3.2899        16.4446
     711             3               23         3.2780        16.1090
     712             2               12         3.3190        16.8577
     713             3               21         3.2604        16.9326
     714             3               34         3.1835        16.6018
     715             5               28         3.2087        16.3591
     716             5               27         3.2375        16.8060
     717             9               19         2.8299        15.3000
     718             5               25         3.1372        13.9726
     719             4               24         2.9043        14.8758
     720             4               21         3.5488        14.7673
     721             2               21         3.3141        15.0090
     722             2               16         3.3786        15.1031
     723             4               17         2.8786        13.9739
     724             1               36         2.8207        14.5308
     725             7               33         2.7731        14.3466
     726             5               37         2.8888        15.1856
     727             2               33         2.9823        14.9574
     728             6               38         2.8481        14.6631
     729             4               32         2.7681        16.0322
     730             6               24         2.7931        15.3549
     731             2               25         2.8445        16.3063
     732             0               26         2.8417        15.6608
     733             1               33         2.7665        15.4829
     734             0               35         2.9503        16.2870
     735             0               27         2.7776        15.8235
     736             0               36         2.7964        16.0402
     737             0               41         2.8342        16.6943
     738             1               35         2.8144        16.1685
     739             2               26         2.8729        14.9846
     740             2               31         2.8037        15.6969
     741             0               33         2.9121        15.8574
     742             0               31         2.8552        15.8583
     743             0               24         2.9537        16.1950
     744             0               31         2.9336        15.3315
     745             0               31         3.0024        15.6375
     746             2               39         2.8627        16.2423
     747             1               26         2.7699        16.3841
     748             1               21         3.1069        16.7602
     749             3               48         2.7158        15.6300
     750             3               36         2.9633        15.8370
     751             5               31         2.8696        14.9098
     752             3               26         2.7237        15.7126
     753             2               32         2.7229        15.6559
     754             1               43         2.7565        14.8973
     755             3               46         2.8409        14.6869
     756             4               28         2.9820        15.3474
     757             2               22         2.8476        16.2644
     758             0               41         2.7999        15.3517
     759             1               46         2.9058        15.2037
     760             0               22         2.7536        14.8459
     761             2               31         2.8382        15.3282
     762             2               29         3.0960        15.1097
     763             2               40         2.7268        15.3803
     764             0               26         2.7096        15.3742
     765             0               21         3.0811        15.3527
     766             0               37         2.7225        15.1922
     767             0               23         2.8797        15.8687
     768             0               30         2.8250        15.7646
     769             0               31         3.0093        16.0251
     770             0               30         3.0351        15.8684
     771             0               28         2.8122        17.5820
     772             0               38         2.7560        16.1890
     773             0               38         2.6529        15.3464
     774             1               40         2.8942        15.3418
     775             2               31         3.0291        15.5657
     776             2               46         2.8078        15.2577
     777             2               34         2.7361        15.2688
     778             2               33         2.8875        14.9809
     779             4               37         2.7564        14.8229
     780             2               35         2.6953        15.7724
     781             5               25         2.8767        15.6364
     782             2               26         2.7642        15.9209
     783             3               35         2.9995        15.4514
     784             3               33         2.7915        15.3605
     785             3               22         2.9885        14.6355
     786             3               14         2.7014        14.8263
     787             5               21         2.8194        14.8188
     788             5               27         2.7786        14.6306
     789             4               21         2.7836        14.5144
     790             5               23         2.6730        14.5560
     791             4               24         3.1824        14.8690
     792             5               27         2.9851        14.3315
     793             0               18         2.8821        15.9098
     794             2               28         2.9275        15.7454
     795             1               27         3.0186        15.9756
     796             2               26         2.8088        16.0933
     797             0               28         2.8072        15.5466
     798             2               26         2.9845        14.9873
     799             2               35         3.1956        14.1676
     800             2               28         3.3357        15.4731
     801             1               31         3.1201        15.0034
     802             0               18         3.0594        14.8463
     803             0               38         2.8365        15.3176
     804             1               32         2.8403        14.9806
     805             2               29         2.8480        14.8352
     806             3               32         2.6842        15.7036
     807             2               29         2.7531        15.5324
     808             2               31         2.5844        15.9689
     809             2               31         2.8278        15.7374
     810             2               26         2.8038        15.9495
     811             4               41         2.6638        15.1828
     812             1               31         2.8147        14.4348
     813             1               32         2.9382        15.2121
     814             1               29         2.8488        15.5188
     815             1               44         2.8301        15.2017
     816             2               36         2.9270        15.3721
     817             2               39         3.1298        15.5744
     818             3               38         2.8745        16.5107
     819             3               25         2.9522        14.8704
     820             3               33         3.0751        15.0626
     821             3               28         2.8225        14.5908
     822             0               30         2.8388        15.8536
     823             1               28         3.1734        16.1969
     824             0               31         2.8853        15.8386
     825             1               26         2.8451        16.7147
     826             1               19         2.8393        15.0581
     827             1               27         2.9587        16.7602
     828             2               19         3.3579        16.1196
     829             0               38         2.6347        15.3075
     830             2               32         3.0198        15.5207
     831             0               33         2.8200        16.1865
     832             0               28         2.8014        15.7110
     833             3               26         2.7597        16.3260
     834             2               28         3.2969        15.9842
     835             3               19         3.1501        15.6363
     836             1               31         2.7310        15.5222
     837             1               37         2.8319        15.4029
     838             1               37         2.7126        15.2217
     839             4               37         2.8502        14.9622
     840             4               44         2.8075        15.4670
     841             2               29         2.9759        15.5312
     842             4               24         2.8672        15.5241
     843             2               20         2.6260        16.1102
     844             2               26         2.8368        16.6073
     845             0               29         2.7145        16.5215
     846             1               24         2.6523        16.3702
     847             2               31         2.9217        15.9211
     848             2               28         2.8465        15.2976
     849             2               33         2.7811        15.8402
     850             2               35         2.8662        14.6333
     851             1               40         3.0906        15.0029
     852             2               35         3.1830        15.8010
     853             1               36         2.7114        15.6724
     854             5               42         2.6763        14.8871
     855             4               46         2.9523        15.7011
     856             2               30         2.6423        16.7698
     857             4               28         2.9933        15.6030
     858             3               34         2.8473        15.1064
     859             4               42         2.7735        15.0615
     860             2               25         3.3258        15.7940
     861             3               27         3.0368        15.3127
     862             4               34         2.9692        15.1807
     863             2               24         3.1036        15.6617
     864             2               33         2.9553        14.8579
     865             5               18         3.0848        15.3050
     866             3               24         3.2320        14.7449
     867             3               29         3.0653        15.1566
     868             5               28         2.6830        15.2201
     869             4               23         2.6554        14.1424
     870             5               28         3.0030        14.5028
     871             5               32         2.7953        15.2278
     872             2               25         2.7793        14.8215
     873             2               30         3.2099        15.3920
     874             3               35         2.7574        15.4410
     875             2               25         3.0398        16.1237
     876             2               40         2.7156        16.0305
     877             2               37         3.0761        15.2327
     878             3               32         2.8220        15.1809
     879             3               18         2.8508        15.6544
     880             2               35         2.8216        15.2702
     881             4               32         2.9075        15.8404
     882             4               21         3.1119        15.7035
     883             3               28         3.0553        15.8026
     884             1               19         2.7788        15.6286
     885             3               17         2.9788        15.5506
     886             2               39         2.8728        15.4903
     887             2               21         2.8011        16.0631
     888             4               27         2.8373        15.6291
     889             2               24         2.9093        15.3623
     890             2               19         2.9319        15.9091
     891             4               25         2.8365        15.5821
     892             1               23         2.7876        16.9873
     893             2               28         3.1630        16.9741
     894             1               35         3.0534        17.1384
     895             2               26         2.8012        17.0120
     896             2               34         2.8283        16.8267
     897             1               38         2.9695        14.7535
     898             2               27         2.7220        15.2047
     899             5               32         2.7980        15.2226
     900             3               40         2.8721        15.5629
     901             5               36         2.8353        15.1095
     902             3               27         2.6745        15.3416
     903             3               35         2.7031        15.2047
     904             4               34         2.9630        15.7656
     905             4               46         2.7054        15.5291
     906             2               29         2.8629        17.0546
     907             4               29         2.7356        16.0839
     908             3               33         2.9287        15.0578
     909             3               39         2.9448        14.8289
     910             3               35         2.8144        14.5752
     911             3               32         2.7708        15.1889
     912             5               34         2.9381        14.7334
     913             4               28         2.8751        14.4175
     914             5               19         2.9707        13.8801
     915             0               34         2.8134        14.3284
     916             4               27         2.9585        14.9583
     917             5               38         2.9659        14.9846
     918             6               30         2.8253        14.8192
     919             7               23         2.7135        14.3016
     920             4               23         2.8533        15.3249
     921             5               33         2.8448        15.4700
     922             5               30         2.9682        14.7724
     923             0               26         2.8778        15.7461
     924             1               35         3.1629        14.6285
     925             0               32         2.9608        15.5904
     926             0               26         2.6953        14.7471
     927             5               30         2.7702        14.9846
     928             0               26         3.1629        14.9972
     929             1               31         2.8675        14.8757
     930             2               41         2.8372        15.9856
     931             3               28         2.7919        14.5926
     932             2               32         2.8653        14.8687
     933             5               40         2.8804        15.0224
     934             7               35         3.0207        15.0416
     935             3               25         2.6142        15.9537
     936             7               41         2.8828        15.1281
     937             5               24         2.8101        15.2720
     938             5               25         2.6806        14.9239
     939             2               23         2.8952        14.5777
     940             4               28         3.1776        15.3932
     941             2               17         2.8980        16.5135
     942             2               40         2.8099        16.3196
     943             5               24         2.8629        15.5372
     944             2               27         2.9198        15.5544
     945             0               31         2.7657        16.5782
     946             1               37         2.9112        16.1868
     947             0               26         2.7246        16.4327
     948             1               19         2.8914        15.6729
     949             0               45         2.6822        15.9052
     950             2               31         2.7987        15.1039
     951             2               13         2.8807        15.2508
     952             2               16         2.9664        14.3720
     953             0               15         2.9162        15.4073
     954             0               24         2.7355        15.2470
     955             0               16         2.7078        14.7733
     956             0               25         2.8423        14.9797
     957             2               21         2.8263        14.9888
     958             0               10         3.0740        15.6483
     959             0               13         2.8996        16.1238
     960             0               17         2.8826        15.1161
     961             1               21         2.9371        15.1933
     962             0               13         2.9082        16.5789
     963             0               10         3.0011        16.3835
     964             3               26         2.7940        16.3176
     965             2               20         3.1108        16.2516
     966             2               21         2.7791        16.1962
     967             2               22         2.7220        17.1704
     968             1               13         2.7334        17.3000
     969             0               13         2.8039        18.1011
     970             0               20         2.7980        18.2400
     971             2               20         2.9302        19.0160
     972             2               28         2.8260        18.5895
     973             0               25         2.6770        17.9937
     974             0               15         2.7528        18.1821
     975             0               20         2.9023        18.9952
     976             0               12         3.1764        17.3231
     977             0               14         2.9619        17.1930
     978             0               16         2.6370        18.0165
     979             0               13         2.9748        18.5942
     980             2               26         2.8502        17.1552
     981             0               24         2.7543        17.6343
     982             0               26         2.9592        16.3851
     983             0               16         3.0031        16.9020
     984             0               22         2.9905        17.5817
     985             0               10         2.9037        17.3727
     986             0               11         2.9285        18.1376
     987             0               10         3.0819        17.4889
     988             0                9         3.0653        18.1724
     989             0               20         3.1796        17.0762
     990             0               25         2.8118        17.6277
     991             0                8         3.1814        18.4980
     992             0               15         3.0083        18.1974
     993             0               22         2.7914        17.6513
     994             0               14         2.8703        18.0984
     995             0               10         3.0507        19.1532
     996             0               11         3.0543        19.2607
     997             1               11         3.2761        20.9916
     998             0               13         3.4751        20.5238
     999             0               11         3.0569        20.3522
    1000             0               22         2.9956        19.7292
    1001             1               20         3.1408        21.8655
    1002             0               15         2.9727        22.1790
    1003             0                4         3.6815        23.0070
    1004             0                4         3.2395        21.6202
    1005             1               19         2.9108        22.2831
    1006             0               13         3.4489        22.3124
    1007             1               13         3.1951        21.8034
    1008             0               25         2.7839        21.1836
    1009             0               14         2.6474        20.7430
    1010             0               23         2.9423        21.0768
    1011             0               16         2.8855        21.2339
    1012             0               13         2.9151        20.7230
    1013             0               20         2.7064        20.9446
    1014             0               15         2.8419        20.0632
    1015             0                7         3.2166        21.2948
    1016             0               17         3.1949        21.2415
    1017             0               15         2.8623        21.7865
    1018             0               12         2.7852        21.1518
    1019             0               15         2.8811        21.3197
    1020             0               26         2.8594        21.7274
    1021             0                7         3.2745        22.3788
    1022             1               20         3.1865        23.3606
    1023             1               18         3.5794        23.4189
    1024             1               22         3.3365        22.6285
    1025             1               33         3.2271        22.1153
    1026             1               18         3.2767        22.7571
    1027             1               13         3.1699        23.1708
    1028             1               17         3.2847        23.5524
    1029             1               11         3.5390        22.6144
    1030             0               12         3.1395        22.9329
    1031             0               19         2.9459        22.1764
    1032             0               15         3.2815        21.0039
    1033             0               17         3.2225        21.0481
    1034             0               18         3.0140        20.9686
    1035             1               27         3.0635        21.5121
    1036             0               19         2.9417        21.0729
    1037             0                8         3.4349        22.1103
    1038             1               30         3.0766        22.0531
    1039             0               27         3.1299        22.4120
    1040             0               14         3.4572        22.1352
    1041             0               29         3.2315        21.8000
    1042             0               24         3.1286        20.7263
    1043             0               28         3.0349        20.8527
    1044             0               12         3.2989        20.1169
    1045             0               22         2.9386        19.7397
    1046             0               25         2.8114        19.1728
    1047             0               16         3.0452        19.8602
    1048             0               30         2.9917        19.3726
    1049             0               15         3.2702        19.3612
    1050             0               12         3.1952        18.7726
    1051             0               17         3.1039        19.0082
    1052             0               19         2.8300        19.2936
    1053             0               10         3.2921        18.2213
    1054             0               24         2.7268        18.9000
    1055             0               20         3.0486        18.7578
    1056             0               22         2.8297        18.6689
    1057             0               24         3.0263        19.4705
    1058             0               11         3.2819        18.2484
    1059             0               16         3.0227        18.4943
    1060             1               27         2.8956        18.5953
    1061             0               36         2.8977        18.2597
    1062             0               42         2.9369        18.4469
    1063             0               29         2.8361        18.8724
    1064             0               37         2.9683        19.8710
    1065             0               21         3.0560        19.5019
    1066             0               19         2.7131        19.1603
    1067             0               14         2.7724        18.5124
    1068             0               17         3.1434        19.6829
    1069             0               15         3.1933        19.6995
    1070             0               25         2.8993        19.9205
    1071             0               38         2.8421        19.8431
    1072             0               32         2.9412        20.4743
    1073             0               28         3.0201        20.3427
    1074             0               26         2.9079        20.3613
    1075             0               38         2.8101        20.0991
    1076             0               27         3.0271        20.8170
    1077             0               18         3.1111        20.8583
    1078             0               29         3.0468        20.9573
    1079             0               26         3.0262        21.4289
    1080             0               23         3.1069        20.3121
    1081             0               21         2.7387        20.0094
    1082             0               18         3.2493        21.0585
    1083             0               23         3.1688        19.7274
    1084             0               23         3.1111        21.4468
    1085             0               14         2.8558        20.1109
    1086             0               22         2.7751        18.9352
    1087             0               19         3.0996        19.1362
    1088             0               12         3.2740        18.4397
    1089             0               16         2.9545        20.0549
    1090             0               16         2.9235        20.2608
    1091             0                8         3.3297        19.6316
    1092             0               12         3.0019        20.1922
    1093             0                8         2.9274        20.2022
    1094             0               13         3.2150        20.9174
    1095             1               18         3.2964        20.6710
    1096             0               29         2.8167        19.9847
    1097             1               13         3.4653        20.6613
    1098             0               20         2.8938        19.9974
    1099             0               11         3.2480        21.3453
    1100             0               13         3.4312        21.6623
    1101             0               22         3.3703        20.5505
    1102             0               26         3.1396        21.0689
    1103             0               24         3.2979        21.3970
    1104             0               12         3.5066        20.7614
    1105             0               21         3.3292        19.5226
    1106             0               14         3.3871        18.4298
    1107             0               13         3.4343        20.9364
    1108             0               14         3.3715        20.0007
    1109             0               23         3.3392        20.2410
    1110             0               12         3.1941        19.6939
    1111             0                5         3.0963        20.5533
    1112             0               16         2.9356        19.2026
    1113             0               26         2.9741        18.6259
    1114             0               32         2.9839        18.2596
    1115             0               23         2.9435        18.9485
    1116             0               17         2.9050        19.2453
    1117             0               10         2.9647        20.4435
    1118             0               13         3.1491        19.4764
    1119             0               15         3.0886        19.5059
    1120             0                9         3.5579        20.0980
    1121             0               29         3.0799        19.7956
    1122             0               36         2.8658        19.3372
    1123             0               35         2.9366        18.9274
    1124             0               27         2.8412        19.8723
    1125             0               21         3.1913        19.9785
    1126             0               22         3.1585        19.6348
    1127             0               19         3.1660        19.9050
    1128             1               16         3.5486        21.1626
    1129             0               31         2.9221        20.3376
    1130             0               13         3.3619        20.4967
    1131             0               18         3.0745        19.1933
    1132             0               15         3.4522        21.1341
    1133             0               30         3.0649        19.1390
    1134             0               33         2.8631        18.9931
    1135             0               21         3.3680        20.0404
    1136             0               33         2.8168        20.1021
    1137             0               27         3.0410        18.9775
    1138             0               21         3.0825        20.2107
    1139             0               27         2.9818        20.0826
    1140             0               28         2.7951        20.2370
    1141             0               25         3.1918        19.9025
    1142             0               19         3.2935        20.4116
    1143             0               14         3.1947        20.2965
    1144             0               18         3.1921        20.2569
    1145             0               32         2.8977        20.4304
    1146             0               32         3.1804        21.0129
    1147             0               21         3.1218        20.2021
    1148             0               32         2.8777        19.8598
    1149             0               25         3.4497        19.8486
    1150             0               34         2.8559        18.2184
    1151             0               23         2.9960        19.0912
    1152             0               27         3.1626        18.4304
    1153             0               31         3.0695        17.8374
    1154             0               29         3.1396        19.3373
    1155             0               18         3.1324        18.2642
    1156             0               25         3.0391        17.9283
    1157             0               30         2.9021        16.5916
    1158             0               12         3.4110        18.7917
    1159             0               19         2.9540        18.4116
    1160             0               12         3.2405        18.2177
    1161             0               19         2.8504        18.8818
    1162             0               26         2.8835        19.1213
    1163             0               31         3.2012        18.6400
    1164             0               19         3.4132        18.4999
    1165             0               29         3.0545        18.7703
    1166             0               20         3.0652        18.6990
    1167             0               28         2.8483        18.4448
    1168             0               16         3.1131        19.0104
    1169             0               26         3.2676        18.8636
    1170             0               27         2.7603        17.3066
    1171             0               21         2.9120        18.1246
    1172             0               29         3.2468        18.3819
    1173             0               22         3.0574        19.6859
    1174             0               17         3.1848        19.4274
    1175             0               24         2.9319        18.6304
    1176             0               24         3.1078        20.8422
    1177             0               29         3.0824        19.4242
    1178             0               28         3.1942        19.7658
    1179             0               22         3.0855        19.6571
    1180             0               24         3.1100        18.6415
    1181             0               24         2.7606        18.9027
    1182             0               17         2.8289        18.3361
    1183             0               24         2.8420        17.5533
    1184             0               36         3.1925        16.7521
    1185             0               28         2.8054        17.0690
    1186             0               19         3.0432        18.8706
    1187             0               18         3.0121        17.4037
    1188             0               16         3.1702        18.2632
    1189             0               26         2.8202        17.3525
    1190             0               22         3.0234        16.9912
    1191             0               12         3.3109        17.7560
    1192             0               25         3.0094        17.9036
    1193             0               22         3.0546        16.2250
    1194             0               35         2.8552        16.4634
    1195             0               15         3.1634        17.4007
    1196             0               18         3.4937        16.5882
    1197             0               21         3.0794        16.0158
    1198             0               38         3.1789        17.1037
    1199             0               10         3.2667        17.5833
    1200             0               20         3.2730        18.6735
    1201             0               18         3.0121        17.1322
    1202             0               17         3.1253        17.4452
    1203             0               19         3.2842        17.2032
    1204             0                9         2.9715        17.1218
    1205             0               30         2.6656        17.3182
    1206             0               29         3.1130        17.8962
    1207             0               30         2.9319        18.1523
    1208             0               18         3.0310        18.0906
    1209             0               21         3.1330        19.1831
    1210             0               22         3.0093        19.3482
    1211             0               20         2.7621        18.6818
    1212             0               20         2.8808        19.2062
    1213             0               26         2.9806        19.2490
    1214             0               10         3.2123        19.0143
    1215             0               16         3.2544        18.7008
    1216             0               25         2.9883        19.0352
    1217             0               23         2.9459        20.6790
    1218             0               21         3.1018        19.4476
    1219             0               31         3.1086        18.8823
    1220             0               25         3.1120        18.6810
    1221             0               25         3.0564        18.9436
    1222             0               24         3.1259        19.5751
    1223             0               18         2.8686        18.6632
    1224             0               30         2.8568        19.1876
    1225             0               31         2.9409        18.3605
    1226             0               29         3.0060        18.2705
    1227             0               31         2.8617        18.6832
    1228             0               24         3.3287        18.7574
    1229             0               31         2.7521        18.3740
    1230             0               31         2.7960        18.0653
    1231             0               29         3.2280        18.7011
    1232             0               38         3.2097        18.8519
    1233             0               37         2.9521        17.3433
    1234             0               12         3.2949        17.9962
    1235             0               20         3.1100        18.4969
    1236             0               19         3.2666        18.7621
    1237             0               15         3.2025        18.2879
    1238             0                6         3.5883        18.1451
    1239             0               31         2.9927        18.3409
    1240             0               20         3.2021        17.0364
    1241             1               21         3.4826        18.3733
    1242             0               21         2.9639        18.7692
    1243             0               15         3.0340        18.2891
    1244             0               25         2.9408        18.5485
    1245             0               21         2.8108        18.9757
    1246             0               19         3.1734        18.4590
    1247             0               17         3.2278        19.3851
    1248             0               19         2.8610        18.7603
    1249             0               18         2.7809        18.5132
    1250             0               32         2.9262        17.6057
    1251             0               37         2.8715        18.8341
    1252             2               37         3.0445        18.5894
    1253             2               40         2.8715        17.6382
    1254             2               43         2.9496        17.4127
    1255             1               27         3.0576        17.3330
    1256             2               39         2.8774        17.2569
    1257             2               33         3.2083        17.8178
    1258             0               11         3.2229        17.6135
    1259             2               28         3.0328        17.4472
    1260             1               31         2.9914        18.0798
    1261             3               23         3.0352        16.5761
    1262             2               38         2.8991        16.7474
    1263             2               27         2.7620        17.3876
    1264             0               37         2.9269        16.2212
    1265             0               41         3.0222        16.8208
    1266             0               26         3.3905        17.2868
    1267             2               53         2.9589        16.6131
    1268             2               58         2.9642        16.4689
    1269             2               47         3.3327        16.8263
    1270             1               41         3.0627        16.2652
    1271             2               49         3.0991        16.7868
    1272             2               33         2.8805        16.3316
    1273             2               51         3.0506        16.7925
    1274             1               43         3.1407        15.7367
    1275             3               40         3.1037        16.1754
    1276             1               44         3.2794        16.7271
    1277             2               57         3.2384        16.3730
    1278             2               51         2.9398        15.6628
    1279             2               47         2.9851        17.0491
    1280             2               48         3.1497        16.5361
    1281             2               46         2.8536        18.4641
    1282             1               56         2.8880        18.0417
    1283             1               47         3.0815        17.2677
    1284             2               45         2.9965        16.6761
    1285             1               54         2.9050        16.9646
    1286             1               35         3.0954        16.0123
    1287             1               36         2.9651        17.1224
    1288             0               34         2.9373        17.1647
    1289             0               41         2.9149        17.6730
    1290             1               48         3.1811        16.1788
    1291             0               24         3.4209        16.9536
    1292             2               43         3.3240        16.3037
    1293             0               30         3.0665        15.6297
    1294             1               36         3.3063        16.7605
    1295             2               49         2.9855        16.0286
    1296             1               36         2.8567        16.1250
    1297             2               47         3.0057        15.8205
    1298             1               46         3.1369        16.6107
    1299             2               32         3.0288        16.1499
    1300             1               33         2.9558        16.3221
    1301             1               33         3.1505        17.0962
    1302             1               32         3.2265        16.9983
    1303             0               23         3.4335        16.9953
    1304             1               40         3.1614        17.3734
    1305             1               48         3.1970        17.5566
    1306             2               40         3.4795        17.2544
    1307             2               37         3.1438        17.1679
    1308             2               30         3.1762        17.0293
    1309             3               60         3.0802        17.6860
    1310             1               55         3.0838        16.9873
    1311             2               53         3.3652        17.1475
    1312             0               47         3.0233        17.7183
    1313             1               38         2.7873        17.4063
    1314             0               37         3.2102        17.8945
    1315             2               55         3.0947        17.0427
    1316             1               54         2.7909        17.0630
    1317             1               54         3.0139        17.0971
    1318             1               47         3.1313        16.8470
    1319             0               42         3.3212        16.6914
    1320             0               37         2.9666        16.5560
    1321             0               46         2.9149        17.7598
    1322             1               48         3.1139        17.1040
    1323             1               45         3.2697        16.8989
    1324             0               32         3.2014        17.2479
    1325             0               56         2.8489        16.8630
    1326             0               31         3.3404        16.4203
    1327             0               33         3.3839        16.4577
    1328             0               42         3.2318        16.3945
    1329             2               63         2.9923        17.0685
    1330             0               38         3.2327        17.7968
    1331             0               37         3.2486        16.2207
    1332             0               44         3.2043        16.6138
    1333             0               33         3.1782        17.4195
    1334             1               43         3.0046        17.4700
    1335             0               23         3.3643        16.5042
    1336             2               43         3.1386        16.3401
    1337             0               40         2.8941        17.2812
    1338             0               23         3.4453        16.2553
    1339             0               42         2.9613        16.1655
    1340             0               32         3.3681        16.5768
    1341             2               48         2.9175        18.5229
    1342             1               39         3.2529        17.0076
    1343             1               45         3.2770        17.1338
    1344             0               48         3.1412        17.4184
    1345             1               39         3.1516        18.2030
    1346             0               32         3.3066        16.7282
    1347             2               48         3.3577        16.6821
    1348             0               43         3.2024        17.5443
    1349             2               50         2.8732        17.0669
    1350             0               48         3.0398        17.3154
    1351             0               43         2.9207        17.4965
    1352             0               33         2.9317        17.7230
    1353             0               36         3.0915        17.6985
    1354             2               41         3.0871        17.5049
    1355             0               32         3.2511        17.3171
    1356             0               49         3.1341        17.1803
    1357             2               45         3.1634        18.0658
    1358             2               51         2.7405        17.5206
    1359             0               24         3.2055        17.0526
    1360             1               44         3.1974        16.8136
    1361             1               34         3.0406        15.6817
    1362             2               23         3.1724        15.4499
    1363             2               49         2.8086        15.7882
    1364             0               39         3.0583        15.9737
    1365             1               46         3.2104        16.5150
    1366             1               31         3.0482        16.2150
    1367             2               42         3.3588        15.9828
    1368             1               39         3.0790        15.1112
    1369             1               42         3.2264        15.8060
    1370             3               57         3.0222        17.0137
    1371             2               54         3.1156        17.0973
    1372             2               42         2.9542        16.5634
    1373             2               59         3.0005        18.6976
    1374             2               36         3.2391        18.2954
    1375             0               41         2.8693        18.8023
    1376             2               46         3.0136        18.2069
    1377             0               34         3.2274        18.3269
    1378             1               48         2.8573        17.9154
    1379             1               38         3.0676        17.4520
    1380             1               50         2.7982        17.5015
    1381             2               58         2.8578        17.5418
    1382             1               46         3.0571        18.0691
    1383             1               46         2.9390        16.2280
    1384             0               51         2.8923        17.7920
    1385             2               60         2.9441        17.2539
    1386             2               52         2.9832        17.1769
    1387             0               31         3.0491        18.2411
    1388             2               56         2.8972        18.0084
    1389             1               36         3.0903        17.1582
    1390             0               38         3.3171        17.0701
    1391             2               41         3.1104        16.3862
    1392             0               54         2.7939        16.2219
    1393             0               25         3.2504        16.0419
    1394             0               35         3.0346        16.4908
    1395             2               56         2.7994        15.8727
    1396             3               46         3.2705        17.0426
    1397             3               47         3.0973        16.5732
    1398             1               39         3.2010        15.8106
    1399             2               47         3.3816        16.5218
    1400             0               29         2.9999        17.3641
    1401             2               49         2.9674        17.1152
    1402             2               45         3.0729        16.5811
    1403             2               37         3.3433        16.9212
    1404             1               41         3.3348        16.6283
    1405             1               42         2.9651        16.6093
    1406             0               40         3.1898        16.5882
    1407             2               51         3.1609        16.1681
    1408             2               42         2.9452        17.8339
    1409             2               39         3.3622        17.3242
    1410             1               26         3.1155        18.3924
    1411             1               35         3.2965        18.1810
    1412             2               39         3.0796        18.2637
    1413             0               21         2.8388        18.6340
    1414             0               19         3.1357        17.7966
    1415             0               18         2.9816        18.5832
    1416             0               16         3.2157        19.9377
    1417             0               27         3.0598        19.2662
    1418             0               15         3.3180        18.3754
    1419             0                8         3.5634        18.8377
    1420             0               23         3.0085        19.0182
    1421             0               10         3.1934        19.0179
    1422             1               12         3.1850        19.1088
    1423             1               21         2.9923        18.3986
    1424             2               18         3.4066        19.0017
    1425             0               18         2.9813        18.3633
    1426             2               30         2.8676        18.4631
    1427             0               25         2.8466        17.6269
    1428             0                9         3.3719        17.5126
    1429             0               25         3.1168        17.2067
    1430             0               23         2.8550        17.2397
    1431             0               26         2.8957        18.1354
    1432             0               37         2.8550        17.0125
    1433             0               35         2.7704        17.8941
    1434             0               24         2.8008        16.7376
    1435             0               23         2.8206        17.0313
    1436             0               23         2.9659        16.8377
    1437             0               29         2.8670        17.5102
    1438             0               38         2.8959        17.9699
    1439             0               23         2.7320        19.2270
    1440             0               31         2.8714        18.6342
    1441             0               22         2.7226        18.5448
    1442             0               27         2.8566        18.0287
    1443             0               26         2.9501        17.9090
    1444             0               17         3.2142        18.4979
    1445             0               21         2.9258        18.5889
    1446             0               22         3.0267        18.3431
    1447             0               19         2.8488        17.8138
    1448             0               19         3.1850        18.2533
    1449             0               23         2.8457        17.7364
    1450             0               16         3.1661        18.6003
    1451             0               28         2.8700        19.5069
    1452             0               27         2.8000        19.8457
    1453             0               21         3.0280        20.4897
    1454             0               27         3.2094        20.4298
    1455             0               31         3.0878        20.0226
    1456             0               19         3.2938        18.7758
    1457             0               13         2.9993        19.9130
    1458             0               16         3.0894        20.3296
    1459             0               29         3.2170        20.3487
    1460             0               20         3.2393        20.2539
    1461             0               29         3.1638        19.4233
    1462             0               23         3.2543        18.7577
    1463             0               24         3.2969        18.7291
    1464             0               24         3.2727        18.7147
    1465             0               34         3.0703        18.7734
    1466             0               38         2.8879        19.3008
    1467             0               13         3.3681        18.7829
    1468             0               20         2.9444        18.6504
    1469             0               38         2.9686        19.8535
    1470             0               29         2.9067        19.1774
    1471             0               25         3.0055        18.5375
    1472             0               28         3.2749        19.1071
    1473             0               26         2.8808        19.7506
    1474             0               34         3.1967        18.3102
    1475             0               16         3.2987        19.1156
    1476             0               19         3.1815        18.0930
    1477             0               30         2.9138        18.0863
    1478             0               25         3.3458        19.2398
    1479             0               18         2.9647        19.0470
    1480             0               26         3.0985        18.2173
    1481             0               20         3.2005        17.8349
    1482             0               25         3.1069        18.5106
    1483             0               21         3.3844        18.4119
    1484             0               30         3.3152        18.1534
    1485             0               14         3.3341        18.1756
    1486             0               27         3.2350        18.0930
    1487             0                9         3.4843        16.9448
    1488             0               26         3.2409        17.6077
    1489             0               24         3.1993        18.8560
    1490             0               24         3.0878        19.8488
    1491             0               17         3.3961        18.5835
    1492             0               31         3.2986        18.9082
    1493             0               23         3.2256        18.5381
    1494             0               21         3.1957        18.8841
    1495             0               27         3.0591        17.4536
    1496             0               36         3.1313        18.3897
    1497             0               32         3.3032        19.1558
    1498             0               25         3.1823        18.6271
    1499             0               22         3.1197        18.3295
    1500             0               42         3.1110        19.0330
    1501             0               37         2.9139        17.8202
    1502             0               25         2.7994        17.9228
    1503             0               33         3.0046        18.1851
    1504             0               26         3.1994        17.7062
    1505             0               39         2.9518        17.6022
    1506             0               32         3.0345        17.1353
    1507             0               29         3.1647        16.6546
    1508             0               28         3.0463        16.7189
    1509             0               26         3.0698        17.3822
    1510             0               26         3.4228        17.5623
    1511             0               42         2.9073        16.4456
    1512             0               36         3.1845        16.4675
    1513             0               29         3.1626        16.3623
    1514             0               39         2.9949        16.4535
    1515             0               27         2.8839        17.5059
    1516             0               25         2.8877        16.8692
    1517             0               27         3.0461        17.6305
    1518             0               32         2.9737        16.6518
    1519             0               31         3.0794        17.5900
    1520             0               24         3.2306        17.3085
    1521             0               27         3.1469        15.7712
    1522             0               28         3.2356        16.0434
    1523             0               25         2.9093        16.8413
    1524             0               19         3.1755        19.1816
    1525             0               28         2.9525        18.2313
    1526             0               28         2.7456        18.9962
    1527             0               23         3.3155        19.1204
    1528             0               24         3.0742        17.5535
    1529             0               26         3.0858        18.1333
    1530             0               17         3.2455        18.3256
    1531             0               28         2.9669        18.0678
    1532             0               23         3.3781        17.7475
    1533             0               33         2.8472        17.2251
    1534             0               25         2.9344        16.9770
    1535             0               19         3.1966        17.8976
    1536             0               28         2.8809        17.1131
    1537             0               27         3.3005        18.2159
    1538             0               30         3.1675        18.4274
    1539             0               28         3.0834        17.1457
    1540             0               28         2.8285        16.7978
    1541             0               15         3.3892        17.6747
    1542             0               39         3.0812        18.2581
    1543             0               23         3.2175        18.5515
    1544             0               19         3.0625        17.9190
    1545             0               35         2.7517        18.8087
    1546             0               30         3.1825        18.5791
    1547             0               24         2.8519        17.7884
    1548             0               13         2.8401        17.1956
    1549             0               44         2.6769        16.8329
    1550             0               28         3.1917        17.6078
    1551             0               26         2.9948        17.5120
    1552             0               31         3.0645        18.3114
    1553             0               35         2.8660        18.3852
    1554             0               21         3.1262        18.5695
    1555             0               28         2.8133        16.8781
    1556             0               26         3.2261        17.7405
    1557             0               21         2.9329        18.9227
    1558             0               26         2.9351        18.1116
    1559             0               24         3.0649        19.5160
    1560             0               30         3.0827        17.0230
    1561             0               26         3.2142        19.1173
    1562             0               28         3.1132        17.7528
    1563             0               18         3.1507        17.5466
    1564             0               27         2.9489        17.5568
    1565             0               22         3.1084        17.6548
    1566             0               21         2.9558        17.8533
    1567             0               28         3.3162        16.9637
    1568             0               17         3.1700        17.3797
    1569             0               30         3.1365        17.8942
    1570             0               40         3.0515        17.6355
    1571             0               23         3.0599        16.3374
    1572             0               28         3.0689        17.3194
    1573             0               40         2.9096        17.2014
    1574             0               18         3.4669        17.1827
    1575             0               33         2.8293        17.4793
    1576             0               24         3.1368        17.6475
    1577             0               42         2.8543        17.6223
    1578             0               19         3.3208        16.7348
    1579             0               29         3.2549        16.9670
    1580             0               20         3.1729        16.9235
    1581             0               22         3.3203        17.4589
    1582             0               30         3.0626        17.7799
    1583             0               19         2.9626        17.4940
    1584             0               24         3.0400        16.8086
    1585             0               16         3.5817        16.8794
    1586             0               25         3.1432        17.1941
    1587             0               30         2.9778        17.9742
    1588             0               27         3.1463        18.3690
    1589             0               23         2.9395        17.4488
    1590             0               22         3.2422        18.2323
    1591             0               20         3.1755        17.9732
    1592             0               28         3.0442        18.8639
    1593             0               22         3.0969        18.2450
    1594             0               15         3.2282        18.9725
    1595             0               30         2.9131        18.6402
    1596             0               33         3.0099        16.7814
    1597             0               24         3.1283        16.0088
    1598             0               36         3.0702        15.7437
    1599             0               17         3.3776        17.2445
    1600             0               16         3.5019        16.0297
    1601             0               32         2.9159        16.6348
    1602             0               29         3.0178        17.3958
    1603             0               16         3.3885        19.4517
    1604             0               27         3.1458        17.9025
    1605             0               32         2.9066        17.2970
    1606             0               17         3.2191        18.1355
    1607             0               19         3.1434        19.3940
    1608             0               27         2.8761        19.1010
    1609             0               22         3.1984        18.1811
    1610             0               22         3.0887        17.9870
    1611             0               20         3.1976        16.6874
    1612             0               28         3.0169        16.9396
    1613             0               17         3.0659        16.7965
    1614             0               35         3.0387        16.6606
    1615             0               18         3.2395        16.1406
    1616             0               35         2.9784        17.0653
    1617             0               14         3.4402        16.4168
    1618             0               22         2.9935        16.1651
    1619             0               21         3.4456        18.2305
    1620             0               31         2.9256        16.9583
    1621             0               32         3.0847        17.0699
    1622             0               32         3.1693        16.9192
    1623             0               22         2.9547        16.7098
    1624             0               23         2.9708        17.1493
    1625             0               17         3.2759        16.7732
    1626             0               13         3.3414        16.3149
    1627             0               31         3.1397        15.9669
    1628             0               33         2.8523        16.8966
    1629             0               27         3.0923        16.4697
    1630             0               34         3.0860        15.8634
    1631             0               34         3.0470        16.6004
    1632             0               25         3.1049        15.8771
    1633             0               25         2.9984        16.3140
    1634             0               27         2.8441        17.2641
    1635             0               30         3.0943        18.8810
    1636             0               18         2.8200        18.7120
    1637             0               36         2.9243        18.7089
    1638             0               32         3.2330        19.1622
    1639             0               37         2.9011        19.6091
    1640             0               29         3.0516        18.9963
    1641             0               29         2.9010        19.1251
    1642             0               34         2.8983        18.4355
    1643             0               29         2.8822        19.1961
    1644             0               25         3.1352        18.4593
    1645             0               24         3.2204        18.3493
    1646             0               24         3.2430        18.4270
    1647             0               18         3.0970        18.1757
    1648             0               24         3.2843        18.5804
    1649             0               22         2.9692        18.7899
    1650             0               29         3.0594        19.1067
    1651             0               37         3.1399        19.3652
    1652             0               23         3.1061        19.4771
    1653             0               44         2.8440        18.4203
    1654             0               24         3.2449        19.0361
    1655             0               16         3.3386        18.4588
    1656             0               28         3.2382        17.1797
    1657             0               33         2.9429        17.3306
    1658             0               18         3.2972        16.3574
    1659             0               16         3.2197        16.5257
    1660             0               32         3.1206        17.4018
    1661             0               34         3.2130        18.1128
    1662             0               17         3.3478        18.2260
    1663             0               22         2.9746        18.2915
    1664             0               27         2.9618        18.0274
    1665             0               44         2.6609        18.5934
    1666             0               28         3.0043        18.9533
    1667             0               31         3.1343        18.5248
    1668             0               29         2.8821        18.4367
    1669             0               10         3.4091        19.2052
    1670             0               23         3.0618        19.1418
    1671             0               22         3.1537        17.5449
    1672             0               41         3.1838        16.8738
    1673             0               27         2.8296        17.0052
    1674             0               34         3.2296        18.6878
    1675             0               22         2.8743        19.3272
    1676             0               14         3.0215        19.5433
    1677             0               18         3.2010        20.5404
    1678             0               19         2.9561        19.6796
    1679             0               21         3.2007        19.9697
    1680             0               12         3.0747        19.9706
    1681             0               15         3.2760        20.8526
    1682             0               11         3.3556        21.1542
    1683             0               17         2.9527        20.2450
    1684             0               22         3.1589        20.9716
    1685             0               11         3.4650        19.0092
    1686             0               15         2.9792        20.1609
    1687             0               26         3.0087        20.9766
    1688             0               17         3.0106        20.8552
    1689             0               22         3.2606        20.1502
    1690             0               15         3.4967        21.2095
    1691             0                9         3.4652        21.7792
    1692             1                7         3.3006        20.9727
    1693             0                5         3.6269        21.0909
    1694             1               21         3.3007        21.1605
    1695             0                6         3.6794        20.8274
    1696             1                7         3.4458        21.6145
    1697             0                7         3.1699        20.3572
    1698             0               16         2.8910        20.3257
    1699             0               19         3.0104        19.0265
    1700             0               13         3.0696        18.2714
    1701             0               26         2.7884        18.6140
    1702             0               15         2.8356        17.9682
    1703             0               20         3.3283        18.3379
    1704             0               15         3.0448        17.6775
    1705             0               21         2.8777        16.6760
    1706             0               16         2.9095        17.4932
    1707             0               25         3.0532        17.3945
    1708             0               18         2.7634        18.2711
    1709             0               16         3.0673        18.3042
    1710             0               24         2.8538        17.2400
    1711             0               26         2.9153        17.6379
    1712             0               19         3.0883        17.4918
    1713             0               25         2.7145        17.6286
    1714             0               14         3.3633        17.6661
    1715             0               12         3.2092        17.9785
    1716             0                6         3.5260        18.3543
    1717             0               17         3.1514        18.2268
    1718             0               12         2.9741        17.4928
    1719             0               17         3.1517        18.3672
    1720             0               10         3.5643        18.4226
    1721             0               23         2.8620        19.0107
    1722             0               21         2.7778        18.8459
    1723             0               24         3.0513        20.1095
    1724             0               11         3.3495        19.2916
    1725             0               13         3.0951        19.2156
    1726             0               31         3.0959        18.7826
    1727             0               40         2.7815        18.9328
    1728             0               31         2.8713        19.0365
    1729             0               29         2.7621        18.5228
    1730             0               28         2.7909        18.0860
    1731             0               32         2.8146        18.5786
    1732             0               24         2.8123        18.9412
    1733             0               22         2.8332        18.7763
    1734             0               15         2.8862        18.8610
    1735             0               13         2.6783        18.7719
    1736             0               17         2.8295        18.6284
    1737             0               20         2.6605        19.0571
    1738             0               17         3.0433        17.8631
    1739             0               12         2.9117        18.4991
    1740             0               13         2.7226        18.0623
    1741             0               20         2.8443        17.7631
    1742             0               25         3.1943        18.5434
    1743             0               29         2.8493        18.6362
    1744             0               35         2.9669        18.7206
    1745             0               31         3.0288        17.8424
    1746             0               22         2.8211        18.2835
    1747             0               17         3.3748        18.1219
    1748             0               23         2.9448        18.9243
    1749             0               18         2.6673        17.7157
    1750             0               32         2.8822        18.4545
    1751             0               30         2.8279        18.6908
    1752             0               18         3.1104        17.8097
    1753             0               24         2.9234        16.9992
    1754             0               22         3.0031        18.3310
    1755             0               20         2.8935        17.6046
    1756             0               28         3.0944        17.2882
    1757             0               18         3.2506        15.5320
    1758             0               26         3.1440        16.4882
    1759             0               32         2.9707        16.6887
    1760             0               21         3.2064        17.8916
    1761             0               29         2.8237        18.1026
    1762             0               25         3.0072        18.7187
    1763             0               23         3.0820        19.5427
    1764             0               14         3.4537        19.5888
    1765             0               15         3.3481        19.1129
    1766             0               28         3.1710        17.4687
    1767             0               32         2.8881        17.4234
    1768             0               28         2.9102        16.8697
    1769             0               19         3.0413        18.0609
    1770             0               30         2.9277        17.6093
    1771             0               24         2.8214        17.6945
    1772             0               33         2.9451        17.2509
    1773             0               25         3.1304        17.6801
    1774             0               27         3.0541        16.8656
    1775             0               17         3.2454        16.8930
    1776             0               28         3.1880        18.0230
    1777             0               24         3.0682        18.8307
    1778             0               20         3.1758        17.6178
    1779             0               33         3.0197        17.5008
    1780             0               32         3.0558        17.0778
    1781             0               31         3.0347        16.9003
    1782             0               26         3.1677        17.8560
    1783             0               24         3.3248        17.8655
    1784             0               30         2.9579        17.5409
    1785             0               24         3.1816        18.0190
    1786             0               32         3.1327        16.5594
    1787             0               34         2.8238        17.6228
    1788             0               23         3.0340        18.1705
    1789             0               29         2.9674        17.7494
    1790             0               26         3.0923        17.1106
    1791             0               24         3.2464        18.3509
    1792             0               20         3.2359        17.7046
    1793             0               14         3.1197        17.7466
    1794             0               13         3.2311        16.6515
    1795             0               26         3.0403        17.3926
    1796             0               15         3.0725        16.8749
    1797             0               25         2.8787        16.5228
    1798             0               14         3.1047        18.7361
    1799             0               25         2.9407        17.8910
    1800             0               21         3.4218        19.0963
    1801             0               17         3.2440        19.8321
    1802             0               19         3.1749        19.5395
    1803             0               10         3.3937        20.2168
    1804             0                5         3.0008        19.3706
    1805             0               21         2.8773        18.3844
    1806             0               24         2.8610        17.8148
    1807             0               34         2.9608        17.6733
    1808             0               23         2.8407        18.0772
    1809             0               27         2.9668        16.6027
    1810             0               28         2.8214        17.9994
    1811             0               40         2.8148        17.3964
    1812             0               20         2.8579        17.6429
    1813             0               30         2.9150        18.0227
    1814             0               13         3.0794        17.7527
    1815             0               17         3.1948        18.1640
    1816             0               16         3.2800        17.2204
    1817             0               16         3.1395        17.5124
    1818             0               26         3.0310        17.6383
    1819             0               10         3.2270        17.1157
    1820             0               24         3.4102        17.2035
    1821             0               21         3.1824        17.6496
    1822             0               25         2.9284        16.3678
    1823             0               30         3.0944        16.4853
    1824             0               20         3.1324        16.5990
    1825             0               28         3.1485        16.1960
    1826             0               31         3.1826        16.7634
    1827             0               31         2.9944        16.5033
    1828             0               22         2.9810        17.2987
    1829             0               33         3.1481        17.6540
    1830             0               25         3.1183        18.8594
    1831             0               30         2.9544        17.7484
    1832             0               22         2.9564        17.2477
    1833             0               23         3.1130        17.7630
    1834             0               22         2.9989        17.0604
    1835             0               30         3.1052        17.8946
    1836             0               30         3.1715        17.0005
    1837             0               39         3.1301        17.7364
    1838             0               39         3.0539        18.0594
    1839             0               28         2.8730        17.0719
    1840             0               28         2.9642        17.4759
    1841             0               35         3.0859        15.9245
    1842             0               27         3.2600        17.3779
    1843             0               26         3.1871        16.7544
    1844             0               17         3.2609        16.1825
    1845             0               21         3.1793        16.4924
    1846             0               29         2.9259        16.7727
    1847             0               26         3.1720        16.7660
    1848             0               24         3.0173        17.0910
    1849             0               30         3.3257        17.0460
    1850             0               33         2.9701        17.8320
    1851             0               28         3.3705        17.3728
    1852             0               38         2.8926        16.2875
    1853             0               16         3.2904        17.1871
    1854             0               28         2.9080        17.3352
    1855             0               20         3.3096        18.3429
    1856             0               30         3.1972        20.3057
    1857             0               15         3.4330        19.4034
    1858             0               26         2.8061        18.3270
    1859             0               24         3.0555        19.6543
    1860             0               19         3.2167        18.9666
    1861             0               24         2.9575        18.7559
    1862             0               24         3.3783        18.7456
    1863             0               25         3.2218        18.9824
    1864             0               22         3.2184        17.6613
    1865             0               33         3.0701        18.4933
    1866             0               35         3.0170        17.7881
    1867             0               26         3.2302        18.2353
    1868             0               39         3.0029        17.6379
    1869             0               26         3.1145        16.6297
    1870             0               29         3.0355        17.3103
    1871             0               15         3.3498        17.4518
    1872             0               34         2.9538        17.6717
    1873             0               29         3.2963        17.4881
    1874             0               32         2.9361        17.0127
    1875             0                8         3.5914        18.7376
    1876             0               29         3.0431        17.9060
    1877             0               26         3.2180        17.4237
    1878             0               29         3.1964        16.9818
    1879             0               31         3.2951        17.4638
    1880             0               19         2.9314        16.4839
    1881             0               22         2.9446        17.7737
    1882             0               24         3.1668        17.5878
    1883             0               12         3.4838        18.2355
    1884             0               28         2.9509        17.5642
    1885             0               29         2.9590        17.9209
    1886             0               21         3.2147        18.6478
    1887             0               19         3.1342        16.5672
    1888             0               17         3.1446        17.4303
    1889             0               14         3.1403        16.0491
    1890             0               30         3.2331        16.3198
    1891             0               27         3.0255        16.1711
    1892             0               31         3.1983        17.1098
    1893             0               20         3.1833        18.2119
    1894             0               27         3.0242        18.9702
    1895             0               15         3.4933        18.4814
    1896             0               23         2.9894        18.0365
    1897             0               33         2.9114        19.8563
    1898             0               21         3.1276        17.4720
    1899             0               33         3.0274        16.9378
    1900             0               10         3.3922        17.2619
    1901             0               34         3.1158        17.0994
    1902             0               26         3.1146        16.6476
    1903             0               31         3.1136        16.8518
    1904             0               23         3.2403        17.3081
    1905             0               26         3.2525        17.8470
    1906             0               26         3.0401        17.3713
    1907             0               25         2.9296        16.6183
    1908             0               29         2.9104        16.7653
    1909             0               24         3.1750        16.5102
    1910             0               26         3.0566        16.6538
    1911             0               27         3.0898        17.5214
    1912             0               33         3.2648        16.7120
    1913             0               25         3.1744        16.1669
    1914             0               20         3.1617        16.3323
    1915             0               17         3.3644        15.8183
    1916             0               28         2.8497        16.0849
    1917             0               27         3.2382        17.3003
    1918             0               31         3.0193        17.0180
    1919             0               22         3.1209        18.0877
    1920             0               28         3.0793        17.5724
    1921             0               34         2.9510        18.1130
    1922             0               16         3.2940        17.5880
    1923             0               32         2.9695        17.1898
    1924             0               24         2.9925        16.8577
    1925             0               21         3.3847        16.7682
    1926             0               26         2.9752        16.5953
    1927             0               16         3.2684        17.1525
    1928             0               24         3.1746        16.8461
    1929             0               21         3.4739        17.1643
    1930             0               19         3.3951        17.0117
    1931             0               33         2.8690        16.9111
    1932             0               24         2.8725        16.7086
    1933             0               24         3.1300        17.1240
    1934             0               30         3.0818        16.7003
    1935             0               28         3.0287        16.7460
    1936             0               26         3.0494        17.0501
    1937             0               23         3.2644        16.5682
    1938             0               36         3.1321        17.5369
    1939             0               23         3.1660        17.1514
    1940             0               20         3.0821        16.3649
    1941             0               16         2.9682        16.0327
    1942             0               28         2.9666        16.8091
    1943             0               29         2.8881        17.8142
    1944             0               31         2.9230        16.6416
    1945             0               13         3.2808        17.4988
    1946             0               29         2.7589        16.5893
    1947             0               28         3.0134        16.2488
    1948             0               32         3.0976        15.9667
    1949             0               31         3.1869        17.5391
    1950             0               19         3.2482        16.6567
    1951             0               28         2.8597        16.8632
    1952             0               17         2.7717        16.5459
    1953             0               23         3.1770        16.7978
    1954             0               19         3.3976        16.9045
    1955             0               23         2.9929        17.0155
    1956             0               16         3.4760        17.0461
    1957             0               32         3.0817        17.3890
    1958             0               29         2.9886        17.0822
    1959             0               23         3.1587        17.2474
    1960             0               27         3.0423        16.2271
    1961             0               39         3.1424        15.9002
    1962             0               23         3.1069        17.0760
    1963             0               14         2.8461        17.5462
    1964             0               24         3.2747        16.4534
    1965             0               25         3.1761        16.2801
    1966             0               28         3.0436        16.5463
    1967             0               27         3.1317        16.2830
    1968             0               28         2.9845        17.8663
    1969             0               29         3.1986        15.9558
    1970             0               28         3.3628        16.2170
    1971             0               26         2.9933        16.4143
    1972             0               37         3.0478        15.4895
    1973             0               18         3.2168        16.7493
    1974             0               25         2.8192        17.7315
    1975             0               28         2.7905        16.5263
    1976             0               11         3.2356        16.7393
    1977             0               25         3.1393        16.1614
    1978             0               30         3.1619        16.3008
    1979             0               29         2.8516        16.8248
    1980             0               20         3.1234        17.2551
    1981             0               32         2.8867        16.7435
    1982             0               25         3.0213        17.2726
    1983             0               13         3.1671        17.5793
    1984             0               18         3.0756        16.9371
    1985             0               26         3.0338        17.8904
    1986             0               35         3.0394        17.3864
    1987             0               18         3.1744        16.0885
    1988             0               22         3.1026        16.3505
    1989             0               17         3.1826        17.7710
    1990             0               31         3.2316        17.2386
    1991             0               20         3.0842        16.9769
    1992             0               28         2.6696        16.9769
    1993             0               40         2.8002        18.0462
    1994             0               32         3.0333        17.6997
    1995             0               25         2.8541        16.3262
    1996             0               16         3.1891        16.1604
    1997             0               36         3.1420        16.9463
    1998             0               30         3.0443        16.6392
    1999             0               16         3.2937        17.5665
    2000             0               33         3.1826        16.5140
    2001             0               38         2.9941        16.4836
    2002             0               12         3.3079        16.7346
    2003             0               20         3.0838        16.6947
    2004             0               24         3.0163        16.3119
    2005             0               34         3.0044        16.9081
    2006             0               33         3.2200        17.1097
    2007             0               36         2.9547        16.9917
    2008             0               34         2.9664        17.5748
    2009             0               24         3.1589        16.8824
    2010             0               24         3.1171        16.8665
    2011             0               34         2.8282        17.6111
    2012             0               25         3.2348        17.4005
    2013             0               16         2.9877        16.1368
    2014             0               32         3.1371        16.3127
    2015             0               28         3.1877        16.5751
    2016             0               20         3.2068        16.9753
    2017             0               22         3.1571        18.1142
    2018             0               25         2.7943        17.1782
    2019             0               30         2.9064        17.5641
    2020             0               27         3.0207        17.2202
    2021             0               26         3.0588        17.0479
    2022             0               25         3.0623        17.6315
    2023             0               34         3.2268        18.5423
    2024             0               25         3.1311        17.8861
    2025             0               22         2.9363        16.2992
    2026             0               30         3.0645        17.1171
    2027             0               28         2.8803        17.4069
    2028             0               23         3.0264        17.0049
    2029             0               33         2.9509        16.4008
    2030             0               34         3.0995        15.8119
    2031             0               32         3.0995        16.1408
    2032             0               44         2.9731        16.4210
    2033             0               35         2.9270        17.3768
    2034             0               42         2.8934        16.2516
    2035             0               25         2.8540        16.8931
    2036             0               24         2.9325        16.7896
    2037             0               15         3.1283        17.5170
    2038             0               35         2.9817        17.1934
    2039             0               33         2.9524        16.6017
    2040             0               28         2.8999        16.7433
    2041             0               28         3.3132        16.2771
    2042             0               34         3.1305        15.9795
    2043             0               37         3.1942        16.5805
    2044             0               33         3.0125        16.8956
    2045             0               23         2.9790        16.3759
    2046             0               27         3.3496        16.4465
    2047             0               28         2.6367        17.5160
    2048             0               18         3.1117        17.0361
    2049             0               28         2.9112        17.2000
    2050             0               23         3.0559        17.1248
    2051             0               27         3.0329        16.5269
    2052             0               31         3.0468        16.4083
    2053             0               30         3.0002        15.9858
    2054             0               22         3.0484        16.4668
    2055             0               33         3.2978        17.4882
    2056             0               34         3.1662        16.6427
    2057             0               16         3.2217        16.5695
    2058             0               32         2.9614        16.8520
    2059             0               21         3.1330        16.0700
    2060             0               32         2.9403        16.3796
    2061             0               24         3.0436        16.9250
    2062             0               25         3.0735        16.2294
    2063             0               25         3.2553        16.7433
    2064             0               14         3.4448        16.1848
    2065             0               32         3.0152        16.7514
    2066             0               30         3.2086        17.0844
    2067             0               43         2.8887        16.2944
    2068             0               32         2.9009        16.3630
    2069             0               26         3.1714        16.0256
    2070             0               12         3.3163        17.5134
    2071             0               37         3.1563        16.8019
    2072             0               23         3.3741        16.5833
    2073             0               13         3.0541        16.6777
    2074             0               19         3.0810        16.9351
    2075             0               26         3.1948        17.0842
    2076             0               34         3.1294        16.5546
    2077             0               36         3.0639        16.2102
    2078             0               23         3.0253        16.1902
    2079             0               23         2.9047        17.1345
    2080             0               30         2.7505        15.7309
    2081             0               31         2.9759        16.3952
    2082             0               31         2.9867        16.3383
    2083             0               21         3.1829        17.1618
    2084             0               30         3.0590        16.9055
    2085             0               28         3.0362        16.5600
    2086             0               27         3.0836        16.7933
    2087             0               19         3.2050        17.6701
    2088             0               25         3.2126        16.1539
    2089             0               19         2.8694        16.9337
    2090             0               22         3.3735        16.8438
    2091             0               22         2.9146        17.0260
    2092             0               26         3.4002        17.5291
    2093             0               28         3.3193        16.5268
    2094             0               18         3.1866        17.2181
    2095             0               31         2.9754        16.1640
    2096             0               35         3.0382        17.2090
    2097             0               20         3.0646        16.6194
    2098             0               21         3.1266        16.2785
    2099             0               25         3.2583        16.3057
    2100             0               23         2.9986        16.4252
    2101             0               21         2.8162        17.1520
    2102             0               23         2.9095        16.4623
    2103             0               34         2.9004        16.4739
    2104             0               21         3.2460        17.2158
    2105             0               37         2.7480        16.0538
    2106             0               31         3.1664        17.2240
    2107             0               26         3.0384        16.4505
    2108             0               26         3.0181        15.8385
    2109             0               13         3.3691        16.8039
    2110             0               32         3.0350        17.0580
    2111             0               29         3.0896        16.5457
    2112             0               32         3.2184        16.3356
    2113             0               29         3.0575        17.2990
    2114             0               41         3.0493        16.6025
    2115             0               43         2.7560        17.4982
    2116             0               26         3.0733        17.5020
    2117             0               37         3.1256        17.3653
    2118             0               35         3.0654        17.1802
    2119             0               29         2.8928        17.3364
    2120             0               20         3.3035        17.2330
    2121             0               44         2.9440        17.1536
    2122             0               28         3.0184        16.9360
    2123             0               34         3.1329        17.1845
    2124             0               38         2.9999        16.9732
    2125             0               23         3.1800        17.0874
    2126             0               43         2.9130        16.1061
    2127             0               27         3.0383        16.2221
    2128             0               32         2.8632        16.8866
    2129             0               23         3.0762        17.2875
    2130             0               35         3.2090        17.5917
    2131             0               37         3.1291        17.5306
    2132             0               27         2.9074        17.4755
    2133             0               30         2.9304        18.0991
    2134             0               30         2.9357        17.7268
    2135             0               36         3.1209        17.7859
    2136             0               25         2.8632        17.2144
    2137             0               20         3.0781        19.0238
    2138             0               23         3.0018        18.6778
    2139             0               30         3.2753        18.0329
    2140             0               25         3.2547        17.1937
    2141             0               33         3.1890        17.9977
    2142             0               26         3.1701        17.3276
    2143             0               33         3.1324        17.3376
    2144             0               32         3.0451        17.1576
    2145             0               24         3.4960        16.7707
    2146             0               25         2.8528        16.3295
    2147             0               41         2.9127        17.9689
    2148             0               21         2.9993        16.7848
    2149             0               34         3.2150        17.5208
    2150             0               24         2.8945        18.0535
    2151             0               18         3.0338        17.2313
    2152             0               32         2.9815        17.2246
    2153             0               37         3.2884        16.4980
    2154             0               30         3.1807        16.3480
    2155             0               39         2.9118        18.1145
    2156             0               30         2.9032        17.4037
    2157             0               31         2.8170        17.5024
    2158             0               30         3.2756        17.7586
    2159             0               17         3.2032        18.8190
    2160             0               18         3.3642        18.4637
    2161             0               21         3.0083        16.9067
    2162             0               21         3.4472        17.1088
    2163             0               26         3.1455        17.2693
    2164             0               24         3.0363        18.0697
    2165             0               19         3.1967        18.3766
    2166             0               27         3.1493        18.2775
    2167             0               29         3.0012        17.7088
    2168             0               29         2.9728        17.3534
    2169             0               16         3.3514        17.8006
    2170             0               34         2.9450        17.9822
    2171             0               20         2.9274        18.3479
    2172             0               27         2.8718        18.0263
    2173             0               22         3.2480        17.6265
    2174             0               18         3.3561        17.5522
    2175             0               20         3.2525        16.7228
    2176             0               31         3.0429        17.1108
    2177             0               21         3.2227        17.5225
    2178             0               35         2.9218        17.2120
    2179             0               30         2.9428        17.7557
    2180             0               31         2.8902        17.2968
    2181             0               21         3.1588        16.9361
    2182             0               35         2.8938        17.1846
    2183             0               27         3.0063        17.8876
    2184             0               39         2.8701        17.8899
    2185             0               21         3.0798        17.2683
    2186             0               18         2.9743        17.2571
    2187             0               16         3.2581        17.6285
    2188             0               28         3.2164        17.2294
    2189             0               31         2.9173        17.3228
    2190             0               29         3.0422        17.1281
    2191             0               16         3.2024        17.9426
    2192             0               16         2.9773        17.7044
    2193             0               19         3.2073        17.8413
    2194             0               30         2.9578        17.3080
    2195             0               20         2.9558        17.4555
    2196             0               25         2.9120        17.9008
    2197             0               19         3.0087        17.9305
    2198             0               24         3.1974        17.4073
    2199             0               38         3.0241        17.1346
    2200             0               32         2.9935        18.3850
    2201             0               39         2.9673        17.9921
    2202             0               27         3.1787        17.7566
    2203             0               26         3.3011        17.5623
    2204             0               19         3.3899        18.1067
    2205             0               26         3.3035        17.7612
    2206             0               28         3.1671        18.4652
    2207             0               25         2.9786        18.6863
    2208             0               25         2.9975        18.4177
    2209             0               31         2.9444        17.8391
    2210             0               20         3.1672        18.7308
    2211             0               28         3.2493        18.2356
    2212             0               12         3.2341        18.3541
    2213             0               21         3.3015        18.2541
    2214             0               40         2.8060        17.8988
    2215             0               17         3.0290        17.8939
    2216             0               32         3.0165        18.3903
    2217             0               37         3.1516        17.8376
    2218             0               32         2.8639        17.9474
    2219             0               21         3.0458        17.8010
    2220             0               32         2.8410        17.8254
    2221             0               31         3.0355        17.8528
    2222             0               17         3.2999        17.9209
    2223             0               20         2.8830        17.5882
    2224             0               29         3.1724        17.8616
    2225             0               31         3.1135        17.7958
    2226             0               29         2.8539        18.2542
    2227             0               28         3.3046        18.0600
    2228             0               41         2.9452        17.2731
    2229             0               26         2.9927        17.1441
    2230             0               26         3.3231        17.4969
    2231             0               40         3.1261        17.1746
    2232             0               25         3.1653        17.3755
    2233             0               31         2.8694        17.5908
    2234             0               21         2.9776        17.9009
    2235             0               27         2.9518        17.5609
    2236             0               14         3.1185        17.7913
    2237             0               36         3.1463        17.8530
    2238             0               18         2.9773        16.3243
    2239             0               32         3.0501        16.9992
    2240             0               36         3.0544        16.5414
    2241             0               35         3.0742        16.4220
    2242             0               15         3.4899        16.9954
    2243             0               26         3.2312        17.7577
    2244             0               22         2.8922        17.8276
    2245             0               28         3.0238        18.0290
    2246             0               27         2.9352        18.6176
    2247             0               19         3.1355        18.4670
    2248             0               30         2.6840        18.4511
    2249             0               27         3.0999        18.4382
    2250             0               44         2.8514        18.5920
    2251             0               32         3.1771        19.7145
    2252             0               20         3.3678        20.0471
    2253             0               16         3.0669        20.3200
    2254             0               27         3.0257        19.1585
    2255             0               37         2.8913        19.2089
    2256             0               27         2.8287        19.1905
    2257             0               18         3.0064        19.3605
    2258             0               33         3.2248        19.1680
    2259             0               28         3.0196        18.5930
    2260             0               24         2.8721        20.2330
    2261             0               27         3.3096        21.3811
    2262             0               32         2.9462        19.6596
    2263             0               16         3.3079        19.8686
    2264             0               25         3.3503        19.9546
    2265             0               22         3.3457        20.5927
    2266             0               20         2.9328        19.7581
    2267             0               25         3.2539        19.9512
    2268             0               29         3.1077        18.5393
    2269             1               33         2.8940        19.8858
    2270             0               32         3.0290        19.2283
    2271             0               25         3.1242        17.7336
    2272             0               35         3.2221        19.4020
    2273             0               25         3.5626        17.8230
    2274             0               27         3.2249        18.4242
    2275             0               31         3.2172        16.6958
    2276             0               30         3.2087        17.3039
    2277             0               31         3.2716        17.7605
    2278             0               22         3.3457        17.7622
    2279             0               46         2.9126        17.8503
    2280             0               27         2.9389        18.2205
    2281             0               26         3.3808        18.6735
    2282             0               29         2.9764        17.8449
    2283             0               36         3.0681        17.3870
    2284             0               21         3.0562        18.4919
    2285             0               18         3.1781        19.7101
    2286             0               23         3.2516        19.4938
    2287             0               25         3.2672        19.1101
    2288             0               18         3.2103        19.2955
    2289             0               27         2.9807        18.6968
    2290             0               37         2.9856        17.9633
    2291             0               35         3.1846        18.2746
    2292             0               30         3.0553        18.6568
    2293             0               27         3.0560        19.0469
    2294             0               31         2.8958        18.2210
    2295             0               31         3.1621        18.5601
    2296             0               29         3.1398        18.2059
    2297             0               30         3.2723        17.9468
    2298             0               38         3.2120        18.7148
    2299             0               34         3.1893        19.4595
    2300             0               25         2.9061        18.5409
    2301             0               18         3.2293        19.3943
    2302             0               38         2.9542        18.6493
    2303             0               29         2.9903        18.9799
    2304             0               25         3.0691        19.3045
    2305             0               19         2.8356        18.3252
    2306             0               32         2.8734        18.6742
    2307             0               27         3.2124        19.5037
    2308             0               37         2.8394        19.1670
    2309             0               34         3.0430        20.0890
    2310             0               25         3.4199        18.3753
    2311             0               28         2.9917        19.5651
    2312             0               29         3.2098        19.6386
    2313             0               35         2.9220        19.3606
    2314             0               36         3.1712        19.8546
    2315             0               25         3.2595        20.2482
    2316             0               29         2.9472        19.9933
    2317             0               32         2.9114        19.8952
    2318             0               27         3.1722        19.3136
    2319             0               23         2.8788        19.8390
    2320             0               39         2.8680        18.7260
    2321             0               30         3.1554        17.6123
    2322             0               32         3.0749        19.3368
    2323             0               16         3.3993        19.1170
    2324             0               24         3.1064        18.1964
    2325             0               20         2.8960        18.2291
    2326             0               32         3.0573        19.1270
    2327             0               27         3.1816        18.7709
    2328             0               20         3.1690        19.3191
    2329             0               24         3.0138        18.4971
    2330             0               36         3.1065        19.1712
    2331             0               41         3.0554        19.1785
    2332             0               27         2.9252        19.5904
    2333             0               21         3.0875        17.6546
    2334             0               30         3.0401        18.1249
    2335             0               33         2.8633        18.5845
    2336             0               31         2.8471        18.7554
    2337             0               23         3.1719        18.9410
    2338             0               22         3.1585        19.6237
    2339             0               27         3.2873        19.7043
    2340             0               22         3.3691        19.2309
    2341             0               19         3.4485        19.1162
    2342             0               23         2.9205        19.2938
    2343             0               37         3.0611        19.1275
    2344             0               19         3.1797        19.6297
    2345             0               12         3.2550        19.2432
    2346             0               23         2.9349        17.8452
    2347             0               28         2.8355        17.1098
    2348             0               29         2.9312        19.9175
    2349             0               28         2.8326        18.1450
    2350             0               44         2.8623        18.9100
    2351             0               22         3.0905        18.1438
    2352             0               16         2.9711        17.7016
    2353             0               28         2.9012        18.7991
    2354             0               23         3.1646        17.9934
    2355             0               33         2.8571        19.2206
    2356             0               27         2.9621        18.0038
    2357             0               33         3.1906        18.1720
    2358             0               27         2.9516        18.9879
    2359             0               39         2.8913        20.4640
    2360             0               24         3.0213        20.5165
    2361             0               24         2.9314        18.1984
    2362             0               31         2.9777        19.7564
    2363             0               29         3.0683        19.7275
    2364             0               40         2.9303        19.2501
    2365             0               20         3.0680        19.9508
    2366             0               20         3.1982        19.2461
    2367             0               25         3.1253        19.5288
    2368             0               18         3.0520        19.6588
    2369             0               18         3.0981        18.9722
    2370             0               33         3.0233        18.3823
    2371             0               21         2.9994        19.2605
    2372             0               18         3.0301        19.0505
    2373             0               35         3.0128        19.3001
    2374             0               29         3.0712        19.2608
    2375             0               42         3.0486        19.6688
    2376             0               22         2.8454        19.0748
    2377             0               18         3.3815        19.2586
    2378             0                9         3.1687        18.7318
    2379             0               32         3.2500        19.3007
    2380             0                7         3.5841        19.2761
    2381             0               25         3.1243        20.0262
    2382             0               21         3.3287        20.1191
    2383             0               36         2.9670        19.9776
    2384             0               15         3.0739        19.9361
    2385             0               41         2.9885        19.3165
    2386             0               28         3.0173        18.0822
    2387             0               19         3.1075        19.6455
    2388             0               27         2.8042        18.1537
    2389             0               30         2.9310        19.2553
    2390             0               32         3.3354        19.0425
    2391             0               43         3.1088        18.3150
    2392             0               32         2.9552        18.7359
    2393             0               13         3.4710        19.1731
    2394             0               36         2.9933        18.0208
    2395             0               33         3.0723        18.1831
    2396             0               29         2.9366        17.8506
    2397             0               23         3.0464        17.7136
    2398             0               19         2.9917        18.3217
    2399             0               17         3.3136        17.0454
    2400             0               26         3.1939        17.3618
    2401             0               36         2.7828        18.6082
    2402             0               32         3.0109        18.4649
    2403             0               45         2.9105        18.2743
    2404             0               37         3.0418        18.8381
    2405             0               26         2.8817        18.6856
    2406             0               28         2.8693        18.5359
    2407             0               34         3.1940        19.3001
    2408             0               23         2.7939        19.3430
    2409             0               20         3.1187        18.9431
    2410             0               40         2.8496        19.4407
    2411             0               36         2.8261        18.0181
    2412             0               39         2.8808        17.5598
    2413             0               45         3.0503        19.2426
    2414             0               36         2.7115        17.9205
    2415             0               22         3.2906        18.0661
    2416             0               10         3.4295        18.7937
    2417             1               27         3.1643        20.4425
    2418             0               25         2.8823        20.0371
    2419             0               25         3.2110        18.7579
    2420             0               28         3.1426        18.2514
    2421             0               31         2.8570        17.2549
    2422             0               37         3.2795        18.2949
    2423             0               16         3.5179        18.9430
    2424             0               21         3.4822        19.0275
    2425             0               18         3.2663        19.4735
    2426             0               23         3.0033        19.1019
    2427             0               20         3.2497        19.5445
    2428             0               30         2.8907        19.3293
    2429             0               36         3.2372        18.6485
    2430             0               30         2.8405        18.6855
    2431             0               19         3.1022        19.1503
    2432             0               29         2.8959        18.8798
    2433             0               25         3.0513        20.0269
    2434             0               28         3.0177        18.5716
    2435             0               22         3.3189        18.4303
    2436             0               14         3.4540        18.6122
    2437             0               20         3.0685        18.2901
    2438             0               17         3.2744        17.9597
    2439             0               10         3.1975        18.5106
    2440             0               21         3.2312        18.6783
    2441             1               18         3.4390        17.8468
    2442             0               18         3.0550        18.6389
    2443             0               17         2.9982        18.9278
    2444             0               30         2.6668        18.9812
    2445             0               32         2.8832        18.5717
    2446             0               21         2.7789        18.6222
    2447             0               17         2.7621        18.5270
    2448             0               25         2.6802        18.5449
    2449             0               17         3.2647        18.4947
    2450             0               17         3.3143        19.6826
    2451             0               21         3.1969        19.3575
    2452             0               16         3.4305        19.7624
    2453             0               11         3.3179        19.2662
    2454             0               17         3.2562        19.3875
    2455             0                7         3.3442        19.9207
    2456             0               13         3.0922        19.7778
    2457             0               21         3.2497        19.8327
    2458             0               11         3.5215        19.6981
    2459             0               17         3.2559        20.5425
    2460             0               28         3.1627        20.6584
    2461             0               27         2.9844        18.4293
    2462             0               50         2.8980        18.9239
    2463             0               39         3.1166        19.5287
    2464             0               25         3.1037        19.3246
    2465             0               17         3.0324        18.1913
    2466             0               18         3.1527        19.4229
    2467             0               42         3.0985        19.3213
    2468             0               44         3.2626        17.9976
    2469             0               26         3.2617        17.6603
    2470             0               40         2.8224        18.2996
    2471             0               36         2.9106        17.3614
    2472             0               18         3.1704        17.2142
    2473             0               18         3.2800        16.1372
    2474             0               33         3.0559        17.5878
    2475             0               35         2.9931        19.0101
    2476             0               31         3.1212        18.9754
    2477             0               26         3.1538        18.6427
    2478             0               28         3.0877        19.6210
    2479             0               24         3.2509        17.2485
    2480             0               18         3.4910        17.2459
    2481             0               35         3.0333        16.5190
    2482             0               35         3.3191        16.8008
    2483             0               30         3.2806        17.0446
    2484             0               27         3.1485        16.1621
    2485             0               20         3.1005        16.1266
    2486             0               29         3.1588        16.1746
    2487             0               33         2.9437        17.0413
    2488             0               35         3.1743        16.4975
    2489             0               24         3.3175        17.0370
    2490             0               23         3.3911        17.2998
    2491             0               27         3.4738        17.4561
    2492             0               30         3.3142        16.1579
    2493             0                8         3.1215        17.1656
    2494             3               21         2.9949        18.5490
    2495             2               26         3.2269        18.8852
    2496             0               23         3.3230        20.4483
    2497             0               24         2.9676        20.2930
    2498             0               25         3.2518        21.3405
    2499             2               26         3.2877        20.7314
    2500             0               25         3.4260        20.2222
    2501             2               41         3.0205        20.2111
    2502             0               24         2.8846        19.8958
    2503             0               22         2.9091        19.5604
    2504             0               13         2.8935        20.5425
    2505             0               13         3.0173        21.0507
    2506             0               18         2.9317        20.8950
    2507             0               12         3.1252        20.6769
    2508             0                6         3.3583        20.2301
    2509             0               11         3.6297        20.6313
    2510             1               25         3.2730        20.9048
    2511             0                7         3.5315        20.9146
    2512             1               23         3.0821        20.2236
    2513             0               12         2.7264        20.8190
    2514             1               17         2.8769        20.9757
    2515             1               17         2.8158        20.6823
    2516             0               14         3.2701        20.2366
    2517             0                3         3.6521        20.1794
    2518             0               14         2.9717        20.0283
    2519             0               10         2.8093        20.1093
    2520             1               15         2.9006        21.7373
    2521             2               16         2.7787        21.2222
    2522             2               10         3.4237        21.2141
    2523             2               11         2.9581        20.3962
    2524             2               11         3.3956        20.1281
    2525             2               10         3.2075        19.2644
    2526             2               12         2.9728        18.8933
    2527             2               16         2.8146        18.7821
    2528             1               18         3.1518        19.7775
    2529             1               17         2.9915        19.3400
    2530             1               10         3.2814        19.9187
    2531             1               15         2.9529        20.0959
    2532             0               32         3.0998        19.6156
    2533             0               10         3.3036        20.0891
    2534             0               11         3.1399        19.7642
    2535             0               10         2.7658        21.1524
    2536             0                7         3.3758        20.2253
    2537             2               14         2.9892        20.8781
    2538             2               24         3.1086        19.1020
    2539             2               11         3.0225        18.9990
    2540             1               14         2.7499        20.0325
    2541             2                7         3.1025        20.7853
    2542             2                9         3.3669        20.8328
    2543             2               21         3.1848        19.0980
    2544             1               19         3.2309        19.5070
    2545             0               14         3.0760        19.5623
    2546             2               22         3.0051        19.9189
    2547             0                9         3.1116        20.9950
    2548             2               14         3.3840        20.1930
    2549             2               21         3.0552        20.7798
    2550             2               17         3.1730        20.4389
    2551             0               11         3.3519        21.7977
    2552             0               25         2.9700        20.8060
    2553             0               13         3.0795        19.9132
    2554             2               20         3.4190        20.3002
    2555             1               21         3.2174        19.9339
    2556             0               10         3.2400        19.4165
    2557             2               11         3.1575        19.3447
    2558             2               17         3.3169        19.9659
    2559             2               23         2.8339        19.9274
    2560             2               12         3.1253        19.8867
    2561             0                8         2.8870        20.3795
    2562             1               11         3.4360        18.8431
    2563             2                5         3.2285        18.9166
    2564             1               15         3.0941        20.0871
    2565             2               11         2.9386        19.1346
    2566             1                9         3.1692        19.3159
    2567             0                5         3.4619        19.0511
    2568             1               15         2.8771        19.3968
    2569             1                2         3.6467        19.2933
    2570             1               14         3.1856        18.5613
    2571             1               11         2.9820        18.5220
    2572             1               14         3.1684        20.0360
    2573             1               19         3.2408        19.1167
    2574             1               14         3.3220        20.2340
    2575             1               24         2.9375        20.9069
    2576             0               17         3.0220        19.3681
    2577             0               11         3.2631        18.8287
    2578             0               11         3.3641        18.7222
    2579             0                7         3.1715        19.6509
    2580             1               11         3.2818        20.4058
    2581             1                9         3.1770        19.9987
    2582             2               16         3.2054        20.2889
    2583             2                8         3.0153        19.7392
    2584             2               10         3.1736        20.4578
    2585             2                9         3.2036        18.7559
    2586             2               16         3.0260        18.9218
    2587             2               16         3.0517        18.5894
    2588             1               14         3.1287        19.3530
    2589             1               23         2.9877        18.6527
    2590             1                9         3.5581        19.1446
    2591             1               11         3.0171        19.1413
    2592             1               15         3.1571        18.1691
    2593             1                8         3.1930        18.6247
    2594             1                9         3.6574        18.9798
    2595             0               10         3.4411        18.8956
    2596             1               21         3.1908        19.6813
    2597             1                9         3.1616        19.6668
    2598             0                3         3.4158        20.1618
    2599             0                7         3.4737        19.8923
    2600             0               13         3.3135        19.5307
    2601             0                7         3.4045        20.5854
    2602             0                7         3.7552        20.8768
    2603             1               10         3.4324        20.0675
    2604             1               11         3.3914        20.3731
    2605             1                6         3.2616        20.5891
    2606             0                6         3.5115        20.4992
    2607             1                4         3.3198        21.0307
    2608             1               10         3.4366        19.9681
    2609             1               13         3.1724        20.8655
    2610             0               11         3.4573        21.5483
    2611             0                9         3.4581        22.2219
    2612             0                8         3.5896        21.6837
    2613             0                2         3.5540        21.0210
    2614             0               11         3.6634        21.9621
    2615             0               14         3.4027        21.4085
    2616             0               11         3.2591        21.2849
    2617             0                7         3.4118        20.7778
    2618             0               11         3.2057        20.7617
    2619             0               15         3.5542        20.6748
    2620             0               13         3.4388        20.0765
    2621             0               11         3.5301        19.8621
    2622             0                9         3.3197        20.2279
    2623             0                3         3.5209        20.2262
    2624             0                4         3.6068        20.4697
    2625             0               18         3.1187        20.4085
    2626             0                3         3.7685        21.0328
    2627             0               16         3.1323        21.2649
    2628             0               14         3.3424        20.8264
    2629             0                9         3.5431        20.4609
    2630             0                8         3.6918        20.8554
    2631             0                5         3.6835        21.6481
    2632             0                1         3.6798        19.3479
    2633             0               12         3.2813        19.5489
    2634             0                9         3.3543        18.3662
    2635             0               11         3.3080        18.7468
    2636             0                4         3.4117        18.6927
    2637             0               10         3.1270        18.5247
    2638             0                2         3.6977        18.7178
    2639             0                3         3.5478        18.8733
    2640             0                8         3.2712        18.2288
    2641             1               12         3.1888        18.4447
    2642             0                3         3.8206        19.2187
    2643             0                4         3.7987        18.6963
    2644             0                6         3.6957        18.7122
    2645             0                5         3.4592        18.0210
    2646             0                6         3.4192        18.2073
    2647             0                6         3.3186        18.6143
    2648             0                5         3.3143        17.4427
    2649             0                6         3.7424        16.1075
    2650             0                9         3.1714        16.1764
    2651             0                5         3.6163        16.0987
    2652             0               12         3.1871        16.7002
    2653             0               11         3.5507        18.1866
    2654             0                6         3.6561        17.3428
    2655             0                5         3.0831        16.9437
    2656             0                5         3.4970        17.7860
    2657             0                2         3.6902        18.3447
    2658             0                5         3.5073        17.8700
    2659             0                6         3.5215        17.5646
    2660             0               10         3.2795        18.1252
    2661             0                5         3.6142        17.4295
    2662             0                2         3.5317        18.3310
    2663             0                2         3.1473        18.4379
    2664             0                6         3.1344        19.1124
    2665             0               10         3.4023        18.3069
    2666             0                9         3.3297        19.4239
    2667             0                7         3.1043        18.5571
    2668             0                8         3.2733        18.4078
    2669             0                6         3.3299        18.4738
    2670             0                7         3.4224        18.6068
    2671             0                7         3.6002        19.6183
    2672             0                8         3.4740        20.6384
    2673             0                8         3.4755        21.2873
    2674             0                6         3.2048        20.4755
    2675             0                4         3.6830        21.4253
    2676             0                6         2.9803        20.4944
    2677             0                7         3.7192        19.4357
    2678             0                4         3.5708        20.7910
    2679             0                7         3.2079        20.8233
    2680             0               12         3.2075        20.0429
    2681             0                4         3.5512        21.5310
    2682             0               10         3.5964        21.6487
    2683             0               11         3.4222        20.4562
    2684             0                2         3.7804        21.1533
    2685             0                8         3.6719        19.4635
    2686             0                5         3.6303        19.3051
    2687             0               14         3.3339        19.9325
    2688             0               14         3.4752        20.8748
    2689             0                0         4.0123        21.3264
    2690             0               13         3.3460        21.6218
    2691             0                4         3.9289        20.3608
    2692             0                9         3.5920        21.0114
    2693             0                9         3.1316        21.2459
    2694             0               17         3.6835        19.8850
    2695             0                5         3.7119        19.7482
    2696             0                8         3.5522        20.5414
    2697             0                5         3.5576        21.6940
    2698             0                7         3.6318        21.4683
    2699             0                5         3.3498        22.0819
    2700             0                5         3.3662        21.8107
    2701             0               11         3.4183        20.8180
    2702             0                4         3.5180        22.4402
    2703             0                8         3.5383        20.5242
    2704             0                2         3.9376        22.7855
    2705             0                0         4.0357        21.7148
    2706             0                1         3.9113        22.2882
    2707             0                5         3.7281        22.7997
    2708             0                4         3.7943        23.2368
    2709             0                3         3.6567        23.2288
    2710             0                5         3.3767        23.0981
    2711             0                6         3.5890        23.3593
    2712             0                6         3.5148        23.4927
    2713             0               11         3.2854        22.1047
    2714             0                9         3.3962        21.4915
    2715             0                9         3.3784        20.7765
    2716             0                5         3.6145        21.1773
    2717             0                3         3.8171        20.6777
    2718             0                2         3.6016        19.7835
    2719             0                7         3.5142        19.5972
    2720             0                6         3.2820        18.5819
    2721             0                9         3.3704        19.2420
    2722             0                5         3.7015        19.7866
    2723             0               12         3.4764        19.0600
    2724             0               14         3.2589        20.2428
    2725             0                7         3.3002        19.3404
    2726             0                8         3.6945        18.9135
    2727             0                4         3.7895        18.7846
    2728             1                5         3.4204        19.1546
    2729             0                2         3.6383        18.9117
    2730             0                5         3.5573        19.4640
    2731             0                1         3.8335        18.6566
    2732             0                0         4.2893        18.2194
    2733             0                3         3.7111        19.7314
    2734             0                1         3.7911        20.0684
    2735             1                2         3.4069        18.8472
    2736             1                4         3.5851        18.2421
    2737             1                4         3.5991        18.0891
    2738             0                3         3.6008        19.2570
    2739             0                8         3.5640        18.3112
    2740             0                7         3.5626        18.3171
    2741             0               12         3.5780        19.6676
    2742             0               11         3.3136        19.6475
    2743             0                5         3.4319        20.6345
    2744             0               12         3.5943        19.1446
    2745             0                8         3.2622        20.1341
    2746             0                2         3.8727        21.4417
    2747             0                4         3.6015        20.4883
    2748             0                0         4.0085        19.8171
    2749             0                5         3.5426        19.2850
    2750             0                9         3.5021        19.2966
    2751             0                7         3.4932        19.2787
    2752             0                8         3.5063        19.3506
    2753             0                2         3.5815        21.0120
    2754             0               11         3.5082        20.6933
    2755             0               12         3.4174        20.3335
    2756             0                6         3.8255        20.8070
    2757             0               19         3.1932        20.6621
    2758             0                7         3.7214        20.6001
    2759             0                8         3.4091        21.3784
    2760             0               11         3.1784        20.7067
    2761             0                5         3.5039        21.3628
    2762             0                8         3.4237        20.7307
    2763             0                8         3.5606        20.6997
    2764             0                3         3.8679        21.1840
    2765             0                9         3.3619        21.4430
    2766             0               14         3.4141        21.2321
    2767             0               12         3.4699        21.5816
    2768             0                4         3.8372        21.9724
    2769             0                4         3.5772        22.9757
    2770             0               11         3.6258        21.4642
    2771             0                6         3.6544        20.8051
    2772             0                4         3.6552        20.7041
    2773             0               12         3.4459        21.2771
    2774             0               10         3.3919        21.0906
    2775             0               11         3.5364        20.6484
    2776             0               20         3.1746        19.9576
    2777             0                9         2.7672        19.5727
    2778             0                8         3.0621        20.6166
    2779             0               17         3.1525        20.2784
    2780             0                7         3.5726        18.9947
    2781             0               15         3.5585        18.8609
    2782             0               18         2.8682        18.5653
    2783             0               15         3.2836        18.2339
    2784             0               24         2.9091        19.6346
    2785             0               21         3.0849        19.9647
    2786             0               17         3.1367        19.2423
    2787             0               21         2.9567        20.2217
    2788             0               14         2.9443        18.8161
    2789             0                9         3.0358        18.6059
    2790             0                6         2.7814        19.1191
    2791             0               16         3.1730        19.5576
    2792             0               15         3.4224        19.8202
    2793             0                7         3.4822        20.6470
    2794             0               10         3.4904        21.2468
    2795             0               11         3.4679        21.6975
    2796             0                7         3.3514        22.0513
    2797             0                4         3.5448        24.1693
    2798             0                5         3.2886        23.2342
    2799             0                8         3.5054        23.1944
    2800             0                2         3.7102        23.6099
    2801             0                1         3.9780        23.5825
    2802             0                7         3.4154        23.0004
    2803             0                1         3.6426        25.0413
    2804             0                0         4.1719        25.0399
    2805             0                8         3.1799        24.9659
    2806             0               12         3.2942        25.8550
    2807             0                7         3.5738        24.2348
    2808             0                6         3.6615        25.4839
    2809             0                3         3.6867        27.3487
    2810             0                3         3.6471        26.9287
    2811             0                4         3.5429        26.5417
    2812             0                8         3.3036        27.5094
    2813             0                9         3.3342        27.2482
    2814             0               14         3.3835        25.2082
    2815             0                1         3.7443        26.5620
    2816             0                0         5.0894        25.8965
    2817             0                0         6.2850        27.3100
    2818             0                0         6.1676        27.3468
    2819             0                0         7.0189        27.4928
    2820             0                0         6.7033        27.8122
    2821             0                0         5.1134        27.1968
    2822             0                0         6.1797        27.0447
    2823             0                0         6.6693        27.3627
    2824             0                0         6.7503        27.1645
    2825             0                0         6.6118        27.1968
    2826             0                0         6.7169        28.1424
    2827             0                0         6.8482        28.5224
    2828             0                0         7.9465        27.4934
    2829             0                0         7.5453        27.6594
    2830             0                0         7.5337        27.9932
    2831             0                0         9.6187        27.9000
    2832             0                0        10.1855        27.5053
    2833             0                0         9.8271        27.1241
    2834             0                0         7.9491        27.2945
    2835             0                0         8.0800        28.9125
    2836             0                0         8.8527        27.4992
    2837             0                0         9.5044        26.1424
    2838             0                0         9.8473        26.5649
    2839             0                0        10.7422        26.7457
    2840             0                0        10.1235        26.5646
    2841             0                0         8.6783        26.7630
    2842             0                0         9.1442        27.4045
    2843             0                0         9.9720        27.3676
    2844             0                0         8.8911        26.8493
    2845             0                0         9.7072        26.9337
    2846             0                0         8.4914        26.9161
    2847             0                0         7.3033        26.2069
    2848             0                0         8.1324        25.1161
    2849             0                0         7.5563        24.6802
    2850             0                0         9.0255        26.1072
    2851             0                0         7.5933        26.5307
    2852             0                0         9.4454        27.2974
    2853             0                0         8.8104        27.5556
    2854             0                0        10.4027        26.4964
    2855             0                0        10.0650        25.3985
    2856             0                0         9.4994        26.2280
    2857             0                0         9.2671        26.6888
    2858             0                0         8.6848        25.9522
    2859             0                0         8.5116        26.1075
    2860             0                0         9.0748        27.3100
    2861             0                0         9.5932        27.6232
    2862             0                0        10.3756        28.1205
    2863             0                0         9.9039        28.3221
    2864             0                0         8.0011        28.3319
    2865             0                0         6.8760        28.0007
    2866             0                0         8.2279        28.0571
    2867             0                0         8.9010        28.0935
    2868             0                0         9.0481        25.1877
    2869             0                0         7.1154        25.6332
    2870             0                0         7.9475        27.3414
    2871             0                0         6.7642        28.9743
    2872             0                0         6.5329        28.4177
    2873             0                0         6.9287        26.2745
    2874             0                0         6.7731        26.2589
    2875             0                0         7.8058        27.0229
    2876             0                0         7.9061        29.1999
    2877             0                0         8.2478        28.8349
    2878             0                0         7.7742        28.0606
    2879             0                0         7.4299        28.6881
    2880             0                0         6.8215        29.4977
    2881             0                0         8.4240        28.6641
    2882             0                0         8.2211        29.1837
    2883             0                0         8.2119        28.7359
    2884             0                0         7.7474        29.7315
    2885             0                0         9.4067        30.3470
    2886             0                0        10.6825        29.6490
    2887             0                0        11.1290        30.3444
    2888             0                0        10.3008        30.7431
    2889             0                0        10.4914        30.4387
    2890             0                0        10.7038        30.7132
    2891             0                0        11.1369        30.5827
    2892             0                0        10.1231        30.9481
    2893             0                0        10.0776        30.6260
    2894             0                0        10.9871        29.5880
    2895             0                0        10.1363        29.0770
    2896             0                0         9.4448        28.6926
    2897             0                0         9.3808        28.1651
    2898             0                0         8.4195        28.9999
    2899             0                0        11.4238        28.0491
    2900             0                0        11.1580        29.7632
    2901             0                0        10.7575        30.0712
    2902             0                0        13.3880        31.5273
    2903             0                0        14.8015        30.9169
    2904             0                0        12.6723        30.3047
    2905             0                0        12.4923        29.6265
    2906             0                0        12.4062        30.4931
    2907             0                0        13.6086        31.8524
    2908             0                0        14.1341        32.3532
    2909             0                0        13.9874        32.2473
    2910             0                0        12.6369        31.7621
    2911             0                0        12.2858        32.0366
    2912             0                0        11.9945        32.9849
    2913             0                0        13.2729        32.5518
    2914             0                0        15.5392        32.4989
    2915             0                0        16.9958        33.0550
    2916             0                0        13.2865        33.0926
    2917             0                0        14.3866        32.8020
    2918             0                0        12.5075        32.8219
    2919             0                0        12.8566        31.8086
    2920             0                0        12.4628        29.8612
    2921             0                0        12.2141        29.0817
    2922             0                0        13.9101        29.5222
    2923             0                0        14.7121        30.2419
    2924             0                0        14.4296        30.3489
    2925             0                0        13.1091        29.7121
    2926             0                0        10.6710        29.2467
    2927             0                0        11.0567        27.1651
    2928             0                0        10.4160        27.5120
    2929             0                0        10.0881        27.4039
    2930             0                0        10.6768        27.1351
    2931             0                0         9.7898        28.5723
    2932             0                0        10.0811        27.8541
    2933             0                0        10.7113        27.2188
    2934             0                0         9.7118        28.1547
    2935             0                0         9.8822        28.4408
    2936             0                0         8.0169        27.7524
    2937             0                0         9.6050        28.3808
    2938             0                0         9.0425        30.0457
    2939             0                0        10.0977        29.1695
    2940             0                0        10.4514        28.2641
    2941             0                0        13.2038        27.8530
    2942             0                0        11.2189        27.2115
    2943             0                0        12.8914        27.6962
    2944             0                0        11.6264        27.2001
    2945             0                0        10.2641        27.8630
    2946             0                0         9.8419        28.2880
    2947             0                0        10.0067        28.2863
    2948             0                0        10.7754        27.5718
    2949             0                0         8.1406        27.7327
    2950             0                0         7.2950        27.4246
    2951             0                0         7.4111        26.4544
    2952             0                0         7.4029        27.3033
    2953             0                0         7.8331        25.7993
    2954             0                0         9.4880        25.2303
    2955             0                0         6.6495        25.8115
    2956             0                0         8.5132        25.5384
    2957             0                0         8.8597        25.0988
    2958             0                0         8.7105        25.6256
    2959             0                0         8.5300        26.6284
    2960             0                0         9.3297        25.6626
    2961             0                0         9.5475        24.9020
    2962             0                0         8.8341        26.4023
    2963             0                0         8.6619        26.1946
    2964             0                0         9.2972        25.7221
    2965             0                0        10.0945        26.7379
    2966             0                0         7.0519        25.8034
    2967             0                0         9.0137        28.0033
    2968             0                0         8.8010        27.1079
    2969             0                0         9.3569        28.1720
    2970             0                0         9.3527        26.8912
    2971             0                0        10.5421        27.2783
    2972             0                0        10.0605        28.2767
    2973             0                0         9.4243        26.8043
    2974             0                0         9.7685        27.1282
    2975             0                0        10.5898        26.1017
    2976             0                0         9.4677        25.6233
    2977             0                0         8.7382        26.2490
    2978             0                0        10.7398        25.7668
    2979             0                0        12.3056        25.3431
    2980             0                0        12.6461        26.6269
    2981             0                0        12.1773        25.2758
    2982             0                0        12.4770        25.2738
    2983             0                0        10.9503        24.7838
    2984             0                0         9.5196        24.4911
    2985             0                0        11.4418        25.4997
    2986             0                0         9.9382        25.3193
    2987             0                0        10.2578        25.8108
    2988             0                0        11.3120        25.0762
    2989             0                0        10.0638        24.6956
    2990             0                0        10.8144        23.7151
    2991             0                0        11.7792        24.4686
    2992             0                0         8.7289        25.3859
    2993             0                0         9.2942        26.3205
    2994             0                0         8.2679        25.2837
    2995             0                0         7.4446        24.0920
    2996             0                0         7.1154        24.4295
    2997             0                0         6.4240        24.9184
    2998             0                0         5.5828        24.9173
    2999             0                0         8.0655        25.9367
    3000             0                0         8.1512        27.0345
    3001             0                0         9.6381        26.5249
    3002             0                0         8.5979        26.2359
    3003             0                0         8.2105        26.3788
    3004             0                0         9.1681        26.2408
    3005             0                0         8.9490        26.1543
    3006             0                0        10.2034        25.2072
    3007             0                0         8.1280        23.7852
    3008             0                0        10.3401        26.0576
    3009             0                0         8.2848        24.9133
    3010             0                0        10.6174        24.6652
    3011             0                0        10.4999        26.2929
    3012             0                0        11.8382        25.4567
    3013             0                0        11.3974        24.8013
    3014             0                0         9.5280        25.9654
    3015             0                0         9.8475        26.5875
    3016             0                0         9.2016        26.1924
    3017             0                0        10.0750        26.5087
    3018             0                0         8.9245        26.8056
    3019             0                0         9.5375        26.6456
    3020             0                0         8.9708        26.6684
    3021             0                0        10.0761        25.3738
    3022             0                0         9.0700        25.6165
    3023             0                0         7.3157        25.2084
    3024             0                0         8.8722        24.4575
    3025             0                0         9.2636        24.2368
    3026             0                0        10.3181        24.1720
    3027             0                0        10.8411        24.0554
    3028             0                0        10.8713        25.0746
    3029             0                0        11.2177        26.0931
    3030             0                0        12.5479        26.2627
    3031             0                0        13.1056        27.8436
    3032             0                0        12.4460        27.5232
    3033             0                0        11.3889        25.6894
    3034             0                0        11.7749        26.8707
    3035             0                0        12.4350        27.6837
    3036             0                0        12.0790        27.3658
    3037             0                0        11.8583        27.8763
    3038             0                0        12.8700        28.1605
    3039             0                0        12.6043        28.9630
    3040             0                0        12.7781        29.2269
    3041             0                0        12.4235        27.9786
    3042             0                0        12.0285        30.4324
    3043             0                0        11.1629        28.8823
    3044             0                0        10.6975        29.2566
    3045             0                0        11.6488        29.5467
    3046             0                0        10.3286        29.5839
    3047             0                0        14.0563        28.4357
    3048             0                0        11.8348        28.9546
    3049             0                0        13.2473        29.2219
    3050             0                0        14.2374        30.5770
    3051             0                0        13.2253        30.2912
    3052             0                0        13.4365        29.7557
    3053             0                0        10.6149        28.9783
    3054             0                0        12.3957        29.7295
    3055             0                0        12.2437        29.6798
    3056             0                0        14.4631        28.7696
    3057             0                0        13.0126        29.0511
    3058             0                0        13.9768        28.7409
    3059             0                0        13.8518        28.1995
    3060             0                0        13.2662        29.7021
    3061             0                0        13.6123        29.1065
    3062             0                0        12.8557        27.7260
    3063             0                0        12.0812        27.6460
    3064             0                0        11.3621        27.3617
    3065             0                0        10.5283        27.9371
    3066             0                0        11.0318        28.6231
    3067             0                0        11.0115        28.1224
    3068             0                0        11.4447        28.9534
    3069             0                0        13.1674        28.1904
    3070             0                0        13.7799        28.3230
    3071             0                0        13.3410        28.3185
    3072             0                0        15.0647        28.6225
    3073             0                0        13.8416        26.5162
    3074             0                0        13.7995        25.7872
    3075             0                0        12.9139        26.5488
    3076             0                0        12.1052        25.9403
    3077             0                0        11.5146        25.5510
    3078             0                0        12.1970        26.9896
    3079             0                0        10.9349        26.8600
    3080             0                0        12.0739        27.9037
    3081             0                0        10.8545        27.3268
    3082             0                0         8.7371        25.4644
    3083             0                0        10.6118        26.3653
    3084             0                0         8.9121        26.6509
    3085             0                0         9.4196        25.6598
    3086             0                0         9.3172        27.0386
    3087             0                0         9.8029        25.2150
    3088             0                0        11.6542        24.9269
    3089             0                0        12.5084        24.9359
    3090             0                0        12.1629        24.8452
    3091             0                0        11.4461        23.6827
    3092             0                0        11.9392        24.7441
    3093             0                0        10.6479        25.9955
    3094             0                0        11.0199        25.7288
    3095             0                0        12.6534        27.8710
    3096             0                0        10.2231        26.4104
    3097             0                0         9.7689        26.8929
    3098             0                0        10.5811        26.8265
    3099             0                0         9.7609        26.0968
    3100             0                0         8.4504        24.8180
    3101             0                0         8.2538        24.2916
    3102             0                0         8.2240        24.7500
    3103             0                0         6.3096        25.9506
    3104             0                0         8.4823        26.7610
    3105             0                0         7.9021        25.7024
    3106             0                0         6.9579        24.9211
    3107             0                0         6.7541        25.1388
    3108             0                0         7.7769        26.1958
    3109             0                0         6.7184        25.6729
    3110             0                0         6.7393        24.6814
    3111             0                0         7.4822        26.6815
    3112             0                0        11.7809        26.7978
    3113             0                0        12.1704        28.4962
    3114             0                0        12.2939        28.1320
    3115             0                0        11.6441        26.4724
    3116             0                0        12.6209        27.0340
    3117             0                0        12.5337        27.3897
    3118             0                0        10.9821        27.3944
    3119             0                0         9.3666        27.1119
    3120             0                0        11.1948        26.5910
    3121             0                0        11.0890        27.4500
    3122             0                0         9.7212        25.0113
    3123             0                0         9.3632        26.2299
    3124             0                0        10.1391        27.8787
    3125             0                0        10.1861        27.6475
    3126             0                0        10.2820        28.2879
    3127             0                0         9.5167        27.1990
    3128             0                0         9.7026        26.2313
    3129             0                0        11.3988        28.0109
    3130             0                0         9.6743        27.9369
    3131             0                0        10.9047        29.3142
    3132             0                0        13.2738        30.4448
    3133             0                0        12.4103        28.7574
    3134             0                0        12.1953        29.9269
    3135             0                0        12.6941        29.9141
    3136             0                0        11.8232        29.5131
    3137             0                0        12.1994        31.0892
    3138             0                0        14.2133        30.6933
    3139             0                0        15.4604        30.1603
    3140             0                0        14.9892        31.0552
    3141             0                0        16.9551        32.6896
    3142             0                0        16.3782        32.9284
    3143             0                0        15.3094        33.0231
    3144             0                0        13.8675        32.0242
    3145             0                0        11.5021        32.0671
    3146             0                0        11.7892        33.1387
    3147             0                0        11.9498        32.0927
    3148             0                0        12.1533        31.3103
    3149             0                0        14.4159        31.2595
    3150             0                0        14.2170        30.4997
    3151             0                0        14.0593        30.5004
    3152             0                0        13.4961        30.8707
    3153             0                0        14.0691        30.8564
    3154             0                0        14.6417        30.9496
    3155             0                0        14.6660        31.9055
    3156             0                0        16.0212        31.5002
    3157             0                0        15.5662        32.0107
    3158             0                0        15.4126        31.1573
    3159             0                0        13.3390        30.6918
    3160             0                0        15.1054        29.3790
    3161             0                0        14.8784        30.1535
    3162             0                0        12.2539        30.2505
    3163             0                0        11.2817        31.9791
    3164             0                0        13.4476        31.5713
    3165             0                0        13.0335        31.0157
    3166             0                0        12.6714        30.7549
    3167             0                0        12.9994        30.1079
    3168             0                0        13.7224        30.3660
    3169             0                0        13.0867        31.1472
    3170             0                0        14.0423        30.9775
    3171             0                0        15.5954        32.0435
    3172             0                0        16.5377        32.6264
    3173             0                0        16.0564        32.3973
    3174             0                0        14.7409        33.1069
    3175             0                0        16.6648        33.2066
    3176             0                0        15.3828        31.8915
    3177             0                0        14.3913        33.0585
    3178             0                0        12.4097        31.1398
    3179             0                0        14.2274        31.2110
    3180             0                0        15.1847        32.4898
    3181             0                0        14.4241        31.7657
    3182             0                0        14.4914        32.7726
    3183             0                0        14.5388        33.1279
    3184             0                0        15.5750        32.9467
    3185             0                0        15.7985        32.6265
    3186             0                0        13.5069        30.5078
    3187             0                0        14.1398        31.7652
    3188             0                0        12.1001        31.2182
    3189             0                0        13.2333        30.9165
    3190             0                0        11.4872        29.8344
    3191             0                0        11.7354        31.1847
    3192             0                0        11.5531        30.8466
    3193             0                0         9.9331        30.2016
    3194             0                0        10.0944        31.4726
    3195             0                0         9.4963        31.2057
    3196             0                0        11.1268        31.0134
    3197             0                0        10.3734        31.6423
    3198             0                0        10.6629        29.8485
    3199             0                0        12.0986        30.3203
    3200             0                0        10.1555        29.2983
    3201             0                0        10.5789        30.3432
    3202             0                0         8.9460        30.6818
    3203             0                0         9.8841        32.0903
    3204             0                0        10.9993        31.8615
    3205             0                0         9.8883        31.8479
    3206             0                0        10.3353        30.9681
    3207             0                0        10.9057        32.1897
    3208             0                0         9.0667        32.1958
    3209             0                0         8.0665        33.1111
    3210             0                0         7.7001        31.6154
    3211             0                0         6.7193        31.1495
    3212             0                0         6.4829        31.9446
    3213             0                0         8.1977        32.1078
    3214             0                0         7.5543        32.1753
    3215             0                0         8.2580        31.1100
    3216             0                0         9.2029        32.7602
    3217             0                0        10.3157        31.7244
    3218             0                0        10.0017        30.8442
    3219             0                0        10.0843        31.3951
    3220             0                0         9.4389        30.3565
    3221             0                0         9.3427        31.1240
    3222             0                0         8.4038        31.7005
    3223             0                0         9.9997        32.1005
    3224             0                0        11.0772        32.8474
    3225             0                0        12.0925        32.4093
    3226             0                0        10.7341        32.5050
    3227             0                0        10.9065        32.5401
    3228             0                0        11.4674        32.5975
    3229             0                0        11.1342        31.6579
    3230             0                0         9.9079        33.0500
    3231             0                0         9.9873        33.0995
    3232             0                0         8.2694        32.5624
    3233             0                0         8.4696        32.4720
    3234             0                0         9.3592        31.8832
    3235             0                0         9.0310        32.3573
    3236             0                0         7.1805        31.5993
    3237             0                0         7.7488        31.3814
    3238             0                0         6.5919        31.2301
    3239             0                0         7.1727        32.0422
    3240             0                0         7.5124        31.7665
    3241             0                0         8.5702        31.7497
    3242             0                0         9.8036        30.5897
    3243             0                0        10.2399        31.1501
    3244             0                0        11.5592        31.4376
    3245             0                0        11.5010        31.7883
    3246             0                0        12.1295        30.9136
    3247             0                0        12.2359        31.3296
    3248             0                0        12.5912        29.8778
    3249             0                0        12.2811        29.9738
    3250             0                0        11.9773        29.7420
    3251             0                0        12.2764        28.7790
    3252             0                0        12.2007        30.5936
    3253             0                0        14.6831        29.8757
    3254             0                0        15.5728        30.0642
    3255             0                0        14.6257        30.3797
    3256             0                0        15.3108        31.6831
    3257             0                0        16.3849        31.0135
    3258             0                0        15.3357        31.6939
    3259             0                0        17.0773        31.9026
    3260             0                0        17.4654        31.6416
    3261             0                0        17.4996        31.7560
    3262             0                0        17.5073        32.7885
    3263             0                0        17.6226        32.4904
    3264             0                0        17.2112        32.4395
    3265             0                0        16.2766        31.9447
    3266             0                0        15.7770        32.4568
    3267             0                0        17.4202        32.9979
    3268             0                0        18.9753        33.3276
    3269             0                0        18.0121        33.2029
    3270             0                0        17.4918        32.6763
    3271             0                0        17.5751        32.2688
    3272             0                0        15.5249        33.1753
    3273             0                0        15.2184        33.1221
    3274             0                0        15.4467        33.1287
    3275             0                0        16.2207        32.4421
    3276             0                0        18.2102        31.7585
    3277             0                0        18.9374        32.4741
    3278             0                0        20.1869        33.2950
    3279             0                0        19.9947        32.9604
    3280             0                0        18.8262        33.1580
    3281             0                0        18.4433        32.8872
    3282             0                0        18.7883        33.0387
    3283             0                0        19.1197        33.1321
    3284             0                0        19.0947        32.9835
    3285             0                0        17.6612        32.7414
    3286             0                0        17.0423        32.8625
    3287             0                0        16.7292        32.8989
    3288             0                0        14.9635        33.3121
    3289             0                0        15.3413        32.4412
    3290             0                0        15.5185        32.2989
    3291             0                0        15.7433        31.7149
    3292             0                0        16.1915        32.0748
    3293             0                0        17.0317        32.1029
    3294             0                0        18.5170        31.9377
    3295             0                0        18.2459        31.0072
    3296             0                0        18.0356        31.7706
    3297             0                0        19.2230        31.5955
    3298             0                0        18.7921        32.0030
    3299             0                0        17.7300        32.7789
    3300             0                0        17.9762        33.2027
    3301             0                0        15.9466        32.5330
    3302             0                0        15.0716        32.0093
    3303             0                0        13.9486        31.9578
    3304             0                0        15.4197        31.7006
    3305             0                0        16.5174        31.7635
    3306             0                0        16.1010        31.8068
    3307             0                0        17.0964        31.1574
    3308             0                0        16.6204        30.7870
    3309             0                0        16.9231        30.0310
    3310             0                0        17.8786        29.6760
    3311             0                0        16.4833        28.6435
    3312             0                0        16.6568        29.0576
    3313             0                0        18.2469        28.4189
    3314             0                0        18.2358        29.2917
    3315             0                0        18.2115        29.5285
    3316             0                0        17.6753        32.7271
    3317             0                0        17.2756        31.3651
    3318             0                0        15.4496        30.9228
    3319             0                0        15.6512        30.8895
    3320             0                0        15.4499        29.8318
    3321             0                0        16.8703        29.3909
    3322             0                0        15.3369        30.4912
    3323             0                0        14.0881        31.0965
    3324             0                0        13.2684        31.4686
    3325             0                0        13.4785        30.7108
    3326             0                0        11.0498        29.6609
    3327             0                0        10.6810        29.0869
    3328             0                0        10.4596        29.5690
    3329             0                0        10.8629        28.8771
    3330             0                0        10.1783        29.1562
    3331             0                0         9.1457        29.9622
    3332             0                0        10.5179        28.7936
    3333             0                0         9.1195        28.1613
    3334             0                0         8.6699        27.8141
    3335             0                0         9.5679        27.1891
    3336             0                0         7.8917        26.7049
    3337             0                0         7.3219        26.9762
    3338             0                0         6.5487        25.4351
    3339             0                0         6.7803        24.5166
    3340             0                0         7.2839        24.3007
    3341             0                0         6.2169        25.6506
    3342             0                0         6.7172        24.2085
    3343             0                0         7.0854        25.8502
    3344             0                0         6.7036        25.7280
    3345             0                0         5.7228        26.9637
    3346             0                0         5.8998        27.6221
    3347             0                0         9.2229        25.9462
    3348             0                0         8.0068        26.5021
    3349             0                0         7.3605        26.3075
    3350             0                0         6.6452        26.9965
    3351             0                0         7.4153        30.5895
    3352             0                0         8.8355        29.9109
    3353             0                0         6.6173        29.1480
    3354             0                0         7.8372        30.0219
    3355             0                0         8.1182        28.1443
    3356             0                0         8.2261        29.5985
    3357             0                0         9.8181        29.0248
    3358             0                0         9.4408        29.0511
    3359             0                0         9.4876        29.2673
    3360             0                0         8.2208        28.6435
    3361             0                0         6.7035        29.2986
    3362             0                0         6.3999        27.6006
    3363             0                1         3.9408        24.4335
    3364             0                0         4.6058        24.2118
    3365             0                0         4.2441        24.6471
    3366             0                2         3.4974        26.0268
    3367             0                1         3.9630        26.5013
    3368             0                1         3.7165        24.9683
    3369             0                2         3.8734        25.8255
    3370             0                1         3.8847        25.8815
    3371             0                2         3.7053        26.6915
    3372             0                3         3.3717        26.0658
    3373             0                0         4.1984        26.4256
    3374             0                0         4.1959        27.8526
    3375             0                0         4.6486        26.4981
    3376             0                0         5.3561        26.9735
    3377             0                0         4.1978        25.9849
    3378             0                0         4.0852        26.3674
    3379             0                7         3.7450        26.2438
    3380             0                2         3.6005        26.3514
    3381             0                2         3.7544        27.0621
    3382             0                1         3.9993        24.8745
    3383             0                0         4.0589        25.8665
    3384             0                1         3.9939        27.2272
    3385             0                2         3.3089        27.2101
    3386             0                0         4.4548        26.5991
    3387             0                1         3.8697        25.4056
    3388             0                0         4.0848        26.2781
    3389             0                1         3.9222        24.6665
    3390             0                0         4.6738        24.1549
    3391             0                0         4.8646        25.5487
    3392             0                0         6.4380        25.8443
    3393             0                0         6.3647        27.5018
    3394             0                0         5.8414        28.0471
    3395             0                0         7.8210        26.9160
    3396             0                0         7.5012        28.6750
    3397             0                0         6.4750        26.3135
    3398             0                0         5.5966        25.6459
    3399             0                0         8.7459        27.1060
    3400             0                0         8.2010        26.7215
    3401             0                0         8.9693        26.5276
    3402             0                0         8.5526        25.4635
    3403             0                0        10.4369        25.2799
    3404             0                0         9.0945        25.1046
    3405             0                0         9.1206        24.9737
    3406             0                0        10.0924        25.8529
    3407             0                0        11.1555        26.3873
    3408             0                0        10.9044        26.2631
    3409             0                0        10.8595        26.2568
    3410             0                0         9.6379        25.4869
    3411             0                0        10.2880        25.9176
    3412             0                0        11.5585        27.2066
    3413             0                0        11.0769        26.8769
    3414             0                0        10.1731        25.8388
    3415             0                0        10.8184        27.2405
    3416             0                0        10.9937        25.9327
    3417             0                0        10.8221        25.7154
    3418             0                0        11.6721        25.7269
    3419             0                0         9.2087        25.1478
    3420             0                0         8.7051        24.5945
    3421             0                0         7.8745        23.5814
    3422             0                0         6.8502        23.5964
    3423             0                0         6.4616        24.4551
    3424             0                0         7.1131        24.1268
    3425             0                0         5.4713        22.4094
    3426             0                0         7.3546        23.1498
    3427             0                0         8.2010        25.5127
    3428             0                0         8.8280        24.9216
    3429             0                0         8.8060        24.6805
    3430             0                0         8.6838        24.0790
    3431             0                0         7.0173        24.1973
    3432             0                0         8.9736        25.6656
    3433             0                0         8.3739        25.2184
    3434             0                0         8.0258        25.8654
    3435             0                0         9.2949        27.2484
    3436             0                0        11.9321        27.1360
    3437             0                0        11.5127        27.1127
    3438             0                0        11.1001        27.3267
    3439             0                0        11.3484        27.3968
    3440             0                0        10.7516        25.9350
    3441             0                0         9.6705        25.9783
    3442             0                0        10.4745        26.4230
    3443             0                0        11.1957        27.2877
    3444             0                0        12.4859        29.1992
    3445             0                0        12.8848        27.4608
    3446             0                0        13.2478        26.7033
    3447             0                0        12.9694        27.9627
    3448             0                0        13.9502        28.0585
    3449             0                0        14.3837        27.9134
    3450             0                0        12.0241        28.3424
    3451             0                0        12.8690        28.5664
    3452             0                0        12.4042        28.3774
    3453             0                0        13.4031        30.5083
    3454             0                0        14.7845        30.8227
    3455             0                0        14.0711        29.8448
    3456             0                0        14.3070        27.8960
    3457             0                0        14.1031        29.0872
    3458             0                0        14.5860        28.3649
    3459             0                0        16.2282        29.1228
    3460             0                0        14.7901        27.2750
    3461             0                0        14.9372        27.6290
    3462             0                0        14.5396        25.5392
    3463             0                0        14.6295        26.1120
    3464             0                0        12.4780        27.1564
    3465             0                0        10.4566        26.4403
    3466             0                0        11.6329        27.7395
    3467             0                0        12.4663        27.5665
    3468             0                0        11.0633        27.6295
    3469             0                0         8.8124        26.7354
    3470             0                0        11.2372        24.5010
    3471             0                0        10.0738        23.5271
    3472             0                0        10.3091        23.3390
    3473             0                0         8.5776        22.9957
    3474             0                0         8.1725        23.5513
    3475             0                0         7.6785        24.5105
    3476             0                0         7.2508        25.5228
    3477             0                0         8.5519        26.5020
    3478             0                0         8.1290        26.0940
    3479             0                0         7.1642        25.9846
    3480             0                0         6.5746        26.7670
    3481             0                0         9.8471        28.1578
    3482             0                0         8.9323        28.4746
    3483             0                0         9.0788        29.3538
    3484             0                0         7.4291        29.0306
    3485             0                0         7.3882        26.4724
    3486             0                0         7.8212        27.0065
    3487             0                0         8.6902        25.3407
    3488             0                0         7.6220        25.8202
    3489             0                0         6.8196        25.0924
    3490             0                0         6.0522        25.7988
    3491             0                0         6.8315        25.7000
    3492             0                0         6.0670        25.4714
    3493             0                0         7.7739        24.0452
    3494             0                0         6.9133        25.6443
    3495             0                0         6.8565        25.6148
    3496             0                0         6.8929        26.1441
    3497             0                0         7.3450        26.0393
    3498             0                0         5.1892        27.0274
    3499             0                0         6.1544        26.6631
    3500             0                0         6.2663        27.7948
    3501             0                0         6.5733        26.9748
    3502             0                0         6.4148        25.2869
    3503             0                0         7.8734        23.2841
    3504             0                0         8.6205        23.0555
    3505             0                0         8.9738        22.4940
    3506             0                0         8.0101        23.3283
    3507             0                0         8.0692        23.2035
    3508             0                0         7.4605        26.3185
    3509             0                0         8.1381        24.0947
    3510             0                0         8.5609        24.9806
    3511             0                0         8.1171        24.8753
    3512             0                0         7.5157        24.0996
    3513             0                0         4.3627        24.5759
    3514             0                0         6.1997        24.8364
    3515             0                0         5.4429        24.5251
    3516             0                3         3.3462        22.3261
    3517             0                3         3.5110        22.4162
    3518             0                3         3.1571        22.4098
    3519             0                2         3.7778        22.3032
    3520             0                1         3.8918        23.4412
    3521             0                1         3.6957        22.3575
    3522             0                4         3.4209        22.7944
    3523             0                5         3.3020        20.9234
    3524             0                5         3.6493        20.3485
    3525             0                5         3.6237        20.2729
    3526             0                0         4.0814        21.7447
    3527             0                4         3.4678        21.9574
    3528             0                4         3.4768        20.9786
    3529             0                4         3.4854        21.4638
    3530             0                3         3.6247        21.2645
    3531             0                4         3.5177        22.8840
    3532             0                1         3.6581        22.6412
    3533             0                5         3.2528        21.9220
    3534             0                5         3.3325        23.2259
    3535             0                0         4.0418        23.8858
    3536             0                0         4.1175        24.0642
    3537             0                1         3.9766        23.7534
    3538             0                2         3.6454        23.3491
    3539             0                5         3.4266        22.9841
    3540             0                3         3.3156        23.3208
    3541             0                3         3.7038        22.3871
    3542             0                3         3.4996        22.4872
    3543             0                3         3.6367        22.0535
    3544             0                1         3.5492        20.8166
    3545             0                2         3.7062        22.4627
    3546             0               11         3.2088        23.4490
    3547             0                6         3.4030        23.4974
    3548             0               10         3.3599        24.2332
    3549             0                1         3.6900        24.0594
    3550             0                9         3.4589        20.6577
    3551             0                6         3.6055        21.4158
    3552             0                7         3.5156        21.5367
    3553             0                5         3.3783        21.9643
    3554             0                7         3.2596        22.6869
    3555             0                4         3.4389        21.4062
    3556             0                1         3.9073        20.8453
    3557             0                0         4.7398        20.9216
    3558             0                1         3.8337        21.7877
    3559             0                0         5.1663        20.0398
    3560             0                0         7.1020        20.9325
    3561             0                0         5.5259        21.9431
    3562             0                0         5.9841        22.1078
    3563             0                0         6.6609        21.9580
    3564             0                0         6.3145        22.9194
    3565             0                0         6.0570        23.4634
    3566             0                0         6.7020        24.0060
    3567             0                0         6.7342        24.7344
    3568             0                0         6.5166        26.3154
    3569             0                0         6.5598        26.8637
    3570             0                0         6.9505        26.2800
    3571             0                0         7.7589        24.8629
    3572             0                0        10.4593        24.2912
    3573             0                0        10.5975        23.2583
    3574             0                0         9.4830        24.4881
    3575             0                0         8.8272        23.1221
    3576             0                0         8.5237        21.3660
    3577             0                0        10.1263        24.9322
    3578             0                0         9.0648        25.3700
    3579             0                0         9.3751        25.1451
    3580             0                0         7.9412        25.3512
    3581             0                0         7.9380        24.9095
    3582             0                0         7.0284        23.9086
    3583             0                0         7.2474        24.7213
    3584             0                0         8.0619        23.7324
    3585             0                0         6.5795        24.1309
    3586             0                0         6.5971        23.4303
    3587             0                0         8.2680        24.6322
    3588             0                0         7.6822        25.1669
    3589             0                0         7.8428        24.7398
    3590             0                0         7.9348        25.1606
    3591             0                0         7.4242        23.9740
    3592             0                0         7.0695        24.1411
    3593             0                0         5.8562        24.7132
    3594             0                0         7.5256        25.4501
    3595             0                0         7.6598        26.1569
    3596             0                0         7.7794        26.0676
    3597             0                0         9.7625        25.8161
    3598             0                0         7.8316        25.5228
    3599             0                0         8.9589        24.5063
    3600             0                0         9.6663        24.9347
    3601             0                0         8.6590        24.2136
    3602             0                0         8.7520        23.7921
    3603             0                0         8.3552        24.3252
    3604             0                0         8.8368        24.7676
    3605             0                0         8.8462        26.4650
    3606             0                0         8.3294        24.9075
    3607             0                0        10.2179        23.7629
    3608             0                0        10.2286        23.8738
    3609             0                0         7.5610        23.5017
    3610             0                0         9.8260        24.0645
    3611             0                0        12.3910        25.2789
    3612             0                0        11.5376        25.8305
    3613             0                0        11.1137        25.2697
    3614             0                0         9.5691        25.2562
    3615             0                0        10.2811        27.0062
    3616             0                0        12.1318        26.1885
    3617             0                0        12.8562        25.9829
    3618             0                0        11.3539        24.5790
    3619             0                0        12.0483        25.0209
    3620             0                0        11.5340        24.5450
    3621             0                0        12.2820        24.4396
    3622             0                0        11.3467        24.7260
    3623             0                0        10.5961        25.3988
    3624             0                0        10.0142        24.1579
    3625             0                0        11.2003        24.9168
    3626             0                0        12.5044        25.0018
    3627             0                0        11.4585        24.7625
    3628             0                0        11.7741        24.3287
    3629             0                0        11.8626        24.3470
    3630             0                0        10.3230        24.5480
    3631             0                0        12.7931        25.0467
    3632             0                0        12.6443        25.2749
    3633             0                0        12.2736        25.9552
    3634             0                0        11.7546        26.9611
    3635             0                0        10.1401        24.7895
    3636             0                0         9.7491        24.7690
    3637             0                0        10.0303        24.4904
    3638             0                0        10.6695        25.5336
    3639             0                0        10.6816        25.2914
    3640             0                0        11.8842        24.6127
    3641             0                0        12.2792        24.7355
    3642             0                0        13.9204        24.0971
    3643             0                0        12.9174        24.3301
    3644             0                0        13.5867        25.7139
    3645             0                0        14.3301        27.3568
    3646             0                0        14.5020        26.8521
    3647             0                0        14.1010        25.3036
    3648             0                0        14.6301        25.2357
    3649             0                0        14.1632        26.2904
    3650             0                0        14.5294        24.6786
    3651             0                0        12.4279        24.9091
    3652             0                0        12.2895        23.7682
    3653             0                0        12.3401        23.6387
    3654             0                0        10.7965        24.3594
    3655             0                0        10.2512        23.7053
    3656             0                0         9.7656        24.7097
    3657             0                0         8.7294        24.5755
    3658             0                0         7.8633        23.6820
    3659             0                0         8.7867        23.7234
    3660             0                0         8.4811        23.7627
    3661             0                0         8.6239        23.4421
    3662             0                0         9.3263        23.4781
    3663             0                0        10.6052        22.7850
    3664             0                0        11.3657        23.2079
    3665             0                0        10.5949        24.5721
    3666             0                0        10.4337        24.2203
    3667             0                0        10.7293        24.9221
    3668             0                0        10.9455        25.7297
    3669             0                0        11.2737        25.4529
    3670             0                0        12.0192        24.6618
    3671             0                0        12.4000        24.4027
    3672             0                0        12.5365        24.1757
    3673             0                0        11.7589        23.3987
    3674             0                0         9.1775        22.8111
    3675             0                0        10.1656        22.7293
    3676             0                0         9.5255        22.0590
    3677             0                0         9.3082        21.8922
    3678             0                0        10.3395        22.5354
    3679             0                0         9.2005        22.4734
    3680             0                0         9.8914        24.0843
    3681             0                0        11.1244        23.5852
    3682             0                0        10.6417        24.3161
    3683             0                0         9.0165        24.8898
    3684             0                0         8.7313        23.8643
    3685             0                0         7.9925        24.5606
    3686             0                0         6.5867        23.9357
    3687             0                0         6.6355        23.7053
    3688             0                0         5.1449        23.5815
    3689             0                0         6.4938        23.6132
    3690             0                0         4.8822        22.7735
    3691             0                0         5.8955        23.3854
    3692             0                0         4.9992        22.0567
    3693             0                1         3.8997        22.3334
    3694             0                0         4.0890        24.7578
    3695             0                0         4.5174        24.0349
    3696             0                0         4.7712        22.5408
    3697             0                0         4.2569        24.3088
    3698             0                0         4.3892        23.8048
    3699             0                1         3.9247        24.3626
    3700             0                0         4.9899        24.2125
    3701             0                0         4.2691        25.3672
    3702             0                0         4.9958        26.5514
    3703             0                0         5.0026        26.9512
    3704             0                0         5.3874        26.3339
    3705             0                0         4.2492        25.4858
    3706             0                0         4.6207        27.4099
    3707             0                0         5.6303        27.2277
    3708             0                0         5.5430        27.4231
    3709             0                0         6.3132        28.0464
    3710             0                0         7.6513        28.4246
    3711             0                0         8.2005        28.8969
    3712             0                0         7.9651        28.0352
    3713             0                0         8.8083        26.9181
    3714             0                0         9.2551        28.0536
    3715             0                0         9.3199        26.3345
    3716             0                0         9.5042        25.9514
    3717             0                0         9.3581        26.2536
    3718             0                0        11.4470        26.2910
    3719             0                0        10.6333        26.7130
    3720             0                0         9.6753        26.9313
    3721             0                0        10.8417        26.0054
    3722             0                0        11.6417        24.9466
    3723             0                0        11.4484        26.5009
    3724             0                0        11.8915        25.2983
    3725             0                0        12.5767        25.4838
    3726             0                0        11.6764        25.8728
    3727             0                0        12.2730        27.1349
    3728             0                0        10.7916        25.6481
    3729             0                0        11.2047        25.6476
    3730             0                0        12.0878        26.1183
    3731             0                0        11.8094        25.5566
    3732             0                0        11.9974        26.6690
    3733             0                0        14.4916        27.5882
    3734             0                0        13.1845        27.0973
    3735             0                0        10.6374        26.4663
    3736             0                0        11.7898        26.9086
    3737             0                0        10.9553        26.8022
    3738             0                0        12.6052        27.0707
    3739             0                0        13.1743        27.8308
    3740             0                0        12.2307        27.0070
    3741             0                0        11.9037        27.3809
    3742             0                0        11.9510        26.2594
    3743             0                0        12.9161        27.4515
    3744             0                0        12.5832        27.5681
    3745             0                0        13.2515        27.2318
    3746             0                0        11.9859        26.7227
    3747             0                0        12.9907        26.2697
    3748             0                0        13.1212        25.5294
    3749             0                0        14.2778        25.0696
    3750             0                0        13.3382        26.2514
    3751             0                0        13.3077        25.5899
    3752             0                0        13.5851        25.1617
    3753             0                0        11.7453        24.9660
    3754             0                0        11.3764        25.1810
    3755             0                0        12.1648        26.0673
    3756             0                0         9.1859        27.6556
    3757             0                0         7.6935        26.1569
    3758             0                0        10.3200        26.4664
    3759             0                0        10.6926        24.8088
    3760             0                0        10.1956        24.8163
    3761             0                0        10.5402        24.4078
    3762             0                0         9.2723        24.6286
    3763             0                0         9.5870        23.4329
    3764             0                0         7.4869        22.2065
    3765             0                0         6.2932        22.0598
    3766             0                0         6.6527        21.8200
    3767             0                0         6.7107        22.4523
    3768             0                0         7.0272        22.6438
    3769             0                0         7.5523        23.1568
    3770             0                0         8.6771        23.1240
    3771             0                0         8.1086        25.5277
    3772             0                0         8.9785        25.6381
    3773             0                0         6.8001        24.1450
    3774             0                0         7.1442        25.3027
    3775             0                0         6.9616        24.5660
    3776             0                0         8.6931        25.8123
    3777             0                0        10.6303        26.5981
    3778             0                0         7.5308        26.7900
    3779             0                0         7.4101        24.2691
    3780             0                0         7.6648        24.7055
    3781             0                0         9.0400        25.9015
    3782             0                0         9.1016        27.0683
    3783             0                0         8.8736        27.3172
    3784             0                0         9.1353        28.6568
    3785             0                0         9.2906        28.6359
    3786             0                0         7.5828        29.2548
    3787             0                0         9.8434        29.4732
    3788             0                0        11.3342        28.5726
    3789             0                0        11.1314        29.3921
    3790             0                0        11.5405        29.6199
    3791             0                0        11.1891        31.1079
    3792             0                0        10.0247        30.7021
    3793             0                0         9.1355        30.2425
    3794             0                0         9.4538        30.1491
    3795             0                0         8.7460        29.5864
    3796             0                0         9.3114        29.1536
    3797             0                0        10.6741        31.1342
    3798             0                0        11.1582        31.2580
    3799             0                0        10.8925        30.5531
    3800             0                0        12.5049        28.8496
    3801             0                0        10.7454        28.8713
    3802             0                0        11.3731        30.2691
    3803             0                0        12.3839        30.1353
    3804             0                0        10.8567        26.4364
    3805             0                0        10.6142        27.6694
    3806             0                0        10.4331        27.4674
    3807             0                0         7.8923        27.9838
    3808             0                0         6.9369        28.1675
    3809             0                0         9.6782        27.4615
    3810             0                0         7.6055        26.4061
    3811             0                0         7.2982        27.9183
    3812             0                0         8.2174        28.7776
    3813             0                0         6.9428        28.4765
    3814             0                0         7.0250        27.9156
    3815             0                0         7.6025        28.9009
    3816             0                0         6.5659        29.5773
    3817             0                0         5.7880        27.9110
    3818             0                0         5.9002        26.9481
    3819             0                0         8.1201        28.4679
    3820             0                0         8.0334        28.5535
    3821             0                0         7.6995        28.0414
    3822             0                0         8.2046        28.6424
    3823             0                0         8.7737        27.4583
    3824             0                0         8.7701        29.0167
    3825             0                0         7.7853        27.8235
    3826             0                0         8.9604        28.0650
    3827             0                0         8.2128        27.8400
    3828             0                0         7.8405        29.2791
    3829             0                0         6.3250        28.1008
    3830             0                0         7.1597        29.2609
    3831             0                0         6.5444        29.5941
    3832             0                0         6.2180        28.8706
    3833             0                0         5.8174        28.1711
    3834             0                0         6.3789        28.9612
    3835             0                0         6.4859        30.2518
    3836             0                0         7.9817        29.8233
    3837             0                0         8.7096        29.6110
    3838             0                0         8.4173        29.8144
    3839             0                0         9.6599        30.0228
    3840             0                0         9.6134        29.0114
    3841             0                0         9.7132        28.3873
    3842             0                0        10.8075        29.1127
    3843             0                0        10.9312        29.0087
    3844             0                0        11.9497        30.3880
    3845             0                0        11.2300        29.8046
    3846             0                0        12.7315        28.6287
    3847             0                0        12.7035        28.5888
    3848             0                0        11.1596        28.7538
    3849             0                0        10.2995        29.0709
    3850             0                0         9.7720        29.0216
    3851             0                0         9.9822        29.4975
    3852             0                0         9.3187        29.2387
    3853             0                0         8.5975        28.6985
    3854             0                0         7.8948        26.5146
    3855             0                0         7.0104        26.7723
    3856             0                0         6.6392        27.5294
    3857             0                0         8.3875        27.7901
    3858             0                0         7.5128        27.8507
    3859             0                0         7.6853        28.1007
    3860             0                0         8.1182        26.5080
    3861             0                0         7.0810        25.9964
    3862             0                0         6.8493        25.5649
    3863             0                0         6.3475        26.8021
    3864             0                0         6.1569        27.9801
    3865             0                0         6.2018        27.7899
    3866             0                0         8.0950        27.0473
    3867             0                0         8.3928        27.7143
    3868             0                0         8.2335        27.1933
    3869             0                0         8.3705        26.9996
    3870             0                0         6.6517        26.1399
    3871             0                0         7.0286        26.3379
    3872             0                0         7.8321        29.0204
    3873             0                0         9.6098        29.7695
    3874             0                0         7.1444        30.2948
    3875             0                0         8.4527        29.8028
    3876             0                0         9.8759        30.2139
    3877             0                0        10.8245        30.3548
    3878             0                0        12.1998        30.6513
    3879             0                0        11.1405        30.3773
    3880             0                0        11.3066        30.6234
    3881             0                0        12.0851        30.3245
    3882             0                0        12.4257        31.0520
    3883             0                0        12.3340        29.9605
    3884             0                0        13.6000        31.1722
    3885             0                0        14.3172        32.4318
    3886             0                0        13.0487        33.0648
    3887             0                0        12.2053        31.7592
    3888             0                0        12.6160        31.6093
    3889             0                0        12.2187        31.1532
    3890             0                0        14.7257        32.0976
    3891             0                0        14.0727        32.0992
    3892             0                0        12.2330        31.0644
    3893             0                0         9.5996        31.7672
    3894             0                0        10.6482        31.6156
    3895             0                0        10.3847        31.5984
    3896             0                0         9.7834        32.1958
    3897             0                0         9.2278        32.8332
    3898             0                0        11.2751        29.5146
    3899             0                0        13.4394        30.8546
    3900             0                0        12.7401        31.9558
    3901             0                0        13.0815        32.5831
    3902             0                0        14.5795        32.8745
    3903             0                0        14.2921        33.2789
    3904             0                0        12.9327        32.2321
    3905             0                0        14.3866        32.9908
    3906             0                0        14.5017        33.1888
    3907             0                0        15.1784        32.6817
    3908             0                0        13.4474        32.9924
    3909             0                0        13.9603        33.0518
    3910             0                0        12.8865        33.3640
    3911             0                0        11.1051        32.6878
    3912             0                0        11.3532        32.2337
    3913             0                0        12.3221        33.1684
    3914             0                0        10.2257        33.1196
    3915             0                0        10.3769        33.2098
    3916             0                0        12.8308        33.1158
    3917             0                0        12.1602        33.1409
    3918             0                0        15.7423        32.9150
    3919             0                0        15.5750        32.4605
    3920             0                0        13.7468        31.8821
    3921             0                0        13.4540        31.2540
    3922             0                0        13.2652        31.8159
    3923             0                0        12.7300        32.2586
    3924             0                0        13.7951        31.4859
    3925             0                0        15.0691        31.2871
    3926             0                0        14.5890        30.9639
    3927             0                0        13.4087        30.9198
    3928             0                0        13.3637        31.1552
    3929             0                0        13.2406        31.2514
    3930             0                0        11.6170        30.2232
    3931             0                0        11.0011        29.9523
    3932             0                0        12.2193        30.4878
    3933             0                0        10.1734        28.7815
    3934             0                0         9.1517        28.8715
    3935             0                0         8.4689        28.8134
    3936             0                0        10.3458        28.2479
    3937             0                0        11.0920        28.0344
    3938             0                0        13.5883        28.2588
    3939             0                0        12.1132        29.3178
    3940             0                0        12.3825        29.6406
    3941             0                0        12.8390        29.9309
    3942             0                0        14.0257        29.6538
    3943             0                0        13.9268        29.3208
    3944             0                0        11.7041        30.0403
    3945             0                0        13.2667        29.5716
    3946             0                0        13.4206        30.1135
    3947             0                0         9.7343        30.1080
    3948             0                0        10.1115        28.3892
    3949             0                0         9.8718        28.5428
    3950             0                0        10.4272        29.2734
    3951             0                0        10.3648        30.3729
    3952             0                0        10.0929        31.8425
    3953             0                0        10.5840        31.6767
    3954             0                0        10.8430        30.9430
    3955             0                0        11.7554        31.8730
    3956             0                0        10.2936        31.4858
    3957             0                0         9.1827        32.5136
    3958             0                0         9.9153        32.8862
    3959             0                0        11.0237        31.8398
    3960             0                0        11.5197        32.2783
    3961             0                0        10.5722        31.1126
    3962             0                0        10.1377        30.6362
    3963             0                0        11.3491        30.8501
    3964             0                0        12.1242        31.5161
    3965             0                0        12.6040        31.1508
    3966             0                0        12.7754        32.1654
    3967             0                0        13.7278        32.8789
    3968             0                0        14.9459        33.5317
    3969             0                0        14.8174        33.3829
    3970             0                0        16.7200        32.9268
    3971             0                0        17.5768        33.4533
    3972             0                0        16.5145        33.0835
    3973             0                0        17.4748        32.9423
    3974             0                0        18.0385        33.0368
    3975             0                0        17.3207        32.7601
    3976             0                0        17.1491        33.2477
    3977             0                0        18.7492        32.7124
    3978             0                0        18.9668        32.6557
    3979             0                0        19.2505        32.8277
    3980             0                0        18.4972        32.9481
    3981             0                0        18.0881        32.1721
    3982             0                0        18.7838        33.1943
    3983             0                0        19.3680        32.7882
    3984             0                0        16.4046        32.0804
    3985             0                0        15.8901        32.2158
    3986             0                0        14.8949        32.8962
    3987             0                0        12.9647        32.7602
    3988             0                0        13.0384        33.0756
    3989             0                0        14.7000        32.9188
    3990             0                0        13.3956        32.0259
    3991             0                0        13.2659        32.5343
    3992             0                0        12.8019        32.1189
    3993             0                0        12.1085        32.1249
    3994             0                0        13.1409        33.2714
    3995             0                0        12.2700        31.4196
    3996             0                0         8.9633        29.8812
    3997             0                0        12.6597        31.7207
    3998             0                0        12.3724        32.3610
    3999             0                0        12.6864        30.6247
    4000             0                0        13.3790        30.1385
    4001             0                0        15.3741        30.5557
    4002             0                0        15.4337        30.1539
    4003             0                0        14.8186        29.1899
    4004             0                0        15.3936        30.1383
    4005             0                0        16.0325        30.4161
    4006             0                0        16.5811        31.1265
    4007             0                0        14.5577        31.7542
    4008             0                0        15.5719        32.7970
    4009             0                0        14.6340        31.4937
    4010             0                0        16.7968        32.0732
    4011             0                0        16.9279        32.4976
    4012             0                0        17.6677        32.0313
    4013             0                0        17.0534        31.8092
    4014             0                0        17.1685        30.8036
    4015             0                0        17.9514        30.9048
    4016             0                0        16.5996        32.2744
    4017             0                0        17.7181        32.1772
    4018             0                0        15.2134        30.0734
    4019             0                0        17.9035        31.2019
    4020             0                0        16.6850        30.9253
    4021             0                0        16.5396        29.5214
    4022             0                0        15.4949        29.7204
    4023             0                0        14.3376        29.5101
    4024             0                0        14.1343        29.0510
    4025             0                0        16.2150        28.2158
    4026             0                0        16.2068        28.2058
    4027             0                0        15.8290        27.5403
    4028             0                0        15.0177        26.4639
    4029             0                0        16.4411        26.8185
    4030             0                0        14.7508        27.9727
    4031             0                0        16.7605        27.8900
    4032             0                0        17.0667        28.1029
    4033             0                0        17.5695        28.9821
    4034             0                0        18.0936        29.0141
    4035             0                0        17.1047        27.8036
    4036             0                0        16.9939        27.7288
    4037             0                0        15.6644        28.3449
    4038             0                0        15.4739        28.3901
    4039             0                0        16.7186        29.2897
    4040             0                0        16.0028        27.7597
    4041             0                0        16.2182        27.5560
    4042             0                0        16.3061        27.9528
    4043             0                0        17.5706        28.2187
    4044             0                0        15.4523        28.4542
    4045             0                0        13.7541        28.1175
    4046             0                0        14.4860        29.4645
    4047             0                0        15.1292        29.3457
    4048             0                0        14.1806        29.4367
    4049             0                0        13.4833        28.0428
    4050             0                0        12.7174        27.9290
    4051             0                0        12.5430        28.8079
    4052             0                0        10.9396        29.0653
    4053             0                0        11.4423        28.1480
    4054             0                0        10.7896        28.4516
    4055             0                0        10.9428        29.0715
    4056             0                0        11.1552        28.2687
    4057             0                0        12.3916        28.3869
    4058             0                0        11.3602        29.7760
    4059             0                0        11.9645        29.3477
    4060             0                0        12.2844        29.0745
    4061             0                0        10.5532        31.1573
    4062             0                0        11.1925        31.7872
    4063             0                0        11.8680        30.9431
    4064             0                0        11.8445        30.4424
    4065             0                0        13.5277        30.4788
    4066             0                0        10.3610        29.2539
    4067             0                0         9.1368        28.7566
    4068             0                0         8.4740        28.8504
    4069             0                0         8.9367        27.8858
    4070             0                0        10.3249        27.3327
    4071             0                0         9.1709        26.5844
    4072             0                0         8.6140        26.3635
    4073             0                0         8.5752        27.1694
    4074             0                0        10.5574        27.4644
    4075             0                0        10.6961        27.8908
    4076             0                0        10.3063        28.1845
    4077             0                0         8.8048        27.9188
    4078             0                0        11.9174        28.2088
    4079             0                0        14.9785        29.4466
    4080             0                0        15.0993        29.6754
    4081             0                0        15.7406        28.8948
    4082             0                0        15.3870        28.6219
    4083             0                0        14.3933        28.9221
    4084             0                0        15.8303        29.1839
    4085             0                0        14.8209        28.9033
    4086             0                0        15.4152        29.3871
    4087             0                0        16.0837        31.4232
    4088             0                0        14.5282        29.6067
    4089             0                0        16.1787        30.8133
    4090             0                0        15.0204        29.5834
    4091             0                0        16.7558        28.5895
    4092             0                0        16.5797        28.7691
    4093             0                0        13.9371        28.8003
    4094             0                0        15.1328        29.5141
    4095             0                0        16.6664        30.1631
    4096             0                0        16.4125        30.3692
    4097             0                0        17.7018        29.8436
    4098             0                0        18.2269        29.1602
    4099             0                0        16.8959        29.5921
    4100             0                0        18.4896        29.4087
    4101             0                0        16.6389        29.3668
    4102             0                0        17.8028        29.9253
    4103             0                0        17.1548        29.1350
    4104             0                0        17.0273        29.5204
    4105             0                0        16.3419        29.3010
    4106             0                0        17.5361        29.4240
    4107             0                0        16.1950        30.1001
    4108             0                0        13.5837        30.1703
    4109             0                0        14.3664        29.3514
    4110             0                0        15.2832        29.9676
    4111             0                0        15.9092        29.0198
    4112             0                0        15.1729        30.6071
    4113             0                0        16.0066        30.0674
    4114             0                0        15.9319        29.7530
    4115             0                0        13.3092        29.0976
    4116             0                0        14.4778        28.6047
    4117             0                0        13.5981        27.8115
    4118             0                0        15.6637        29.1355
    4119             0                0        16.0872        29.7939
    4120             0                0        14.9981        28.9101
    4121             0                0        15.9239        28.0508
    4122             0                0        14.3685        28.4561
    4123             0                0        13.1622        28.4724
    4124             0                0        14.8454        27.9686
    4125             0                0        14.2560        27.9629
    4126             0                0        14.1287        28.9742
    4127             0                0        14.5521        29.4127
    4128             0                0        14.2719        29.8456
    4129             0                0        14.6458        29.4326
    4130             0                0        13.6457        28.5668
    4131             0                0        12.5082        29.1801
    4132             0                0        12.7526        28.3715
    4133             0                0        14.9261        28.7071
    4134             0                0        14.2233        29.4939
    4135             0                0        11.1356        28.2275
    4136             0                0        12.6603        28.8919
    4137             0                0        11.3468        29.3260
    4138             0                0        12.4289        29.8916
    4139             0                0        11.9627        29.0975
    4140             0                0        11.9321        29.8380
    4141             0                0        13.4520        29.1324
    4142             0                0        12.0299        28.8825
    4143             0                0        13.2881        29.1247
    4144             0                0        12.2734        28.4643
    4145             0                0        14.7153        28.4935
    4146             0                0        15.5003        28.6367
    4147             0                0        13.9588        27.9325
    4148             0                0        13.6637        28.7890
    4149             0                0        15.0656        28.6819
    4150             0                0        13.9564        28.1622
    4151             0                0        16.7731        29.3886
    4152             0                0        17.4003        29.1581
    4153             0                0        13.2772        29.8722
    4154             0                0        13.9048        28.9946
    4155             0                0        13.3547        28.4188
    4156             0                0        14.4616        28.5600
    4157             0                0        13.7731        29.0582
    4158             0                0        15.1400        28.4385
    4159             0                0        15.2268        28.6622
    4160             0                0        14.2016        29.5361
    4161             0                0        12.5757        29.2772
    4162             0                0        11.1219        28.8274
    4163             0                0        11.1079        28.3781
    4164             0                0        12.1377        28.2806
    4165             0                0        12.2306        27.5659
    4166             0                0        12.1666        28.4316
    4167             0                0        12.6100        28.5396
    4168             0                0        13.2893        28.0749
    4169             0                0        14.0763        27.9387
    4170             0                0        14.6972        29.4183
    4171             0                0        14.8019        28.6444
    4172             0                0        16.0952        28.8538
    4173             0                0        15.8898        27.3808
    4174             0                0        14.9445        26.5253
    4175             0                0        14.3706        26.5276
    4176             0                0        13.6960        26.6932
    4177             0                0        14.1016        25.7023
    4178             0                0        14.1217        27.0241
    4179             0                0        15.1515        25.6946
    4180             0                0        15.2224        25.8086
    4181             0                0        13.6489        26.4172
    4182             0                0        15.3950        26.4199
    4183             0                0        13.8264        26.8345
    4184             0                0        13.7377        26.0500
    4185             0                0        15.7983        28.6561
    4186             0                0        13.8339        26.2262
    4187             0                0        14.7054        26.6562
    4188             0                0        14.7694        25.7298
    4189             0                0        14.0906        25.7642
    4190             0                0        14.5570        27.4302
    4191             0                0        13.7646        25.3079
    4192             0                0        13.0847        25.5282
    4193             0                0        13.7144        25.8172
    4194             0                0        13.7971        25.4133
    4195             0                0        14.6724        25.0972
    4196             0                0        15.2384        25.1906
    4197             0                0        15.4661        24.9740
    4198             0                0        14.4945        24.6984
    4199             0                0        14.6851        24.3084
    4200             0                0        14.7312        25.1209
    4201             0                0        14.2458        24.6119
    4202             0                0        15.3280        24.3867
    4203             0                0        14.8392        23.9010
    4204             0                0        14.6427        24.8473
    4205             0                0        13.9416        24.5099
    4206             0                0        14.3455        25.1868
    4207             0                0        13.1193        26.0323
    4208             0                0        14.1656        25.9634
    4209             0                0        12.7469        26.7631
    4210             0                0        12.7539        25.5804
    4211             0                0        13.8313        25.0773
    4212             0                0        13.8776        24.8155
    4213             0                0        14.3940        25.8476
    4214             0                0        11.5488        26.1353
    4215             0                0        11.7820        25.5848
    4216             0                0        11.3868        24.5416
    4217             0                0        11.5873        24.2158
    4218             0                0        12.2388        24.7248
    4219             0                0        12.5819        24.3077
    4220             0                0        13.0234        24.6510
    4221             0                0        13.9348        25.3171
    4222             0                0        14.0341        25.8204
    4223             0                0        13.9919        27.0954
    4224             0                0        11.4051        27.3470
    4225             0                0        11.1554        28.8943
    4226             0                0        10.8743        28.6265
    4227             0                0        11.1297        28.0427
    4228             0                0        11.8436        29.1281
    4229             0                0        14.2273        28.2394
    4230             0                0        14.1166        27.4234
    4231             0                0        14.0055        27.1425
    4232             0                0        13.8159        26.7118
    4233             0                0        14.2734        26.1003
    4234             0                0        14.0683        26.1637
    4235             0                0        15.1141        28.3181
    4236             0                0        12.8750        27.9657
    4237             0                0        12.8959        27.2402
    4238             0                0        13.4621        28.5120
    4239             0                0        12.6409        27.4541
    4240             0                0        12.9289        26.9996
    4241             0                0        13.2574        27.5425
    4242             0                0        13.3170        27.5090
    4243             0                0        14.0589        28.1669
    4244             0                0        15.2497        27.5337
    4245             0                0        15.6458        27.3288
    4246             0                0        12.6873        26.9420
    4247             0                0        12.2986        27.3894
    4248             0                0        11.1922        27.5134
    4249             0                0        10.3333        27.3777
    4250             0                0         9.7652        27.1875
    4251             0                0         9.4250        27.0367
    4252             0                0         9.0270        25.8251
    4253             0                0        10.2685        26.0516
    4254             0                0        10.5825        26.0353
    4255             0                0        10.5005        27.3471
    4256             0                0         9.3750        27.2697
    4257             0                0        10.7159        28.8224
    4258             0                0        11.9280        29.5829
    4259             0                0        10.8157        29.9124
    4260             0                0        10.5306        29.9072
    4261             0                0        11.9482        30.4586
    4262             0                0        10.6218        29.5773
    4263             0                0        10.7837        30.2914
    4264             0                0        11.4832        29.2838
    4265             0                0        12.2983        29.6243
    4266             0                0        11.9239        30.3584
    4267             0                0        11.8862        29.8704
    4268             0                0        12.4760        29.7046
    4269             0                0        12.7043        30.0130
    4270             0                0        11.7482        30.1710
    4271             0                0        10.7853        29.6873
    4272             0                0        12.4821        30.5317
    4273             0                0        12.7087        28.9602
    4274             0                0        10.2642        28.5392
    4275             0                0        10.7221        28.3287
    4276             0                0        11.0139        28.2636
    4277             0                0        10.9130        30.2786
    4278             0                0        11.0938        30.1054
    4279             0                0        10.5447        28.8571
    4280             0                0        11.1014        28.3272
    4281             0                0        11.7241        28.7462
    4282             0                0         8.7258        28.3754
    4283             0                0         9.4020        27.2859
    4284             0                0        11.0901        26.2274
    4285             0                0        10.1323        27.5323
    4286             0                0        10.2948        25.6845
    4287             0                0        10.2148        25.6665
    4288             0                0         9.0094        26.2174
    4289             0                0         9.6483        24.9220
    4290             0                0        11.1459        25.2064
    4291             0                0        11.7497        26.5979
    4292             0                0         9.9793        26.4332
    4293             0                0         9.8343        25.1427
    4294             0                0         9.8385        24.9406
    4295             0                0         9.0149        25.2449
    4296             0                0         8.3920        25.4097
    4297             0                0         9.4590        25.9486
    4298             0                0         9.9597        25.5760
    4299             0                0         9.3234        25.3837
    4300             0                0         9.3768        25.7823
    4301             0                0        10.2650        26.0301
    4302             0                0         8.5434        26.1907
    4303             0                0         9.0412        27.1930
    4304             0                0         8.2961        26.3567
    4305             0                0         9.7447        27.4211
    4306             0                0         8.5507        27.4213
    4307             0                0         9.3948        27.1363
    4308             0                0         8.8165        28.1134
    4309             0                0         9.6768        27.5576
    4310             0                0         9.8986        28.2167
    4311             0                0         9.2442        28.7630
    4312             0                0         8.9225        28.0160
    4313             0                0         8.9949        28.4242
    4314             0                0         8.4246        27.9862
    4315             0                0         9.4019        28.7725
    4316             0                0         9.2622        28.2872
    4317             0                0         9.6819        28.8433
    4318             0                0        10.0430        29.2453
    4319             0                0        10.0617        29.2781
    4320             0                0        10.8966        29.1593
    4321             0                0        12.0777        29.1741
    4322             0                0        12.5207        30.0278
    4323             0                0        11.7510        30.1813
    4324             0                0        10.7967        30.2482
    4325             0                0        11.1397        30.3951
    4326             0                0        12.2282        31.7311
    4327             0                0        11.4085        30.9695
    4328             0                0        11.6551        31.5033
    4329             0                0        12.6366        32.0513
    4330             0                0        11.3297        31.5013
    4331             0                0        11.9428        30.9990
    4332             0                0        13.9939        32.1674
    4333             0                0        15.7860        31.1615
    4334             0                0        13.9656        29.7157
    4335             0                0        15.6871        29.4237
    4336             0                0        14.6946        29.0494
    4337             0                0        14.9275        30.5334
    4338             0                0        13.4125        29.3092
    4339             0                0        12.7480        28.3718
    4340             0                0        11.6523        27.9095
    4341             0                0        10.4317        26.9126
    4342             0                0        11.5897        27.0415
    4343             0                0        10.9087        27.8919
    4344             0                0        11.2537        28.1330
    4345             0                0        11.0586        27.4292
    4346             0                0        12.1884        29.8437
    4347             0                0        12.1683        29.2298
    4348             0                0        12.5101        29.9861
    4349             0                0        12.0354        28.9747
    4350             0                0         9.4966        27.1046
    4351             0                0        12.5462        28.5330
    4352             0                0        11.3060        30.0018
    4353             0                0        10.8354        31.2542
    4354             0                0        10.6302        32.0315
    4355             0                0        11.4249        32.5968
    4356             0                0        13.9210        32.5572
    4357             0                0        13.1571        31.8681
    4358             0                0        12.0068        31.2527
    4359             0                0        13.0128        30.7827
    4360             0                0        12.2437        30.7087
    4361             0                0        13.1994        31.0219
    4362             0                0        12.6550        30.0432
    4363             0                0        11.6126        30.6222
    4364             0                0         9.3249        28.6931
    4365             0                0         7.7742        26.9936
    4366             0                0         7.3597        25.7071
    4367             0                0        10.1545        26.3963
    4368             0                0         8.7499        26.2751
    4369             0                0         8.8892        25.9672
    4370             0                0         8.9378        25.4536
    4371             0                0         9.8051        24.6522
    4372             0                0         8.6422        24.1783
    4373             0                0         8.7234        26.0058
    4374             0                0         8.0981        26.3307
    4375             0                0         9.1076        24.8196
    4376             0                0         8.6390        24.3417
    4377             0                0        10.1299        24.3809
    4378             0                0        11.5232        26.3150
    4379             0                0         9.3780        25.1616
    4380             0                0         9.4668        24.8062
    4381             0                0         9.5655        25.5697
    4382             0                0         7.3567        26.0998
    4383             0                0         9.3972        26.3292
    4384             0                0         9.3311        26.2930
    4385             0                0        10.3381        25.0861
    4386             0                0        10.9753        26.9976
    4387             0                0        11.9562        24.8924
    4388             0                0        10.5247        25.1904
    4389             0                0        10.4050        24.6504
    4390             0                0         8.3048        24.8123
    4391             0                0         8.9590        25.4458
    4392             0                0         9.0371        25.7843
    4393             0                0         8.9267        24.7144
    4394             0                0         8.2359        25.3237
    4395             0                0         9.5573        27.0735
    4396             0                0         8.8903        25.7701
    4397             0                0         7.7970        25.2577
    4398             0                0         7.4876        25.6182
    4399             0                0         8.1073        27.2045
    4400             0                0         9.0254        28.9729
    4401             0                0         9.4163        28.2426
    4402             0                0        12.0029        27.6771
    4403             0                0        12.4853        27.8359
    4404             0                0        11.0737        27.5612
    4405             0                0        11.5745        27.3680
    4406             0                0        12.1623        27.2575
    4407             0                0        11.4981        27.5426
    4408             0                0        11.4712        27.3070
    4409             0                0        10.9910        25.9091
    4410             0                0        11.6206        25.5081
    4411             0                0         8.7047        25.1309
    4412             0                0         9.2226        24.9194
    4413             0                0        10.9651        25.4194
    4414             0                0         9.5553        23.3730
    4415             0                0         9.3814        23.7487
    4416             0                0         9.2326        25.1172
    4417             0                0         9.3936        25.0688
    4418             0                0        10.0527        24.4037
    4419             0                0         9.4829        24.9641
    4420             0                0         8.5975        24.9406
    4421             0                0         8.4718        23.7649
    4422             0                0         8.5525        24.2974
    4423             0                0         8.1755        24.2349
    4424             0                0         9.5613        25.5577
    4425             0                0         9.8764        25.7907
    4426             0                0         9.0839        25.2642
    4427             0                0         7.6599        23.5155
    4428             0                0         9.3171        24.2932
    4429             0                0         8.4930        25.6690
    4430             0                0         9.7186        26.9176
    4431             0                0         8.9549        24.2751
    4432             0                0         9.4692        24.7140
    4433             0                0         8.9763        23.5396
    4434             0                0        11.3355        25.4357
    4435             0                0        12.2855        25.8086
    4436             0                0        12.7986        28.5650
    4437             0                0        13.0726        28.1880
    4438             0                0        14.3545        30.2181
    4439             0                0        14.0016        28.4126
    4440             0                0        14.7399        28.2448
    4441             0                0        16.9914        30.1311
    4442             0                0        15.7055        29.4065
    4443             0                0        15.5058        29.1653
    4444             0                0        14.2056        28.5883
    4445             0                0        14.2626        28.9174
    4446             0                0        17.0941        30.2820
    4447             0                0        14.8839        29.8747
    4448             0                0        15.6815        28.4773
    4449             0                0        15.0158        27.7528
    4450             0                0        12.9587        26.2490
    4451             0                0        15.1981        27.3215
    4452             0                0        14.0619        26.8919
    4453             0                0        14.6053        25.5280
    4454             0                0        14.1038        27.0042
    4455             0                0        14.1964        26.5595
    4456             0                0        15.1321        26.7892
    4457             0                0        16.6132        27.4621
    4458             0                0        14.5367        26.9610
    4459             0                0        14.7775        26.9843
    4460             0                0        15.4167        27.8744
    4461             0                0        15.3680        27.1778
    4462             0                0        15.5478        25.7987
    4463             0                0        14.3120        25.0710
    4464             0                0        13.3220        24.7529
    4465             0                0        13.3262        24.7898
    4466             0                0        13.8599        25.2974
    4467             0                0        14.2657        24.2359
    4468             0                0        15.5916        25.1280
    4469             0                0        14.6989        25.9952
    4470             0                0        14.2135        24.8468
    4471             0                0        12.6413        23.6425
    4472             0                0        10.2514        25.6691
    4473             0                0         9.0446        24.3922
    4474             0                0         9.5697        25.8796
    4475             0                0         9.8923        25.6147
    4476             0                0        10.7899        26.9802
    4477             0                0        10.8667        27.7082
    4478             0                0        12.1294        28.1322
    4479             0                0        11.3736        27.2421
    4480             0                0        10.6679        27.6325
    4481             0                0        10.1160        27.4214
    4482             0                0        10.0893        29.1215
    4483             0                0        10.4934        28.7436
    4484             0                0         8.0326        29.5033
    4485             0                0         9.6938        29.6246
    4486             0                0         9.9522        30.3973
    4487             0                0         9.9920        30.5171
    4488             0                0        10.7556        29.6530
    4489             0                0         9.7765        30.2690
    4490             0                0        12.1682        31.8574
    4491             0                0        11.0842        31.0049
    4492             0                0        11.4878        28.8539
    4493             0                0        12.8641        27.3264
    4494             0                0        13.9434        27.6141
    4495             0                0        15.2976        27.8345
    4496             0                0        15.1856        25.8189
    4497             0                0        14.6563        27.0686
    4498             0                0        15.9025        27.6184
    4499             0                0        16.5076        27.5673
    4500             0                0        14.7102        28.5827
    4501             0                0        15.7072        27.7853
    4502             0                0        17.8776        28.6539
    4503             0                0        18.2291        29.6634
    4504             0                0        16.5812        28.3654
    4505             0                0        16.9178        27.7742
    4506             0                0        18.7051        28.2056
    4507             0                0        15.1045        29.1337
    4508             0                0        16.3030        28.7754
    4509             0                0        16.1806        29.0679
    4510             0                0        16.1446        28.9759
    4511             0                0        16.5910        29.4641
    4512             0                0        13.9405        29.6107
    4513             0                0        14.3038        29.2492
    4514             0                0        16.1959        30.4651
    4515             0                0        15.6529        30.8464
    4516             0                0        16.4480        30.4396
    4517             0                0        15.0302        32.3270
    4518             0                0        13.7775        32.9100
    4519             0                0        13.1285        32.1906
    4520             0                0        14.0871        32.8226
    4521             0                0        15.5276        33.1530
    4522             0                0        14.5729        33.0107
    4523             0                0        14.4081        31.3264
    4524             0                0        15.6445        32.7675
    4525             0                0        15.9881        33.2699
    4526             0                0        17.2297        32.8745
    4527             0                0        14.9368        32.9492
    4528             0                0        15.6597        31.3299
    4529             0                0        15.9452        31.7106
    4530             0                0        17.5093        32.5269
    4531             0                0        17.3192        32.7092
    4532             0                0        15.5227        32.2321
    4533             0                0        14.9413        33.0897
    4534             0                0        15.1155        32.8134
    4535             0                0        16.3711        33.2804
    4536             0                0        14.4664        32.7744
    4537             0                0        13.6556        31.6497
    4538             0                0        13.9711        31.4558
    4539             0                0        12.9788        30.7589
    4540             0                0        13.8081        32.1575
    4541             0                0        14.7614        31.4864
    4542             0                0        13.9514        30.5953
    4543             0                0        14.3689        29.5761
    4544             0                0        13.0257        28.2286
    4545             0                0        11.5183        28.1025
    4546             0                0        11.4028        27.3780
    4547             0                0        10.7264        26.7960
    4548             0                0        10.3804        28.4539
    4549             0                0        11.3323        28.6507
    4550             0                0        10.3938        28.6529
    4551             0                0        11.5056        27.5457
    4552             0                0        10.4485        26.7736
    4553             0                0        11.4074        27.4563
    4554             0                0        11.8553        28.4590
    4555             0                0        12.2839        27.8824
    4556             0                0        12.1043        29.1017
    4557             0                0        11.4842        28.7893
    4558             0                0        12.5668        28.6856
    4559             0                0        13.0652        28.7562
    4560             0                0        10.6191        26.7000
    4561             0                0        12.1558        26.7772
    4562             0                0        13.3764        28.0989
    4563             0                0        14.9609        27.2635
    4564             0                0        13.6936        26.5074
    4565             0                0        13.7194        26.6941
    4566             0                0        12.9005        26.2908
    4567             0                0        12.5206        26.3884
    4568             0                0        13.3080        25.7805
    4569             0                0        13.6907        26.8083
    4570             0                0        14.4335        26.4375
    4571             0                0        13.2864        26.7673
    4572             0                0        14.6593        26.6559
    4573             0                0        13.1172        25.4223
    4574             0                0        12.5144        24.0679
    4575             0                0        13.7731        25.2081
    4576             0                0        12.8748        23.3265
    4577             0                0        13.3410        24.5254
    4578             0                0        11.7558        25.3141
    4579             0                0        11.6872        26.9415
    4580             0                0        13.5259        26.5824
    4581             0                0        13.8021        28.2626
    4582             0                0        12.7375        28.4713
    4583             0                0        12.3020        27.0365
    4584             0                0        11.2699        26.6340
    4585             0                0        13.3075        27.5348
    4586             0                0        14.1916        28.8593
    4587             0                0        16.1886        29.9401
    4588             0                0        17.2356        31.0220
    4589             0                0        15.6853        31.0574
    4590             0                0        16.7427        32.0372
    4591             0                0        15.5955        31.1387
    4592             0                0        14.6394        30.2166
    4593             0                0        14.0084        30.3008
    4594             0                0        13.1265        28.6817
    4595             0                0        13.8750        30.2407
    4596             0                0        14.2893        30.3741
    4597             0                0        15.4260        30.8281
    4598             0                0        13.9108        30.2836
    4599             0                0        15.2981        30.2494
    4600             0                0        16.2903        31.1673
    4601             0                0        18.6158        31.4915
    4602             0                0        19.0539        31.4663
    4603             0                0        18.1307        32.2828
    4604             0                0        17.8427        31.3798
    4605             0                0        17.1525        30.2829
    4606             0                0        16.2503        30.2474
    4607             0                0        16.0943        29.8676
    4608             0                0        15.0163        29.3997
    4609             0                0        14.7118        29.1796
    4610             0                0        11.6904        28.2919
    4611             0                0        12.8286        27.7956
    4612             0                0        11.7905        27.9951
    4613             0                0        12.9597        27.7833
    4614             0                0        14.0587        27.7407
    4615             0                0        13.2445        27.2895
    4616             0                0        11.2569        28.0807
    4617             0                0        14.0677        28.5581
    4618             0                0        14.9978        28.1961
    4619             0                0        14.9392        29.0899
    4620             0                0        15.5722        29.4126
    4621             0                0        14.9811        30.0093
    4622             0                0        16.4614        28.9663
    4623             0                0        15.2536        29.8616
    4624             0                0        16.6485        29.8589
    4625             0                0        15.6319        31.4975
    4626             0                0        17.7268        30.9615
    4627             0                0        17.6153        30.9500
    4628             0                0        17.7245        32.3502
    4629             0                0        18.0996        31.9212
    4630             0                0        17.8071        31.8310
    4631             0                0        16.7414        31.2462
    4632             0                0        17.1291        32.6055
    4633             0                0        16.9370        32.5500
    4634             0                0        18.1132        31.7099
    4635             0                0        17.5969        31.8759
    4636             0                0        18.8477        31.4291
    4637             0                0        17.1448        32.9871
    4638             0                0        17.2992        33.1291
    4639             0                0        18.5730        33.4468
    4640             0                0        16.6929        32.9061
    4641             0                0        16.5205        32.0878
    4642             0                0        18.7439        32.4808
    4643             0                0        18.6913        32.5449
    4644             0                0        16.0977        32.8446
    4645             0                0        16.1151        33.3300
    4646             0                0        16.8963        32.8816
    4647             0                0        19.5298        33.0606
    4648             0                0        18.9436        32.9829
    4649             0                0        18.8484        32.5774
    4650             0                0        18.3690        32.0868
    4651             0                0        18.7255        33.0015
    4652             0                0        18.3352        33.3496
    4653             0                0        18.4849        33.4027
    4654             0                0        17.9736        32.7784
    4655             0                0        17.8421        32.5944
    4656             0                0        18.0603        32.8948
    4657             0                0        18.8305        32.4330
    4658             0                0        18.6159        31.9533
    4659             0                0        19.1389        32.6907
    4660             0                0        19.0461        33.1641
    4661             0                0        19.8002        32.3751
    4662             0                0        20.4360        32.8076
    4663             0                0        19.7674        33.1000
    4664             0                0        20.4408        32.9348
    4665             0                0        18.1302        32.2248
    4666             0                0        18.0887        31.3622
    4667             0                0        17.9219        31.7766
    4668             0                0        17.9021        32.6614
    4669             0                0        17.5135        32.8377
    4670             0                0        17.4179        31.1071
    4671             0                0        17.0424        30.9779
    4672             0                0        16.4463        30.5203
    4673             0                0        16.8394        30.3521
    4674             0                0        16.6439        30.3433
    4675             0                0        17.4098        31.6767
    4676             0                0        15.2304        31.2994
    4677             0                0        14.5339        32.0978
    4678             0                0        15.3829        32.6655
    4679             0                0        14.7502        30.8363
    4680             0                0        15.1653        30.9630
    4681             0                0        13.6045        30.1729
    4682             0                0        12.4832        30.8568
    4683             0                0        13.9001        29.7046
    4684             0                0        13.0183        30.0547
    4685             0                0        12.7097        28.8299
    4686             0                0        13.9215        29.2810
    4687             0                0        12.4694        28.6431
    4688             0                0        12.9487        28.2073
    4689             0                0        12.5668        28.2258
    4690             0                0         9.2518        28.5127
    4691             0                0        10.2203        28.1966
    4692             0                0        11.4397        27.3023
    4693             0                0        10.9255        26.9058
    4694             0                0        10.9152        27.2333
    4695             0                0        12.6506        27.9200
    4696             0                0        12.7379        27.5629
    4697             0                0        13.8178        26.8998
    4698             0                0        11.4656        27.5943
    4699             0                0        12.0687        27.3233
    4700             0                0        10.0619        26.5933
    4701             0                0        10.7060        26.9444
    4702             0                0        12.2879        27.0219
    4703             0                0        10.1610        27.6787
    4704             0                0         9.7118        26.8891
    4705             0                0        10.4599        27.3769
    4706             0                0        11.5424        26.4567
    4707             0                0        12.4760        27.2182
    4708             0                0        13.4673        27.8865
    4709             0                0        13.3239        27.7832
    4710             0                0        14.5087        27.0336
    4711             0                0        13.8991        27.2830
    4712             0                0        12.9116        26.7713
    4713             0                0        11.7779        26.1910
    4714             0                0        12.0220        27.5126
    4715             0                0        10.5303        27.1776
    4716             0                0        10.7030        27.4854
    4717             0                0        10.3595        28.0662
    4718             0                0        11.1441        28.1219
    4719             0                0        13.3495        28.0296
    4720             0                0        11.6733        27.3163
    4721             0                0        11.5366        27.8441
    4722             0                0        12.1554        27.9181
    4723             0                0        13.5272        27.7773
    4724             0                0        13.2528        27.7497
    4725             0                0        13.1018        27.7870
    4726             0                0        10.6623        27.8299
    4727             0                0        11.2584        27.3127
    4728             0                0        10.0046        27.0016
    4729             0                0        10.9959        26.5126
    4730             0                0        10.6506        25.7265
    4731             0                0         9.3363        25.7153
    4732             0                0        10.3296        26.0302
    4733             0                0         9.2022        26.6466
    4734             0                0         9.5135        26.8934
    4735             0                0        10.4548        28.2603
    4736             0                0         8.3206        27.5796
    4737             0                0         9.7119        28.3774
    4738             0                0         9.4363        26.5972
    4739             0                0         9.5271        26.2388
    4740             0                0         8.7464        26.4471
    4741             0                0        11.2474        27.1839
    4742             0                0        10.5137        26.1748
    4743             0                0         8.6809        26.4567
    4744             0                0         9.7678        26.3514
    4745             0                0         9.4895        25.9972
    4746             0                0        11.2110        26.9974
    4747             0                0        10.8346        27.0417
    4748             0                0        11.0937        27.4077
    4749             0                0        10.9473        26.9445
    4750             0                0        12.0593        26.6351
    4751             0                0        12.2377        26.5557
    4752             0                0        12.1016        26.3904
    4753             0                0        12.4738        26.5402
    4754             0                0        11.6902        27.1558
    4755             0                0        10.1324        27.5905
    4756             0                0        11.0369        26.8106
    4757             0                0        10.0443        27.5325
    4758             0                0        10.5303        27.0685
    4759             0                0        11.5715        26.7448
    4760             0                0         9.9871        26.9600
    4761             0                0         9.2033        26.9667
    4762             0                0        10.3616        26.7353
    4763             0                0        12.2183        28.1069
    4764             0                0        13.3623        26.7900
    4765             0                0        14.0588        26.6030
    4766             0                0        14.7526        26.6273
    4767             0                0        14.3698        27.3146
    4768             0                0        15.8680        27.3494
    4769             0                0        15.9573        28.0284
    4770             0                0        14.4775        26.2286
    4771             0                0        15.6230        26.9546
    4772             0                0        15.4948        27.2441
    4773             0                0        15.5837        28.2907
    4774             0                0        14.0609        27.4964
    4775             0                0        12.7473        28.0887
    4776             0                0        14.8090        28.9517
    4777             0                0        14.1994        29.2329
    4778             0                0        14.6678        29.0595
    4779             0                0        14.8579        29.2069
    4780             0                0        13.5554        28.3174
    4781             0                0        11.7736        27.6029
    4782             0                0        12.4488        26.6642
    4783             0                0        12.4610        27.6165
    4784             0                0        14.2092        29.3093
    4785             0                0        12.9623        28.2285
    4786             0                0        11.9784        27.4379
    4787             0                0        12.4827        27.9323
    4788             0                0         9.5889        25.7183
    4789             0                0        10.4250        25.5879
    4790             0                0         9.5141        24.7019
    4791             0                0        10.8909        26.7308
    4792             0                0         9.7059        25.5062
    4793             0                0         9.8894        25.1549
    4794             0                0         9.3762        26.6813
    4795             0                0        10.1395        26.0033
    4796             0                0        10.1162        26.5123
    4797             0                0         9.5754        26.8832
    4798             0                0         8.3503        26.3207
    4799             0                0         7.6231        25.6230
    4800             0                0         7.8741        26.2939
    4801             0                0         5.1980        24.8640
    4802             0                0         4.5836        24.6508
    4803             0                0         4.9582        24.0174
    4804             0                0         4.0943        25.9608
    4805             0                0         4.8613        25.9473
    4806             0                0         4.0821        25.5126
    4807             0                0         4.5108        26.6826
    4808             0                0         4.2332        26.2232
    4809             0                0         4.1653        27.1567
    4810             0                0         5.7815        27.0565
    4811             0                1         3.6256        26.0166
    4812             0                0         4.1575        26.2390
    4813             0                1         3.7843        25.7246
    4814             0                0         5.6186        26.1607
    4815             0                0         6.2446        26.0238
    4816             0                0         6.1299        25.6679
    4817             0                0         6.3080        25.8075
    4818             0                0         6.7043        26.5380
    4819             0                0         8.3312        26.8771
    4820             0                0         6.4942        26.4484
    4821             0                0         6.4179        26.4952
    4822             0                0         7.0334        25.2416
    4823             0                0         8.4031        24.8516
    4824             0                0         6.9822        25.3836
    4825             0                0         8.8126        25.0532
    4826             0                0        10.5306        26.0364
    4827             0                0         8.2137        23.9910
    4828             0                0        11.1074        25.0322
    4829             0                0         9.8147        24.2464
    4830             0                0         9.9192        23.7039
    4831             0                0         8.5137        23.1011
    4832             0                0         9.6869        23.2813
    4833             0                0        10.2846        23.6629
    4834             0                0        10.2734        23.9517
    4835             0                0         8.8658        23.3605
    4836             0                0         9.0332        23.6837
    4837             0                0        10.8928        24.8778
    4838             0                0        11.0218        23.6357
    4839             0                0        10.6534        25.3971
    4840             0                0        10.4507        26.8012
    4841             0                0         9.7052        27.3167
    4842             0                0        10.1193        27.6669
    4843             0                0         7.7339        27.0909
    4844             0                0         9.4424        27.2360
    4845             0                0        10.0997        27.1000
    4846             0                0         7.8861        27.4373
    4847             0                0         6.8281        27.7936
    4848             0                0         8.2029        28.4379
    4849             0                0         8.7187        27.3264
    4850             0                0        10.0427        26.9741
    4851             0                0         9.5680        29.5907
    4852             0                0         8.0502        28.5785
    4853             0                0         9.1192        29.7326
    4854             0                0         8.7449        29.2785
    4855             0                0         9.3880        30.9270
    4856             0                0        11.0636        29.7834
    4857             0                0        10.5928        29.1467
    4858             0                0         8.9103        30.8537
    4859             0                0         8.8591        29.4727
    4860             0                0         8.4227        29.6784
    4861             0                0        11.2195        29.5259
    4862             0                0        11.8195        27.3346
    4863             0                0        11.6431        26.9936
    4864             0                0        10.5520        25.0968
    4865             0                0         9.6285        25.3624
    4866             0                0         7.1363        23.9076
    4867             0                0         7.0270        23.4272
    4868             0                0         6.8955        23.8431
    4869             0                0         6.1409        23.2761
    4870             0                0         6.5550        26.2089
    4871             0                0         6.7447        26.1827
    4872             0                0         7.2279        26.1212
    4873             0                0         7.2899        25.7435
    4874             0                0         7.0055        24.1412
    4875             0                0         7.1650        24.7923
    4876             0                0         6.6176        24.6608
    4877             0                0         8.7227        25.7213
    4878             0                0         6.8538        24.0350
    4879             0                0         6.7028        24.8528
    4880             0                0         7.9890        25.0908
    4881             0                0         7.5045        25.0564
    4882             0                0         6.7529        24.6320
    4883             0                0         8.1422        25.1800
    4884             0                0         9.7283        25.5463
    4885             0                0        10.8535        25.4170
    4886             0                0        11.9599        25.5834
    4887             0                0        10.0845        23.8328
    4888             0                0        11.5680        24.7376
    4889             0                0        13.1032        24.8774
    4890             0                0        12.0120        24.5281
    4891             0                0        14.4776        25.8968
    4892             0                0        14.1505        26.1738
    4893             0                0        14.3471        26.5997
    4894             0                0        12.6484        25.7954
    4895             0                0        12.0649        26.4980
    4896             0                0        11.4069        25.1105
    4897             0                0        13.5085        25.9453
    4898             0                0        14.0782        26.6044
    4899             0                0        14.6872        24.8436
    4900             0                0        14.5967        25.4311
    4901             0                0        13.0364        26.2409
    4902             0                0        12.7222        27.3666
    4903             0                0        14.6217        27.1818
    4904             0                0        12.3371        26.2821
    4905             0                0        12.2571        26.1013
    4906             0                0        11.5083        27.1389
    4907             0                0        11.3076        27.2570
    4908             0                0        12.9656        25.7467
    4909             0                0        11.4654        25.5076
    4910             0                0        10.0774        25.7583
    4911             0                0         9.6622        25.6259
    4912             0                0         9.2598        24.2701
    4913             0                0         8.2753        24.1130
    4914             0                0         8.9555        22.8456
    4915             0                0         8.2424        22.2421
    4916             0                0         6.6160        23.1744
    4917             0                0         6.3799        23.0966
    4918             0                0         8.9082        21.9329
    4919             0                0         6.4270        22.8169
    4920             0                0         7.0583        23.2955
    4921             0                0         7.3738        22.7197
    4922             0                0         7.6355        22.3482
    4923             0                0         5.6975        23.3672
    4924             0                0         7.1076        23.6932
    4925             0                0         8.6305        23.7659
    4926             0                0         8.2807        24.0106
    4927             0                0         8.4041        24.3695
    4928             0                0         9.5589        22.7355
    4929             0                0        12.1425        23.8037
    4930             0                0        11.1372        23.7445
    4931             0                0        11.8238        23.3940
    4932             0                0        12.5102        23.8008
    4933             0                0        10.8888        23.3982
    4934             0                0        10.4472        23.4304
    4935             0                0         9.7644        23.1422
    4936             0                0         7.7919        22.9604
    4937             0                0         7.5469        22.3339
    4938             0                0         6.8351        23.5069
    4939             0                0         7.4368        22.7424
    4940             0                0         6.8434        21.7189
    4941             0                0         7.4938        23.6321
    4942             0                0         9.1171        23.9868
    4943             0                0         8.8177        24.1622
    4944             0                0         8.4172        23.6457
    4945             0                0         9.3594        23.4826
    4946             0                0         9.0521        25.5124
    4947             0                0         9.1019        25.1857
    4948             0                0         8.2199        26.3740
    4949             0                0         9.2045        27.1188
    4950             0                0         9.7755        28.0993
    4951             0                0         9.5474        28.0341
    4952             0                0        10.4561        27.5236
    4953             0                0        11.5188        26.6236
    4954             0                0        12.4750        26.2742
    4955             0                0        13.6764        27.1260
    4956             0                0        11.5677        27.2288
    4957             0                0        14.2527        28.3389
    4958             0                0        12.8033        28.8700
    4959             0                0        13.9575        28.7252
    4960             0                0        12.6155        27.9473
    4961             0                0        12.5405        26.8084
    4962             0                0        11.4328        25.4457
    4963             0                0        11.3256        26.1810
    4964             0                0        13.7700        26.6876
    4965             0                0        13.8362        28.0401
    4966             0                0        12.1565        26.7195
    4967             0                0        11.8905        27.7821
    4968             0                0        12.4829        27.1620
    4969             0                0        10.4643        26.8493
    4970             0                0        11.5631        25.9640
    4971             0                0         9.6231        26.8737
    4972             0                0         9.2881        26.4525
    4973             0                0         7.2121        25.7366
    4974             0                0         7.5395        26.9782
    4975             0                0         8.0521        25.5657
    4976             0                0         7.2851        23.8811
    4977             0                0         8.4996        22.6936
    4978             0                0         8.3014        22.9347
    4979             0                0         7.3479        23.2396
    4980             0                0         8.8910        24.6095
    4981             0                0         6.2397        22.4557
    4982             0                0         5.9521        23.2337
    4983             0                0         7.9197        23.5094
    4984             0                0         7.1308        23.7493
    4985             0                0         8.0624        23.3414
    4986             0                0         6.8859        22.4486
    4987             0                0         6.2060        23.5973
    4988             0                0         6.9406        23.0404
    4989             0                0         8.0713        24.6278
    4990             0                0         6.8515        24.2902
    4991             0                0         7.3104        24.4173
    4992             0                0         8.3148        24.3173
    4993             0                0         7.2375        24.5973
    4994             0                0         6.4930        23.8449
    4995             0                0         6.0664        23.3092
    4996             0                0         5.3150        23.2510
    4997             0                0         5.7677        23.8152
    4998             0                0         6.5262        23.1116
    4999             0                0         8.2144        25.1078
    5000             0                0         7.7429        25.3827
