#Frame          BBFIT
       1       0.0000
       2       0.6447
       3       0.6961
       4       1.0822
       5       1.2701
       6       1.5127
       7       1.5076
       8       1.6648
       9       1.4930
      10       1.5476
      11       1.2976
      12       1.4355
      13       1.5785
      14       1.5705
      15       1.4624
      16       1.5834
      17       1.7344
      18       1.7739
      19       1.6812
      20       1.9886
      21       1.7967
      22       1.9634
      23       2.0029
      24       1.9575
      25       1.8098
      26       2.0451
      27       2.0092
      28       2.0509
      29       2.2517
      30       2.4238
      31       2.6021
      32       2.6389
      33       2.9575
      34       2.9881
      35       2.3451
      36       2.5153
      37       2.6532
      38       3.1297
      39       3.0465
      40       3.0783
      41       2.8342
      42       2.6947
      43       3.3640
      44       3.3240
      45       3.2159
      46       2.8624
      47       2.7178
      48       2.2332
      49       1.9215
      50       1.8519
      51       1.7451
      52       1.8704
      53       1.6149
      54       1.8428
      55       1.8457
      56       2.2656
      57       2.4664
      58       2.2479
      59       1.8827
      60       1.9928
      61       1.8819
      62       1.8850
      63       1.6816
      64       2.0767
      65       2.2583
      66       2.6201
      67       2.5671
      68       2.7223
      69       2.5630
      70       2.4859
      71       2.4492
      72       2.5907
      73       2.2487
      74       2.2367
      75       2.3968
      76       2.3958
      77       1.9734
      78       2.3061
      79       1.9885
      80       1.9932
      81       1.6319
      82       1.6985
      83       1.6172
      84       1.5997
      85       1.4592
      86       1.5379
      87       1.9324
      88       1.6237
      89       2.2108
      90       2.4705
      91       2.8116
      92       2.4423
      93       2.1561
      94       2.0217
      95       2.1891
      96       2.2589
      97       2.4373
      98       2.9157
      99       2.4361
     100       2.2532
     101       2.6095
     102       2.3296
     103       1.9682
     104       2.1352
     105       1.8942
     106       1.8405
     107       2.5415
     108       2.7207
     109       3.0448
     110       2.9252
     111       2.5941
     112       2.3544
     113       2.7813
     114       2.7627
     115       2.4438
     116       2.3838
     117       2.6542
     118       2.3782
     119       2.2675
     120       1.9701
     121       2.3096
     122       2.0939
     123       1.6854
     124       1.8234
     125       2.1275
     126       2.6796
     127       2.3600
     128       2.2119
     129       2.5006
     130       2.4045
     131       2.7829
     132       2.3202
     133       2.8419
     134       2.6247
     135       2.6018
     136       2.5960
     137       2.7129
     138       2.7874
     139       2.6961
     140       2.9809
     141       3.0320
     142       2.8041
     143       2.9673
     144       2.8423
     145       2.5765
     146       2.1156
     147       2.3169
     148       2.3721
     149       2.0144
     150       1.9462
     151       1.8639
     152       1.8418
     153       1.8828
     154       1.6609
     155       1.4087
     156       1.3505
     157       1.7360
     158       1.5707
     159       1.4173
     160       1.3853
     161       1.5935
     162       1.6510
     163       1.7296
     164       2.0796
     165       2.0635
     166       1.9229
     167       1.6672
     168       1.6705
     169       1.7232
     170       1.8448
     171       1.9722
     172       1.9535
     173       2.0457
     174       1.6393
     175       1.6188
     176       1.7205
     177       2.2350
     178       2.4038
     179       2.2806
     180       2.1131
     181       2.0483
     182       2.1730
     183       2.6322
     184       2.1826
     185       2.5841
     186       2.8643
     187       2.9221
     188       2.9301
     189       3.1544
     190       3.0622
     191       3.5210
     192       3.5023
     193       3.7946
     194       3.4570
     195       3.5591
     196       3.7595
     197       3.8158
     198       3.7903
     199       3.7651
     200       3.6522
     201       3.5873
     202       3.6259
     203       3.9131
     204       3.8172
     205       3.7012
     206       3.3623
     207       3.4381
     208       3.3447
     209       3.1717
     210       3.0089
     211       3.2727
     212       3.2728
     213       3.1632
     214       3.7258
     215       3.7713
     216       4.4909
     217       3.8917
     218       4.0252
     219       3.6910
     220       3.8216
     221       3.7444
     222       3.6951
     223       3.9554
     224       4.0839
     225       4.2143
     226       4.4174
     227       4.0871
     228       4.0292
     229       3.9460
     230       3.7079
     231       4.1512
     232       3.5938
     233       4.1009
     234       4.3155
     235       4.2215
     236       4.1877
     237       3.6067
     238       3.6868
     239       3.9016
     240       4.1721
     241       3.6029
     242       3.5376
     243       3.5694
     244       3.2088
     245       3.2557
     246       3.1720
     247       3.1309
     248       3.2379
     249       3.3587
     250       3.4350
     251       2.8953
     252       2.7469
     253       2.7396
     254       2.7813
     255       2.6758
     256       2.6290
     257       2.6197
     258       2.4245
     259       2.2616
     260       2.3148
     261       2.3031
     262       2.6275
     263       2.1899
     264       2.1465
     265       2.1047
     266       2.0821
     267       2.2899
     268       1.7597
     269       1.6199
     270       2.0820
     271       2.1500
     272       2.2026
     273       2.4732
     274       2.9394
     275       2.4430
     276       2.8111
     277       2.3639
     278       2.3574
     279       2.3904
     280       2.0485
     281       2.1334
     282       2.1179
     283       2.0332
     284       2.2657
     285       2.2032
     286       2.1998
     287       2.5848
     288       2.6710
     289       2.9147
     290       3.0266
     291       2.8145
     292       2.5648
     293       2.4352
     294       2.7205
     295       3.2982
     296       3.0083
     297       3.4044
     298       2.7217
     299       2.6451
     300       2.1337
     301       2.3547
     302       2.3209
     303       2.3304
     304       2.8375
     305       3.1991
     306       2.7043
     307       2.9983
     308       2.8436
     309       2.7461
     310       2.9485
     311       3.0042
     312       2.8362
     313       2.9960
     314       2.9937
     315       3.2066
     316       2.9104
     317       3.0502
     318       3.2607
     319       3.2970
     320       2.9748
     321       2.8462
     322       2.5512
     323       2.6427
     324       2.6049
     325       2.5531
     326       2.6553
     327       2.8518
     328       3.1069
     329       3.1543
     330       3.1503
     331       2.9763
     332       3.3365
     333       3.8695
     334       3.4358
     335       3.2348
     336       3.2199
     337       3.2226
     338       2.8883
     339       2.7413
     340       2.9751
     341       2.9802
     342       2.7427
     343       2.9972
     344       2.9463
     345       2.9456
     346       3.1361
     347       3.3090
     348       2.8876
     349       2.9065
     350       2.9165
     351       2.9891
     352       3.0473
     353       3.1049
     354       3.2502
     355       3.2864
     356       3.3438
     357       3.1377
     358       3.3610
     359       3.3840
     360       3.0983
     361       3.1637
     362       3.2605
     363       3.2025
     364       3.5674
     365       3.1180
     366       3.0948
     367       2.8433
     368       3.2125
     369       2.9915
     370       3.2983
     371       3.5979
     372       3.2255
     373       3.5498
     374       3.7931
     375       3.6758
     376       4.1244
     377       4.0241
     378       3.7386
     379       3.6293
     380       3.5116
     381       3.8436
     382       3.8758
     383       3.7384
     384       4.0111
     385       4.2669
     386       4.1319
     387       4.0141
     388       3.7533
     389       3.9764
     390       4.1730
     391       4.4214
     392       4.3808
     393       4.4338
     394       4.0056
     395       4.2850
     396       4.6249
     397       4.3761
     398       4.2580
     399       4.0619
     400       3.8327
     401       4.1832
     402       4.3199
     403       4.1767
     404       3.8732
     405       3.9776
     406       4.3787
     407       4.4333
     408       4.4123
     409       3.9981
     410       4.0907
     411       3.7988
     412       3.5127
     413       3.6762
     414       3.9661
     415       3.7452
     416       3.4732
     417       3.2200
     418       3.5066
     419       3.7353
     420       3.5721
     421       3.6379
     422       3.7580
     423       3.9191
     424       4.3987
     425       4.4728
     426       4.7163
     427       4.6962
     428       4.7928
     429       4.4809
     430       4.4305
     431       4.7037
     432       4.5229
     433       4.1119
     434       4.2183
     435       4.4587
     436       4.4793
     437       4.3114
     438       4.5471
     439       4.2215
     440       4.1649
     441       4.4688
     442       4.4843
     443       4.1260
     444       4.5396
     445       4.2396
     446       4.2555
     447       4.1796
     448       4.3124
     449       4.2714
     450       4.2019
     451       4.3413
     452       4.2867
     453       4.3811
     454       4.2372
     455       4.5438
     456       4.4375
     457       4.7710
     458       4.8472
     459       5.1192
     460       5.2120
     461       5.3894
     462       5.6551
     463       5.5900
     464       5.8759
     465       5.8604
     466       5.7018
     467       5.6515
     468       5.6279
     469       5.3678
     470       5.2875
     471       5.3154
     472       5.2892
     473       5.1532
     474       5.2696
     475       5.1502
     476       4.9857
     477       5.0789
     478       5.0898
     479       5.4340
     480       5.5915
     481       5.3545
     482       5.2783
     483       5.4139
     484       5.5908
     485       5.3493
     486       4.9027
     487       4.5302
     488       4.7969
     489       4.3097
     490       4.6305
     491       4.7718
     492       4.6447
     493       4.6287
     494       4.0117
     495       3.5879
     496       3.9200
     497       3.8465
     498       3.9071
     499       4.0561
     500       3.7870
     501       3.6462
     502       3.6953
     503       3.8423
     504       3.7759
     505       3.4250
     506       3.6360
     507       3.5763
     508       3.3051
     509       3.5586
     510       3.7189
     511       3.5766
     512       3.3703
     513       3.4413
     514       3.5526
     515       3.2213
     516       3.2702
     517       3.2871
     518       3.3964
     519       3.7689
     520       3.9267
     521       4.1258
     522       4.0233
     523       3.7306
     524       3.8533
     525       4.3699
     526       4.1015
     527       3.5812
     528       3.9398
     529       3.8959
     530       3.8625
     531       3.4904
     532       3.3749
     533       3.6295
     534       3.7588
     535       3.8417
     536       3.6372
     537       3.2688
     538       3.1453
     539       3.1907
     540       3.8092
     541       3.6899
     542       3.5434
     543       3.5981
     544       3.2643
     545       3.4152
     546       2.9172
     547       2.9293
     548       3.4301
     549       3.3086
     550       3.4646
     551       3.4454
     552       3.2158
     553       3.3512
     554       2.9414
     555       3.4108
     556       3.2876
     557       3.2178
     558       3.2424
     559       3.2949
     560       2.9047
     561       3.1530
     562       3.0483
     563       2.9992
     564       2.9778
     565       3.3275
     566       3.0091
     567       3.0718
     568       3.0419
     569       3.0851
     570       2.8923
     571       2.3745
     572       2.7684
     573       3.1548
     574       3.5278
     575       3.5193
     576       3.5526
     577       3.0189
     578       3.4979
     579       3.4381
     580       3.7027
     581       3.7822
     582       3.7209
     583       3.9056
     584       3.7833
     585       3.6598
     586       3.8143
     587       3.6894
     588       3.9699
     589       4.0038
     590       4.2171
     591       3.8196
     592       3.8470
     593       4.0021
     594       3.8126
     595       3.6543
     596       3.6915
     597       3.5839
     598       3.7385
     599       3.7362
     600       3.6552
     601       3.7402
     602       3.8739
     603       4.0190
     604       4.0625
     605       4.2911
     606       4.2769
     607       3.9446
     608       3.9530
     609       3.9603
     610       3.6834
     611       3.8696
     612       3.7267
     613       3.4784
     614       3.8087
     615       3.4492
     616       3.2124
     617       3.4056
     618       3.6731
     619       3.5332
     620       3.1461
     621       3.3460
     622       2.9741
     623       3.3205
     624       3.5325
     625       3.5636
     626       3.5197
     627       3.4253
     628       3.3239
     629       3.2382
     630       3.1937
     631       3.2669
     632       3.6144
     633       4.0859
     634       3.8929
     635       4.0841
     636       4.1575
     637       4.0750
     638       3.8894
     639       4.0440
     640       4.0777
     641       4.1184
     642       4.2934
     643       4.3706
     644       4.3361
     645       4.6248
     646       4.5055
     647       4.4527
     648       4.2720
     649       4.4596
     650       4.6782
     651       4.8745
     652       5.0591
     653       4.8988
     654       4.7972
     655       4.6413
     656       4.6303
     657       4.7772
     658       4.3810
     659       4.4292
     660       4.3502
     661       4.5353
     662       4.9149
     663       4.4711
     664       4.5175
     665       4.3766
     666       4.5180
     667       4.7852
     668       4.8231
     669       4.9069
     670       4.9919
     671       5.1661
     672       5.0624
     673       5.0073
     674       4.7902
     675       4.8475
     676       4.7093
     677       4.6206
     678       4.6259
     679       4.3655
     680       4.1513
     681       3.9629
     682       3.9515
     683       4.0279
     684       4.1043
     685       4.3888
     686       4.0422
     687       4.0267
     688       3.9976
     689       3.5870
     690       3.5779
     691       3.5976
     692       3.8269
     693       3.7092
     694       3.7038
     695       3.8804
     696       3.7422
     697       3.8108
     698       3.8019
     699       3.7671
     700       3.8593
     701       3.9556
     702       3.9153
     703       3.7210
     704       3.8411
     705       4.0229
     706       4.2092
     707       4.0145
     708       4.2616
     709       4.4226
     710       4.2102
     711       4.4269
     712       4.4533
     713       4.6259
     714       4.2778
     715       4.4820
     716       4.6037
     717       4.3593
     718       4.2511
     719       4.0193
     720       4.0001
     721       3.7220
     722       3.8443
     723       3.7512
     724       3.6739
     725       3.5992
     726       3.7084
     727       3.7104
     728       3.7779
     729       3.6692
     730       3.7617
     731       3.3787
     732       3.5559
     733       3.5237
     734       3.5591
     735       3.2876
     736       3.1149
     737       3.4929
     738       3.2965
     739       3.1416
     740       3.2705
     741       3.1764
     742       3.5580
     743       3.3501
     744       3.5315
     745       3.4203
     746       3.6647
     747       3.5227
     748       3.8067
     749       3.7264
     750       4.2590
     751       4.1876
     752       4.4747
     753       4.6437
     754       4.4834
     755       4.4067
     756       4.3536
     757       4.1671
     758       4.1145
     759       4.1481
     760       3.9294
     761       3.8433
     762       3.8208
     763       3.6924
     764       3.7263
     765       3.7929
     766       3.8385
     767       3.9887
     768       4.4014
     769       4.4526
     770       4.5912
     771       4.6529
     772       4.5503
     773       4.3422
     774       4.3211
     775       4.0509
     776       4.1594
     777       4.1720
     778       3.8685
     779       4.2437
     780       4.5070
     781       4.4456
     782       4.4911
     783       4.7126
     784       4.4136
     785       4.6611
     786       4.5830
     787       4.3533
     788       4.3501
     789       4.1282
     790       4.3893
     791       4.1504
     792       4.2389
     793       4.6697
     794       4.4335
     795       4.3153
     796       4.4608
     797       3.9972
     798       4.1594
     799       4.0039
     800       4.0292
     801       3.8876
     802       4.0636
     803       4.1209
     804       4.2504
     805       4.0284
     806       4.0487
     807       4.0607
     808       4.1683
     809       4.1349
     810       4.3169
     811       4.3096
     812       4.3638
     813       4.4018
     814       3.9179
     815       4.2994
     816       4.0959
     817       3.9155
     818       4.1502
     819       3.9179
     820       4.1268
     821       4.1895
     822       4.1078
     823       4.5587
     824       4.3728
     825       4.4151
     826       4.3014
     827       4.1148
     828       3.9343
     829       3.8558
     830       3.7857
     831       3.8179
     832       3.5776
     833       3.5978
     834       3.8538
     835       3.5536
     836       3.6730
     837       3.3281
     838       3.3688
     839       3.4701
     840       3.6258
     841       3.6151
     842       3.8503
     843       3.9562
     844       3.8877
     845       3.6085
     846       3.6278
     847       3.4278
     848       3.5261
     849       3.7625
     850       3.4703
     851       3.2655
     852       3.2286
     853       3.2342
     854       3.0885
     855       3.5322
     856       3.4927
     857       3.7246
     858       3.8073
     859       3.7729
     860       3.7372
     861       3.6777
     862       3.6936
     863       3.8218
     864       3.5366
     865       3.3996
     866       3.2028
     867       3.4397
     868       3.7785
     869       3.8060
     870       4.0056
     871       4.0170
     872       3.5629
     873       3.5455
     874       3.6278
     875       3.8994
     876       3.7288
     877       3.8901
     878       3.8132
     879       4.2278
     880       4.0558
     881       4.2986
     882       4.1911
     883       4.1674
     884       4.1865
     885       3.8449
     886       3.9456
     887       4.2519
     888       4.4921
     889       4.3674
     890       4.2367
     891       3.9337
     892       4.1967
     893       3.8819
     894       3.8399
     895       3.6895
     896       3.5917
     897       3.3913
     898       3.3094
     899       3.2841
     900       3.4627
     901       3.5644
     902       3.5805
     903       3.5954
     904       3.2942
     905       3.6362
     906       3.4506
     907       3.3174
     908       3.5108
     909       3.7918
     910       3.7092
     911       3.8639
     912       3.6837
     913       3.7842
     914       3.7321
     915       3.9615
     916       3.8605
     917       4.0669
     918       4.1341
     919       3.9967
     920       3.8083
     921       3.7831
     922       3.8261
     923       4.0006
     924       3.6453
     925       3.5029
     926       3.6173
     927       3.4830
     928       3.3552
     929       2.9667
     930       2.6441
     931       2.9178
     932       3.1839
     933       3.2309
     934       3.3291
     935       3.2834
     936       3.0572
     937       3.2793
     938       3.4680
     939       3.9850
     940       4.1685
     941       3.8387
     942       3.8192
     943       3.5407
     944       3.4895
     945       3.9735
     946       4.1257
     947       4.2957
     948       3.9025
     949       4.1404
     950       4.2140
     951       4.4913
     952       4.4614
     953       4.4550
     954       4.6304
     955       4.3777
     956       4.4668
     957       4.2810
     958       4.2715
     959       3.8029
     960       3.9480
     961       3.9038
     962       3.6850
     963       3.7390
     964       3.3405
     965       3.6597
     966       3.7133
     967       3.4733
     968       3.5024
     969       3.3208
     970       3.1681
     971       3.0757
     972       2.7631
     973       2.7645
     974       2.6861
     975       2.7644
     976       2.3683
     977       2.3778
     978       2.4478
     979       2.2558
     980       2.3757
     981       2.5100
     982       2.7874
     983       2.9377
     984       2.7559
     985       2.4061
     986       2.7591
     987       2.9125
     988       2.9012
     989       2.6750
     990       2.8629
     991       3.1490
     992       2.9266
     993       2.8420
     994       2.8581
     995       3.3121
     996       3.6644
     997       3.8794
     998       3.7307
     999       3.6197
    1000       3.0041
    1001       3.6121
    1002       3.5784
    1003       3.6738
    1004       3.2246
    1005       3.4167
    1006       3.4287
    1007       4.0084
    1008       3.8941
    1009       3.7941
    1010       3.7312
    1011       3.5387
    1012       3.7645
    1013       3.7102
    1014       3.7194
    1015       3.8802
    1016       4.1416
    1017       4.3990
    1018       4.2783
    1019       4.4510
    1020       4.5327
    1021       4.3316
    1022       4.6412
    1023       4.5203
    1024       4.6785
    1025       4.3948
    1026       4.1150
    1027       4.2048
    1028       4.9754
    1029       4.6994
    1030       4.6691
    1031       4.6745
    1032       4.6766
    1033       4.7354
    1034       4.6385
    1035       4.6829
    1036       4.5302
    1037       4.3827
    1038       4.1221
    1039       4.0693
    1040       4.1075
    1041       4.0046
    1042       3.9799
    1043       3.8402
    1044       3.5266
    1045       3.7164
    1046       3.7286
    1047       3.6026
    1048       3.5021
    1049       3.5783
    1050       3.8097
    1051       4.0323
    1052       4.0728
    1053       4.2638
    1054       4.3946
    1055       4.6002
    1056       4.2012
    1057       4.0805
    1058       3.9692
    1059       4.0861
    1060       3.9774
    1061       3.6309
    1062       3.9424
    1063       3.5540
    1064       3.6896
    1065       3.6299
    1066       3.5915
    1067       3.5759
    1068       3.5353
    1069       3.7288
    1070       3.5615
    1071       3.6736
    1072       3.2813
    1073       3.4453
    1074       3.4806
    1075       3.6436
    1076       3.6380
    1077       3.3642
    1078       3.4061
    1079       3.4834
    1080       3.4945
    1081       3.4260
    1082       3.1811
    1083       3.2046
    1084       3.1148
    1085       2.9096
    1086       3.0816
    1087       3.4929
    1088       3.2494
    1089       3.8260
    1090       4.0030
    1091       3.9711
    1092       3.9878
    1093       4.0557
    1094       4.3786
    1095       4.3952
    1096       4.2140
    1097       4.1419
    1098       3.9501
    1099       4.0466
    1100       3.9532
    1101       3.9665
    1102       4.0094
    1103       4.1802
    1104       3.9960
    1105       4.0436
    1106       3.9431
    1107       3.9770
    1108       4.0168
    1109       4.4233
    1110       4.0498
    1111       3.7940
    1112       3.9809
    1113       3.9867
    1114       3.9946
    1115       4.4449
    1116       4.6384
    1117       4.6658
    1118       4.2440
    1119       4.1558
    1120       4.3866
    1121       4.9252
    1122       4.2826
    1123       4.7186
    1124       4.5445
    1125       4.5076
    1126       4.2005
    1127       4.3204
    1128       4.9779
    1129       4.5859
    1130       4.6861
    1131       4.4883
    1132       4.3535
    1133       4.4721
    1134       4.6330
    1135       4.4506
    1136       4.2043
    1137       4.6971
    1138       4.6141
    1139       4.8184
    1140       4.7303
    1141       4.5801
    1142       4.6786
    1143       4.4921
    1144       4.7622
    1145       5.0742
    1146       4.9496
    1147       4.8511
    1148       5.1271
    1149       4.8968
    1150       5.3281
    1151       5.6853
    1152       5.5257
    1153       5.7390
    1154       6.0377
    1155       5.7158
    1156       5.3545
    1157       5.4750
    1158       5.3994
    1159       5.0837
    1160       5.0851
    1161       5.2345
    1162       4.7613
    1163       4.6673
    1164       4.8261
    1165       4.8630
    1166       4.5116
    1167       4.5415
    1168       4.4248
    1169       4.2704
    1170       4.5509
    1171       4.4303
    1172       4.3330
    1173       4.3366
    1174       4.5603
    1175       4.5572
    1176       4.7272
    1177       4.7593
    1178       5.4007
    1179       4.9434
    1180       5.0097
    1181       4.8201
    1182       4.5805
    1183       4.4809
    1184       4.5178
    1185       4.0508
    1186       4.2333
    1187       4.1526
    1188       3.9913
    1189       4.1840
    1190       4.2262
    1191       4.3125
    1192       4.3155
    1193       4.0319
    1194       4.1361
    1195       4.0233
    1196       4.0254
    1197       4.0389
    1198       4.2392
    1199       4.3354
    1200       4.5553
    1201       4.2415
    1202       4.1093
    1203       4.0067
    1204       3.9083
    1205       3.9894
    1206       4.0205
    1207       4.2148
    1208       4.2949
    1209       4.5433
    1210       4.2813
    1211       4.1923
    1212       4.5564
    1213       4.5658
    1214       4.5343
    1215       4.5325
    1216       4.7166
    1217       4.7982
    1218       5.0273
    1219       4.9695
    1220       4.8624
    1221       5.0013
    1222       5.0083
    1223       4.6774
    1224       4.4291
    1225       4.8013
    1226       4.7027
    1227       4.5810
    1228       4.7213
    1229       4.5443
    1230       4.9287
    1231       5.0026
    1232       4.6294
    1233       4.7960
    1234       4.6969
    1235       4.3719
    1236       3.9628
    1237       4.2164
    1238       4.0184
    1239       4.2485
    1240       4.0618
    1241       4.0017
    1242       4.6111
    1243       4.5152
    1244       4.5464
    1245       4.5949
    1246       4.5413
    1247       4.7325
    1248       4.5257
    1249       4.5135
    1250       4.1008
    1251       4.0704
    1252       3.6336
    1253       3.5410
    1254       3.6335
    1255       3.6294
    1256       3.8042
    1257       3.9806
    1258       3.7372
    1259       3.8351
    1260       3.4988
    1261       3.3933
    1262       3.1861
    1263       3.2289
    1264       3.3264
    1265       3.2857
    1266       3.5137
    1267       3.8137
    1268       3.7828
    1269       3.6267
    1270       3.2903
    1271       3.2785
    1272       3.2844
    1273       3.5422
    1274       3.6607
    1275       3.5958
    1276       3.6970
    1277       3.5582
    1278       3.2601
    1279       3.2136
    1280       3.2168
    1281       3.5750
    1282       3.4218
    1283       3.3537
    1284       3.2315
    1285       3.3720
    1286       3.2431
    1287       3.2911
    1288       3.4704
    1289       3.7000
    1290       3.8038
    1291       3.9530
    1292       3.7475
    1293       3.7934
    1294       3.8992
    1295       4.0155
    1296       4.0236
    1297       4.0558
    1298       4.1189
    1299       4.1693
    1300       3.8688
    1301       3.7281
    1302       3.7776
    1303       4.0878
    1304       4.2877
    1305       4.0060
    1306       3.5530
    1307       3.9081
    1308       3.6044
    1309       3.6500
    1310       3.7459
    1311       3.8194
    1312       3.7456
    1313       3.4775
    1314       3.7362
    1315       3.7704
    1316       3.7716
    1317       3.8768
    1318       3.8918
    1319       3.9995
    1320       3.5746
    1321       3.7458
    1322       3.7063
    1323       3.6994
    1324       3.8593
    1325       3.8627
    1326       4.0071
    1327       4.2430
    1328       3.8115
    1329       3.7342
    1330       3.8822
    1331       3.9317
    1332       4.1208
    1333       4.0956
    1334       4.3157
    1335       4.2541
    1336       4.2384
    1337       4.1265
    1338       3.9107
    1339       3.7270
    1340       3.8263
    1341       4.1528
    1342       4.1854
    1343       4.1780
    1344       4.4400
    1345       4.5171
    1346       4.3569
    1347       4.2826
    1348       4.4237
    1349       4.6053
    1350       4.6211
    1351       4.2778
    1352       4.3062
    1353       4.1386
    1354       4.1675
    1355       4.1171
    1356       3.8659
    1357       4.0867
    1358       3.8574
    1359       3.7182
    1360       3.6094
    1361       3.5522
    1362       3.8695
    1363       3.4652
    1364       3.3914
    1365       3.5170
    1366       3.4108
    1367       3.4742
    1368       4.0200
    1369       3.9812
    1370       3.8570
    1371       3.7378
    1372       3.5002
    1373       3.6806
    1374       3.4313
    1375       3.5129
    1376       3.4731
    1377       3.5806
    1378       3.8122
    1379       3.9530
    1380       3.8136
    1381       4.4076
    1382       4.4410
    1383       4.3559
    1384       4.2977
    1385       4.3871
    1386       4.3317
    1387       4.4459
    1388       4.8343
    1389       4.5838
    1390       4.5552
    1391       4.8227
    1392       4.8369
    1393       5.0076
    1394       4.8278
    1395       4.7894
    1396       4.6924
    1397       4.5898
    1398       4.3235
    1399       4.6510
    1400       4.4167
    1401       4.3570
    1402       4.4666
    1403       4.4531
    1404       4.4743
    1405       4.6180
    1406       4.6475
    1407       4.3734
    1408       4.3348
    1409       4.4559
    1410       4.3312
    1411       4.7301
    1412       4.8375
    1413       4.9769
    1414       4.9087
    1415       5.0009
    1416       4.8612
    1417       4.7161
    1418       5.0935
    1419       4.8894
    1420       4.4665
    1421       4.4100
    1422       4.2946
    1423       4.2929
    1424       4.2237
    1425       4.4562
    1426       4.5693
    1427       4.8631
    1428       5.0659
    1429       5.1334
    1430       4.8765
    1431       5.0271
    1432       4.8536
    1433       4.8502
    1434       4.7331
    1435       4.4607
    1436       4.5817
    1437       4.5764
    1438       4.4630
    1439       4.4530
    1440       4.3564
    1441       4.0762
    1442       3.8429
    1443       3.6626
    1444       3.3761
    1445       3.6889
    1446       3.4504
    1447       3.4709
    1448       3.3485
    1449       3.2452
    1450       3.2188
    1451       3.2989
    1452       3.3411
    1453       3.4576
    1454       3.2153
    1455       3.4481
    1456       3.3640
    1457       3.3671
    1458       3.3052
    1459       3.5667
    1460       3.4857
    1461       3.5556
    1462       3.5522
    1463       3.6161
    1464       3.8019
    1465       3.9058
    1466       3.9982
    1467       3.9826
    1468       4.1085
    1469       3.8948
    1470       3.8710
    1471       3.9936
    1472       4.0944
    1473       4.0164
    1474       4.3730
    1475       4.3087
    1476       4.2869
    1477       3.6115
    1478       3.6676
    1479       3.9743
    1480       4.1921
    1481       4.0762
    1482       3.8950
    1483       4.1826
    1484       4.5581
    1485       4.4120
    1486       4.8765
    1487       4.3897
    1488       4.3565
    1489       4.3933
    1490       4.5518
    1491       4.5157
    1492       4.6472
    1493       4.3714
    1494       4.5472
    1495       4.3310
    1496       4.4818
    1497       4.4799
    1498       4.4664
    1499       4.4237
    1500       4.2126
    1501       4.0140
    1502       4.1545
    1503       4.0314
    1504       3.6757
    1505       3.9602
    1506       3.8880
    1507       4.2563
    1508       3.9379
    1509       4.2459
    1510       4.0972
    1511       4.4988
    1512       4.3254
    1513       4.6647
    1514       4.4916
    1515       4.5315
    1516       4.6379
    1517       4.7296
    1518       4.6418
    1519       5.0551
    1520       4.8504
    1521       4.7785
    1522       4.7614
    1523       4.9993
    1524       5.0576
    1525       5.0510
    1526       5.2164
    1527       4.9032
    1528       4.6673
    1529       4.1573
    1530       4.7150
    1531       5.1287
    1532       5.1640
    1533       4.8535
    1534       4.5996
    1535       4.6096
    1536       4.8468
    1537       4.6583
    1538       4.5659
    1539       4.8049
    1540       5.2412
    1541       4.9704
    1542       4.9715
    1543       4.9873
    1544       4.9221
    1545       4.9732
    1546       4.9211
    1547       4.9643
    1548       5.1979
    1549       5.1563
    1550       5.1041
    1551       5.2799
    1552       4.7390
    1553       4.9781
    1554       4.6922
    1555       4.8552
    1556       4.6374
    1557       4.8796
    1558       4.5546
    1559       4.7323
    1560       4.8734
    1561       4.8941
    1562       4.9623
    1563       4.6334
    1564       4.2639
    1565       4.0880
    1566       4.2257
    1567       4.0470
    1568       4.4195
    1569       4.5469
    1570       4.7528
    1571       4.8543
    1572       5.0632
    1573       4.9720
    1574       5.1318
    1575       5.1837
    1576       5.1825
    1577       5.4013
    1578       5.4045
    1579       5.4074
    1580       5.6323
    1581       5.4704
    1582       5.5557
    1583       5.6064
    1584       5.6327
    1585       5.3779
    1586       5.5956
    1587       5.7465
    1588       5.6802
    1589       5.5386
    1590       5.7202
    1591       5.4463
    1592       5.5497
    1593       5.5667
    1594       5.7757
    1595       5.6046
    1596       5.4657
    1597       5.4106
    1598       5.7716
    1599       5.6435
    1600       5.4887
    1601       5.3780
    1602       5.4008
    1603       5.4182
    1604       5.7049
    1605       5.8376
    1606       6.0679
    1607       5.9877
    1608       5.7923
    1609       5.7665
    1610       5.6734
    1611       5.7933
    1612       5.8657
    1613       5.8642
    1614       5.8228
    1615       5.8792
    1616       6.1373
    1617       5.8758
    1618       5.7633
    1619       6.0412
    1620       6.1335
    1621       5.8784
    1622       5.8136
    1623       5.8787
    1624       5.7574
    1625       5.7241
    1626       5.6011
    1627       5.5205
    1628       5.6718
    1629       6.0200
    1630       5.7670
    1631       5.8201
    1632       5.8095
    1633       6.2306
    1634       6.3623
    1635       6.2752
    1636       5.7329
    1637       5.5874
    1638       5.1142
    1639       5.4496
    1640       5.5818
    1641       5.2475
    1642       5.2095
    1643       5.3135
    1644       5.0610
    1645       5.2228
    1646       5.0021
    1647       4.8007
    1648       5.1151
    1649       5.2640
    1650       5.3736
    1651       5.7723
    1652       5.9634
    1653       5.8708
    1654       6.0324
    1655       6.1225
    1656       6.0234
    1657       5.5205
    1658       5.7338
    1659       5.5629
    1660       5.3159
    1661       5.4055
    1662       5.4924
    1663       5.5587
    1664       5.7351
    1665       5.6917
    1666       5.7395
    1667       5.7340
    1668       5.5972
    1669       5.6478
    1670       5.7404
    1671       5.6158
    1672       5.6025
    1673       5.4297
    1674       5.9484
    1675       6.3468
    1676       6.4266
    1677       6.7650
    1678       6.5307
    1679       7.1014
    1680       7.4964
    1681       7.3937
    1682       7.1931
    1683       7.0939
    1684       6.3205
    1685       6.8998
    1686       7.1160
    1687       6.9803
    1688       6.8717
    1689       6.5614
    1690       6.4593
    1691       6.4145
    1692       6.5494
    1693       6.3434
    1694       6.3226
    1695       7.0022
    1696       7.1671
    1697       7.1737
    1698       7.6168
    1699       7.6884
    1700       7.7582
    1701       7.6430
    1702       7.4776
    1703       7.0031
    1704       6.8590
    1705       7.2142
    1706       7.0423
    1707       6.8666
    1708       7.0697
    1709       7.1411
    1710       7.1084
    1711       7.0275
    1712       7.3127
    1713       7.0543
    1714       7.2499
    1715       7.4407
    1716       7.3320
    1717       6.7945
    1718       7.0859
    1719       7.2562
    1720       6.4348
    1721       6.1143
    1722       5.8352
    1723       6.2395
    1724       6.4961
    1725       6.2902
    1726       6.2569
    1727       6.2742
    1728       6.3731
    1729       6.2470
    1730       5.8381
    1731       6.0984
    1732       5.6402
    1733       5.6556
    1734       5.5410
    1735       5.4250
    1736       5.5724
    1737       5.4742
    1738       5.6133
    1739       5.3383
    1740       5.1392
    1741       4.9965
    1742       4.8552
    1743       4.8789
    1744       5.0811
    1745       5.1290
    1746       5.1904
    1747       5.1325
    1748       5.0987
    1749       5.1375
    1750       5.2122
    1751       5.0774
    1752       5.0252
    1753       4.8476
    1754       4.9283
    1755       4.9488
    1756       4.9626
    1757       4.9531
    1758       5.0650
    1759       4.9907
    1760       4.9014
    1761       5.0411
    1762       4.9173
    1763       5.0005
    1764       5.1952
    1765       5.0283
    1766       4.7996
    1767       4.7138
    1768       4.5434
    1769       4.6482
    1770       4.8330
    1771       4.7607
    1772       4.7477
    1773       4.7980
    1774       4.8305
    1775       4.6160
    1776       4.7950
    1777       4.5593
    1778       4.6242
    1779       4.9869
    1780       4.9607
    1781       4.9240
    1782       5.1449
    1783       4.9426
    1784       4.8870
    1785       4.9863
    1786       4.8202
    1787       4.7705
    1788       4.8157
    1789       4.8124
    1790       4.6958
    1791       4.6988
    1792       4.5666
    1793       4.7855
    1794       4.8148
    1795       4.9505
    1796       4.7807
    1797       4.6322
    1798       4.9408
    1799       4.9375
    1800       5.1631
    1801       4.9139
    1802       5.1511
    1803       4.9477
    1804       4.8557
    1805       4.8733
    1806       4.8540
    1807       4.6946
    1808       5.0631
    1809       4.9823
    1810       4.9168
    1811       4.8585
    1812       4.8724
    1813       4.7626
    1814       4.8943
    1815       4.7486
    1816       4.9596
    1817       5.2075
    1818       5.2613
    1819       5.0754
    1820       5.1247
    1821       5.2764
    1822       5.1839
    1823       5.4421
    1824       5.4926
    1825       5.7741
    1826       5.9222
    1827       6.5428
    1828       6.2462
    1829       6.2070
    1830       6.2002
    1831       6.0602
    1832       5.5676
    1833       5.6348
    1834       5.3853
    1835       5.7940
    1836       5.8852
    1837       6.0723
    1838       5.9386
    1839       6.4760
    1840       6.1204
    1841       6.2597
    1842       6.4920
    1843       6.5895
    1844       6.2364
    1845       6.5332
    1846       6.1208
    1847       6.3886
    1848       6.3606
    1849       6.4551
    1850       6.6189
    1851       6.4037
    1852       6.2009
    1853       6.8354
    1854       6.7391
    1855       7.2939
    1856       6.7761
    1857       6.2983
    1858       6.1830
    1859       5.2843
    1860       5.4718
    1861       5.4200
    1862       5.2639
    1863       5.0216
    1864       4.6773
    1865       4.9478
    1866       5.0999
    1867       5.1186
    1868       5.4297
    1869       5.4951
    1870       5.5152
    1871       5.0906
    1872       5.2904
    1873       5.3911
    1874       5.5078
    1875       5.6356
    1876       5.7199
    1877       5.8266
    1878       5.5594
    1879       5.7642
    1880       5.5852
    1881       5.2957
    1882       5.3363
    1883       5.0459
    1884       5.0421
    1885       5.4441
    1886       5.3236
    1887       5.3258
    1888       5.4323
    1889       5.5180
    1890       5.8029
    1891       5.5635
    1892       5.2828
    1893       5.4001
    1894       5.2581
    1895       5.4144
    1896       5.6670
    1897       5.3083
    1898       5.3600
    1899       5.7692
    1900       6.0937
    1901       6.0521
    1902       6.0994
    1903       5.6421
    1904       5.6574
    1905       5.4817
    1906       5.5126
    1907       5.7313
    1908       5.4555
    1909       5.1989
    1910       5.3854
    1911       4.8637
    1912       5.3440
    1913       5.5416
    1914       5.5667
    1915       5.6227
    1916       5.6891
    1917       5.0630
    1918       5.0649
    1919       5.0480
    1920       4.7534
    1921       4.6031
    1922       4.6931
    1923       4.4821
    1924       4.5751
    1925       4.4775
    1926       4.4631
    1927       4.6891
    1928       4.6797
    1929       4.6317
    1930       4.6847
    1931       4.7751
    1932       4.7788
    1933       5.0513
    1934       4.8593
    1935       4.8720
    1936       4.8582
    1937       4.9334
    1938       5.0814
    1939       4.9047
    1940       4.6293
    1941       4.4516
    1942       4.6713
    1943       4.6132
    1944       4.5386
    1945       3.9575
    1946       4.4313
    1947       4.1697
    1948       4.2521
    1949       4.6392
    1950       4.6665
    1951       4.5159
    1952       4.2278
    1953       4.4822
    1954       4.6006
    1955       4.6153
    1956       4.8296
    1957       4.8125
    1958       4.8007
    1959       4.8274
    1960       4.9762
    1961       4.8005
    1962       5.0207
    1963       5.1570
    1964       4.9931
    1965       4.8288
    1966       4.8711
    1967       5.3962
    1968       5.3341
    1969       5.5585
    1970       5.8466
    1971       5.7777
    1972       5.7863
    1973       5.5115
    1974       5.2216
    1975       5.2578
    1976       5.1637
    1977       4.9883
    1978       4.7487
    1979       4.5745
    1980       4.6620
    1981       4.5587
    1982       4.7939
    1983       5.2051
    1984       4.7943
    1985       4.7138
    1986       4.2111
    1987       4.3556
    1988       4.0652
    1989       4.4457
    1990       4.0983
    1991       3.6007
    1992       3.9349
    1993       3.7739
    1994       3.2883
    1995       3.6395
    1996       3.6956
    1997       3.3081
    1998       3.1970
    1999       3.6864
    2000       3.4872
    2001       3.4239
    2002       3.4912
    2003       3.6303
    2004       4.2678
    2005       4.1085
    2006       3.9727
    2007       3.9520
    2008       3.8600
    2009       3.6385
    2010       3.5221
    2011       3.4804
    2012       3.6868
    2013       3.4966
    2014       3.3226
    2015       2.9778
    2016       3.1904
    2017       3.2986
    2018       3.0862
    2019       2.8492
    2020       3.1035
    2021       3.2468
    2022       3.1934
    2023       3.2304
    2024       3.8237
    2025       3.5347
    2026       3.6548
    2027       3.1347
    2028       3.6203
    2029       3.3945
    2030       3.6383
    2031       4.4554
    2032       4.9367
    2033       4.7831
    2034       5.2396
    2035       5.3814
    2036       5.4352
    2037       5.5693
    2038       5.9425
    2039       6.0758
    2040       6.2852
    2041       6.2375
    2042       5.8885
    2043       6.2401
    2044       6.2804
    2045       6.1294
    2046       5.9295
    2047       5.7251
    2048       5.8249
    2049       5.9178
    2050       5.8944
    2051       5.8973
    2052       6.0485
    2053       6.0238
    2054       6.0322
    2055       6.0026
    2056       6.1957
    2057       6.0605
    2058       6.3328
    2059       6.7763
    2060       6.7756
    2061       5.9965
    2062       5.8105
    2063       5.7252
    2064       5.8861
    2065       6.5750
    2066       6.8811
    2067       6.8064
    2068       6.6894
    2069       6.7215
    2070       6.7549
    2071       6.4484
    2072       6.0899
    2073       6.5451
    2074       6.9222
    2075       7.3808
    2076       7.4352
    2077       7.2373
    2078       6.8938
    2079       6.8884
    2080       6.7242
    2081       6.9511
    2082       6.7589
    2083       6.6543
    2084       7.0888
    2085       6.9876
    2086       6.9120
    2087       6.6674
    2088       6.2675
    2089       6.0691
    2090       6.8201
    2091       6.5880
    2092       7.3786
    2093       6.8151
    2094       7.1628
    2095       7.6100
    2096       7.4963
    2097       7.2445
    2098       7.0348
    2099       7.4451
    2100       7.4725
    2101       7.5172
    2102       6.2163
    2103       6.1287
    2104       5.3344
    2105       5.5525
    2106       5.1060
    2107       5.0962
    2108       5.2339
    2109       5.5701
    2110       5.5287
    2111       4.7410
    2112       4.8317
    2113       4.4712
    2114       4.4025
    2115       4.4348
    2116       5.3871
    2117       5.2815
    2118       5.2421
    2119       6.1165
    2120       6.0759
    2121       6.4934
    2122       5.8180
    2123       5.6056
    2124       6.1393
    2125       6.3706
    2126       6.2383
    2127       5.6412
    2128       5.9070
    2129       5.9755
    2130       6.3297
    2131       6.7080
    2132       7.2145
    2133       6.7183
    2134       7.0635
    2135       6.8449
    2136       6.6908
    2137       6.3407
    2138       6.0468
    2139       6.5584
    2140       6.3174
    2141       5.9882
    2142       5.9864
    2143       6.2271
    2144       6.1993
    2145       5.8905
    2146       5.6919
    2147       5.6218
    2148       5.0533
    2149       5.2522
    2150       5.3117
    2151       5.1562
    2152       5.3342
    2153       5.7669
    2154       5.8488
    2155       6.4242
    2156       6.5957
    2157       6.2735
    2158       6.3913
    2159       6.3248
    2160       5.9327
    2161       6.3139
    2162       6.4989
    2163       6.1603
    2164       6.1843
    2165       6.2075
    2166       6.2754
    2167       6.0808
    2168       6.2217
    2169       6.1994
    2170       6.2117
    2171       6.0251
    2172       5.9095
    2173       5.5213
    2174       5.4258
    2175       5.6627
    2176       5.7832
    2177       5.5964
    2178       5.9218
    2179       6.0948
    2180       5.9740
    2181       5.9585
    2182       6.1760
    2183       6.0371
    2184       6.1363
    2185       5.9754
    2186       5.4921
    2187       5.4682
    2188       5.7422
    2189       5.6935
    2190       5.3675
    2191       5.3661
    2192       5.2309
    2193       4.7712
    2194       4.7605
    2195       4.7254
    2196       5.0094
    2197       4.7156
    2198       4.7762
    2199       4.4066
    2200       4.3806
    2201       4.6107
    2202       4.8239
    2203       4.6701
    2204       4.4268
    2205       4.6580
    2206       4.7735
    2207       4.8070
    2208       4.6320
    2209       5.0325
    2210       5.2855
    2211       5.7027
    2212       5.3504
    2213       5.2181
    2214       5.3081
    2215       5.2915
    2216       5.2700
    2217       4.9717
    2218       5.3483
    2219       5.4280
    2220       5.2950
    2221       5.1021
    2222       5.6837
    2223       5.9021
    2224       6.9122
    2225       6.6357
    2226       6.1411
    2227       6.2843
    2228       6.0706
    2229       6.2223
    2230       6.0141
    2231       5.5807
    2232       6.0917
    2233       6.3644
    2234       6.1918
    2235       6.3971
    2236       6.1933
    2237       6.3294
    2238       6.2420
    2239       6.0798
    2240       5.8685
    2241       5.4417
    2242       5.1269
    2243       5.2404
    2244       5.4905
    2245       5.6145
    2246       5.1321
    2247       5.3980
    2248       5.1101
    2249       5.0629
    2250       4.7441
    2251       4.2579
    2252       4.0155
    2253       4.4004
    2254       4.0473
    2255       4.4551
    2256       4.2564
    2257       4.3495
    2258       4.8167
    2259       5.2956
    2260       5.1278
    2261       5.3487
    2262       4.6134
    2263       4.3151
    2264       4.1568
    2265       4.6332
    2266       4.7065
    2267       4.9160
    2268       4.5179
    2269       4.4119
    2270       4.3545
    2271       4.0307
    2272       4.7434
    2273       4.2501
    2274       4.5657
    2275       3.9715
    2276       4.7664
    2277       4.2809
    2278       4.5787
    2279       4.3440
    2280       4.2481
    2281       3.7826
    2282       3.9288
    2283       4.1907
    2284       3.7364
    2285       4.3189
    2286       3.9925
    2287       4.8873
    2288       5.7138
    2289       5.7500
    2290       5.8707
    2291       5.4876
    2292       5.4491
    2293       6.2637
    2294       6.2833
    2295       5.9098
    2296       5.5988
    2297       6.2873
    2298       5.8389
    2299       6.6136
    2300       6.1615
    2301       5.7308
    2302       5.9548
    2303       6.1150
    2304       5.8680
    2305       5.8088
    2306       5.5304
    2307       6.1275
    2308       6.8825
    2309       6.2278
    2310       6.0694
    2311       6.0339
    2312       6.1785
    2313       6.1488
    2314       6.2893
    2315       6.0085
    2316       5.7954
    2317       6.1037
    2318       6.3478
    2319       6.4670
    2320       6.3045
    2321       6.6706
    2322       6.9558
    2323       7.4064
    2324       7.5003
    2325       8.6803
    2326       6.8223
    2327       6.7481
    2328       7.3369
    2329       6.5317
    2330       7.3534
    2331       7.3661
    2332       7.6149
    2333       7.1032
    2334       7.2543
    2335       7.4651
    2336       7.0764
    2337       7.3330
    2338       6.9178
    2339       7.4671
    2340       7.6856
    2341       7.1610
    2342       6.8561
    2343       6.7852
    2344       6.3749
    2345       5.9336
    2346       6.0335
    2347       5.8854
    2348       5.2585
    2349       5.2442
    2350       4.8347
    2351       4.8974
    2352       4.9640
    2353       5.4296
    2354       5.0309
    2355       5.0713
    2356       5.0910
    2357       5.1638
    2358       5.0717
    2359       5.5367
    2360       5.4359
    2361       5.7146
    2362       5.5926
    2363       5.3505
    2364       5.6734
    2365       5.6434
    2366       5.2361
    2367       5.2332
    2368       5.5015
    2369       5.3761
    2370       5.5002
    2371       5.6106
    2372       5.0630
    2373       4.8513
    2374       5.0305
    2375       4.9392
    2376       4.9950
    2377       5.1022
    2378       5.1347
    2379       5.1908
    2380       5.0596
    2381       4.8920
    2382       5.0595
    2383       4.8230
    2384       4.7725
    2385       4.7054
    2386       4.4192
    2387       4.2156
    2388       4.1455
    2389       4.2608
    2390       4.3742
    2391       4.3418
    2392       4.3876
    2393       4.4495
    2394       4.4046
    2395       4.4410
    2396       4.4892
    2397       4.3891
    2398       4.6767
    2399       4.2891
    2400       4.3773
    2401       4.6506
    2402       4.6672
    2403       4.6648
    2404       4.7817
    2405       4.9554
    2406       4.8904
    2407       5.1338
    2408       4.7766
    2409       4.8811
    2410       4.9573
    2411       5.3042
    2412       5.1262
    2413       4.9758
    2414       4.9692
    2415       5.3983
    2416       5.5182
    2417       5.5039
    2418       5.3481
    2419       5.2729
    2420       5.2669
    2421       5.3910
    2422       5.3806
    2423       5.3357
    2424       5.2806
    2425       5.5011
    2426       5.5090
    2427       5.0258
    2428       5.2842
    2429       5.4254
    2430       5.2964
    2431       5.3121
    2432       5.7348
    2433       5.6287
    2434       5.2911
    2435       5.2694
    2436       5.4341
    2437       5.5185
    2438       5.4505
    2439       5.4887
    2440       5.6385
    2441       5.5949
    2442       5.6282
    2443       5.8367
    2444       5.8470
    2445       5.7340
    2446       5.8170
    2447       5.4906
    2448       5.7650
    2449       5.8994
    2450       6.2644
    2451       6.1253
    2452       6.2341
    2453       6.2511
    2454       6.2000
    2455       6.2332
    2456       5.8885
    2457       5.7285
    2458       5.7231
    2459       5.7930
    2460       5.8221
    2461       5.7075
    2462       5.7212
    2463       5.8565
    2464       5.8841
    2465       5.9135
    2466       5.9253
    2467       5.9716
    2468       5.7641
    2469       5.5256
    2470       5.5741
    2471       5.6224
    2472       5.5028
    2473       5.4412
    2474       5.3879
    2475       5.4996
    2476       5.3868
    2477       5.6530
    2478       5.5547
    2479       5.5365
    2480       5.6019
    2481       5.7196
    2482       5.5693
    2483       5.3860
    2484       5.3704
    2485       5.5670
    2486       5.5218
    2487       5.7167
    2488       5.7849
    2489       5.3507
    2490       5.0065
    2491       5.1081
    2492       5.3881
    2493       5.4388
    2494       5.5186
    2495       5.3739
    2496       5.3400
    2497       5.5000
    2498       5.4415
    2499       5.3776
    2500       5.1620
    2501       5.1591
    2502       5.0332
    2503       5.1388
    2504       5.2055
    2505       5.4498
    2506       5.6325
    2507       5.6665
    2508       5.6384
    2509       6.1274
    2510       5.9657
    2511       6.0582
    2512       5.6284
    2513       5.8867
    2514       5.8574
    2515       6.3202
    2516       6.3712
    2517       6.3421
    2518       5.8970
    2519       5.8706
    2520       5.8456
    2521       5.6587
    2522       6.1013
    2523       5.6828
    2524       6.1616
    2525       6.0919
    2526       5.8075
    2527       5.9763
    2528       6.1002
    2529       6.0557
    2530       5.8458
    2531       5.7801
    2532       5.3247
    2533       5.7221
    2534       5.8666
    2535       5.9537
    2536       5.9401
    2537       5.9656
    2538       5.7057
    2539       5.7426
    2540       5.6295
    2541       5.3502
    2542       5.4180
    2543       5.5905
    2544       5.6440
    2545       5.4717
    2546       5.2818
    2547       5.1612
    2548       4.7594
    2549       4.5633
    2550       4.6754
    2551       4.3934
    2552       4.5339
    2553       4.1919
    2554       4.2328
    2555       4.0885
    2556       4.1456
    2557       3.9883
    2558       4.0018
    2559       4.0405
    2560       3.8533
    2561       3.8239
    2562       4.0707
    2563       4.4199
    2564       4.1128
    2565       4.0937
    2566       4.3485
    2567       4.1436
    2568       4.2324
    2569       4.1154
    2570       4.2746
    2571       4.5412
    2572       4.3976
    2573       4.3266
    2574       4.3334
    2575       4.2718
    2576       4.0026
    2577       4.1941
    2578       3.9357
    2579       4.3650
    2580       4.5869
    2581       4.2035
    2582       4.8655
    2583       4.9130
    2584       5.3668
    2585       4.8601
    2586       5.0430
    2587       4.9736
    2588       4.6196
    2589       4.8918
    2590       5.0525
    2591       4.9654
    2592       4.4764
    2593       4.6464
    2594       4.5585
    2595       4.7447
    2596       4.9327
    2597       4.0930
    2598       4.3647
    2599       4.0631
    2600       3.9295
    2601       4.2775
    2602       4.3224
    2603       4.1252
    2604       4.2396
    2605       4.1633
    2606       4.1887
    2607       3.9339
    2608       4.3688
    2609       4.0511
    2610       4.1057
    2611       4.1800
    2612       4.5203
    2613       4.3055
    2614       4.6034
    2615       4.5247
    2616       4.5668
    2617       4.4985
    2618       4.4909
    2619       4.5217
    2620       4.3195
    2621       3.9672
    2622       3.5788
    2623       3.6581
    2624       3.9897
    2625       4.1023
    2626       4.1378
    2627       4.4234
    2628       4.6057
    2629       4.7032
    2630       4.4193
    2631       4.5795
    2632       4.2801
    2633       4.4109
    2634       4.5316
    2635       4.6526
    2636       4.7010
    2637       5.2521
    2638       5.6996
    2639       5.3651
    2640       5.6417
    2641       5.1804
    2642       5.8509
    2643       5.7598
    2644       6.0633
    2645       5.8941
    2646       5.8954
    2647       5.5305
    2648       5.7436
    2649       5.5103
    2650       5.6469
    2651       6.0980
    2652       6.2048
    2653       5.3097
    2654       4.8258
    2655       5.0247
    2656       5.0678
    2657       4.8653
    2658       5.2261
    2659       5.4676
    2660       5.9723
    2661       6.3569
    2662       6.2239
    2663       6.5021
    2664       6.5899
    2665       6.5190
    2666       6.3800
    2667       6.3720
    2668       6.6618
    2669       6.5091
    2670       7.3784
    2671       7.5342
    2672       7.2643
    2673       7.4317
    2674       7.5789
    2675       7.3277
    2676       6.9590
    2677       6.8329
    2678       7.4023
    2679       7.4928
    2680       6.9378
    2681       7.7285
    2682       7.3083
    2683       6.9922
    2684       7.3010
    2685       7.5637
    2686       7.6945
    2687       7.3773
    2688       7.1287
    2689       7.8700
    2690       8.0709
    2691       8.4735
    2692       8.5003
    2693       8.3414
    2694       8.9553
    2695       9.4656
    2696       9.4573
    2697       9.8223
    2698      10.7465
    2699      10.7570
    2700      10.2900
    2701      10.0613
    2702       9.7419
    2703       9.7561
    2704       9.8314
    2705      10.1189
    2706       9.3198
    2707      10.0606
    2708       9.5910
    2709      10.0590
    2710      10.1035
    2711      10.5953
    2712      10.6112
    2713      10.6804
    2714      11.0270
    2715      11.2202
    2716      11.6106
    2717      12.2277
    2718      12.3704
    2719      12.1157
    2720      12.0651
    2721      12.3934
    2722      11.6231
    2723      12.2890
    2724      11.6826
    2725      11.1986
    2726      11.1535
    2727      11.1035
    2728      11.8708
    2729      11.7310
    2730      10.9968
    2731      11.8162
    2732      11.9578
    2733      10.4794
    2734       9.4587
    2735       9.6321
    2736       9.3114
    2737       9.3767
    2738       8.8146
    2739      10.3171
    2740      10.3053
    2741       9.9983
    2742       9.5003
    2743      10.2714
    2744       9.8467
    2745       9.3199
    2746      10.1021
    2747       9.7672
    2748       9.9419
    2749      10.3507
    2750      10.3042
    2751       9.4549
    2752       9.1006
    2753       9.2255
    2754       8.4879
    2755       8.5323
    2756       9.2568
    2757       9.3374
    2758       9.0553
    2759       8.5865
    2760       8.1983
    2761       8.2077
    2762       8.0862
    2763       7.7820
    2764       7.7088
    2765       7.7549
    2766       8.1041
    2767       7.7965
    2768       7.7508
    2769       7.3816
    2770       7.9165
    2771       8.1165
    2772       8.2692
    2773       8.8031
    2774       9.5429
    2775       9.7590
    2776       9.4475
    2777       9.4134
    2778       9.1932
    2779       8.9710
    2780       8.9705
    2781       8.2819
    2782       8.4884
    2783       8.3213
    2784       8.1729
    2785       7.6137
    2786       7.4375
    2787       7.8529
    2788       8.1817
    2789       8.6509
    2790       8.6751
    2791       7.4601
    2792       7.6465
    2793       7.9613
    2794       7.9021
    2795       8.0721
    2796       8.2454
    2797       8.4172
    2798       8.3081
    2799       8.3125
    2800       7.4363
    2801       8.6932
    2802       8.7062
    2803       9.0089
    2804       8.8026
    2805       8.8241
    2806       8.5607
    2807       8.6543
    2808       9.1631
    2809       9.6704
    2810       9.8678
    2811       9.7243
    2812       9.3251
    2813       9.0879
    2814       9.0203
    2815       8.7981
    2816       8.9543
    2817       9.1197
    2818       8.9075
    2819       9.0470
    2820       8.7254
    2821       8.4029
    2822       8.7437
    2823       8.4003
    2824       8.3553
    2825       8.8984
    2826       9.4513
    2827       8.9278
    2828       9.2007
    2829       8.9789
    2830       9.0656
    2831       8.4999
    2832       8.8923
    2833       8.6999
    2834       9.0620
    2835       8.8364
    2836       8.9252
    2837       9.3146
    2838       9.1738
    2839       8.7122
    2840       9.0593
    2841       9.9807
    2842       9.3964
    2843       9.2841
    2844       9.2406
    2845       9.7474
    2846       9.7712
    2847       9.9569
    2848      10.0017
    2849       9.9594
    2850       9.7340
    2851       9.2084
    2852       8.4486
    2853       8.5801
    2854       8.5513
    2855       8.0731
    2856       8.4165
    2857       8.3759
    2858       8.0468
    2859       8.2771
    2860       8.9072
    2861       8.9736
    2862       8.9784
    2863       8.2558
    2864       8.4834
    2865       8.7187
    2866       9.0739
    2867       9.3359
    2868      10.0042
    2869       9.6029
    2870       9.4647
    2871       9.6366
    2872       9.6311
    2873       9.9001
    2874       9.9479
    2875       9.8634
    2876       9.3146
    2877       9.6436
    2878      10.1064
    2879      10.3225
    2880       9.4385
    2881       9.8885
    2882       9.1339
    2883       8.6818
    2884       8.6993
    2885       8.6030
    2886       7.8610
    2887       7.8812
    2888       7.3825
    2889       7.6481
    2890       7.2293
    2891       6.6578
    2892       7.2017
    2893       6.9904
    2894       7.4699
    2895       7.9449
    2896       8.0220
    2897       7.5563
    2898       7.4629
    2899       6.9781
    2900       7.0229
    2901       7.0379
    2902       6.7557
    2903       6.5691
    2904       6.4887
    2905       6.3300
    2906       6.4743
    2907       6.6964
    2908       6.5541
    2909       6.4060
    2910       6.8567
    2911       7.5082
    2912       6.5099
    2913       6.2943
    2914       6.1634
    2915       6.9419
    2916       7.3721
    2917       7.8509
    2918       8.4619
    2919       8.6315
    2920       9.1438
    2921       8.9267
    2922       8.9636
    2923       9.1193
    2924       9.4456
    2925       9.8168
    2926       9.5409
    2927      10.4522
    2928      10.1855
    2929      10.2517
    2930      10.3652
    2931      10.6480
    2932      10.5643
    2933      10.1406
    2934      10.3885
    2935      10.0833
    2936       9.8176
    2937       9.5306
    2938      10.2101
    2939       9.8513
    2940       9.8073
    2941       9.3191
    2942      10.0273
    2943       8.9222
    2944       8.8452
    2945       9.2582
    2946       8.9476
    2947       8.8046
    2948       8.8357
    2949       7.9817
    2950       7.5205
    2951       7.2327
    2952       7.6821
    2953       7.3275
    2954       7.5851
    2955       7.4067
    2956       7.1542
    2957       7.2757
    2958       7.6351
    2959       7.1496
    2960       6.4992
    2961       6.3903
    2962       6.0568
    2963       6.6103
    2964       6.6476
    2965       6.9317
    2966       6.6758
    2967       6.9146
    2968       7.2583
    2969       7.1728
    2970       7.0481
    2971       6.8445
    2972       7.2964
    2973       7.0585
    2974       6.6375
    2975       7.0308
    2976       6.7384
    2977       6.7739
    2978       7.1847
    2979       7.5164
    2980       7.4587
    2981       7.1217
    2982       6.8141
    2983       6.6197
    2984       6.6132
    2985       5.8596
    2986       5.7159
    2987       5.9604
    2988       6.0748
    2989       6.2323
    2990       5.7873
    2991       6.1821
    2992       5.9465
    2993       5.7117
    2994       5.8999
    2995       5.8658
    2996       5.7588
    2997       5.2987
    2998       5.3915
    2999       5.6513
    3000       5.5696
    3001       5.8803
    3002       5.8876
    3003       5.9461
    3004       6.2717
    3005       5.7123
    3006       5.9674
    3007       5.3788
    3008       5.9698
    3009       6.4908
    3010       6.6457
    3011       6.6075
    3012       6.6198
    3013       7.0344
    3014       7.0026
    3015       6.7173
    3016       6.0474
    3017       5.8549
    3018       5.9256
    3019       6.2300
    3020       6.1035
    3021       6.8254
    3022       6.5224
    3023       6.6850
    3024       5.8064
    3025       6.3247
    3026       6.4556
    3027       6.0447
    3028       6.2700
    3029       6.4703
    3030       5.8104
    3031       5.7817
    3032       6.2842
    3033       6.5944
    3034       6.9591
    3035       6.9979
    3036       7.5718
    3037       7.1531
    3038       6.7175
    3039       7.0885
    3040       6.9362
    3041       6.3588
    3042       6.4665
    3043       6.0675
    3044       6.0556
    3045       6.2152
    3046       6.4173
    3047       5.8149
    3048       6.0340
    3049       5.6003
    3050       5.8243
    3051       5.7391
    3052       5.7034
    3053       6.1296
    3054       6.0929
    3055       5.6267
    3056       5.7490
    3057       5.8394
    3058       5.9763
    3059       6.3741
    3060       6.2220
    3061       6.1594
    3062       5.6703
    3063       5.6538
    3064       5.3926
    3065       5.3375
    3066       5.9249
    3067       5.4652
    3068       5.2778
    3069       5.1755
    3070       5.3166
    3071       5.3546
    3072       4.6981
    3073       4.8420
    3074       4.8691
    3075       4.9161
    3076       4.7400
    3077       4.5536
    3078       4.4048
    3079       4.6021
    3080       4.2712
    3081       4.6506
    3082       4.9165
    3083       4.9094
    3084       5.2886
    3085       5.2006
    3086       5.3344
    3087       4.8865
    3088       5.5942
    3089       5.5518
    3090       4.9771
    3091       5.3862
    3092       5.8472
    3093       6.1744
    3094       6.0077
    3095       5.8495
    3096       5.7272
    3097       6.2186
    3098       5.8971
    3099       5.7742
    3100       6.0702
    3101       6.2559
    3102       6.0593
    3103       6.1516
    3104       6.4755
    3105       7.0011
    3106       7.3085
    3107       8.1289
    3108       8.1614
    3109       8.5669
    3110       8.2195
    3111       8.2300
    3112       7.3995
    3113       7.0644
    3114       7.0168
    3115       6.9255
    3116       6.3714
    3117       6.2816
    3118       6.1264
    3119       5.8206
    3120       6.1103
    3121       5.5122
    3122       6.2139
    3123       6.0390
    3124       6.0554
    3125       5.5804
    3126       5.7362
    3127       5.8040
    3128       5.9551
    3129       6.0999
    3130       6.1070
    3131       6.0691
    3132       6.1077
    3133       5.8797
    3134       6.1817
    3135       5.4790
    3136       5.9847
    3137       6.2939
    3138       5.5064
    3139       5.3644
    3140       5.0230
    3141       5.0507
    3142       5.5520
    3143       5.6219
    3144       5.4938
    3145       5.1472
    3146       4.6509
    3147       4.0866
    3148       3.9618
    3149       3.3830
    3150       3.2814
    3151       3.4824
    3152       3.5495
    3153       3.4558
    3154       3.8764
    3155       4.1186
    3156       3.9106
    3157       3.9543
    3158       3.9312
    3159       3.9731
    3160       4.3736
    3161       4.2365
    3162       3.9351
    3163       4.1714
    3164       3.7764
    3165       3.6540
    3166       3.2205
    3167       2.6548
    3168       2.4415
    3169       2.4376
    3170       2.4101
    3171       2.6417
    3172       2.5870
    3173       2.4502
    3174       2.7306
    3175       2.4373
    3176       2.8733
    3177       2.6996
    3178       3.3794
    3179       3.7953
    3180       2.9718
    3181       3.5188
    3182       3.4867
    3183       2.9942
    3184       2.5315
    3185       2.8644
    3186       3.1844
    3187       2.9682
    3188       2.7613
    3189       2.6228
    3190       3.0455
    3191       2.8636
    3192       2.9197
    3193       3.1252
    3194       3.2889
    3195       2.8158
    3196       3.0150
    3197       2.8577
    3198       2.6053
    3199       2.9867
    3200       3.0088
    3201       3.1319
    3202       3.3725
    3203       3.2878
    3204       2.9950
    3205       3.2378
    3206       3.0161
    3207       3.1695
    3208       3.6558
    3209       3.6729
    3210       3.6530
    3211       3.8741
    3212       4.2511
    3213       4.0946
    3214       4.2281
    3215       4.3376
    3216       4.1021
    3217       4.9228
    3218       4.8401
    3219       4.9669
    3220       5.1534
    3221       5.3089
    3222       5.0990
    3223       4.9640
    3224       4.8209
    3225       4.7679
    3226       4.7183
    3227       4.7219
    3228       5.1123
    3229       4.9645
    3230       4.9157
    3231       4.9515
    3232       4.4976
    3233       4.7370
    3234       5.1022
    3235       4.7963
    3236       4.7445
    3237       4.3474
    3238       4.1259
    3239       4.1462
    3240       4.2139
    3241       3.6787
    3242       3.5906
    3243       3.7430
    3244       3.7101
    3245       3.7639
    3246       4.1868
    3247       3.6773
    3248       3.2472
    3249       3.4804
    3250       3.0541
    3251       3.1187
    3252       3.3751
    3253       3.0638
    3254       3.0929
    3255       3.3070
    3256       3.0537
    3257       3.2066
    3258       2.9171
    3259       3.1651
    3260       3.2058
    3261       3.2762
    3262       3.3393
    3263       3.2622
    3264       3.5113
    3265       3.2728
    3266       3.3999
    3267       3.4023
    3268       3.4310
    3269       3.0585
    3270       3.1573
    3271       3.0527
    3272       2.9713
    3273       2.7412
    3274       2.6055
    3275       2.5363
    3276       2.4512
    3277       2.8189
    3278       2.8866
    3279       2.8356
    3280       2.8546
    3281       3.1647
    3282       2.9587
    3283       3.0432
    3284       2.9576
    3285       3.1946
    3286       3.5246
    3287       3.3936
    3288       3.4402
    3289       3.6114
    3290       3.6420
    3291       3.6554
    3292       3.3751
    3293       3.3377
    3294       3.5173
    3295       3.4340
    3296       3.4800
    3297       3.1351
    3298       3.4322
    3299       3.5011
    3300       3.4941
    3301       3.1432
    3302       3.3755
    3303       3.1658
    3304       3.5056
    3305       3.4382
    3306       3.5325
    3307       3.4278
    3308       3.1302
    3309       3.5016
    3310       3.8350
    3311       3.5143
    3312       4.1113
    3313       3.8040
    3314       4.2112
    3315       4.4836
    3316       4.3771
    3317       4.5479
    3318       4.4079
    3319       4.2960
    3320       4.3739
    3321       4.4014
    3322       4.5117
    3323       4.5866
    3324       4.3158
    3325       4.1941
    3326       4.2001
    3327       4.3190
    3328       4.6096
    3329       5.0851
    3330       4.9555
    3331       5.0620
    3332       4.9195
    3333       4.7153
    3334       4.8408
    3335       4.9890
    3336       5.0306
    3337       5.0945
    3338       4.9638
    3339       5.1797
    3340       5.2572
    3341       5.1916
    3342       5.0335
    3343       5.2433
    3344       4.7825
    3345       4.7337
    3346       4.9599
    3347       5.0795
    3348       5.1385
    3349       5.2414
    3350       5.2402
    3351       4.9583
    3352       5.0038
    3353       5.1375
    3354       5.0773
    3355       4.9341
    3356       4.5338
    3357       4.7953
    3358       4.2919
    3359       4.7437
    3360       5.0714
    3361       5.0171
    3362       5.2140
    3363       5.2520
    3364       5.2248
    3365       5.2311
    3366       5.2991
    3367       5.3687
    3368       5.3299
    3369       5.3662
    3370       5.2445
    3371       5.2230
    3372       5.5046
    3373       5.1840
    3374       5.2573
    3375       5.4675
    3376       5.1028
    3377       5.1996
    3378       5.1446
    3379       5.1871
    3380       4.9534
    3381       4.9360
    3382       4.8762
    3383       4.7140
    3384       4.8269
    3385       4.8972
    3386       4.9534
    3387       4.9170
    3388       4.6806
    3389       4.7855
    3390       4.7876
    3391       4.6545
    3392       4.7670
    3393       4.6897
    3394       4.5435
    3395       4.5429
    3396       4.4524
    3397       4.4832
    3398       4.4169
    3399       4.4729
    3400       4.8214
    3401       4.9272
    3402       4.7174
    3403       4.8161
    3404       4.9874
    3405       4.9914
    3406       5.0570
    3407       4.9153
    3408       5.1225
    3409       5.3392
    3410       5.4292
    3411       5.3533
    3412       5.2850
    3413       5.6606
    3414       5.3376
    3415       5.4003
    3416       5.3499
    3417       5.3520
    3418       5.4351
    3419       5.3501
    3420       5.3419
    3421       5.0929
    3422       5.1241
    3423       5.4840
    3424       5.0190
    3425       4.5100
    3426       4.9016
    3427       4.8724
    3428       4.6781
    3429       5.0539
    3430       5.1566
    3431       5.2817
    3432       5.1086
    3433       5.0164
    3434       4.7077
    3435       4.9908
    3436       5.2835
    3437       5.1886
    3438       5.2493
    3439       4.8800
    3440       5.1345
    3441       4.6998
    3442       4.8221
    3443       4.7054
    3444       4.4045
    3445       4.3560
    3446       4.5568
    3447       4.7188
    3448       4.9168
    3449       4.7461
    3450       4.6436
    3451       4.5727
    3452       4.6565
    3453       4.6469
    3454       4.2468
    3455       4.3100
    3456       4.2929
    3457       5.2166
    3458       4.9800
    3459       5.1596
    3460       4.9208
    3461       4.7853
    3462       5.1530
    3463       5.0955
    3464       5.1585
    3465       5.6606
    3466       5.5263
    3467       5.5135
    3468       5.3379
    3469       5.5015
    3470       5.5645
    3471       5.6174
    3472       5.5536
    3473       5.6647
    3474       5.3671
    3475       5.2104
    3476       5.4548
    3477       5.6323
    3478       5.5786
    3479       5.6078
    3480       5.5962
    3481       5.5586
    3482       5.3785
    3483       5.3721
    3484       5.5578
    3485       5.5679
    3486       5.3516
    3487       5.5731
    3488       5.6101
    3489       5.6897
    3490       5.6617
    3491       5.6965
    3492       5.4939
    3493       5.6868
    3494       5.4527
    3495       5.6395
    3496       5.5976
    3497       5.5131
    3498       5.5611
    3499       5.4581
    3500       5.2925
    3501       5.3549
    3502       5.1220
    3503       5.3848
    3504       5.5310
    3505       5.2790
    3506       5.3686
    3507       5.1734
    3508       5.5580
    3509       5.5055
    3510       5.4215
    3511       5.4008
    3512       5.3376
    3513       5.7004
    3514       5.4574
    3515       5.2133
    3516       5.2428
    3517       5.2574
    3518       5.1160
    3519       5.4809
    3520       5.5567
    3521       5.7544
    3522       5.7997
    3523       5.8023
    3524       6.1863
    3525       6.1705
    3526       5.8286
    3527       6.2363
    3528       5.9224
    3529       6.1324
    3530       5.9734
    3531       5.8443
    3532       5.8892
    3533       5.8933
    3534       5.9811
    3535       5.7700
    3536       5.8422
    3537       5.8608
    3538       5.8153
    3539       5.8702
    3540       5.8427
    3541       5.9278
    3542       5.8600
    3543       5.8121
    3544       6.2259
    3545       6.3894
    3546       6.1807
    3547       6.3027
    3548       6.1647
    3549       6.1221
    3550       6.0911
    3551       6.2238
    3552       5.8096
    3553       5.9896
    3554       6.0244
    3555       5.8837
    3556       5.7787
    3557       5.6883
    3558       5.8687
    3559       5.9465
    3560       5.8523
    3561       5.6928
    3562       5.1939
    3563       5.1793
    3564       5.1653
    3565       5.0396
    3566       5.0415
    3567       5.2407
    3568       5.7272
    3569       5.5230
    3570       5.6400
    3571       6.0589
    3572       5.4448
    3573       5.5847
    3574       5.6009
    3575       5.7983
    3576       5.8552
    3577       5.9158
    3578       5.7980
    3579       5.8881
    3580       5.9381
    3581       6.1811
    3582       6.2566
    3583       6.2866
    3584       6.2766
    3585       6.2666
    3586       6.4051
    3587       6.4613
    3588       6.6415
    3589       6.3474
    3590       6.3776
    3591       6.3391
    3592       6.3101
    3593       6.3235
    3594       6.2693
    3595       6.3089
    3596       6.3723
    3597       6.1660
    3598       6.2314
    3599       6.3089
    3600       6.1905
    3601       6.0400
    3602       6.0460
    3603       6.0177
    3604       5.6701
    3605       5.6550
    3606       5.5821
    3607       5.6139
    3608       5.4261
    3609       5.4485
    3610       5.6646
    3611       5.7725
    3612       5.8885
    3613       5.8539
    3614       5.8961
    3615       5.7801
    3616       5.8535
    3617       5.8237
    3618       5.6522
    3619       5.3913
    3620       5.1712
    3621       5.5413
    3622       5.3003
    3623       5.2196
    3624       5.2318
    3625       5.1144
    3626       5.1838
    3627       5.2785
    3628       5.3461
    3629       5.1720
    3630       5.2091
    3631       5.2128
    3632       5.1390
    3633       5.1882
    3634       5.2911
    3635       5.2599
    3636       5.2302
    3637       5.3138
    3638       5.3259
    3639       5.4440
    3640       5.4176
    3641       5.6384
    3642       5.4376
    3643       5.5604
    3644       5.2496
    3645       5.0566
    3646       5.1483
    3647       5.1682
    3648       5.3673
    3649       5.4520
    3650       5.4970
    3651       5.3893
    3652       5.0967
    3653       5.2269
    3654       5.3388
    3655       5.4787
    3656       5.4247
    3657       5.3799
    3658       5.6875
    3659       5.5310
    3660       5.4635
    3661       5.3851
    3662       5.6111
    3663       5.5991
    3664       5.4851
    3665       5.4814
    3666       5.5079
    3667       5.5320
    3668       5.6240
    3669       5.5713
    3670       5.4082
    3671       5.7768
    3672       5.6820
    3673       5.9488
    3674       5.9402
    3675       5.9993
    3676       6.1178
    3677       6.2563
    3678       6.1829
    3679       6.3480
    3680       6.1797
    3681       6.0069
    3682       5.9931
    3683       6.0016
    3684       6.2361
    3685       6.2138
    3686       6.1554
    3687       6.1682
    3688       6.1260
    3689       6.2477
    3690       6.3780
    3691       6.1933
    3692       6.0411
    3693       6.0631
    3694       6.1498
    3695       6.3446
    3696       6.4648
    3697       6.4276
    3698       6.3414
    3699       6.4615
    3700       6.4524
    3701       6.4641
    3702       6.5600
    3703       6.5189
    3704       6.6435
    3705       6.5523
    3706       6.5363
    3707       6.6000
    3708       6.3422
    3709       6.4753
    3710       6.6233
    3711       6.5420
    3712       6.5607
    3713       6.3576
    3714       6.6216
    3715       6.4932
    3716       6.3690
    3717       6.3224
    3718       6.3417
    3719       6.3219
    3720       6.1909
    3721       6.5785
    3722       6.5185
    3723       6.5905
    3724       6.5704
    3725       6.7105
    3726       6.7044
    3727       6.6896
    3728       6.6089
    3729       6.7121
    3730       6.5835
    3731       6.6961
    3732       6.5567
    3733       6.6684
    3734       6.4988
    3735       6.7054
    3736       6.4419
    3737       6.3921
    3738       6.3966
    3739       6.4107
    3740       6.4538
    3741       6.2926
    3742       6.4912
    3743       6.7571
    3744       6.4263
    3745       6.6112
    3746       6.6185
    3747       6.7791
    3748       6.4961
    3749       6.6369
    3750       6.6271
    3751       6.7579
    3752       6.5499
    3753       6.7250
    3754       6.6955
    3755       6.7270
    3756       6.6495
    3757       6.5868
    3758       6.4977
    3759       6.5356
    3760       6.4815
    3761       6.5718
    3762       6.6157
    3763       6.6312
    3764       6.6127
    3765       6.2821
    3766       6.2612
    3767       6.3467
    3768       6.3183
    3769       6.3006
    3770       6.2034
    3771       5.9683
    3772       6.0532
    3773       6.1930
    3774       6.0259
    3775       6.1099
    3776       6.2644
    3777       5.9426
    3778       6.2914
    3779       6.3677
    3780       6.2845
    3781       6.2736
    3782       6.4333
    3783       6.4183
    3784       6.3910
    3785       6.4016
    3786       6.3363
    3787       6.4232
    3788       6.3868
    3789       6.3044
    3790       6.3276
    3791       6.3513
    3792       6.5312
    3793       6.2405
    3794       6.3344
    3795       6.2434
    3796       6.0846
    3797       6.2477
    3798       6.0173
    3799       5.8891
    3800       5.9137
    3801       5.9890
    3802       6.3434
    3803       6.2088
    3804       5.8631
    3805       5.8730
    3806       5.9776
    3807       6.0302
    3808       6.0337
    3809       6.0572
    3810       6.1110
    3811       6.0398
    3812       5.9677
    3813       5.8771
    3814       5.8456
    3815       5.9625
    3816       6.0259
    3817       6.0251
    3818       6.0514
    3819       5.9377
    3820       6.1221
    3821       5.8362
    3822       5.9722
    3823       6.0313
    3824       5.9219
    3825       5.8503
    3826       5.7900
    3827       5.6960
    3828       5.9553
    3829       5.7218
    3830       5.8707
    3831       5.8703
    3832       5.8871
    3833       5.6788
    3834       5.4956
    3835       5.6524
    3836       5.7817
    3837       5.9087
    3838       5.9823
    3839       6.0639
    3840       5.7299
    3841       5.8026
    3842       5.6162
    3843       5.5802
    3844       5.5660
    3845       5.7353
    3846       5.8740
    3847       5.8590
    3848       5.8558
    3849       5.9898
    3850       5.8338
    3851       5.8874
    3852       5.7987
    3853       5.6437
    3854       5.6411
    3855       5.8263
    3856       5.6583
    3857       5.7147
    3858       5.7730
    3859       5.6191
    3860       5.5945
    3861       5.5247
    3862       5.4978
    3863       5.8131
    3864       5.7356
    3865       5.6218
    3866       5.7468
    3867       5.8105
    3868       5.8765
    3869       5.9243
    3870       5.8386
    3871       5.7348
    3872       5.9089
    3873       5.8306
    3874       5.9261
    3875       6.0026
    3876       6.1885
    3877       6.1603
    3878       6.0472
    3879       6.1001
    3880       6.1764
    3881       6.1858
    3882       6.1783
    3883       6.1911
    3884       6.1118
    3885       6.2449
    3886       6.2986
    3887       6.3200
    3888       6.3491
    3889       5.9634
    3890       5.9982
    3891       6.1873
    3892       6.0743
    3893       6.1500
    3894       6.1138
    3895       6.1223
    3896       6.0884
    3897       5.9382
    3898       6.1028
    3899       6.1321
    3900       6.2974
    3901       6.2468
    3902       6.0674
    3903       6.2264
    3904       6.0062
    3905       5.9880
    3906       5.9829
    3907       6.2217
    3908       6.1575
    3909       6.1238
    3910       5.9921
    3911       5.9060
    3912       5.8737
    3913       6.1447
    3914       5.8992
    3915       6.0996
    3916       6.0825
    3917       6.3135
    3918       6.1375
    3919       5.9231
    3920       5.9617
    3921       5.9897
    3922       6.0803
    3923       6.0044
    3924       6.0051
    3925       6.0378
    3926       6.1937
    3927       6.2414
    3928       6.0871
    3929       5.8900
    3930       5.9680
    3931       6.0386
    3932       5.7227
    3933       5.8391
    3934       5.8131
    3935       5.9427
    3936       5.9140
    3937       5.8921
    3938       5.8115
    3939       5.7473
    3940       5.9199
    3941       5.9597
    3942       5.8766
    3943       6.0091
    3944       6.0706
    3945       6.2131
    3946       6.3378
    3947       6.1564
    3948       6.1021
    3949       6.1021
    3950       5.9360
    3951       6.0272
    3952       6.0201
    3953       5.9885
    3954       6.0454
    3955       6.1031
    3956       5.9440
    3957       6.0285
    3958       6.1045
    3959       6.0121
    3960       5.9740
    3961       6.0343
    3962       6.1740
    3963       6.3259
    3964       6.3601
    3965       6.3140
    3966       6.3680
    3967       6.2698
    3968       6.4569
    3969       6.2162
    3970       6.1226
    3971       6.3316
    3972       6.0413
    3973       5.8615
    3974       6.2350
    3975       5.7996
    3976       6.1333
    3977       6.0593
    3978       6.1618
    3979       5.9064
    3980       6.1091
    3981       6.2018
    3982       6.2093
    3983       6.2336
    3984       5.9810
    3985       6.3084
    3986       6.2840
    3987       6.2806
    3988       6.1579
    3989       6.3543
    3990       6.5499
    3991       6.4859
    3992       6.3863
    3993       6.6316
    3994       6.5111
    3995       6.4613
    3996       6.4040
    3997       6.3100
    3998       6.2041
    3999       6.2692
    4000       6.4697
    4001       6.4146
    4002       6.5905
    4003       6.5824
    4004       6.5132
    4005       6.4541
    4006       6.3078
    4007       6.4056
    4008       6.4394
    4009       6.3370
    4010       6.3133
    4011       6.3907
    4012       6.3462
    4013       6.6130
    4014       6.4756
    4015       6.3671
    4016       6.4129
    4017       6.3763
    4018       6.3306
    4019       6.4724
    4020       6.4160
    4021       6.2324
    4022       6.2946
    4023       6.2160
    4024       6.3310
    4025       6.4085
    4026       6.2749
    4027       6.2628
    4028       6.1961
    4029       6.1209
    4030       6.1338
    4031       5.9540
    4032       5.9044
    4033       5.8047
    4034       5.8846
    4035       5.6744
    4036       5.8490
    4037       5.9362
    4038       5.8853
    4039       5.8828
    4040       5.9136
    4041       5.8269
    4042       5.9059
    4043       5.9279
    4044       5.9622
    4045       6.0967
    4046       6.3192
    4047       6.1886
    4048       6.2541
    4049       6.0950
    4050       6.1329
    4051       6.1877
    4052       6.0766
    4053       6.2461
    4054       6.1325
    4055       6.2297
    4056       6.2858
    4057       6.2450
    4058       6.2293
    4059       6.3007
    4060       6.3696
    4061       6.4236
    4062       6.2195
    4063       6.4985
    4064       6.4931
    4065       6.5164
    4066       6.4798
    4067       6.5253
    4068       6.6413
    4069       6.5837
    4070       6.4712
    4071       5.9499
    4072       6.1659
    4073       6.1955
    4074       6.4487
    4075       6.2917
    4076       6.5704
    4077       6.5659
    4078       6.4840
    4079       6.4351
    4080       6.4105
    4081       6.6173
    4082       6.5166
    4083       6.4394
    4084       6.5189
    4085       6.4374
    4086       6.3683
    4087       6.2090
    4088       6.4769
    4089       6.6719
    4090       6.6125
    4091       6.3618
    4092       6.5957
    4093       6.5904
    4094       6.5661
    4095       6.5909
    4096       6.5055
    4097       6.3530
    4098       5.9415
    4099       6.2396
    4100       5.8954
    4101       5.9044
    4102       6.0836
    4103       5.9374
    4104       5.8514
    4105       5.8347
    4106       5.9594
    4107       5.7630
    4108       6.0433
    4109       5.9771
    4110       5.6212
    4111       5.7551
    4112       5.6523
    4113       5.5950
    4114       5.4913
    4115       5.4502
    4116       5.5552
    4117       5.5735
    4118       5.6602
    4119       5.7935
    4120       6.0548
    4121       6.2508
    4122       6.0780
    4123       6.2739
    4124       6.3868
    4125       6.2473
    4126       6.3894
    4127       6.4359
    4128       6.3548
    4129       6.3400
    4130       6.5443
    4131       6.5517
    4132       6.6690
    4133       6.5405
    4134       6.4277
    4135       6.3602
    4136       6.3274
    4137       6.4676
    4138       6.7857
    4139       6.9352
    4140       6.8019
    4141       6.6915
    4142       6.6473
    4143       6.8662
    4144       6.8976
    4145       6.6762
    4146       6.7216
    4147       6.6475
    4148       6.6200
    4149       6.4373
    4150       6.5786
    4151       6.4360
    4152       6.4636
    4153       6.6101
    4154       6.6500
    4155       6.8378
    4156       6.6503
    4157       6.5516
    4158       6.6735
    4159       6.5116
    4160       6.6204
    4161       6.5862
    4162       6.4940
    4163       6.4629
    4164       6.6324
    4165       6.6459
    4166       6.4868
    4167       6.2806
    4168       6.2771
    4169       6.1468
    4170       6.2058
    4171       6.3614
    4172       6.2041
    4173       6.2327
    4174       6.5576
    4175       6.7413
    4176       6.5216
    4177       6.5441
    4178       6.7483
    4179       6.6329
    4180       6.7318
    4181       6.7908
    4182       6.7845
    4183       6.7752
    4184       6.8780
    4185       6.9261
    4186       6.8440
    4187       6.7890
    4188       6.6450
    4189       6.8818
    4190       6.8519
    4191       6.6467
    4192       6.8205
    4193       6.7150
    4194       6.6029
    4195       6.5951
    4196       6.5895
    4197       6.5700
    4198       6.5879
    4199       6.4211
    4200       6.5573
    4201       6.5530
    4202       6.4769
    4203       6.5115
    4204       6.6401
    4205       6.3898
    4206       6.3507
    4207       6.5671
    4208       6.5947
    4209       6.7624
    4210       6.5910
    4211       6.5595
    4212       6.4489
    4213       6.4489
    4214       6.5936
    4215       6.2955
    4216       6.5370
    4217       6.3126
    4218       6.2611
    4219       6.3489
    4220       6.3697
    4221       6.5358
    4222       6.6166
    4223       6.6524
    4224       6.6554
    4225       6.7546
    4226       6.7637
    4227       6.7450
    4228       6.7232
    4229       6.4674
    4230       6.5875
    4231       6.4785
    4232       6.4573
    4233       6.6571
    4234       6.6272
    4235       6.6014
    4236       6.8833
    4237       6.7743
    4238       6.7451
    4239       6.8118
    4240       6.8243
    4241       6.8218
    4242       6.7872
    4243       6.6876
    4244       6.5151
    4245       6.4202
    4246       6.2786
    4247       6.4775
    4248       6.3007
    4249       6.4072
    4250       6.5711
    4251       6.8732
    4252       6.5106
    4253       6.6644
    4254       6.7985
    4255       6.8102
    4256       6.5638
    4257       6.6392
    4258       6.7647
    4259       6.6877
    4260       6.5903
    4261       6.6261
    4262       6.5436
    4263       6.4111
    4264       6.3653
    4265       6.4935
    4266       6.4288
    4267       6.6010
    4268       6.1262
    4269       6.3131
    4270       6.3532
    4271       6.1030
    4272       6.4384
    4273       6.2838
    4274       6.3591
    4275       6.3934
    4276       6.6976
    4277       6.3954
    4278       6.1819
    4279       6.1963
    4280       6.4195
    4281       6.4354
    4282       6.3152
    4283       6.2947
    4284       6.4362
    4285       6.0984
    4286       6.3853
    4287       6.5399
    4288       6.6739
    4289       6.5196
    4290       6.0162
    4291       6.0571
    4292       6.2543
    4293       6.0928
    4294       6.3928
    4295       6.3259
    4296       6.1294
    4297       6.2705
    4298       6.3368
    4299       6.2321
    4300       6.2535
    4301       6.2740
    4302       6.0865
    4303       6.1421
    4304       5.8339
    4305       5.7521
    4306       6.0304
    4307       6.1154
    4308       6.5705
    4309       6.2472
    4310       6.3134
    4311       6.2681
    4312       6.2865
    4313       6.1906
    4314       5.9747
    4315       6.1611
    4316       6.0336
    4317       6.0982
    4318       6.1945
    4319       6.1497
    4320       5.8675
    4321       5.6870
    4322       5.7157
    4323       5.9684
    4324       6.1912
    4325       6.1097
    4326       6.0575
    4327       6.1086
    4328       5.8637
    4329       6.0473
    4330       6.2179
    4331       6.2970
    4332       6.0373
    4333       6.1138
    4334       5.9617
    4335       5.9521
    4336       6.1548
    4337       6.1823
    4338       5.9946
    4339       5.9157
    4340       6.1873
    4341       6.2086
    4342       6.3367
    4343       6.6597
    4344       6.8723
    4345       6.9755
    4346       7.1036
    4347       7.0351
    4348       6.8800
    4349       6.8473
    4350       6.8765
    4351       6.7193
    4352       6.5120
    4353       6.6574
    4354       6.6109
    4355       6.4918
    4356       6.4280
    4357       6.8084
    4358       6.6200
    4359       6.9618
    4360       6.8166
    4361       7.1093
    4362       7.1892
    4363       6.9868
    4364       6.9042
    4365       7.1106
    4366       7.1445
    4367       7.3162
    4368       7.1980
    4369       7.1679
    4370       7.1355
    4371       6.9115
    4372       7.0264
    4373       7.1029
    4374       7.0926
    4375       7.1965
    4376       7.0889
    4377       7.1836
    4378       7.0831
    4379       6.9568
    4380       7.1007
    4381       6.9129
    4382       6.7197
    4383       6.8901
    4384       6.8520
    4385       6.9296
    4386       7.0093
    4387       6.9730
    4388       7.0191
    4389       7.0307
    4390       7.0867
    4391       7.0635
    4392       7.0427
    4393       7.1230
    4394       7.0080
    4395       7.0157
    4396       7.0533
    4397       7.0262
    4398       6.9485
    4399       7.0064
    4400       6.7596
    4401       6.9220
    4402       6.6990
    4403       6.8043
    4404       6.7487
    4405       6.7178
    4406       6.9599
    4407       6.7753
    4408       6.8067
    4409       6.6555
    4410       6.6592
    4411       6.8142
    4412       6.7247
    4413       6.4426
    4414       6.6807
    4415       6.5756
    4416       6.7891
    4417       6.7956
    4418       6.8622
    4419       6.9788
    4420       7.0085
    4421       7.0282
    4422       7.0116
    4423       6.9980
    4424       7.0052
    4425       7.0525
    4426       6.8622
    4427       6.8993
    4428       6.8834
    4429       6.9124
    4430       6.8855
    4431       6.6275
    4432       6.7795
    4433       6.8893
    4434       7.0296
    4435       6.9068
    4436       6.8186
    4437       7.1073
    4438       7.0601
    4439       6.9631
    4440       6.8657
    4441       7.0225
    4442       6.9910
    4443       6.9801
    4444       6.8252
    4445       6.9127
    4446       6.9790
    4447       7.0352
    4448       7.1326
    4449       7.2787
    4450       7.0589
    4451       7.1321
    4452       6.9795
    4453       6.9897
    4454       6.9899
    4455       6.8104
    4456       6.7862
    4457       6.8535
    4458       6.8192
    4459       6.7790
    4460       6.8497
    4461       6.9152
    4462       6.7612
    4463       6.7697
    4464       6.7091
    4465       6.7634
    4466       6.7072
    4467       6.7250
    4468       6.7171
    4469       6.6830
    4470       6.6816
    4471       6.8191
    4472       6.9221
    4473       6.9031
    4474       6.9236
    4475       6.9930
    4476       6.8075
    4477       6.7486
    4478       6.7789
    4479       6.8024
    4480       6.6827
    4481       6.8404
    4482       6.9134
    4483       7.0283
    4484       6.9026
    4485       7.0790
    4486       7.0258
    4487       6.9646
    4488       6.9446
    4489       6.9405
    4490       6.7640
    4491       6.8017
    4492       6.8669
    4493       6.9532
    4494       6.8872
    4495       6.9682
    4496       6.8851
    4497       6.7718
    4498       6.7913
    4499       6.8369
    4500       6.9943
    4501       6.8312
    4502       6.7955
    4503       6.8652
    4504       6.5750
    4505       6.7727
    4506       6.8252
    4507       6.6277
    4508       6.7838
    4509       6.8036
    4510       6.8092
    4511       6.8696
    4512       6.8810
    4513       6.9769
    4514       6.8998
    4515       7.0330
    4516       6.8170
    4517       7.0051
    4518       6.8774
    4519       7.0573
    4520       6.9529
    4521       6.9046
    4522       6.8731
    4523       6.7855
    4524       6.9748
    4525       6.9687
    4526       7.0347
    4527       6.8948
    4528       6.8718
    4529       6.8900
    4530       6.6343
    4531       6.7769
    4532       6.8104
    4533       6.8560
    4534       6.6950
    4535       6.8051
    4536       6.6390
    4537       6.8188
    4538       6.9022
    4539       6.7341
    4540       6.9012
    4541       6.8439
    4542       6.8888
    4543       7.0418
    4544       6.9810
    4545       6.9033
    4546       6.9231
    4547       6.8174
    4548       6.7999
    4549       6.7589
    4550       6.9319
    4551       6.8254
    4552       6.9396
    4553       6.9320
    4554       6.9906
    4555       6.9030
    4556       7.0031
    4557       6.9229
    4558       6.8712
    4559       6.9835
    4560       6.8882
    4561       6.9065
    4562       7.0151
    4563       6.9275
    4564       6.8898
    4565       6.7706
    4566       6.6492
    4567       6.7877
    4568       6.7708
    4569       6.7934
    4570       6.8546
    4571       6.9218
    4572       6.9000
    4573       6.7843
    4574       6.9710
    4575       6.8775
    4576       6.7733
    4577       6.9384
    4578       6.9563
    4579       6.9183
    4580       6.9044
    4581       6.7894
    4582       6.7465
    4583       6.6723
    4584       6.7497
    4585       6.9897
    4586       7.0458
    4587       6.8642
    4588       6.7496
    4589       6.7385
    4590       6.9026
    4591       6.7907
    4592       6.7777
    4593       6.8459
    4594       6.8215
    4595       6.8876
    4596       6.8627
    4597       6.8260
    4598       6.7486
    4599       6.9391
    4600       7.0523
    4601       6.8760
    4602       6.9222
    4603       7.0609
    4604       6.9345
    4605       7.0553
    4606       7.0679
    4607       7.0068
    4608       6.9305
    4609       6.8762
    4610       7.0638
    4611       7.0901
    4612       7.0326
    4613       6.9399
    4614       7.0070
    4615       6.8901
    4616       6.9391
    4617       7.0951
    4618       7.0734
    4619       7.0444
    4620       6.9522
    4621       7.0302
    4622       6.8501
    4623       6.8974
    4624       6.9096
    4625       6.8617
    4626       6.8145
    4627       7.1189
    4628       7.0794
    4629       6.9330
    4630       6.9931
    4631       6.8374
    4632       6.5306
    4633       6.7886
    4634       6.6101
    4635       6.7913
    4636       6.7893
    4637       7.0128
    4638       6.5355
    4639       6.6918
    4640       6.9425
    4641       6.9410
    4642       7.1063
    4643       6.7575
    4644       6.8035
    4645       6.8530
    4646       6.7446
    4647       6.6225
    4648       6.7933
    4649       6.7466
    4650       6.8732
    4651       6.8718
    4652       6.8025
    4653       6.6233
    4654       6.6497
    4655       6.8601
    4656       6.5566
    4657       6.5582
    4658       6.6542
    4659       6.7295
    4660       6.8710
    4661       6.8032
    4662       6.7759
    4663       6.7241
    4664       6.8261
    4665       6.9423
    4666       6.6553
    4667       6.8076
    4668       6.9199
    4669       6.9260
    4670       6.8898
    4671       6.8132
    4672       6.8962
    4673       6.6489
    4674       6.6929
    4675       6.7165
    4676       6.7824
    4677       6.7794
    4678       6.7115
    4679       6.8721
    4680       6.9884
    4681       7.0097
    4682       6.9261
    4683       6.9642
    4684       6.8713
    4685       6.7640
    4686       7.0289
    4687       6.9119
    4688       6.8060
    4689       6.7809
    4690       6.7402
    4691       6.6917
    4692       6.6510
    4693       6.5882
    4694       6.5053
    4695       6.5374
    4696       6.3562
    4697       6.5857
    4698       6.4851
    4699       6.5872
    4700       6.4354
    4701       6.5334
    4702       6.5137
    4703       6.6043
    4704       6.4741
    4705       6.6699
    4706       6.5519
    4707       6.4355
    4708       6.7023
    4709       6.6659
    4710       6.6266
    4711       6.7032
    4712       6.6985
    4713       6.6392
    4714       6.6313
    4715       6.7527
    4716       6.6860
    4717       6.8481
    4718       6.8011
    4719       6.7065
    4720       6.7192
    4721       6.7438
    4722       6.7411
    4723       6.8320
    4724       6.7948
    4725       7.0571
    4726       6.9272
    4727       6.9042
    4728       6.9924
    4729       7.0584
    4730       7.0711
    4731       6.7331
    4732       6.8444
    4733       6.9148
    4734       7.0198
    4735       6.9231
    4736       6.7907
    4737       6.8115
    4738       6.9335
    4739       6.8579
    4740       6.8934
    4741       6.8157
    4742       6.8240
    4743       6.7897
    4744       6.8308
    4745       6.8349
    4746       6.9001
    4747       6.9045
    4748       6.8869
    4749       6.9603
    4750       6.9331
    4751       6.9072
    4752       7.0455
    4753       7.0441
    4754       6.9000
    4755       7.0637
    4756       7.0198
    4757       6.9215
    4758       6.8763
    4759       6.7420
    4760       6.9981
    4761       7.0027
    4762       6.8024
    4763       6.7755
    4764       6.7876
    4765       6.7881
    4766       6.7737
    4767       6.7426
    4768       6.7541
    4769       6.8963
    4770       6.9675
    4771       6.7906
    4772       6.9666
    4773       7.0024
    4774       6.8031
    4775       6.9041
    4776       7.0173
    4777       7.0569
    4778       7.1711
    4779       7.1066
    4780       7.1023
    4781       6.9890
    4782       7.0035
    4783       7.0190
    4784       7.0250
    4785       6.7885
    4786       6.7868
    4787       6.7475
    4788       6.9512
    4789       6.9135
    4790       6.9493
    4791       6.9660
    4792       6.8522
    4793       6.8855
    4794       6.7934
    4795       6.8478
    4796       6.8898
    4797       6.9631
    4798       6.9093
    4799       6.9892
    4800       7.1349
    4801       7.0252
    4802       7.1397
    4803       6.8020
    4804       6.9392
    4805       7.0213
    4806       7.0258
    4807       6.9422
    4808       6.9282
    4809       6.9524
    4810       6.9756
    4811       7.0268
    4812       7.0013
    4813       6.9781
    4814       7.0354
    4815       6.9426
    4816       6.9888
    4817       7.0313
    4818       7.1190
    4819       7.1442
    4820       7.0240
    4821       6.9978
    4822       7.0985
    4823       7.2644
    4824       7.0888
    4825       7.1162
    4826       7.1687
    4827       6.9966
    4828       7.1081
    4829       7.1177
    4830       7.0984
    4831       6.9839
    4832       6.9983
    4833       7.1566
    4834       6.8648
    4835       6.9254
    4836       6.9727
    4837       6.8259
    4838       6.9450
    4839       6.8713
    4840       6.9549
    4841       6.8371
    4842       6.7506
    4843       6.8988
    4844       6.7523
    4845       6.7425
    4846       6.8785
    4847       6.9478
    4848       6.8729
    4849       6.7629
    4850       6.8437
    4851       6.9515
    4852       6.8980
    4853       6.7698
    4854       6.9720
    4855       6.8193
    4856       6.7281
    4857       6.9050
    4858       6.8762
    4859       6.9358
    4860       6.8270
    4861       6.9119
    4862       6.8599
    4863       6.8758
    4864       6.6590
    4865       6.7681
    4866       6.7092
    4867       6.6979
    4868       6.8961
    4869       7.0319
    4870       6.9135
    4871       6.9716
    4872       6.9306
    4873       6.9409
    4874       6.8997
    4875       6.6342
    4876       6.5925
    4877       6.7645
    4878       6.9188
    4879       6.5970
    4880       6.7091
    4881       6.6363
    4882       6.6799
    4883       6.7305
    4884       6.7914
    4885       6.7763
    4886       6.7352
    4887       6.7978
    4888       6.7260
    4889       6.8059
    4890       6.6998
    4891       6.6312
    4892       6.3199
    4893       6.6545
    4894       6.6512
    4895       6.6885
    4896       6.7395
    4897       6.6475
    4898       6.5841
    4899       6.4648
    4900       6.6224
    4901       6.6814
    4902       6.6339
    4903       6.5956
    4904       6.5136
    4905       6.8541
    4906       6.8806
    4907       6.7359
    4908       6.9566
    4909       6.9405
    4910       6.8831
    4911       6.8334
    4912       6.8040
    4913       6.6836
    4914       6.7622
    4915       6.5259
    4916       6.8501
    4917       6.8606
    4918       6.7243
    4919       6.7727
    4920       6.9139
    4921       6.9294
    4922       6.8179
    4923       6.4747
    4924       6.6706
    4925       6.7218
    4926       6.9177
    4927       6.8653
    4928       6.5547
    4929       6.8433
    4930       6.6871
    4931       6.5324
    4932       6.8035
    4933       6.8757
    4934       6.9146
    4935       6.9700
    4936       6.9811
    4937       6.9652
    4938       6.8522
    4939       6.8472
    4940       6.8873
    4941       6.9500
    4942       7.0826
    4943       6.8824
    4944       6.7769
    4945       7.0421
    4946       7.2088
    4947       7.0305
    4948       6.9049
    4949       7.1637
    4950       7.1161
    4951       7.0773
    4952       6.7572
    4953       6.9662
    4954       6.9828
    4955       6.9850
    4956       7.0019
    4957       6.9582
    4958       6.9919
    4959       6.8974
    4960       6.9077
    4961       6.8786
    4962       6.6748
    4963       6.8429
    4964       6.8549
    4965       6.8788
    4966       6.7343
    4967       6.8580
    4968       6.9392
    4969       6.9642
    4970       6.9229
    4971       7.0087
    4972       6.8822
    4973       6.9010
    4974       6.7634
    4975       6.7994
    4976       6.7206
    4977       6.8453
    4978       6.8341
    4979       6.7796
    4980       6.8477
    4981       6.8243
    4982       6.7501
    4983       6.9142
    4984       6.5631
    4985       6.6779
    4986       6.8459
    4987       6.8945
    4988       6.7611
    4989       6.6505
    4990       6.7811
    4991       7.0747
    4992       6.8847
    4993       6.7846
    4994       6.9157
    4995       6.9269
    4996       7.0132
    4997       6.9123
    4998       6.9674
    4999       6.9587
    5000       6.9398
